lr-AdamW,step,train/loss_simple_step,train/loss_gamma_step,logvar_step,train/loss_vlb_step,train/loss_step,epoch,train/loss_simple_epoch,train/loss_gamma_epoch,logvar_epoch,train/loss_vlb_epoch,train/loss_epoch,val/loss_simple,val/loss_gamma,logvar,val/loss_vlb,val/loss,val/loss_simple_ema,val/loss_gamma_ema,logvar_ema,val/loss_vlb_ema,val/loss_ema,valid_loss_epoch,valid_mse_epoch,valid_mae_epoch,valid_csi_16_epoch,valid_csi_74_epoch,valid_csi_133_epoch,valid_csi_160_epoch,valid_csi_181_epoch,valid_csi_219_epoch,valid_csi_avg_epoch,valid_pod_16_epoch,valid_pod_74_epoch,valid_pod_133_epoch,valid_pod_160_epoch,valid_pod_181_epoch,valid_pod_219_epoch,valid_pod_avg_epoch,valid_sucr_16_epoch,valid_sucr_74_epoch,valid_sucr_133_epoch,valid_sucr_160_epoch,valid_sucr_181_epoch,valid_sucr_219_epoch,valid_sucr_avg_epoch,valid_bias_16_epoch,valid_bias_74_epoch,valid_bias_133_epoch,valid_bias_160_epoch,valid_bias_181_epoch,valid_bias_219_epoch,valid_bias_avg_epoch,valid_aligned_loss_epoch,valid_aligned_mse_epoch,valid_aligned_mae_epoch,valid_aligned_csi_16_epoch,valid_aligned_csi_74_epoch,valid_aligned_csi_133_epoch,valid_aligned_csi_160_epoch,valid_aligned_csi_181_epoch,valid_aligned_csi_219_epoch,valid_aligned_csi_avg_epoch,valid_aligned_pod_16_epoch,valid_aligned_pod_74_epoch,valid_aligned_pod_133_epoch,valid_aligned_pod_160_epoch,valid_aligned_pod_181_epoch,valid_aligned_pod_219_epoch,valid_aligned_pod_avg_epoch,valid_aligned_sucr_16_epoch,valid_aligned_sucr_74_epoch,valid_aligned_sucr_133_epoch,valid_aligned_sucr_160_epoch,valid_aligned_sucr_181_epoch,valid_aligned_sucr_219_epoch,valid_aligned_sucr_avg_epoch,valid_aligned_bias_16_epoch,valid_aligned_bias_74_epoch,valid_aligned_bias_133_epoch,valid_aligned_bias_160_epoch,valid_aligned_bias_181_epoch,valid_aligned_bias_219_epoch,valid_aligned_bias_avg_epoch
0.0001,0,,,,,,,,,,,,,,,,,,,,,,,,,,,,,,,,,,,,,,,,,,,,,,,,,,,,,,,,,,,,,,,,,,,,,,,,,,,,,,,,,,,
,0,0.9971476793289185,0.9971476793289185,0.0,0.006730237044394016,0.9971476793289185,0,,,,,,,,,,,,,,,,,,,,,,,,,,,,,,,,,,,,,,,,,,,,,,,,,,,,,,,,,,,,,,,,,,,,,,,,,,,,,
,0,,,,,,0,0.9971476793289185,0.9971476793289185,0.0,0.006730237044394016,0.9971476793289185,,,,,,,,,,,,,,,,,,,,,,,,,,,,,,,,,,,,,,,,,,,,,,,,,,,,,,,,,,,,,,,,,,,,,,,,
0.00010900000000000002,1,,,,,,,,,,,,,,,,,,,,,,,,,,,,,,,,,,,,,,,,,,,,,,,,,,,,,,,,,,,,,,,,,,,,,,,,,,,,,,,,,,,
,1,1.0011584758758545,1.0011584758758545,-9.999964589724186e-08,0.006045541260391474,1.0011584758758545,1,,,,,,,,,,,,,,,,,,,,,,,,,,,,,,,,,,,,,,,,,,,,,,,,,,,,,,,,,,,,,,,,,,,,,,,,,,,,,
,1,,,,,,1,1.0011584758758545,1.0011584758758545,-9.999964589724186e-08,0.006045541260391474,1.0011584758758545,,,,,,,,,,,,,,,,,,,,,,,,,,,,,,,,,,,,,,,,,,,,,,,,,,,,,,,,,,,,,,,,,,,,,,,,
0.00011800000000000001,2,,,,,,,,,,,,,,,,,,,,,,,,,,,,,,,,,,,,,,,,,,,,,,,,,,,,,,,,,,,,,,,,,,,,,,,,,,,,,,,,,,,
,2,0.9960271120071411,0.9960271120071411,-9.192561378768005e-08,0.004677802324295044,0.9960271120071411,2,,,,,,,,,,,,,,,,,,,,,,,,,,,,,,,,,,,,,,,,,,,,,,,,,,,,,,,,,,,,,,,,,,,,,,,,,,,,,
,2,,,,,,2,0.9960271120071411,0.9960271120071411,-9.192561378768005e-08,0.004677802324295044,0.9960271120071411,,,,,,,,,,,,,,,,,,,,,,,,,,,,,,,,,,,,,,,,,,,,,,,,,,,,,,,,,,,,,,,,,,,,,,,,
0.000127,3,,,,,,,,,,,,,,,,,,,,,,,,,,,,,,,,,,,,,,,,,,,,,,,,,,,,,,,,,,,,,,,,,,,,,,,,,,,,,,,,,,,
,3,0.9984925985336304,0.9984925985336304,-1.6054879381499632e-07,0.016418758779764175,0.9984925985336304,3,,,,,,,,,,,,,,,,,,,,,,,,,,,,,,,,,,,,,,,,,,,,,,,,,,,,,,,,,,,,,,,,,,,,,,,,,,,,,
,3,,,,,,3,0.9984925985336304,0.9984925985336304,-1.6054879381499632e-07,0.016418758779764175,0.9984925985336304,,,,,,,,,,,,,,,,,,,,,,,,,,,,,,,,,,,,,,,,,,,,,,,,,,,,,,,,,,,,,,,,,,,,,,,,
0.00013600000000000003,4,,,,,,,,,,,,,,,,,,,,,,,,,,,,,,,,,,,,,,,,,,,,,,,,,,,,,,,,,,,,,,,,,,,,,,,,,,,,,,,,,,,
,4,0.996585488319397,0.996585488319397,-2.9485033792298054e-07,0.012771953828632832,0.996585488319397,4,,,,,,,,,,,,,,,,,,,,,,,,,,,,,,,,,,,,,,,,,,,,,,,,,,,,,,,,,,,,,,,,,,,,,,,,,,,,,
,4,,,,,,4,0.996585488319397,0.996585488319397,-2.9485033792298054e-07,0.012771953828632832,0.996585488319397,,,,,,,,,,,,,,,,,,,,,,,,,,,,,,,,,,,,,,,,,,,,,,,,,,,,,,,,,,,,,,,,,,,,,,,,
0.00014500000000000003,5,,,,,,,,,,,,,,,,,,,,,,,,,,,,,,,,,,,,,,,,,,,,,,,,,,,,,,,,,,,,,,,,,,,,,,,,,,,,,,,,,,,
,5,0.9847537279129028,0.9847537279129028,-4.90595937208127e-07,0.009867724031209946,0.9847537279129028,5,,,,,,,,,,,,,,,,,,,,,,,,,,,,,,,,,,,,,,,,,,,,,,,,,,,,,,,,,,,,,,,,,,,,,,,,,,,,,
,5,,,,,,5,0.9847537279129028,0.9847537279129028,-4.90595937208127e-07,0.009867724031209946,0.9847537279129028,,,,,,,,,,,,,,,,,,,,,,,,,,,,,,,,,,,,,,,,,,,,,,,,,,,,,,,,,,,,,,,,,,,,,,,,
0.00015400000000000003,6,,,,,,,,,,,,,,,,,,,,,,,,,,,,,,,,,,,,,,,,,,,,,,,,,,,,,,,,,,,,,,,,,,,,,,,,,,,,,,,,,,,
,6,0.966786801815033,0.966786801815033,-7.461742370651336e-07,0.009022422134876251,0.966786801815033,6,,,,,,,,,,,,,,,,,,,,,,,,,,,,,,,,,,,,,,,,,,,,,,,,,,,,,,,,,,,,,,,,,,,,,,,,,,,,,
,6,,,,,,6,0.966786801815033,0.966786801815033,-7.461742370651336e-07,0.009022422134876251,0.966786801815033,,,,,,,,,,,,,,,,,,,,,,,,,,,,,,,,,,,,,,,,,,,,,,,,,,,,,,,,,,,,,,,,,,,,,,,,
0.000163,7,,,,,,,,,,,,,,,,,,,,,,,,,,,,,,,,,,,,,,,,,,,,,,,,,,,,,,,,,,,,,,,,,,,,,,,,,,,,,,,,,,,
,7,0.9567865133285522,0.9567865133285522,-1.0612069445414818e-06,0.007675437722355127,0.9567865133285522,7,,,,,,,,,,,,,,,,,,,,,,,,,,,,,,,,,,,,,,,,,,,,,,,,,,,,,,,,,,,,,,,,,,,,,,,,,,,,,
,7,,,,,,7,0.9567865133285522,0.9567865133285522,-1.0612069445414818e-06,0.007675437722355127,0.9567865133285522,,,,,,,,,,,,,,,,,,,,,,,,,,,,,,,,,,,,,,,,,,,,,,,,,,,,,,,,,,,,,,,,,,,,,,,,
0.000172,8,,,,,,,,,,,,,,,,,,,,,,,,,,,,,,,,,,,,,,,,,,,,,,,,,,,,,,,,,,,,,,,,,,,,,,,,,,,,,,,,,,,
,8,0.9575247764587402,0.9575247764587402,-1.4359648048412055e-06,0.004629385657608509,0.9575247764587402,8,,,,,,,,,,,,,,,,,,,,,,,,,,,,,,,,,,,,,,,,,,,,,,,,,,,,,,,,,,,,,,,,,,,,,,,,,,,,,
,8,,,,,,8,0.9575247764587402,0.9575247764587402,-1.4359648048412055e-06,0.004629385657608509,0.9575247764587402,,,,,,,,,,,,,,,,,,,,,,,,,,,,,,,,,,,,,,,,,,,,,,,,,,,,,,,,,,,,,,,,,,,,,,,,
0.000181,9,,,,,,,,,,,,,,,,,,,,,,,,,,,,,,,,,,,,,,,,,,,,,,,,,,,,,,,,,,,,,,,,,,,,,,,,,,,,,,,,,,,
,9,0.9704157114028931,0.9704157114028931,-1.871084805316059e-06,0.004309960640966892,0.9704157114028931,9,,,,,,,,,,,,,,,,,,,,,,,,,,,,,,,,,,,,,,,,,,,,,,,,,,,,,,,,,,,,,,,,,,,,,,,,,,,,,
,9,,,,,,9,0.9704157114028931,0.9704157114028931,-1.871084805316059e-06,0.004309960640966892,0.9704157114028931,,,,,,,,,,,,,,,,,,,,,,,,,,,,,,,,,,,,,,,,,,,,,,,,,,,,,,,,,,,,,,,,,,,,,,,,
0.00019,10,,,,,,,,,,,,,,,,,,,,,,,,,,,,,,,,,,,,,,,,,,,,,,,,,,,,,,,,,,,,,,,,,,,,,,,,,,,,,,,,,,,
,10,0.9313173294067383,0.9313173294067383,-2.36741880144109e-06,0.0046724011190235615,0.9313173294067383,10,,,,,,,,,,,,,,,,,,,,,,,,,,,,,,,,,,,,,,,,,,,,,,,,,,,,,,,,,,,,,,,,,,,,,,,,,,,,,
,10,,,,,,10,0.9313173294067383,0.9313173294067383,-2.36741880144109e-06,0.0046724011190235615,0.9313173294067383,,,,,,,,,,,,,,,,,,,,,,,,,,,,,,,,,,,,,,,,,,,,,,,,,,,,,,,,,,,,,,,,,,,,,,,,
0.000199,11,,,,,,,,,,,,,,,,,,,,,,,,,,,,,,,,,,,,,,,,,,,,,,,,,,,,,,,,,,,,,,,,,,,,,,,,,,,,,,,,,,,
,11,1.01340913772583,1.01340913772583,-2.9259492748678895e-06,0.007542049512267113,1.01340913772583,11,,,,,,,,,,,,,,,,,,,,,,,,,,,,,,,,,,,,,,,,,,,,,,,,,,,,,,,,,,,,,,,,,,,,,,,,,,,,,
,11,,,,,,11,1.01340913772583,1.01340913772583,-2.9259492748678895e-06,0.007542049512267113,1.01340913772583,,,,,,,,,,,,,,,,,,,,,,,,,,,,,,,,,,,,,,,,,,,,,,,,,,,,,,,,,,,,,,,,,,,,,,,,
0.00020800000000000001,12,,,,,,,,,,,,,,,,,,,,,,,,,,,,,,,,,,,,,,,,,,,,,,,,,,,,,,,,,,,,,,,,,,,,,,,,,,,,,,,,,,,
,12,1.0056557655334473,1.0056557655334473,-3.356126626385958e-06,0.00849925447255373,1.0056557655334473,12,,,,,,,,,,,,,,,,,,,,,,,,,,,,,,,,,,,,,,,,,,,,,,,,,,,,,,,,,,,,,,,,,,,,,,,,,,,,,
,12,,,,,,12,1.0056557655334473,1.0056557655334473,-3.356126626385958e-06,0.00849925447255373,1.0056557655334473,,,,,,,,,,,,,,,,,,,,,,,,,,,,,,,,,,,,,,,,,,,,,,,,,,,,,,,,,,,,,,,,,,,,,,,,
0.00021700000000000004,13,,,,,,,,,,,,,,,,,,,,,,,,,,,,,,,,,,,,,,,,,,,,,,,,,,,,,,,,,,,,,,,,,,,,,,,,,,,,,,,,,,,
,13,0.916045606136322,0.916045606136322,-3.6612170788430376e-06,0.007682165130972862,0.916045606136322,13,,,,,,,,,,,,,,,,,,,,,,,,,,,,,,,,,,,,,,,,,,,,,,,,,,,,,,,,,,,,,,,,,,,,,,,,,,,,,
,13,,,,,,13,0.916045606136322,0.916045606136322,-3.6612170788430376e-06,0.007682165130972862,0.916045606136322,,,,,,,,,,,,,,,,,,,,,,,,,,,,,,,,,,,,,,,,,,,,,,,,,,,,,,,,,,,,,,,,,,,,,,,,
0.00022600000000000002,14,,,,,,,,,,,,,,,,,,,,,,,,,,,,,,,,,,,,,,,,,,,,,,,,,,,,,,,,,,,,,,,,,,,,,,,,,,,,,,,,,,,
,14,0.9299507141113281,0.9299507141113281,-4.053703378303908e-06,0.004098013509064913,0.9299507141113281,14,,,,,,,,,,,,,,,,,,,,,,,,,,,,,,,,,,,,,,,,,,,,,,,,,,,,,,,,,,,,,,,,,,,,,,,,,,,,,
,14,,,,,,14,0.9299507141113281,0.9299507141113281,-4.053703378303908e-06,0.004098013509064913,0.9299507141113281,,,,,,,,,,,,,,,,,,,,,,,,,,,,,,,,,,,,,,,,,,,,,,,,,,,,,,,,,,,,,,,,,,,,,,,,
0.00023500000000000002,15,,,,,,,,,,,,,,,,,,,,,,,,,,,,,,,,,,,,,,,,,,,,,,,,,,,,,,,,,,,,,,,,,,,,,,,,,,,,,,,,,,,
,15,1.0190646648406982,1.0190646648406982,-4.533462742983829e-06,0.0068501075729727745,1.0190646648406982,15,,,,,,,,,,,,,,,,,,,,,,,,,,,,,,,,,,,,,,,,,,,,,,,,,,,,,,,,,,,,,,,,,,,,,,,,,,,,,
,15,,,,,,15,1.0190646648406982,1.0190646648406982,-4.533462742983829e-06,0.0068501075729727745,1.0190646648406982,,,,,,,,,,,,,,,,,,,,,,,,,,,,,,,,,,,,,,,,,,,,,,,,,,,,,,,,,,,,,,,,,,,,,,,,
0.00024400000000000002,16,,,,,,,,,,,,,,,,,,,,,,,,,,,,,,,,,,,,,,,,,,,,,,,,,,,,,,,,,,,,,,,,,,,,,,,,,,,,,,,,,,,
,16,0.9804427027702332,0.9804427027702332,-4.87061060994165e-06,0.007429797202348709,0.9804427027702332,16,,,,,,,,,,,,,,,,,,,,,,,,,,,,,,,,,,,,,,,,,,,,,,,,,,,,,,,,,,,,,,,,,,,,,,,,,,,,,
,16,,,,,,16,0.9804427027702332,0.9804427027702332,-4.87061060994165e-06,0.007429797202348709,0.9804427027702332,,,,,,,,,,,,,,,,,,,,,,,,,,,,,,,,,,,,,,,,,,,,,,,,,,,,,,,,,,,,,,,,,,,,,,,,
0.000253,17,,,,,,,,,,,,,,,,,,,,,,,,,,,,,,,,,,,,,,,,,,,,,,,,,,,,,,,,,,,,,,,,,,,,,,,,,,,,,,,,,,,
,17,0.8952471613883972,0.8952471613883972,-5.308473646437051e-06,0.004397550597786903,0.8952471613883972,17,,,,,,,,,,,,,,,,,,,,,,,,,,,,,,,,,,,,,,,,,,,,,,,,,,,,,,,,,,,,,,,,,,,,,,,,,,,,,
,17,,,,,,17,0.8952471613883972,0.8952471613883972,-5.308473646437051e-06,0.004397550597786903,0.8952471613883972,,,,,,,,,,,,,,,,,,,,,,,,,,,,,,,,,,,,,,,,,,,,,,,,,,,,,,,,,,,,,,,,,,,,,,,,
0.000262,18,,,,,,,,,,,,,,,,,,,,,,,,,,,,,,,,,,,,,,,,,,,,,,,,,,,,,,,,,,,,,,,,,,,,,,,,,,,,,,,,,,,
,18,0.9026781916618347,0.9026781916618347,-5.846542990184389e-06,0.005860932637006044,0.9026781916618347,18,,,,,,,,,,,,,,,,,,,,,,,,,,,,,,,,,,,,,,,,,,,,,,,,,,,,,,,,,,,,,,,,,,,,,,,,,,,,,
,18,,,,,,18,0.9026781916618347,0.9026781916618347,-5.846542990184389e-06,0.005860932637006044,0.9026781916618347,,,,,,,,,,,,,,,,,,,,,,,,,,,,,,,,,,,,,,,,,,,,,,,,,,,,,,,,,,,,,,,,,,,,,,,,
0.00027100000000000003,19,,,,,,,,,,,,,,,,,,,,,,,,,,,,,,,,,,,,,,,,,,,,,,,,,,,,,,,,,,,,,,,,,,,,,,,,,,,,,,,,,,,
,19,1.0360488891601562,1.0360488891601562,-6.4844043663470075e-06,0.005860925652086735,1.0360488891601562,19,,,,,,,,,,,,,,,,,,,,,,,,,,,,,,,,,,,,,,,,,,,,,,,,,,,,,,,,,,,,,,,,,,,,,,,,,,,,,
,19,,,,,,19,1.0360488891601562,1.0360488891601562,-6.4844043663470075e-06,0.005860925652086735,1.0360488891601562,,,,,,,,,,,,,,,,,,,,,,,,,,,,,,,,,,,,,,,,,,,,,,,,,,,,,,,,,,,,,,,,,,,,,,,,
0.00028000000000000003,20,,,,,,,,,,,,,,,,,,,,,,,,,,,,,,,,,,,,,,,,,,,,,,,,,,,,,,,,,,,,,,,,,,,,,,,,,,,,,,,,,,,
,20,0.904814600944519,0.904814600944519,-6.947091151232598e-06,0.004883753135800362,0.904814600944519,20,,,,,,,,,,,,,,,,,,,,,,,,,,,,,,,,,,,,,,,,,,,,,,,,,,,,,,,,,,,,,,,,,,,,,,,,,,,,,
,20,,,,,,20,0.904814600944519,0.904814600944519,-6.947091151232598e-06,0.004883753135800362,0.904814600944519,,,,,,,,,,,,,,,,,,,,,,,,,,,,,,,,,,,,,,,,,,,,,,,,,,,,,,,,,,,,,,,,,,,,,,,,
0.00028900000000000003,21,,,,,,,,,,,,,,,,,,,,,,,,,,,,,,,,,,,,,,,,,,,,,,,,,,,,,,,,,,,,,,,,,,,,,,,,,,,,,,,,,,,
,21,1.21523118019104,1.21523118019104,-7.525409728259547e-06,0.008673256263136864,1.21523118019104,21,,,,,,,,,,,,,,,,,,,,,,,,,,,,,,,,,,,,,,,,,,,,,,,,,,,,,,,,,,,,,,,,,,,,,,,,,,,,,
,21,,,,,,21,1.21523118019104,1.21523118019104,-7.525409728259547e-06,0.008673256263136864,1.21523118019104,,,,,,,,,,,,,,,,,,,,,,,,,,,,,,,,,,,,,,,,,,,,,,,,,,,,,,,,,,,,,,,,,,,,,,,,
0.00029800000000000003,22,,,,,,,,,,,,,,,,,,,,,,,,,,,,,,,,,,,,,,,,,,,,,,,,,,,,,,,,,,,,,,,,,,,,,,,,,,,,,,,,,,,
,22,0.9331452250480652,0.9331452250480652,-7.919154995761346e-06,0.00411507161334157,0.9331452250480652,22,,,,,,,,,,,,,,,,,,,,,,,,,,,,,,,,,,,,,,,,,,,,,,,,,,,,,,,,,,,,,,,,,,,,,,,,,,,,,
,22,,,,,,22,0.9331452250480652,0.9331452250480652,-7.919154995761346e-06,0.00411507161334157,0.9331452250480652,,,,,,,,,,,,,,,,,,,,,,,,,,,,,,,,,,,,,,,,,,,,,,,,,,,,,,,,,,,,,,,,,,,,,,,,
0.000307,23,,,,,,,,,,,,,,,,,,,,,,,,,,,,,,,,,,,,,,,,,,,,,,,,,,,,,,,,,,,,,,,,,,,,,,,,,,,,,,,,,,,
,23,0.9400433301925659,0.9400433301925659,-8.444781087746378e-06,0.005211686249822378,0.9400433301925659,23,,,,,,,,,,,,,,,,,,,,,,,,,,,,,,,,,,,,,,,,,,,,,,,,,,,,,,,,,,,,,,,,,,,,,,,,,,,,,
,23,,,,,,23,0.9400433301925659,0.9400433301925659,-8.444781087746378e-06,0.005211686249822378,0.9400433301925659,,,,,,,,,,,,,,,,,,,,,,,,,,,,,,,,,,,,,,,,,,,,,,,,,,,,,,,,,,,,,,,,,,,,,,,,
0.0003160000000000001,24,,,,,,,,,,,,,,,,,,,,,,,,,,,,,,,,,,,,,,,,,,,,,,,,,,,,,,,,,,,,,,,,,,,,,,,,,,,,,,,,,,,
,24,1.0035066604614258,1.0035066604614258,-9.100437637243886e-06,0.005849764682352543,1.0035066604614258,24,,,,,,,,,,,,,,,,,,,,,,,,,,,,,,,,,,,,,,,,,,,,,,,,,,,,,,,,,,,,,,,,,,,,,,,,,,,,,
,24,,,,,,24,1.0035066604614258,1.0035066604614258,-9.100437637243886e-06,0.005849764682352543,1.0035066604614258,,,,,,,,,,,,,,,,,,,,,,,,,,,,,,,,,,,,,,,,,,,,,,,,,,,,,,,,,,,,,,,,,,,,,,,,
0.00032500000000000004,25,,,,,,,,,,,,,,,,,,,,,,,,,,,,,,,,,,,,,,,,,,,,,,,,,,,,,,,,,,,,,,,,,,,,,,,,,,,,,,,,,,,
,25,1.074124813079834,1.074124813079834,-9.545991815684829e-06,0.008537515997886658,1.074124813079834,25,,,,,,,,,,,,,,,,,,,,,,,,,,,,,,,,,,,,,,,,,,,,,,,,,,,,,,,,,,,,,,,,,,,,,,,,,,,,,
,25,,,,,,25,1.074124813079834,1.074124813079834,-9.545991815684829e-06,0.008537515997886658,1.074124813079834,,,,,,,,,,,,,,,,,,,,,,,,,,,,,,,,,,,,,,,,,,,,,,,,,,,,,,,,,,,,,,,,,,,,,,,,
0.00033400000000000004,26,,,,,,,,,,,,,,,,,,,,,,,,,,,,,,,,,,,,,,,,,,,,,,,,,,,,,,,,,,,,,,,,,,,,,,,,,,,,,,,,,,,
,26,0.9093916416168213,0.9093916416168213,-9.787388989934698e-06,0.005134920589625835,0.9093916416168213,26,,,,,,,,,,,,,,,,,,,,,,,,,,,,,,,,,,,,,,,,,,,,,,,,,,,,,,,,,,,,,,,,,,,,,,,,,,,,,
,26,,,,,,26,0.9093916416168213,0.9093916416168213,-9.787388989934698e-06,0.005134920589625835,0.9093916416168213,,,,,,,,,,,,,,,,,,,,,,,,,,,,,,,,,,,,,,,,,,,,,,,,,,,,,,,,,,,,,,,,,,,,,,,,
0.000343,27,,,,,,,,,,,,,,,,,,,,,,,,,,,,,,,,,,,,,,,,,,,,,,,,,,,,,,,,,,,,,,,,,,,,,,,,,,,,,,,,,,,
,27,0.9736451506614685,0.9736451506614685,-1.0196483344770968e-05,0.0076072318479418755,0.9736451506614685,27,,,,,,,,,,,,,,,,,,,,,,,,,,,,,,,,,,,,,,,,,,,,,,,,,,,,,,,,,,,,,,,,,,,,,,,,,,,,,
,27,,,,,,27,0.9736451506614685,0.9736451506614685,-1.0196483344770968e-05,0.0076072318479418755,0.9736451506614685,,,,,,,,,,,,,,,,,,,,,,,,,,,,,,,,,,,,,,,,,,,,,,,,,,,,,,,,,,,,,,,,,,,,,,,,
0.000352,28,,,,,,,,,,,,,,,,,,,,,,,,,,,,,,,,,,,,,,,,,,,,,,,,,,,,,,,,,,,,,,,,,,,,,,,,,,,,,,,,,,,
,28,0.911516547203064,0.911516547203064,-1.0769490472739562e-05,0.004081666469573975,0.911516547203064,28,,,,,,,,,,,,,,,,,,,,,,,,,,,,,,,,,,,,,,,,,,,,,,,,,,,,,,,,,,,,,,,,,,,,,,,,,,,,,
,28,,,,,,28,0.911516547203064,0.911516547203064,-1.0769490472739562e-05,0.004081666469573975,0.911516547203064,,,,,,,,,,,,,,,,,,,,,,,,,,,,,,,,,,,,,,,,,,,,,,,,,,,,,,,,,,,,,,,,,,,,,,,,
0.000361,29,,,,,,,,,,,,,,,,,,,,,,,,,,,,,,,,,,,,,,,,,,,,,,,,,,,,,,,,,,,,,,,,,,,,,,,,,,,,,,,,,,,
,29,0.8626057505607605,0.862555205821991,-1.1502810593810864e-05,0.006739664822816849,0.862555205821991,29,,,,,,,,,,,,,,,,,,,,,,,,,,,,,,,,,,,,,,,,,,,,,,,,,,,,,,,,,,,,,,,,,,,,,,,,,,,,,
,29,,,,,,29,0.8626057505607605,0.862555205821991,-1.1502810593810864e-05,0.006739664822816849,0.862555205821991,,,,,,,,,,,,,,,,,,,,,,,,,,,,,,,,,,,,,,,,,,,,,,,,,,,,,,,,,,,,,,,,,,,,,,,,
0.00037,30,,,,,,,,,,,,,,,,,,,,,,,,,,,,,,,,,,,,,,,,,,,,,,,,,,,,,,,,,,,,,,,,,,,,,,,,,,,,,,,,,,,
,30,1.1422734260559082,1.1422734260559082,-1.2240728210599627e-05,0.018489142879843712,1.1422734260559082,30,,,,,,,,,,,,,,,,,,,,,,,,,,,,,,,,,,,,,,,,,,,,,,,,,,,,,,,,,,,,,,,,,,,,,,,,,,,,,
,30,,,,,,30,1.1422734260559082,1.1422734260559082,-1.2240728210599627e-05,0.018489142879843712,1.1422734260559082,,,,,,,,,,,,,,,,,,,,,,,,,,,,,,,,,,,,,,,,,,,,,,,,,,,,,,,,,,,,,,,,,,,,,,,,
0.000379,31,,,,,,,,,,,,,,,,,,,,,,,,,,,,,,,,,,,,,,,,,,,,,,,,,,,,,,,,,,,,,,,,,,,,,,,,,,,,,,,,,,,
,31,0.8925442099571228,0.8925442099571228,-1.2717200661427341e-05,0.0038514072075486183,0.8925442099571228,31,,,,,,,,,,,,,,,,,,,,,,,,,,,,,,,,,,,,,,,,,,,,,,,,,,,,,,,,,,,,,,,,,,,,,,,,,,,,,
,31,,,,,,31,0.8925442099571228,0.8925442099571228,-1.2717200661427341e-05,0.0038514072075486183,0.8925442099571228,,,,,,,,,,,,,,,,,,,,,,,,,,,,,,,,,,,,,,,,,,,,,,,,,,,,,,,,,,,,,,,,,,,,,,,,
0.000388,32,,,,,,,,,,,,,,,,,,,,,,,,,,,,,,,,,,,,,,,,,,,,,,,,,,,,,,,,,,,,,,,,,,,,,,,,,,,,,,,,,,,
,32,0.8461856842041016,0.8461856842041016,-1.3382136785367038e-05,0.0036273144651204348,0.8461856842041016,32,,,,,,,,,,,,,,,,,,,,,,,,,,,,,,,,,,,,,,,,,,,,,,,,,,,,,,,,,,,,,,,,,,,,,,,,,,,,,
,32,,,,,,32,0.8461856842041016,0.8461856842041016,-1.3382136785367038e-05,0.0036273144651204348,0.8461856842041016,,,,,,,,,,,,,,,,,,,,,,,,,,,,,,,,,,,,,,,,,,,,,,,,,,,,,,,,,,,,,,,,,,,,,,,,
0.00039700000000000005,33,,,,,,,,,,,,,,,,,,,,,,,,,,,,,,,,,,,,,,,,,,,,,,,,,,,,,,,,,,,,,,,,,,,,,,,,,,,,,,,,,,,
,33,0.9446190595626831,0.9446190595626831,-1.4230398846848402e-05,0.004681803751736879,0.9446190595626831,33,,,,,,,,,,,,,,,,,,,,,,,,,,,,,,,,,,,,,,,,,,,,,,,,,,,,,,,,,,,,,,,,,,,,,,,,,,,,,
,33,,,,,,33,0.9446190595626831,0.9446190595626831,-1.4230398846848402e-05,0.004681803751736879,0.9446190595626831,,,,,,,,,,,,,,,,,,,,,,,,,,,,,,,,,,,,,,,,,,,,,,,,,,,,,,,,,,,,,,,,,,,,,,,,
0.00040600000000000006,34,,,,,,,,,,,,,,,,,,,,,,,,,,,,,,,,,,,,,,,,,,,,,,,,,,,,,,,,,,,,,,,,,,,,,,,,,,,,,,,,,,,
,34,0.8228356242179871,0.8228356242179871,-1.5257122868206352e-05,0.006084564607590437,0.8228356242179871,34,,,,,,,,,,,,,,,,,,,,,,,,,,,,,,,,,,,,,,,,,,,,,,,,,,,,,,,,,,,,,,,,,,,,,,,,,,,,,
,34,,,,,,34,0.8228356242179871,0.8228356242179871,-1.5257122868206352e-05,0.006084564607590437,0.8228356242179871,,,,,,,,,,,,,,,,,,,,,,,,,,,,,,,,,,,,,,,,,,,,,,,,,,,,,,,,,,,,,,,,,,,,,,,,
0.00041500000000000006,35,,,,,,,,,,,,,,,,,,,,,,,,,,,,,,,,,,,,,,,,,,,,,,,,,,,,,,,,,,,,,,,,,,,,,,,,,,,,,,,,,,,
,35,1.048853874206543,1.048853874206543,-1.6457692254334688e-05,0.004467247519642115,1.048853874206543,35,,,,,,,,,,,,,,,,,,,,,,,,,,,,,,,,,,,,,,,,,,,,,,,,,,,,,,,,,,,,,,,,,,,,,,,,,,,,,
,35,,,,,,35,1.048853874206543,1.048853874206543,-1.6457692254334688e-05,0.004467247519642115,1.048853874206543,,,,,,,,,,,,,,,,,,,,,,,,,,,,,,,,,,,,,,,,,,,,,,,,,,,,,,,,,,,,,,,,,,,,,,,,
0.00042400000000000006,36,,,,,,,,,,,,,,,,,,,,,,,,,,,,,,,,,,,,,,,,,,,,,,,,,,,,,,,,,,,,,,,,,,,,,,,,,,,,,,,,,,,
,36,0.8753824234008789,0.8753824234008789,-1.7322705389233306e-05,0.0037826921325176954,0.8753824234008789,36,,,,,,,,,,,,,,,,,,,,,,,,,,,,,,,,,,,,,,,,,,,,,,,,,,,,,,,,,,,,,,,,,,,,,,,,,,,,,
,36,,,,,,36,0.8753824234008789,0.8753824234008789,-1.7322705389233306e-05,0.0037826921325176954,0.8753824234008789,,,,,,,,,,,,,,,,,,,,,,,,,,,,,,,,,,,,,,,,,,,,,,,,,,,,,,,,,,,,,,,,,,,,,,,,
0.00043300000000000006,37,,,,,,,,,,,,,,,,,,,,,,,,,,,,,,,,,,,,,,,,,,,,,,,,,,,,,,,,,,,,,,,,,,,,,,,,,,,,,,,,,,,
,37,0.8287314772605896,0.8287314772605896,-1.8388302123639733e-05,0.004602913279086351,0.8287314772605896,37,,,,,,,,,,,,,,,,,,,,,,,,,,,,,,,,,,,,,,,,,,,,,,,,,,,,,,,,,,,,,,,,,,,,,,,,,,,,,
,37,,,,,,37,0.8287314772605896,0.8287314772605896,-1.8388302123639733e-05,0.004602913279086351,0.8287314772605896,,,,,,,,,,,,,,,,,,,,,,,,,,,,,,,,,,,,,,,,,,,,,,,,,,,,,,,,,,,,,,,,,,,,,,,,
0.00044200000000000006,38,,,,,,,,,,,,,,,,,,,,,,,,,,,,,,,,,,,,,,,,,,,,,,,,,,,,,,,,,,,,,,,,,,,,,,,,,,,,,,,,,,,
,38,0.9955216646194458,0.9955216646194458,-1.9648417946882546e-05,0.0044401115737855434,0.9955216646194458,38,,,,,,,,,,,,,,,,,,,,,,,,,,,,,,,,,,,,,,,,,,,,,,,,,,,,,,,,,,,,,,,,,,,,,,,,,,,,,
,38,,,,,,38,0.9955216646194458,0.9955216646194458,-1.9648417946882546e-05,0.0044401115737855434,0.9955216646194458,,,,,,,,,,,,,,,,,,,,,,,,,,,,,,,,,,,,,,,,,,,,,,,,,,,,,,,,,,,,,,,,,,,,,,,,
0.00045100000000000007,39,,,,,,,,,,,,,,,,,,,,,,,,,,,,,,,,,,,,,,,,,,,,,,,,,,,,,,,,,,,,,,,,,,,,,,,,,,,,,,,,,,,
,39,0.910947322845459,0.910947322845459,-2.1097295757499523e-05,0.003933882340788841,0.910947322845459,39,,,,,,,,,,,,,,,,,,,,,,,,,,,,,,,,,,,,,,,,,,,,,,,,,,,,,,,,,,,,,,,,,,,,,,,,,,,,,
,39,,,,,,39,0.910947322845459,0.910947322845459,-2.1097295757499523e-05,0.003933882340788841,0.910947322845459,,,,,,,,,,,,,,,,,,,,,,,,,,,,,,,,,,,,,,,,,,,,,,,,,,,,,,,,,,,,,,,,,,,,,,,,
0.00045999999999999996,40,,,,,,,,,,,,,,,,,,,,,,,,,,,,,,,,,,,,,,,,,,,,,,,,,,,,,,,,,,,,,,,,,,,,,,,,,,,,,,,,,,,
,40,0.8282067179679871,0.8282067179679871,-2.2729580450686626e-05,0.004355988465249538,0.8282067179679871,40,,,,,,,,,,,,,,,,,,,,,,,,,,,,,,,,,,,,,,,,,,,,,,,,,,,,,,,,,,,,,,,,,,,,,,,,,,,,,
,40,,,,,,40,0.8282067179679871,0.8282067179679871,-2.2729580450686626e-05,0.004355988465249538,0.8282067179679871,,,,,,,,,,,,,,,,,,,,,,,,,,,,,,,,,,,,,,,,,,,,,,,,,,,,,,,,,,,,,,,,,,,,,,,,
0.00046899999999999996,41,,,,,,,,,,,,,,,,,,,,,,,,,,,,,,,,,,,,,,,,,,,,,,,,,,,,,,,,,,,,,,,,,,,,,,,,,,,,,,,,,,,
,41,0.7709320783615112,0.7709320783615112,-2.45402170548914e-05,0.004369247704744339,0.7709320783615112,41,,,,,,,,,,,,,,,,,,,,,,,,,,,,,,,,,,,,,,,,,,,,,,,,,,,,,,,,,,,,,,,,,,,,,,,,,,,,,
,41,,,,,,41,0.7709320783615112,0.7709320783615112,-2.45402170548914e-05,0.004369247704744339,0.7709320783615112,,,,,,,,,,,,,,,,,,,,,,,,,,,,,,,,,,,,,,,,,,,,,,,,,,,,,,,,,,,,,,,,,,,,,,,,
0.0004780000000000001,42,,,,,,,,,,,,,,,,,,,,,,,,,,,,,,,,,,,,,,,,,,,,,,,,,,,,,,,,,,,,,,,,,,,,,,,,,,,,,,,,,,,
,42,0.9115613698959351,0.9115613698959351,-2.6524450731812976e-05,0.004273552447557449,0.9115613698959351,42,,,,,,,,,,,,,,,,,,,,,,,,,,,,,,,,,,,,,,,,,,,,,,,,,,,,,,,,,,,,,,,,,,,,,,,,,,,,,
,42,,,,,,42,0.9115613698959351,0.9115613698959351,-2.6524450731812976e-05,0.004273552447557449,0.9115613698959351,,,,,,,,,,,,,,,,,,,,,,,,,,,,,,,,,,,,,,,,,,,,,,,,,,,,,,,,,,,,,,,,,,,,,,,,
0.000487,43,,,,,,,,,,,,,,,,,,,,,,,,,,,,,,,,,,,,,,,,,,,,,,,,,,,,,,,,,,,,,,,,,,,,,,,,,,,,,,,,,,,
,43,0.781940221786499,0.781940221786499,-2.8677844966296107e-05,0.003905143355950713,0.781940221786499,43,,,,,,,,,,,,,,,,,,,,,,,,,,,,,,,,,,,,,,,,,,,,,,,,,,,,,,,,,,,,,,,,,,,,,,,,,,,,,
,43,,,,,,43,0.781940221786499,0.781940221786499,-2.8677844966296107e-05,0.003905143355950713,0.781940221786499,,,,,,,,,,,,,,,,,,,,,,,,,,,,,,,,,,,,,,,,,,,,,,,,,,,,,,,,,,,,,,,,,,,,,,,,
0.000496,44,,,,,,,,,,,,,,,,,,,,,,,,,,,,,,,,,,,,,,,,,,,,,,,,,,,,,,,,,,,,,,,,,,,,,,,,,,,,,,,,,,,
,44,0.9525833129882812,0.9525833129882812,-3.09962488245219e-05,0.00404400983825326,0.9525833129882812,44,,,,,,,,,,,,,,,,,,,,,,,,,,,,,,,,,,,,,,,,,,,,,,,,,,,,,,,,,,,,,,,,,,,,,,,,,,,,,
,44,,,,,,44,0.9525833129882812,0.9525833129882812,-3.09962488245219e-05,0.00404400983825326,0.9525833129882812,,,,,,,,,,,,,,,,,,,,,,,,,,,,,,,,,,,,,,,,,,,,,,,,,,,,,,,,,,,,,,,,,,,,,,,,
0.000505,45,,,,,,,,,,,,,,,,,,,,,,,,,,,,,,,,,,,,,,,,,,,,,,,,,,,,,,,,,,,,,,,,,,,,,,,,,,,,,,,,,,,
,45,0.747591495513916,0.747591495513916,-3.347579695400782e-05,0.007182562258094549,0.747591495513916,45,,,,,,,,,,,,,,,,,,,,,,,,,,,,,,,,,,,,,,,,,,,,,,,,,,,,,,,,,,,,,,,,,,,,,,,,,,,,,
,45,,,,,,45,0.747591495513916,0.747591495513916,-3.347579695400782e-05,0.007182562258094549,0.747591495513916,,,,,,,,,,,,,,,,,,,,,,,,,,,,,,,,,,,,,,,,,,,,,,,,,,,,,,,,,,,,,,,,,,,,,,,,
0.000514,46,,,,,,,,,,,,,,,,,,,,,,,,,,,,,,,,,,,,,,,,,,,,,,,,,,,,,,,,,,,,,,,,,,,,,,,,,,,,,,,,,,,
,46,1.6655648946762085,1.6655648946762085,-3.611289139371365e-05,0.012162857688963413,1.6655648946762085,46,,,,,,,,,,,,,,,,,,,,,,,,,,,,,,,,,,,,,,,,,,,,,,,,,,,,,,,,,,,,,,,,,,,,,,,,,,,,,
,46,,,,,,46,1.6655648946762085,1.6655648946762085,-3.611289139371365e-05,0.012162857688963413,1.6655648946762085,,,,,,,,,,,,,,,,,,,,,,,,,,,,,,,,,,,,,,,,,,,,,,,,,,,,,,,,,,,,,,,,,,,,,,,,
0.000523,47,,,,,,,,,,,,,,,,,,,,,,,,,,,,,,,,,,,,,,,,,,,,,,,,,,,,,,,,,,,,,,,,,,,,,,,,,,,,,,,,,,,
,47,1.4016951322555542,1.4016951322555542,-3.8202495488803834e-05,0.7194195985794067,1.4016951322555542,47,,,,,,,,,,,,,,,,,,,,,,,,,,,,,,,,,,,,,,,,,,,,,,,,,,,,,,,,,,,,,,,,,,,,,,,,,,,,,
,47,,,,,,47,1.4016951322555542,1.4016951322555542,-3.8202495488803834e-05,0.7194195985794067,1.4016951322555542,,,,,,,,,,,,,,,,,,,,,,,,,,,,,,,,,,,,,,,,,,,,,,,,,,,,,,,,,,,,,,,,,,,,,,,,
0.000532,48,,,,,,,,,,,,,,,,,,,,,,,,,,,,,,,,,,,,,,,,,,,,,,,,,,,,,,,,,,,,,,,,,,,,,,,,,,,,,,,,,,,
,48,0.9119822382926941,0.9119822382926941,-3.977498636231758e-05,0.007154487539082766,0.9119822382926941,48,,,,,,,,,,,,,,,,,,,,,,,,,,,,,,,,,,,,,,,,,,,,,,,,,,,,,,,,,,,,,,,,,,,,,,,,,,,,,
,48,,,,,,48,0.9119822382926941,0.9119822382926941,-3.977498636231758e-05,0.007154487539082766,0.9119822382926941,,,,,,,,,,,,,,,,,,,,,,,,,,,,,,,,,,,,,,,,,,,,,,,,,,,,,,,,,,,,,,,,,,,,,,,,
0.000541,49,,,,,,,,,,,,,,,,,,,,,,,,,,,,,,,,,,,,,,,,,,,,,,,,,,,,,,,,,,,,,,,,,,,,,,,,,,,,,,,,,,,
,49,1.1742017269134521,1.1742017269134521,-4.159899981459603e-05,0.007736500818282366,1.1742017269134521,49,,,,,,,,,,,,,,,,,,,,,,,,,,,,,,,,,,,,,,,,,,,,,,,,,,,,,,,,,,,,,,,,,,,,,,,,,,,,,
,49,,,,,,49,,,,,,0.8373839855194092,0.8373839855194092,-4.2904892325168476e-05,0.008518962189555168,0.8373839855194092,0.90179842710495,0.90179842710495,-4.2904892325168476e-05,0.004035333637148142,0.90179842710495,-0.05560099333524704,0.2028394192457199,0.3001459538936615,0.1513567715883255,0.0863175168633461,0.04584845155477524,0.02948099933564663,0.019794929772615433,0.0008072886848822236,0.05560099333524704,0.6197241544723511,0.3287554383277893,0.19226637482643127,0.14340239763259888,0.1260199397802353,0.029045630246400833,0.23986898362636566,0.1668533980846405,0.10478490591049194,0.05678633600473404,0.035782311111688614,0.022944865748286247,0.0008296787855215371,0.06466358155012131,28.71282196044922,20.487905502319336,23.8598690032959,33.42913055419922,62.78510284423828,2550.8837890625,453.3597717285156,-0.05125920847058296,0.19852511584758759,0.30076515674591064,0.146267369389534,0.08210567384958267,0.04131634905934334,0.025202417746186256,0.012534302659332752,0.00012913222599308938,0.05125920847058296,0.6039115190505981,0.3204205334186554,0.17418546974658966,0.12050163745880127,0.07660924643278122,0.0041493759490549564,0.21662962436676025,0.16178812086582184,0.09941812604665756,0.05138089507818222,0.030883174389600754,0.014764983206987381,0.0001332622632617131,0.059728093445301056,29.00029754638672,21.620141983032227,23.920461654663086,31.687725067138672,56.0332145690918,2017.90283203125,363.36077880859375
,49,,,,,,49,1.1742017269134521,1.1742017269134521,-4.159899981459603e-05,0.007736500818282366,1.1742017269134521,,,,,,,,,,,,,,,,,,,,,,,,,,,,,,,,,,,,,,,,,,,,,,,,,,,,,,,,,,,,,,,,,,,,,,,,
0.00055,50,,,,,,,,,,,,,,,,,,,,,,,,,,,,,,,,,,,,,,,,,,,,,,,,,,,,,,,,,,,,,,,,,,,,,,,,,,,,,,,,,,,
,50,0.8432642817497253,0.8432642817497253,-4.2904892325168476e-05,0.008086142130196095,0.8432642817497253,50,,,,,,,,,,,,,,,,,,,,,,,,,,,,,,,,,,,,,,,,,,,,,,,,,,,,,,,,,,,,,,,,,,,,,,,,,,,,,
,50,,,,,,50,0.8432642817497253,0.8432642817497253,-4.2904892325168476e-05,0.008086142130196095,0.8432642817497253,,,,,,,,,,,,,,,,,,,,,,,,,,,,,,,,,,,,,,,,,,,,,,,,,,,,,,,,,,,,,,,,,,,,,,,,
0.0005589999999999999,51,,,,,,,,,,,,,,,,,,,,,,,,,,,,,,,,,,,,,,,,,,,,,,,,,,,,,,,,,,,,,,,,,,,,,,,,,,,,,,,,,,,
,51,1.105826735496521,1.105826735496521,-4.4501015509013087e-05,0.005619752686470747,1.105826735496521,51,,,,,,,,,,,,,,,,,,,,,,,,,,,,,,,,,,,,,,,,,,,,,,,,,,,,,,,,,,,,,,,,,,,,,,,,,,,,,
,51,,,,,,51,1.105826735496521,1.105826735496521,-4.4501015509013087e-05,0.005619752686470747,1.105826735496521,,,,,,,,,,,,,,,,,,,,,,,,,,,,,,,,,,,,,,,,,,,,,,,,,,,,,,,,,,,,,,,,,,,,,,,,
0.000568,52,,,,,,,,,,,,,,,,,,,,,,,,,,,,,,,,,,,,,,,,,,,,,,,,,,,,,,,,,,,,,,,,,,,,,,,,,,,,,,,,,,,
,52,0.8659968376159668,0.8659968376159668,-4.557525608106516e-05,0.004953934345394373,0.8659968376159668,52,,,,,,,,,,,,,,,,,,,,,,,,,,,,,,,,,,,,,,,,,,,,,,,,,,,,,,,,,,,,,,,,,,,,,,,,,,,,,
,52,,,,,,52,0.8659968376159668,0.8659968376159668,-4.557525608106516e-05,0.004953934345394373,0.8659968376159668,,,,,,,,,,,,,,,,,,,,,,,,,,,,,,,,,,,,,,,,,,,,,,,,,,,,,,,,,,,,,,,,,,,,,,,,
0.000577,53,,,,,,,,,,,,,,,,,,,,,,,,,,,,,,,,,,,,,,,,,,,,,,,,,,,,,,,,,,,,,,,,,,,,,,,,,,,,,,,,,,,
,53,0.9099515676498413,0.9099515676498413,-4.697656913776882e-05,0.004133306909352541,0.9099515676498413,53,,,,,,,,,,,,,,,,,,,,,,,,,,,,,,,,,,,,,,,,,,,,,,,,,,,,,,,,,,,,,,,,,,,,,,,,,,,,,
,53,,,,,,53,0.9099515676498413,0.9099515676498413,-4.697656913776882e-05,0.004133306909352541,0.9099515676498413,,,,,,,,,,,,,,,,,,,,,,,,,,,,,,,,,,,,,,,,,,,,,,,,,,,,,,,,,,,,,,,,,,,,,,,,
0.0005859999999999999,54,,,,,,,,,,,,,,,,,,,,,,,,,,,,,,,,,,,,,,,,,,,,,,,,,,,,,,,,,,,,,,,,,,,,,,,,,,,,,,,,,,,
,54,1.4530208110809326,1.4530208110809326,-4.8689435061533004e-05,0.013312291353940964,1.4530208110809326,54,,,,,,,,,,,,,,,,,,,,,,,,,,,,,,,,,,,,,,,,,,,,,,,,,,,,,,,,,,,,,,,,,,,,,,,,,,,,,
,54,,,,,,54,1.4530208110809326,1.4530208110809326,-4.8689435061533004e-05,0.013312291353940964,1.4530208110809326,,,,,,,,,,,,,,,,,,,,,,,,,,,,,,,,,,,,,,,,,,,,,,,,,,,,,,,,,,,,,,,,,,,,,,,,
0.0005949999999999999,55,,,,,,,,,,,,,,,,,,,,,,,,,,,,,,,,,,,,,,,,,,,,,,,,,,,,,,,,,,,,,,,,,,,,,,,,,,,,,,,,,,,
,55,0.8543165922164917,0.8543165922164917,-4.983922917745076e-05,0.004190320614725351,0.8543165922164917,55,,,,,,,,,,,,,,,,,,,,,,,,,,,,,,,,,,,,,,,,,,,,,,,,,,,,,,,,,,,,,,,,,,,,,,,,,,,,,
,55,,,,,,55,0.8543165922164917,0.8543165922164917,-4.983922917745076e-05,0.004190320614725351,0.8543165922164917,,,,,,,,,,,,,,,,,,,,,,,,,,,,,,,,,,,,,,,,,,,,,,,,,,,,,,,,,,,,,,,,,,,,,,,,
0.000604,56,,,,,,,,,,,,,,,,,,,,,,,,,,,,,,,,,,,,,,,,,,,,,,,,,,,,,,,,,,,,,,,,,,,,,,,,,,,,,,,,,,,
,56,0.9227445125579834,0.9227445125579834,-5.133975719218142e-05,0.006685405038297176,0.9227445125579834,56,,,,,,,,,,,,,,,,,,,,,,,,,,,,,,,,,,,,,,,,,,,,,,,,,,,,,,,,,,,,,,,,,,,,,,,,,,,,,
,56,,,,,,56,0.9227445125579834,0.9227445125579834,-5.133975719218142e-05,0.006685405038297176,0.9227445125579834,,,,,,,,,,,,,,,,,,,,,,,,,,,,,,,,,,,,,,,,,,,,,,,,,,,,,,,,,,,,,,,,,,,,,,,,
0.000613,57,,,,,,,,,,,,,,,,,,,,,,,,,,,,,,,,,,,,,,,,,,,,,,,,,,,,,,,,,,,,,,,,,,,,,,,,,,,,,,,,,,,
,57,0.9967901110649109,0.9967851042747498,-5.3173589549260214e-05,0.004272905178368092,0.9967851042747498,57,,,,,,,,,,,,,,,,,,,,,,,,,,,,,,,,,,,,,,,,,,,,,,,,,,,,,,,,,,,,,,,,,,,,,,,,,,,,,
,57,,,,,,57,0.9967901110649109,0.9967851042747498,-5.3173589549260214e-05,0.004272905178368092,0.9967851042747498,,,,,,,,,,,,,,,,,,,,,,,,,,,,,,,,,,,,,,,,,,,,,,,,,,,,,,,,,,,,,,,,,,,,,,,,
0.000622,58,,,,,,,,,,,,,,,,,,,,,,,,,,,,,,,,,,,,,,,,,,,,,,,,,,,,,,,,,,,,,,,,,,,,,,,,,,,,,,,,,,,
,58,0.7791246175765991,0.7791246175765991,-5.4863667173776776e-05,0.0037355313543230295,0.7791246175765991,58,,,,,,,,,,,,,,,,,,,,,,,,,,,,,,,,,,,,,,,,,,,,,,,,,,,,,,,,,,,,,,,,,,,,,,,,,,,,,
,58,,,,,,58,0.7791246175765991,0.7791246175765991,-5.4863667173776776e-05,0.0037355313543230295,0.7791246175765991,,,,,,,,,,,,,,,,,,,,,,,,,,,,,,,,,,,,,,,,,,,,,,,,,,,,,,,,,,,,,,,,,,,,,,,,
0.000631,59,,,,,,,,,,,,,,,,,,,,,,,,,,,,,,,,,,,,,,,,,,,,,,,,,,,,,,,,,,,,,,,,,,,,,,,,,,,,,,,,,,,
,59,1.0045346021652222,1.0045346021652222,-5.689218596671708e-05,0.004263467155396938,1.0045346021652222,59,,,,,,,,,,,,,,,,,,,,,,,,,,,,,,,,,,,,,,,,,,,,,,,,,,,,,,,,,,,,,,,,,,,,,,,,,,,,,
,59,,,,,,59,1.0045346021652222,1.0045346021652222,-5.689218596671708e-05,0.004263467155396938,1.0045346021652222,,,,,,,,,,,,,,,,,,,,,,,,,,,,,,,,,,,,,,,,,,,,,,,,,,,,,,,,,,,,,,,,,,,,,,,,
0.00064,60,,,,,,,,,,,,,,,,,,,,,,,,,,,,,,,,,,,,,,,,,,,,,,,,,,,,,,,,,,,,,,,,,,,,,,,,,,,,,,,,,,,
,60,0.7554153203964233,0.7546486854553223,-5.827751738252118e-05,0.0037726734299212694,0.7546486854553223,60,,,,,,,,,,,,,,,,,,,,,,,,,,,,,,,,,,,,,,,,,,,,,,,,,,,,,,,,,,,,,,,,,,,,,,,,,,,,,
,60,,,,,,60,0.7554153203964233,0.7546486854553223,-5.827751738252118e-05,0.0037726734299212694,0.7546486854553223,,,,,,,,,,,,,,,,,,,,,,,,,,,,,,,,,,,,,,,,,,,,,,,,,,,,,,,,,,,,,,,,,,,,,,,,
0.000649,61,,,,,,,,,,,,,,,,,,,,,,,,,,,,,,,,,,,,,,,,,,,,,,,,,,,,,,,,,,,,,,,,,,,,,,,,,,,,,,,,,,,
,61,0.8542400598526001,0.8542400598526001,-5.988895645714365e-05,0.004084486979991198,0.8542400598526001,61,,,,,,,,,,,,,,,,,,,,,,,,,,,,,,,,,,,,,,,,,,,,,,,,,,,,,,,,,,,,,,,,,,,,,,,,,,,,,
,61,,,,,,61,0.8542400598526001,0.8542400598526001,-5.988895645714365e-05,0.004084486979991198,0.8542400598526001,,,,,,,,,,,,,,,,,,,,,,,,,,,,,,,,,,,,,,,,,,,,,,,,,,,,,,,,,,,,,,,,,,,,,,,,
0.0006580000000000001,62,,,,,,,,,,,,,,,,,,,,,,,,,,,,,,,,,,,,,,,,,,,,,,,,,,,,,,,,,,,,,,,,,,,,,,,,,,,,,,,,,,,
,62,0.7714046835899353,0.7714046835899353,-6.187579856486991e-05,0.00461015896871686,0.7714046835899353,62,,,,,,,,,,,,,,,,,,,,,,,,,,,,,,,,,,,,,,,,,,,,,,,,,,,,,,,,,,,,,,,,,,,,,,,,,,,,,
,62,,,,,,62,0.7714046835899353,0.7714046835899353,-6.187579856486991e-05,0.00461015896871686,0.7714046835899353,,,,,,,,,,,,,,,,,,,,,,,,,,,,,,,,,,,,,,,,,,,,,,,,,,,,,,,,,,,,,,,,,,,,,,,,
0.0006670000000000001,63,,,,,,,,,,,,,,,,,,,,,,,,,,,,,,,,,,,,,,,,,,,,,,,,,,,,,,,,,,,,,,,,,,,,,,,,,,,,,,,,,,,
,63,1.156732201576233,1.156732201576233,-6.42184168100357e-05,0.005237548146396875,1.156732201576233,63,,,,,,,,,,,,,,,,,,,,,,,,,,,,,,,,,,,,,,,,,,,,,,,,,,,,,,,,,,,,,,,,,,,,,,,,,,,,,
,63,,,,,,63,1.156732201576233,1.156732201576233,-6.42184168100357e-05,0.005237548146396875,1.156732201576233,,,,,,,,,,,,,,,,,,,,,,,,,,,,,,,,,,,,,,,,,,,,,,,,,,,,,,,,,,,,,,,,,,,,,,,,
0.0006760000000000001,64,,,,,,,,,,,,,,,,,,,,,,,,,,,,,,,,,,,,,,,,,,,,,,,,,,,,,,,,,,,,,,,,,,,,,,,,,,,,,,,,,,,
,64,0.8051120638847351,0.8051120638847351,-6.584680522792041e-05,0.005259060300886631,0.8051120638847351,64,,,,,,,,,,,,,,,,,,,,,,,,,,,,,,,,,,,,,,,,,,,,,,,,,,,,,,,,,,,,,,,,,,,,,,,,,,,,,
,64,,,,,,64,0.8051120638847351,0.8051120638847351,-6.584680522792041e-05,0.005259060300886631,0.8051120638847351,,,,,,,,,,,,,,,,,,,,,,,,,,,,,,,,,,,,,,,,,,,,,,,,,,,,,,,,,,,,,,,,,,,,,,,,
0.000685,65,,,,,,,,,,,,,,,,,,,,,,,,,,,,,,,,,,,,,,,,,,,,,,,,,,,,,,,,,,,,,,,,,,,,,,,,,,,,,,,,,,,
,65,1.00911283493042,1.00911283493042,-6.788079917896539e-05,0.005150941666215658,1.00911283493042,65,,,,,,,,,,,,,,,,,,,,,,,,,,,,,,,,,,,,,,,,,,,,,,,,,,,,,,,,,,,,,,,,,,,,,,,,,,,,,
,65,,,,,,65,1.00911283493042,1.00911283493042,-6.788079917896539e-05,0.005150941666215658,1.00911283493042,,,,,,,,,,,,,,,,,,,,,,,,,,,,,,,,,,,,,,,,,,,,,,,,,,,,,,,,,,,,,,,,,,,,,,,,
0.000694,66,,,,,,,,,,,,,,,,,,,,,,,,,,,,,,,,,,,,,,,,,,,,,,,,,,,,,,,,,,,,,,,,,,,,,,,,,,,,,,,,,,,
,66,1.0345497131347656,1.0345497131347656,-6.920213490957394e-05,0.0045809089206159115,1.0345497131347656,66,,,,,,,,,,,,,,,,,,,,,,,,,,,,,,,,,,,,,,,,,,,,,,,,,,,,,,,,,,,,,,,,,,,,,,,,,,,,,
,66,,,,,,66,1.0345497131347656,1.0345497131347656,-6.920213490957394e-05,0.0045809089206159115,1.0345497131347656,,,,,,,,,,,,,,,,,,,,,,,,,,,,,,,,,,,,,,,,,,,,,,,,,,,,,,,,,,,,,,,,,,,,,,,,
0.0007030000000000001,67,,,,,,,,,,,,,,,,,,,,,,,,,,,,,,,,,,,,,,,,,,,,,,,,,,,,,,,,,,,,,,,,,,,,,,,,,,,,,,,,,,,
,67,0.8059260249137878,0.8059260249137878,-6.985691288718954e-05,0.004988687112927437,0.8059260249137878,67,,,,,,,,,,,,,,,,,,,,,,,,,,,,,,,,,,,,,,,,,,,,,,,,,,,,,,,,,,,,,,,,,,,,,,,,,,,,,
,67,,,,,,67,0.8059260249137878,0.8059260249137878,-6.985691288718954e-05,0.004988687112927437,0.8059260249137878,,,,,,,,,,,,,,,,,,,,,,,,,,,,,,,,,,,,,,,,,,,,,,,,,,,,,,,,,,,,,,,,,,,,,,,,
0.000712,68,,,,,,,,,,,,,,,,,,,,,,,,,,,,,,,,,,,,,,,,,,,,,,,,,,,,,,,,,,,,,,,,,,,,,,,,,,,,,,,,,,,
,68,0.7835063934326172,0.7835063934326172,-7.102891686372459e-05,0.003641454502940178,0.7835063934326172,68,,,,,,,,,,,,,,,,,,,,,,,,,,,,,,,,,,,,,,,,,,,,,,,,,,,,,,,,,,,,,,,,,,,,,,,,,,,,,
,68,,,,,,68,0.7835063934326172,0.7835063934326172,-7.102891686372459e-05,0.003641454502940178,0.7835063934326172,,,,,,,,,,,,,,,,,,,,,,,,,,,,,,,,,,,,,,,,,,,,,,,,,,,,,,,,,,,,,,,,,,,,,,,,
0.000721,69,,,,,,,,,,,,,,,,,,,,,,,,,,,,,,,,,,,,,,,,,,,,,,,,,,,,,,,,,,,,,,,,,,,,,,,,,,,,,,,,,,,
,69,0.8571528196334839,0.8571528196334839,-7.268710032803938e-05,0.004448187071830034,0.8571528196334839,69,,,,,,,,,,,,,,,,,,,,,,,,,,,,,,,,,,,,,,,,,,,,,,,,,,,,,,,,,,,,,,,,,,,,,,,,,,,,,
,69,,,,,,69,0.8571528196334839,0.8571528196334839,-7.268710032803938e-05,0.004448187071830034,0.8571528196334839,,,,,,,,,,,,,,,,,,,,,,,,,,,,,,,,,,,,,,,,,,,,,,,,,,,,,,,,,,,,,,,,,,,,,,,,
0.00073,70,,,,,,,,,,,,,,,,,,,,,,,,,,,,,,,,,,,,,,,,,,,,,,,,,,,,,,,,,,,,,,,,,,,,,,,,,,,,,,,,,,,
,70,0.7936248183250427,0.7936248183250427,-7.480280328309163e-05,0.007023836951702833,0.7936248183250427,70,,,,,,,,,,,,,,,,,,,,,,,,,,,,,,,,,,,,,,,,,,,,,,,,,,,,,,,,,,,,,,,,,,,,,,,,,,,,,
,70,,,,,,70,0.7936248183250427,0.7936248183250427,-7.480280328309163e-05,0.007023836951702833,0.7936248183250427,,,,,,,,,,,,,,,,,,,,,,,,,,,,,,,,,,,,,,,,,,,,,,,,,,,,,,,,,,,,,,,,,,,,,,,,
0.000739,71,,,,,,,,,,,,,,,,,,,,,,,,,,,,,,,,,,,,,,,,,,,,,,,,,,,,,,,,,,,,,,,,,,,,,,,,,,,,,,,,,,,
,71,0.7387406229972839,0.7387406229972839,-7.734957034699619e-05,0.005363214761018753,0.7387406229972839,71,,,,,,,,,,,,,,,,,,,,,,,,,,,,,,,,,,,,,,,,,,,,,,,,,,,,,,,,,,,,,,,,,,,,,,,,,,,,,
,71,,,,,,71,0.7387406229972839,0.7387406229972839,-7.734957034699619e-05,0.005363214761018753,0.7387406229972839,,,,,,,,,,,,,,,,,,,,,,,,,,,,,,,,,,,,,,,,,,,,,,,,,,,,,,,,,,,,,,,,,,,,,,,,
0.000748,72,,,,,,,,,,,,,,,,,,,,,,,,,,,,,,,,,,,,,,,,,,,,,,,,,,,,,,,,,,,,,,,,,,,,,,,,,,,,,,,,,,,
,72,0.7305381298065186,0.7305381298065186,-8.030299795791507e-05,0.006804390344768763,0.7305381298065186,72,,,,,,,,,,,,,,,,,,,,,,,,,,,,,,,,,,,,,,,,,,,,,,,,,,,,,,,,,,,,,,,,,,,,,,,,,,,,,
,72,,,,,,72,0.7305381298065186,0.7305381298065186,-8.030299795791507e-05,0.006804390344768763,0.7305381298065186,,,,,,,,,,,,,,,,,,,,,,,,,,,,,,,,,,,,,,,,,,,,,,,,,,,,,,,,,,,,,,,,,,,,,,,,
0.000757,73,,,,,,,,,,,,,,,,,,,,,,,,,,,,,,,,,,,,,,,,,,,,,,,,,,,,,,,,,,,,,,,,,,,,,,,,,,,,,,,,,,,
,73,0.848796546459198,0.848796546459198,-8.36405815789476e-05,0.0037899333983659744,0.848796546459198,73,,,,,,,,,,,,,,,,,,,,,,,,,,,,,,,,,,,,,,,,,,,,,,,,,,,,,,,,,,,,,,,,,,,,,,,,,,,,,
,73,,,,,,73,0.848796546459198,0.848796546459198,-8.36405815789476e-05,0.0037899333983659744,0.848796546459198,,,,,,,,,,,,,,,,,,,,,,,,,,,,,,,,,,,,,,,,,,,,,,,,,,,,,,,,,,,,,,,,,,,,,,,,
0.0007660000000000001,74,,,,,,,,,,,,,,,,,,,,,,,,,,,,,,,,,,,,,,,,,,,,,,,,,,,,,,,,,,,,,,,,,,,,,,,,,,,,,,,,,,,
,74,0.9839459657669067,0.9839459657669067,-8.73415992828086e-05,0.004191375337541103,0.9839459657669067,74,,,,,,,,,,,,,,,,,,,,,,,,,,,,,,,,,,,,,,,,,,,,,,,,,,,,,,,,,,,,,,,,,,,,,,,,,,,,,
,74,,,,,,74,0.9839459657669067,0.9839459657669067,-8.73415992828086e-05,0.004191375337541103,0.9839459657669067,,,,,,,,,,,,,,,,,,,,,,,,,,,,,,,,,,,,,,,,,,,,,,,,,,,,,,,,,,,,,,,,,,,,,,,,
0.0007750000000000001,75,,,,,,,,,,,,,,,,,,,,,,,,,,,,,,,,,,,,,,,,,,,,,,,,,,,,,,,,,,,,,,,,,,,,,,,,,,,,,,,,,,,
,75,0.7813054919242859,0.7813054919242859,-9.13869371288456e-05,0.007769790478050709,0.7813054919242859,75,,,,,,,,,,,,,,,,,,,,,,,,,,,,,,,,,,,,,,,,,,,,,,,,,,,,,,,,,,,,,,,,,,,,,,,,,,,,,
,75,,,,,,75,0.7813054919242859,0.7813054919242859,-9.13869371288456e-05,0.007769790478050709,0.7813054919242859,,,,,,,,,,,,,,,,,,,,,,,,,,,,,,,,,,,,,,,,,,,,,,,,,,,,,,,,,,,,,,,,,,,,,,,,
0.0007840000000000001,76,,,,,,,,,,,,,,,,,,,,,,,,,,,,,,,,,,,,,,,,,,,,,,,,,,,,,,,,,,,,,,,,,,,,,,,,,,,,,,,,,,,
,76,0.8277664184570312,0.8277664184570312,-9.575906733516604e-05,0.003511860268190503,0.8277664184570312,76,,,,,,,,,,,,,,,,,,,,,,,,,,,,,,,,,,,,,,,,,,,,,,,,,,,,,,,,,,,,,,,,,,,,,,,,,,,,,
,76,,,,,,76,0.8277664184570312,0.8277664184570312,-9.575906733516604e-05,0.003511860268190503,0.8277664184570312,,,,,,,,,,,,,,,,,,,,,,,,,,,,,,,,,,,,,,,,,,,,,,,,,,,,,,,,,,,,,,,,,,,,,,,,
0.000793,77,,,,,,,,,,,,,,,,,,,,,,,,,,,,,,,,,,,,,,,,,,,,,,,,,,,,,,,,,,,,,,,,,,,,,,,,,,,,,,,,,,,
,77,0.7086386680603027,0.7086386680603027,-0.00010044186637969688,0.006359051447361708,0.7086386680603027,77,,,,,,,,,,,,,,,,,,,,,,,,,,,,,,,,,,,,,,,,,,,,,,,,,,,,,,,,,,,,,,,,,,,,,,,,,,,,,
,77,,,,,,77,0.7086386680603027,0.7086386680603027,-0.00010044186637969688,0.006359051447361708,0.7086386680603027,,,,,,,,,,,,,,,,,,,,,,,,,,,,,,,,,,,,,,,,,,,,,,,,,,,,,,,,,,,,,,,,,,,,,,,,
0.0008020000000000001,78,,,,,,,,,,,,,,,,,,,,,,,,,,,,,,,,,,,,,,,,,,,,,,,,,,,,,,,,,,,,,,,,,,,,,,,,,,,,,,,,,,,
,78,0.8067967295646667,0.8067967295646667,-0.00010542046220507473,0.0041593522764742374,0.8067967295646667,78,,,,,,,,,,,,,,,,,,,,,,,,,,,,,,,,,,,,,,,,,,,,,,,,,,,,,,,,,,,,,,,,,,,,,,,,,,,,,
,78,,,,,,78,0.8067967295646667,0.8067967295646667,-0.00010542046220507473,0.0041593522764742374,0.8067967295646667,,,,,,,,,,,,,,,,,,,,,,,,,,,,,,,,,,,,,,,,,,,,,,,,,,,,,,,,,,,,,,,,,,,,,,,,
0.0008110000000000001,79,,,,,,,,,,,,,,,,,,,,,,,,,,,,,,,,,,,,,,,,,,,,,,,,,,,,,,,,,,,,,,,,,,,,,,,,,,,,,,,,,,,
,79,0.7241672277450562,0.7241672277450562,-0.00011068124877056107,0.003727261908352375,0.7241672277450562,79,,,,,,,,,,,,,,,,,,,,,,,,,,,,,,,,,,,,,,,,,,,,,,,,,,,,,,,,,,,,,,,,,,,,,,,,,,,,,
,79,,,,,,79,0.7241672277450562,0.7241672277450562,-0.00011068124877056107,0.003727261908352375,0.7241672277450562,,,,,,,,,,,,,,,,,,,,,,,,,,,,,,,,,,,,,,,,,,,,,,,,,,,,,,,,,,,,,,,,,,,,,,,,
0.00082,80,,,,,,,,,,,,,,,,,,,,,,,,,,,,,,,,,,,,,,,,,,,,,,,,,,,,,,,,,,,,,,,,,,,,,,,,,,,,,,,,,,,
,80,0.8056904077529907,0.8047425746917725,-0.00011621172598097473,0.0038629015907645226,0.8047425746917725,80,,,,,,,,,,,,,,,,,,,,,,,,,,,,,,,,,,,,,,,,,,,,,,,,,,,,,,,,,,,,,,,,,,,,,,,,,,,,,
,80,,,,,,80,0.8056904077529907,0.8047425746917725,-0.00011621172598097473,0.0038629015907645226,0.8047425746917725,,,,,,,,,,,,,,,,,,,,,,,,,,,,,,,,,,,,,,,,,,,,,,,,,,,,,,,,,,,,,,,,,,,,,,,,
0.0008290000000000001,81,,,,,,,,,,,,,,,,,,,,,,,,,,,,,,,,,,,,,,,,,,,,,,,,,,,,,,,,,,,,,,,,,,,,,,,,,,,,,,,,,,,
,81,1.0081043243408203,1.0081043243408203,-0.00012156556476838887,0.006339666899293661,1.0081043243408203,81,,,,,,,,,,,,,,,,,,,,,,,,,,,,,,,,,,,,,,,,,,,,,,,,,,,,,,,,,,,,,,,,,,,,,,,,,,,,,
,81,,,,,,81,1.0081043243408203,1.0081043243408203,-0.00012156556476838887,0.006339666899293661,1.0081043243408203,,,,,,,,,,,,,,,,,,,,,,,,,,,,,,,,,,,,,,,,,,,,,,,,,,,,,,,,,,,,,,,,,,,,,,,,
0.000838,82,,,,,,,,,,,,,,,,,,,,,,,,,,,,,,,,,,,,,,,,,,,,,,,,,,,,,,,,,,,,,,,,,,,,,,,,,,,,,,,,,,,
,82,0.8983012437820435,0.8983012437820435,-0.00012573215644806623,0.006534948945045471,0.8983012437820435,82,,,,,,,,,,,,,,,,,,,,,,,,,,,,,,,,,,,,,,,,,,,,,,,,,,,,,,,,,,,,,,,,,,,,,,,,,,,,,
,82,,,,,,82,0.8983012437820435,0.8983012437820435,-0.00012573215644806623,0.006534948945045471,0.8983012437820435,,,,,,,,,,,,,,,,,,,,,,,,,,,,,,,,,,,,,,,,,,,,,,,,,,,,,,,,,,,,,,,,,,,,,,,,
0.000847,83,,,,,,,,,,,,,,,,,,,,,,,,,,,,,,,,,,,,,,,,,,,,,,,,,,,,,,,,,,,,,,,,,,,,,,,,,,,,,,,,,,,
,83,1.4222207069396973,1.4222207069396973,-0.00013029479305259883,0.00672248424962163,1.4222207069396973,83,,,,,,,,,,,,,,,,,,,,,,,,,,,,,,,,,,,,,,,,,,,,,,,,,,,,,,,,,,,,,,,,,,,,,,,,,,,,,
,83,,,,,,83,1.4222207069396973,1.4222207069396973,-0.00013029479305259883,0.00672248424962163,1.4222207069396973,,,,,,,,,,,,,,,,,,,,,,,,,,,,,,,,,,,,,,,,,,,,,,,,,,,,,,,,,,,,,,,,,,,,,,,,
0.0008560000000000001,84,,,,,,,,,,,,,,,,,,,,,,,,,,,,,,,,,,,,,,,,,,,,,,,,,,,,,,,,,,,,,,,,,,,,,,,,,,,,,,,,,,,
,84,1.1536180973052979,1.1536180973052979,-0.00013371047680266201,0.012885320000350475,1.1536180973052979,84,,,,,,,,,,,,,,,,,,,,,,,,,,,,,,,,,,,,,,,,,,,,,,,,,,,,,,,,,,,,,,,,,,,,,,,,,,,,,
,84,,,,,,84,1.1536180973052979,1.1536180973052979,-0.00013371047680266201,0.012885320000350475,1.1536180973052979,,,,,,,,,,,,,,,,,,,,,,,,,,,,,,,,,,,,,,,,,,,,,,,,,,,,,,,,,,,,,,,,,,,,,,,,
0.000865,85,,,,,,,,,,,,,,,,,,,,,,,,,,,,,,,,,,,,,,,,,,,,,,,,,,,,,,,,,,,,,,,,,,,,,,,,,,,,,,,,,,,
,85,1.8062107563018799,1.8062107563018799,-0.00013606331776827574,0.059202276170253754,1.8062107563018799,85,,,,,,,,,,,,,,,,,,,,,,,,,,,,,,,,,,,,,,,,,,,,,,,,,,,,,,,,,,,,,,,,,,,,,,,,,,,,,
,85,,,,,,85,1.8062107563018799,1.8062107563018799,-0.00013606331776827574,0.059202276170253754,1.8062107563018799,,,,,,,,,,,,,,,,,,,,,,,,,,,,,,,,,,,,,,,,,,,,,,,,,,,,,,,,,,,,,,,,,,,,,,,,
0.000874,86,,,,,,,,,,,,,,,,,,,,,,,,,,,,,,,,,,,,,,,,,,,,,,,,,,,,,,,,,,,,,,,,,,,,,,,,,,,,,,,,,,,
,86,0.8630015254020691,0.8630015254020691,-0.00013743060117121786,0.0066068475134670734,0.8630015254020691,86,,,,,,,,,,,,,,,,,,,,,,,,,,,,,,,,,,,,,,,,,,,,,,,,,,,,,,,,,,,,,,,,,,,,,,,,,,,,,
,86,,,,,,86,0.8630015254020691,0.8630015254020691,-0.00013743060117121786,0.0066068475134670734,0.8630015254020691,,,,,,,,,,,,,,,,,,,,,,,,,,,,,,,,,,,,,,,,,,,,,,,,,,,,,,,,,,,,,,,,,,,,,,,,
0.0008829999999999999,87,,,,,,,,,,,,,,,,,,,,,,,,,,,,,,,,,,,,,,,,,,,,,,,,,,,,,,,,,,,,,,,,,,,,,,,,,,,,,,,,,,,
,87,0.7743620872497559,0.7743620872497559,-0.00013947937986813486,0.006638659164309502,0.7743620872497559,87,,,,,,,,,,,,,,,,,,,,,,,,,,,,,,,,,,,,,,,,,,,,,,,,,,,,,,,,,,,,,,,,,,,,,,,,,,,,,
,87,,,,,,87,0.7743620872497559,0.7743620872497559,-0.00013947937986813486,0.006638659164309502,0.7743620872497559,,,,,,,,,,,,,,,,,,,,,,,,,,,,,,,,,,,,,,,,,,,,,,,,,,,,,,,,,,,,,,,,,,,,,,,,
0.000892,88,,,,,,,,,,,,,,,,,,,,,,,,,,,,,,,,,,,,,,,,,,,,,,,,,,,,,,,,,,,,,,,,,,,,,,,,,,,,,,,,,,,
,88,1.3391008377075195,1.3395940065383911,-0.00014216400450095534,0.006718243006616831,1.3395940065383911,88,,,,,,,,,,,,,,,,,,,,,,,,,,,,,,,,,,,,,,,,,,,,,,,,,,,,,,,,,,,,,,,,,,,,,,,,,,,,,
,88,,,,,,88,1.3391008377075195,1.3395940065383911,-0.00014216400450095534,0.006718243006616831,1.3395940065383911,,,,,,,,,,,,,,,,,,,,,,,,,,,,,,,,,,,,,,,,,,,,,,,,,,,,,,,,,,,,,,,,,,,,,,,,
0.000901,89,,,,,,,,,,,,,,,,,,,,,,,,,,,,,,,,,,,,,,,,,,,,,,,,,,,,,,,,,,,,,,,,,,,,,,,,,,,,,,,,,,,
,89,1.026498794555664,1.026498794555664,-0.00014436212950386107,0.005046817008405924,1.026498794555664,89,,,,,,,,,,,,,,,,,,,,,,,,,,,,,,,,,,,,,,,,,,,,,,,,,,,,,,,,,,,,,,,,,,,,,,,,,,,,,
,89,,,,,,89,1.026498794555664,1.026498794555664,-0.00014436212950386107,0.005046817008405924,1.026498794555664,,,,,,,,,,,,,,,,,,,,,,,,,,,,,,,,,,,,,,,,,,,,,,,,,,,,,,,,,,,,,,,,,,,,,,,,
0.00091,90,,,,,,,,,,,,,,,,,,,,,,,,,,,,,,,,,,,,,,,,,,,,,,,,,,,,,,,,,,,,,,,,,,,,,,,,,,,,,,,,,,,
,90,1.351416826248169,1.351416826248169,-0.00014553585788235068,0.01536849606782198,1.351416826248169,90,,,,,,,,,,,,,,,,,,,,,,,,,,,,,,,,,,,,,,,,,,,,,,,,,,,,,,,,,,,,,,,,,,,,,,,,,,,,,
,90,,,,,,90,1.351416826248169,1.351416826248169,-0.00014553585788235068,0.01536849606782198,1.351416826248169,,,,,,,,,,,,,,,,,,,,,,,,,,,,,,,,,,,,,,,,,,,,,,,,,,,,,,,,,,,,,,,,,,,,,,,,
0.0009190000000000001,91,,,,,,,,,,,,,,,,,,,,,,,,,,,,,,,,,,,,,,,,,,,,,,,,,,,,,,,,,,,,,,,,,,,,,,,,,,,,,,,,,,,
,91,1.2331663370132446,1.2331663370132446,-0.0001457598409615457,0.006239680107682943,1.2331663370132446,91,,,,,,,,,,,,,,,,,,,,,,,,,,,,,,,,,,,,,,,,,,,,,,,,,,,,,,,,,,,,,,,,,,,,,,,,,,,,,
,91,,,,,,91,1.2331663370132446,1.2331663370132446,-0.0001457598409615457,0.006239680107682943,1.2331663370132446,,,,,,,,,,,,,,,,,,,,,,,,,,,,,,,,,,,,,,,,,,,,,,,,,,,,,,,,,,,,,,,,,,,,,,,,
0.000928,92,,,,,,,,,,,,,,,,,,,,,,,,,,,,,,,,,,,,,,,,,,,,,,,,,,,,,,,,,,,,,,,,,,,,,,,,,,,,,,,,,,,
,92,1.903810739517212,1.903810739517212,-0.00014510263281408697,0.01705039292573929,1.903810739517212,92,,,,,,,,,,,,,,,,,,,,,,,,,,,,,,,,,,,,,,,,,,,,,,,,,,,,,,,,,,,,,,,,,,,,,,,,,,,,,
,92,,,,,,92,1.903810739517212,1.903810739517212,-0.00014510263281408697,0.01705039292573929,1.903810739517212,,,,,,,,,,,,,,,,,,,,,,,,,,,,,,,,,,,,,,,,,,,,,,,,,,,,,,,,,,,,,,,,,,,,,,,,
0.0009370000000000001,93,,,,,,,,,,,,,,,,,,,,,,,,,,,,,,,,,,,,,,,,,,,,,,,,,,,,,,,,,,,,,,,,,,,,,,,,,,,,,,,,,,,
,93,1.3783648014068604,1.3783648014068604,-0.00014362703950610012,0.009153934195637703,1.3783648014068604,93,,,,,,,,,,,,,,,,,,,,,,,,,,,,,,,,,,,,,,,,,,,,,,,,,,,,,,,,,,,,,,,,,,,,,,,,,,,,,
,93,,,,,,93,1.3783648014068604,1.3783648014068604,-0.00014362703950610012,0.009153934195637703,1.3783648014068604,,,,,,,,,,,,,,,,,,,,,,,,,,,,,,,,,,,,,,,,,,,,,,,,,,,,,,,,,,,,,,,,,,,,,,,,
0.0009460000000000001,94,,,,,,,,,,,,,,,,,,,,,,,,,,,,,,,,,,,,,,,,,,,,,,,,,,,,,,,,,,,,,,,,,,,,,,,,,,,,,,,,,,,
,94,1.3939933776855469,1.3939933776855469,-0.00014139073027763516,0.006678754463791847,1.3939933776855469,94,,,,,,,,,,,,,,,,,,,,,,,,,,,,,,,,,,,,,,,,,,,,,,,,,,,,,,,,,,,,,,,,,,,,,,,,,,,,,
,94,,,,,,94,1.3939933776855469,1.3939933776855469,-0.00014139073027763516,0.006678754463791847,1.3939933776855469,,,,,,,,,,,,,,,,,,,,,,,,,,,,,,,,,,,,,,,,,,,,,,,,,,,,,,,,,,,,,,,,,,,,,,,,
0.000955,95,,,,,,,,,,,,,,,,,,,,,,,,,,,,,,,,,,,,,,,,,,,,,,,,,,,,,,,,,,,,,,,,,,,,,,,,,,,,,,,,,,,
,95,1.2494072914123535,1.2494072914123535,-0.00013844648492522538,0.010227653197944164,1.2494072914123535,95,,,,,,,,,,,,,,,,,,,,,,,,,,,,,,,,,,,,,,,,,,,,,,,,,,,,,,,,,,,,,,,,,,,,,,,,,,,,,
,95,,,,,,95,1.2494072914123535,1.2494072914123535,-0.00013844648492522538,0.010227653197944164,1.2494072914123535,,,,,,,,,,,,,,,,,,,,,,,,,,,,,,,,,,,,,,,,,,,,,,,,,,,,,,,,,,,,,,,,,,,,,,,,
0.0009640000000000001,96,,,,,,,,,,,,,,,,,,,,,,,,,,,,,,,,,,,,,,,,,,,,,,,,,,,,,,,,,,,,,,,,,,,,,,,,,,,,,,,,,,,
,96,1.6553287506103516,1.6553287506103516,-0.00013484271767083555,0.034131791442632675,1.6553287506103516,96,,,,,,,,,,,,,,,,,,,,,,,,,,,,,,,,,,,,,,,,,,,,,,,,,,,,,,,,,,,,,,,,,,,,,,,,,,,,,
,96,,,,,,96,1.6553287506103516,1.6553287506103516,-0.00013484271767083555,0.034131791442632675,1.6553287506103516,,,,,,,,,,,,,,,,,,,,,,,,,,,,,,,,,,,,,,,,,,,,,,,,,,,,,,,,,,,,,,,,,,,,,,,,
0.000973,97,,,,,,,,,,,,,,,,,,,,,,,,,,,,,,,,,,,,,,,,,,,,,,,,,,,,,,,,,,,,,,,,,,,,,,,,,,,,,,,,,,,
,97,1.1620997190475464,1.1620997190475464,-0.0001306237099925056,0.009937986731529236,1.1620997190475464,97,,,,,,,,,,,,,,,,,,,,,,,,,,,,,,,,,,,,,,,,,,,,,,,,,,,,,,,,,,,,,,,,,,,,,,,,,,,,,
,97,,,,,,97,1.1620997190475464,1.1620997190475464,-0.0001306237099925056,0.009937986731529236,1.1620997190475464,,,,,,,,,,,,,,,,,,,,,,,,,,,,,,,,,,,,,,,,,,,,,,,,,,,,,,,,,,,,,,,,,,,,,,,,
0.000982,98,,,,,,,,,,,,,,,,,,,,,,,,,,,,,,,,,,,,,,,,,,,,,,,,,,,,,,,,,,,,,,,,,,,,,,,,,,,,,,,,,,,
,98,1.2233209609985352,1.2233209609985352,-0.0001258300617337227,0.005311391316354275,1.2233209609985352,98,,,,,,,,,,,,,,,,,,,,,,,,,,,,,,,,,,,,,,,,,,,,,,,,,,,,,,,,,,,,,,,,,,,,,,,,,,,,,
,98,,,,,,98,1.2233209609985352,1.2233209609985352,-0.0001258300617337227,0.005311391316354275,1.2233209609985352,,,,,,,,,,,,,,,,,,,,,,,,,,,,,,,,,,,,,,,,,,,,,,,,,,,,,,,,,,,,,,,,,,,,,,,,
0.0009910000000000001,99,,,,,,,,,,,,,,,,,,,,,,,,,,,,,,,,,,,,,,,,,,,,,,,,,,,,,,,,,,,,,,,,,,,,,,,,,,,,,,,,,,,
,99,1.2916179895401,1.2916179895401,-0.00012049891665810719,0.005478227976709604,1.2916179895401,99,,,,,,,,,,,,,,,,,,,,,,,,,,,,,,,,,,,,,,,,,,,,,,,,,,,,,,,,,,,,,,,,,,,,,,,,,,,,,
,99,,,,,,99,,,,,,1.4454354047775269,1.4446519613265991,-0.00011466423165984452,0.009716153144836426,1.4446519613265991,0.7488225698471069,0.7488225698471069,-0.00011466423165984452,0.0031785299070179462,0.7488225698471069,-0.05620400607585907,0.17374597489833832,0.27770331501960754,0.1630103886127472,0.08263161033391953,0.04237502068281174,0.028689069673419,0.018532687798142433,0.001985252369195223,0.05620400607585907,0.7354654669761658,0.2881227433681488,0.15037593245506287,0.11777535080909729,0.09882139414548874,0.058091260492801666,0.2414420247077942,0.17316332459449768,0.10382961481809616,0.05571400001645088,0.03654203936457634,0.02230178937315941,0.002051281975582242,0.06560034304857254,37.54583740234375,16.027347564697266,15.162718772888184,21.62082862854004,40.86688995361328,1669.2445068359375,300.0780334472656,-0.058766551315784454,0.17198394238948822,0.26969683170318604,0.1612819880247116,0.08986513316631317,0.048163726925849915,0.032247092574834824,0.019290056079626083,0.0017513134516775608,0.058766551315784454,0.7044941186904907,0.3016669750213623,0.1680988222360611,0.1292257308959961,0.09927470237016678,0.04979250952601433,0.24209214746952057,0.17298457026481628,0.11347037553787231,0.06323657929897308,0.04119947925209999,0.02338244765996933,0.0018118676962330937,0.0693475529551506,34.52145767211914,14.710911750793457,14.707592964172363,20.47687339782715,37.51858139038086,1571.89697265625,282.3053894042969
,99,,,,,,99,1.2916179895401,1.2916179895401,-0.00012049891665810719,0.005478227976709604,1.2916179895401,,,,,,,,,,,,,,,,,,,,,,,,,,,,,,,,,,,,,,,,,,,,,,,,,,,,,,,,,,,,,,,,,,,,,,,,
0.001,100,,,,,,,,,,,,,,,,,,,,,,,,,,,,,,,,,,,,,,,,,,,,,,,,,,,,,,,,,,,,,,,,,,,,,,,,,,,,,,,,,,,
,100,1.3310832977294922,1.3310832977294922,-0.00011466423165984452,0.005657499190419912,1.3310832977294922,100,,,,,,,,,,,,,,,,,,,,,,,,,,,,,,,,,,,,,,,,,,,,,,,,,,,,,,,,,,,,,,,,,,,,,,,,,,,,,
,100,,,,,,100,1.3310832977294922,1.3310832977294922,-0.00011466423165984452,0.005657499190419912,1.3310832977294922,,,,,,,,,,,,,,,,,,,,,,,,,,,,,,,,,,,,,,,,,,,,,,,,,,,,,,,,,,,,,,,,,,,,,,,,
0.0009999969568750663,101,,,,,,,,,,,,,,,,,,,,,,,,,,,,,,,,,,,,,,,,,,,,,,,,,,,,,,,,,,,,,,,,,,,,,,,,,,,,,,,,,,,
,101,2.0192198753356934,2.0192198753356934,-0.00010835710418177769,0.012825141660869122,2.0192198753356934,101,,,,,,,,,,,,,,,,,,,,,,,,,,,,,,,,,,,,,,,,,,,,,,,,,,,,,,,,,,,,,,,,,,,,,,,,,,,,,
,101,,,,,,101,2.0192198753356934,2.0192198753356934,-0.00010835710418177769,0.012825141660869122,2.0192198753356934,,,,,,,,,,,,,,,,,,,,,,,,,,,,,,,,,,,,,,,,,,,,,,,,,,,,,,,,,,,,,,,,,,,,,,,,
0.0009999878275373448,102,,,,,,,,,,,,,,,,,,,,,,,,,,,,,,,,,,,,,,,,,,,,,,,,,,,,,,,,,,,,,,,,,,,,,,,,,,,,,,,,,,,
,102,1.0552217960357666,1.0552217960357666,-0.00010166621359530836,0.008778455667197704,1.0552217960357666,102,,,,,,,,,,,,,,,,,,,,,,,,,,,,,,,,,,,,,,,,,,,,,,,,,,,,,,,,,,,,,,,,,,,,,,,,,,,,,
,102,,,,,,102,1.0552217960357666,1.0552217960357666,-0.00010166621359530836,0.008778455667197704,1.0552217960357666,,,,,,,,,,,,,,,,,,,,,,,,,,,,,,,,,,,,,,,,,,,,,,,,,,,,,,,,,,,,,,,,,,,,,,,,
0.0009999726120980736,103,,,,,,,,,,,,,,,,,,,,,,,,,,,,,,,,,,,,,,,,,,,,,,,,,,,,,,,,,,,,,,,,,,,,,,,,,,,,,,,,,,,
,103,2.407318592071533,2.4168455600738525,-9.462393791181967e-05,0.01249275915324688,2.4168455600738525,103,,,,,,,,,,,,,,,,,,,,,,,,,,,,,,,,,,,,,,,,,,,,,,,,,,,,,,,,,,,,,,,,,,,,,,,,,,,,,
,103,,,,,,103,2.407318592071533,2.4168455600738525,-9.462393791181967e-05,0.01249275915324688,2.4168455600738525,,,,,,,,,,,,,,,,,,,,,,,,,,,,,,,,,,,,,,,,,,,,,,,,,,,,,,,,,,,,,,,,,,,,,,,,
0.0009999513107426478,104,,,,,,,,,,,,,,,,,,,,,,,,,,,,,,,,,,,,,,,,,,,,,,,,,,,,,,,,,,,,,,,,,,,,,,,,,,,,,,,,,,,
,104,1.5024194717407227,1.5041693449020386,-8.746642561163753e-05,0.006492237094789743,1.5041693449020386,104,,,,,,,,,,,,,,,,,,,,,,,,,,,,,,,,,,,,,,,,,,,,,,,,,,,,,,,,,,,,,,,,,,,,,,,,,,,,,
,104,,,,,,104,1.5024194717407227,1.5041693449020386,-8.746642561163753e-05,0.006492237094789743,1.5041693449020386,,,,,,,,,,,,,,,,,,,,,,,,,,,,,,,,,,,,,,,,,,,,,,,,,,,,,,,,,,,,,,,,,,,,,,,,
0.0009999239237306178,105,,,,,,,,,,,,,,,,,,,,,,,,,,,,,,,,,,,,,,,,,,,,,,,,,,,,,,,,,,,,,,,,,,,,,,,,,,,,,,,,,,,
,105,4.844634532928467,4.844634532928467,-8.046271250350401e-05,0.022077681496739388,4.844634532928467,105,,,,,,,,,,,,,,,,,,,,,,,,,,,,,,,,,,,,,,,,,,,,,,,,,,,,,,,,,,,,,,,,,,,,,,,,,,,,,
,105,,,,,,105,4.844634532928467,4.844634532928467,-8.046271250350401e-05,0.022077681496739388,4.844634532928467,,,,,,,,,,,,,,,,,,,,,,,,,,,,,,,,,,,,,,,,,,,,,,,,,,,,,,,,,,,,,,,,,,,,,,,,
0.0009998904513956856,106,,,,,,,,,,,,,,,,,,,,,,,,,,,,,,,,,,,,,,,,,,,,,,,,,,,,,,,,,,,,,,,,,,,,,,,,,,,,,,,,,,,
,106,2.0995144844055176,2.0995144844055176,-7.312493107747287e-05,0.039790235459804535,2.0995144844055176,106,,,,,,,,,,,,,,,,,,,,,,,,,,,,,,,,,,,,,,,,,,,,,,,,,,,,,,,,,,,,,,,,,,,,,,,,,,,,,
,106,,,,,,106,2.0995144844055176,2.0995144844055176,-7.312493107747287e-05,0.039790235459804535,2.0995144844055176,,,,,,,,,,,,,,,,,,,,,,,,,,,,,,,,,,,,,,,,,,,,,,,,,,,,,,,,,,,,,,,,,,,,,,,,
0.0009998508941457013,107,,,,,,,,,,,,,,,,,,,,,,,,,,,,,,,,,,,,,,,,,,,,,,,,,,,,,,,,,,,,,,,,,,,,,,,,,,,,,,,,,,,
,107,1.3322539329528809,1.3322539329528809,-6.548091914737597e-05,0.007489691022783518,1.3322539329528809,107,,,,,,,,,,,,,,,,,,,,,,,,,,,,,,,,,,,,,,,,,,,,,,,,,,,,,,,,,,,,,,,,,,,,,,,,,,,,,
,107,,,,,,107,1.3322539329528809,1.3322539329528809,-6.548091914737597e-05,0.007489691022783518,1.3322539329528809,,,,,,,,,,,,,,,,,,,,,,,,,,,,,,,,,,,,,,,,,,,,,,,,,,,,,,,,,,,,,,,,,,,,,,,,
0.0009998052524626572,108,,,,,,,,,,,,,,,,,,,,,,,,,,,,,,,,,,,,,,,,,,,,,,,,,,,,,,,,,,,,,,,,,,,,,,,,,,,,,,,,,,,
,108,3.4010181427001953,3.4010181427001953,-5.755587335443124e-05,0.026844080537557602,3.4010181427001953,108,,,,,,,,,,,,,,,,,,,,,,,,,,,,,,,,,,,,,,,,,,,,,,,,,,,,,,,,,,,,,,,,,,,,,,,,,,,,,
,108,,,,,,108,3.4010181427001953,3.4010181427001953,-5.755587335443124e-05,0.026844080537557602,3.4010181427001953,,,,,,,,,,,,,,,,,,,,,,,,,,,,,,,,,,,,,,,,,,,,,,,,,,,,,,,,,,,,,,,,,,,,,,,,
0.000999753526902683,109,,,,,,,,,,,,,,,,,,,,,,,,,,,,,,,,,,,,,,,,,,,,,,,,,,,,,,,,,,,,,,,,,,,,,,,,,,,,,,,,,,,
,109,2.4890458583831787,2.4890458583831787,-4.9372651119483635e-05,0.021595677360892296,2.4890458583831787,109,,,,,,,,,,,,,,,,,,,,,,,,,,,,,,,,,,,,,,,,,,,,,,,,,,,,,,,,,,,,,,,,,,,,,,,,,,,,,
,109,,,,,,109,2.4890458583831787,2.4890458583831787,-4.9372651119483635e-05,0.021595677360892296,2.4890458583831787,,,,,,,,,,,,,,,,,,,,,,,,,,,,,,,,,,,,,,,,,,,,,,,,,,,,,,,,,,,,,,,,,,,,,,,,
0.0009996957180960385,110,,,,,,,,,,,,,,,,,,,,,,,,,,,,,,,,,,,,,,,,,,,,,,,,,,,,,,,,,,,,,,,,,,,,,,,,,,,,,,,,,,,
,110,3.0371367931365967,3.0371367931365967,-4.0951963455881923e-05,0.017590072005987167,3.0371367931365967,110,,,,,,,,,,,,,,,,,,,,,,,,,,,,,,,,,,,,,,,,,,,,,,,,,,,,,,,,,,,,,,,,,,,,,,,,,,,,,
,110,,,,,,110,3.0371367931365967,3.0371367931365967,-4.0951963455881923e-05,0.017590072005987167,3.0371367931365967,,,,,,,,,,,,,,,,,,,,,,,,,,,,,,,,,,,,,,,,,,,,,,,,,,,,,,,,,,,,,,,,,,,,,,,,
0.0009996318267471052,111,,,,,,,,,,,,,,,,,,,,,,,,,,,,,,,,,,,,,,,,,,,,,,,,,,,,,,,,,,,,,,,,,,,,,,,,,,,,,,,,,,,
,111,1.5523531436920166,1.5523531436920166,-3.23125823342707e-05,0.00672579649835825,1.5523531436920166,111,,,,,,,,,,,,,,,,,,,,,,,,,,,,,,,,,,,,,,,,,,,,,,,,,,,,,,,,,,,,,,,,,,,,,,,,,,,,,
,111,,,,,,111,1.5523531436920166,1.5523531436920166,-3.23125823342707e-05,0.00672579649835825,1.5523531436920166,,,,,,,,,,,,,,,,,,,,,,,,,,,,,,,,,,,,,,,,,,,,,,,,,,,,,,,,,,,,,,,,,,,,,,,,
0.0009995618536343797,112,,,,,,,,,,,,,,,,,,,,,,,,,,,,,,,,,,,,,,,,,,,,,,,,,,,,,,,,,,,,,,,,,,,,,,,,,,,,,,,,,,,
,112,15.779398918151855,15.839344024658203,-2.347154622839298e-05,0.07397646456956863,15.839344024658203,112,,,,,,,,,,,,,,,,,,,,,,,,,,,,,,,,,,,,,,,,,,,,,,,,,,,,,,,,,,,,,,,,,,,,,,,,,,,,,
,112,,,,,,112,15.779398918151855,15.839344024658203,-2.347154622839298e-05,0.07397646456956863,15.839344024658203,,,,,,,,,,,,,,,,,,,,,,,,,,,,,,,,,,,,,,,,,,,,,,,,,,,,,,,,,,,,,,,,,,,,,,,,
0.0009994857996104619,113,,,,,,,,,,,,,,,,,,,,,,,,,,,,,,,,,,,,,,,,,,,,,,,,,,,,,,,,,,,,,,,,,,,,,,,,,,,,,,,,,,,
,113,1.5567611455917358,1.5567611455917358,-1.4541965356329456e-05,0.008938869461417198,1.5567611455917358,113,,,,,,,,,,,,,,,,,,,,,,,,,,,,,,,,,,,,,,,,,,,,,,,,,,,,,,,,,,,,,,,,,,,,,,,,,,,,,
,113,,,,,,113,1.5567611455917358,1.5567611455917358,-1.4541965356329456e-05,0.008938869461417198,1.5567611455917358,,,,,,,,,,,,,,,,,,,,,,,,,,,,,,,,,,,,,,,,,,,,,,,,,,,,,,,,,,,,,,,,,,,,,,,,
0.0009994036656020462,114,,,,,,,,,,,,,,,,,,,,,,,,,,,,,,,,,,,,,,,,,,,,,,,,,,,,,,,,,,,,,,,,,,,,,,,,,,,,,,,,,,,
,114,1.4595922231674194,1.4595922231674194,-5.4308011385728605e-06,0.011543916538357735,1.4595922231674194,114,,,,,,,,,,,,,,,,,,,,,,,,,,,,,,,,,,,,,,,,,,,,,,,,,,,,,,,,,,,,,,,,,,,,,,,,,,,,,
,114,,,,,,114,1.4595922231674194,1.4595922231674194,-5.4308011385728605e-06,0.011543916538357735,1.4595922231674194,,,,,,,,,,,,,,,,,,,,,,,,,,,,,,,,,,,,,,,,,,,,,,,,,,,,,,,,,,,,,,,,,,,,,,,,
0.0009993154526099094,115,,,,,,,,,,,,,,,,,,,,,,,,,,,,,,,,,,,,,,,,,,,,,,,,,,,,,,,,,,,,,,,,,,,,,,,,,,,,,,,,,,,
,115,2.2273919582366943,2.2273919582366943,3.848383585136617e-06,0.01963690295815468,2.2273919582366943,115,,,,,,,,,,,,,,,,,,,,,,,,,,,,,,,,,,,,,,,,,,,,,,,,,,,,,,,,,,,,,,,,,,,,,,,,,,,,,
,115,,,,,,115,2.2273919582366943,2.2273919582366943,3.848383585136617e-06,0.01963690295815468,2.2273919582366943,,,,,,,,,,,,,,,,,,,,,,,,,,,,,,,,,,,,,,,,,,,,,,,,,,,,,,,,,,,,,,,,,,,,,,,,
0.0009992211617088993,116,,,,,,,,,,,,,,,,,,,,,,,,,,,,,,,,,,,,,,,,,,,,,,,,,,,,,,,,,,,,,,,,,,,,,,,,,,,,,,,,,,,
,116,2.383850574493408,2.383850574493408,1.3283255611895584e-05,0.014611760154366493,2.383850574493408,116,,,,,,,,,,,,,,,,,,,,,,,,,,,,,,,,,,,,,,,,,,,,,,,,,,,,,,,,,,,,,,,,,,,,,,,,,,,,,
,116,,,,,,116,2.383850574493408,2.383850574493408,1.3283255611895584e-05,0.014611760154366493,2.383850574493408,,,,,,,,,,,,,,,,,,,,,,,,,,,,,,,,,,,,,,,,,,,,,,,,,,,,,,,,,,,,,,,,,,,,,,,,
0.0009991207940479206,117,,,,,,,,,,,,,,,,,,,,,,,,,,,,,,,,,,,,,,,,,,,,,,,,,,,,,,,,,,,,,,,,,,,,,,,,,,,,,,,,,,,
,117,2.071033000946045,2.071033000946045,2.286265225848183e-05,0.016313396394252777,2.071033000946045,117,,,,,,,,,,,,,,,,,,,,,,,,,,,,,,,,,,,,,,,,,,,,,,,,,,,,,,,,,,,,,,,,,,,,,,,,,,,,,
,117,,,,,,117,2.071033000946045,2.071033000946045,2.286265225848183e-05,0.016313396394252777,2.071033000946045,,,,,,,,,,,,,,,,,,,,,,,,,,,,,,,,,,,,,,,,,,,,,,,,,,,,,,,,,,,,,,,,,,,,,,,,
0.0009990143508499213,118,,,,,,,,,,,,,,,,,,,,,,,,,,,,,,,,,,,,,,,,,,,,,,,,,,,,,,,,,,,,,,,,,,,,,,,,,,,,,,,,,,,
,118,1.9044532775878906,1.9044532775878906,3.257640128140338e-05,0.008171243593096733,1.9044532775878906,118,,,,,,,,,,,,,,,,,,,,,,,,,,,,,,,,,,,,,,,,,,,,,,,,,,,,,,,,,,,,,,,,,,,,,,,,,,,,,
,118,,,,,,118,1.9044532775878906,1.9044532775878906,3.257640128140338e-05,0.008171243593096733,1.9044532775878906,,,,,,,,,,,,,,,,,,,,,,,,,,,,,,,,,,,,,,,,,,,,,,,,,,,,,,,,,,,,,,,,,,,,,,,,
0.0009989018334118787,119,,,,,,,,,,,,,,,,,,,,,,,,,,,,,,,,,,,,,,,,,,,,,,,,,,,,,,,,,,,,,,,,,,,,,,,,,,,,,,,,,,,
,119,1.8672542572021484,1.8672542572021484,4.241536225890741e-05,0.009329036809504032,1.8672542572021484,119,,,,,,,,,,,,,,,,,,,,,,,,,,,,,,,,,,,,,,,,,,,,,,,,,,,,,,,,,,,,,,,,,,,,,,,,,,,,,
,119,,,,,,119,1.8672542572021484,1.8672542572021484,4.241536225890741e-05,0.009329036809504032,1.8672542572021484,,,,,,,,,,,,,,,,,,,,,,,,,,,,,,,,,,,,,,,,,,,,,,,,,,,,,,,,,,,,,,,,,,,,,,,,
0.000998783243104782,120,,,,,,,,,,,,,,,,,,,,,,,,,,,,,,,,,,,,,,,,,,,,,,,,,,,,,,,,,,,,,,,,,,,,,,,,,,,,,,,,,,,
,120,2.2258381843566895,2.2258381843566895,5.2371146011864766e-05,0.012877246364951134,2.2258381843566895,120,,,,,,,,,,,,,,,,,,,,,,,,,,,,,,,,,,,,,,,,,,,,,,,,,,,,,,,,,,,,,,,,,,,,,,,,,,,,,
,120,,,,,,120,2.2258381843566895,2.2258381843566895,5.2371146011864766e-05,0.012877246364951134,2.2258381843566895,,,,,,,,,,,,,,,,,,,,,,,,,,,,,,,,,,,,,,,,,,,,,,,,,,,,,,,,,,,,,,,,,,,,,,,,
0.0009986585813736167,121,,,,,,,,,,,,,,,,,,,,,,,,,,,,,,,,,,,,,,,,,,,,,,,,,,,,,,,,,,,,,,,,,,,,,,,,,,,,,,,,,,,
,121,1.768620252609253,1.768620252609253,6.24361855443567e-05,0.013320819474756718,1.768620252609253,121,,,,,,,,,,,,,,,,,,,,,,,,,,,,,,,,,,,,,,,,,,,,,,,,,,,,,,,,,,,,,,,,,,,,,,,,,,,,,
,121,,,,,,121,1.768620252609253,1.768620252609253,6.24361855443567e-05,0.013320819474756718,1.768620252609253,,,,,,,,,,,,,,,,,,,,,,,,,,,,,,,,,,,,,,,,,,,,,,,,,,,,,,,,,,,,,,,,,,,,,,,,
0.0009985278497373466,122,,,,,,,,,,,,,,,,,,,,,,,,,,,,,,,,,,,,,,,,,,,,,,,,,,,,,,,,,,,,,,,,,,,,,,,,,,,,,,,,,,,
,122,1.4412899017333984,1.4412899017333984,7.260363054228947e-05,0.010195191018283367,1.4412899017333984,122,,,,,,,,,,,,,,,,,,,,,,,,,,,,,,,,,,,,,,,,,,,,,,,,,,,,,,,,,,,,,,,,,,,,,,,,,,,,,
,122,,,,,,122,1.4412899017333984,1.4412899017333984,7.260363054228947e-05,0.010195191018283367,1.4412899017333984,,,,,,,,,,,,,,,,,,,,,,,,,,,,,,,,,,,,,,,,,,,,,,,,,,,,,,,,,,,,,,,,,,,,,,,,
0.0009983910497888954,123,,,,,,,,,,,,,,,,,,,,,,,,,,,,,,,,,,,,,,,,,,,,,,,,,,,,,,,,,,,,,,,,,,,,,,,,,,,,,,,,,,,
,123,4.7290263175964355,4.7290263175964355,8.286719094030559e-05,0.02307269163429737,4.7290263175964355,123,,,,,,,,,,,,,,,,,,,,,,,,,,,,,,,,,,,,,,,,,,,,,,,,,,,,,,,,,,,,,,,,,,,,,,,,,,,,,
,123,,,,,,123,4.7290263175964355,4.7290263175964355,8.286719094030559e-05,0.02307269163429737,4.7290263175964355,,,,,,,,,,,,,,,,,,,,,,,,,,,,,,,,,,,,,,,,,,,,,,,,,,,,,,,,,,,,,,,,,,,,,,,,
0.0009982481831951272,124,,,,,,,,,,,,,,,,,,,,,,,,,,,,,,,,,,,,,,,,,,,,,,,,,,,,,,,,,,,,,,,,,,,,,,,,,,,,,,,,,,,
,124,1.559383749961853,1.559383749961853,9.32212351472117e-05,0.0066825589165091515,1.559383749961853,124,,,,,,,,,,,,,,,,,,,,,,,,,,,,,,,,,,,,,,,,,,,,,,,,,,,,,,,,,,,,,,,,,,,,,,,,,,,,,
,124,,,,,,124,1.559383749961853,1.559383749961853,9.32212351472117e-05,0.0066825589165091515,1.559383749961853,,,,,,,,,,,,,,,,,,,,,,,,,,,,,,,,,,,,,,,,,,,,,,,,,,,,,,,,,,,,,,,,,,,,,,,,
0.0009980992516968267,125,,,,,,,,,,,,,,,,,,,,,,,,,,,,,,,,,,,,,,,,,,,,,,,,,,,,,,,,,,,,,,,,,,,,,,,,,,,,,,,,,,,
,125,2.0033864974975586,2.0033864974975586,0.00010366056812927127,0.010671538300812244,2.0033864974975586,125,,,,,,,,,,,,,,,,,,,,,,,,,,,,,,,,,,,,,,,,,,,,,,,,,,,,,,,,,,,,,,,,,,,,,,,,,,,,,
,125,,,,,,125,2.0033864974975586,2.0033864974975586,0.00010366056812927127,0.010671538300812244,2.0033864974975586,,,,,,,,,,,,,,,,,,,,,,,,,,,,,,,,,,,,,,,,,,,,,,,,,,,,,,,,,,,,,,,,,,,,,,,,
0.000997944257108677,126,,,,,,,,,,,,,,,,,,,,,,,,,,,,,,,,,,,,,,,,,,,,,,,,,,,,,,,,,,,,,,,,,,,,,,,,,,,,,,,,,,,
,126,1.549564242362976,1.5517486333847046,0.00011418051144573838,0.00878213532269001,1.5517486333847046,126,,,,,,,,,,,,,,,,,,,,,,,,,,,,,,,,,,,,,,,,,,,,,,,,,,,,,,,,,,,,,,,,,,,,,,,,,,,,,
,126,,,,,,126,1.549564242362976,1.5517486333847046,0.00011418051144573838,0.00878213532269001,1.5517486333847046,,,,,,,,,,,,,,,,,,,,,,,,,,,,,,,,,,,,,,,,,,,,,,,,,,,,,,,,,,,,,,,,,,,,,,,,
0.0009977832013192383,127,,,,,,,,,,,,,,,,,,,,,,,,,,,,,,,,,,,,,,,,,,,,,,,,,,,,,,,,,,,,,,,,,,,,,,,,,,,,,,,,,,,
,127,1.1842100620269775,1.1825519800186157,0.00012390708434395492,0.005991966929286718,1.1825519800186157,127,,,,,,,,,,,,,,,,,,,,,,,,,,,,,,,,,,,,,,,,,,,,,,,,,,,,,,,,,,,,,,,,,,,,,,,,,,,,,
,127,,,,,,127,1.1842100620269775,1.1825519800186157,0.00012390708434395492,0.005991966929286718,1.1825519800186157,,,,,,,,,,,,,,,,,,,,,,,,,,,,,,,,,,,,,,,,,,,,,,,,,,,,,,,,,,,,,,,,,,,,,,,,
0.0009976160862909245,128,,,,,,,,,,,,,,,,,,,,,,,,,,,,,,,,,,,,,,,,,,,,,,,,,,,,,,,,,,,,,,,,,,,,,,,,,,,,,,,,,,,
,128,1.6909679174423218,1.689883828163147,0.00013355838018469512,0.01429113931953907,1.689883828163147,128,,,,,,,,,,,,,,,,,,,,,,,,,,,,,,,,,,,,,,,,,,,,,,,,,,,,,,,,,,,,,,,,,,,,,,,,,,,,,
,128,,,,,,128,1.6909679174423218,1.689883828163147,0.00013355838018469512,0.01429113931953907,1.689883828163147,,,,,,,,,,,,,,,,,,,,,,,,,,,,,,,,,,,,,,,,,,,,,,,,,,,,,,,,,,,,,,,,,,,,,,,,
0.0009974429140599795,129,,,,,,,,,,,,,,,,,,,,,,,,,,,,,,,,,,,,,,,,,,,,,,,,,,,,,,,,,,,,,,,,,,,,,,,,,,,,,,,,,,,
,129,1.3219245672225952,1.3219245672225952,0.00014337462198454887,0.006792806088924408,1.3219245672225952,129,,,,,,,,,,,,,,,,,,,,,,,,,,,,,,,,,,,,,,,,,,,,,,,,,,,,,,,,,,,,,,,,,,,,,,,,,,,,,
,129,,,,,,129,1.3219245672225952,1.3219245672225952,0.00014337462198454887,0.006792806088924408,1.3219245672225952,,,,,,,,,,,,,,,,,,,,,,,,,,,,,,,,,,,,,,,,,,,,,,,,,,,,,,,,,,,,,,,,,,,,,,,,
0.0009972636867364522,130,,,,,,,,,,,,,,,,,,,,,,,,,,,,,,,,,,,,,,,,,,,,,,,,,,,,,,,,,,,,,,,,,,,,,,,,,,,,,,,,,,,
,130,1.3612220287322998,1.3612220287322998,0.00015334546333178878,0.006456378381699324,1.3612220287322998,130,,,,,,,,,,,,,,,,,,,,,,,,,,,,,,,,,,,,,,,,,,,,,,,,,,,,,,,,,,,,,,,,,,,,,,,,,,,,,
,130,,,,,,130,1.3612220287322998,1.3612220287322998,0.00015334546333178878,0.006456378381699324,1.3612220287322998,,,,,,,,,,,,,,,,,,,,,,,,,,,,,,,,,,,,,,,,,,,,,,,,,,,,,,,,,,,,,,,,,,,,,,,,
0.0009970784065041712,131,,,,,,,,,,,,,,,,,,,,,,,,,,,,,,,,,,,,,,,,,,,,,,,,,,,,,,,,,,,,,,,,,,,,,,,,,,,,,,,,,,,
,131,2.211094617843628,2.211094617843628,0.00016345939366146922,0.046645645052194595,2.211094617843628,131,,,,,,,,,,,,,,,,,,,,,,,,,,,,,,,,,,,,,,,,,,,,,,,,,,,,,,,,,,,,,,,,,,,,,,,,,,,,,
,131,,,,,,131,2.211094617843628,2.211094617843628,0.00016345939366146922,0.046645645052194595,2.211094617843628,,,,,,,,,,,,,,,,,,,,,,,,,,,,,,,,,,,,,,,,,,,,,,,,,,,,,,,,,,,,,,,,,,,,,,,,
0.0009968870756207177,132,,,,,,,,,,,,,,,,,,,,,,,,,,,,,,,,,,,,,,,,,,,,,,,,,,,,,,,,,,,,,,,,,,,,,,,,,,,,,,,,,,,
,132,1.9095730781555176,1.901527762413025,0.0001737060083542019,0.016834981739521027,1.901527762413025,132,,,,,,,,,,,,,,,,,,,,,,,,,,,,,,,,,,,,,,,,,,,,,,,,,,,,,,,,,,,,,,,,,,,,,,,,,,,,,
,132,,,,,,132,1.9095730781555176,1.901527762413025,0.0001737060083542019,0.016834981739521027,1.901527762413025,,,,,,,,,,,,,,,,,,,,,,,,,,,,,,,,,,,,,,,,,,,,,,,,,,,,,,,,,,,,,,,,,,,,,,,,
0.0009966896964173977,133,,,,,,,,,,,,,,,,,,,,,,,,,,,,,,,,,,,,,,,,,,,,,,,,,,,,,,,,,,,,,,,,,,,,,,,,,,,,,,,,,,,
,133,1.3825091123580933,1.3825091123580933,0.0001837202871683985,0.009073332883417606,1.3825091123580933,133,,,,,,,,,,,,,,,,,,,,,,,,,,,,,,,,,,,,,,,,,,,,,,,,,,,,,,,,,,,,,,,,,,,,,,,,,,,,,
,133,,,,,,133,1.3825091123580933,1.3825091123580933,0.0001837202871683985,0.009073332883417606,1.3825091123580933,,,,,,,,,,,,,,,,,,,,,,,,,,,,,,,,,,,,,,,,,,,,,,,,,,,,,,,,,,,,,,,,,,,,,,,,
0.000996486271299215,134,,,,,,,,,,,,,,,,,,,,,,,,,,,,,,,,,,,,,,,,,,,,,,,,,,,,,,,,,,,,,,,,,,,,,,,,,,,,,,,,,,,
,134,1.2253997325897217,1.2253997325897217,0.00019388360669836402,0.008304929360747337,1.2253997325897217,134,,,,,,,,,,,,,,,,,,,,,,,,,,,,,,,,,,,,,,,,,,,,,,,,,,,,,,,,,,,,,,,,,,,,,,,,,,,,,
,134,,,,,,134,1.2253997325897217,1.2253997325897217,0.00019388360669836402,0.008304929360747337,1.2253997325897217,,,,,,,,,,,,,,,,,,,,,,,,,,,,,,,,,,,,,,,,,,,,,,,,,,,,,,,,,,,,,,,,,,,,,,,,
0.0009962768027448402,135,,,,,,,,,,,,,,,,,,,,,,,,,,,,,,,,,,,,,,,,,,,,,,,,,,,,,,,,,,,,,,,,,,,,,,,,,,,,,,,,,,,
,135,1.2122840881347656,1.2122840881347656,0.0002041849511442706,0.0072479331865906715,1.2122840881347656,135,,,,,,,,,,,,,,,,,,,,,,,,,,,,,,,,,,,,,,,,,,,,,,,,,,,,,,,,,,,,,,,,,,,,,,,,,,,,,
,135,,,,,,135,1.2122840881347656,1.2122840881347656,0.0002041849511442706,0.0072479331865906715,1.2122840881347656,,,,,,,,,,,,,,,,,,,,,,,,,,,,,,,,,,,,,,,,,,,,,,,,,,,,,,,,,,,,,,,,,,,,,,,,
0.0009960612933065816,136,,,,,,,,,,,,,,,,,,,,,,,,,,,,,,,,,,,,,,,,,,,,,,,,,,,,,,,,,,,,,,,,,,,,,,,,,,,,,,,,,,,
,136,2.721993923187256,2.705080270767212,0.00021461422147694975,0.0157648716121912,2.705080270767212,136,,,,,,,,,,,,,,,,,,,,,,,,,,,,,,,,,,,,,,,,,,,,,,,,,,,,,,,,,,,,,,,,,,,,,,,,,,,,,
,136,,,,,,136,2.721993923187256,2.705080270767212,0.00021461422147694975,0.0157648716121912,2.705080270767212,,,,,,,,,,,,,,,,,,,,,,,,,,,,,,,,,,,,,,,,,,,,,,,,,,,,,,,,,,,,,,,,,,,,,,,,
0.0009958397456103535,137,,,,,,,,,,,,,,,,,,,,,,,,,,,,,,,,,,,,,,,,,,,,,,,,,,,,,,,,,,,,,,,,,,,,,,,,,,,,,,,,,,,
,137,1.738112211227417,1.738112211227417,0.0002247289230581373,0.30494385957717896,1.738112211227417,137,,,,,,,,,,,,,,,,,,,,,,,,,,,,,,,,,,,,,,,,,,,,,,,,,,,,,,,,,,,,,,,,,,,,,,,,,,,,,
,137,,,,,,137,1.738112211227417,1.738112211227417,0.0002247289230581373,0.30494385957717896,1.738112211227417,,,,,,,,,,,,,,,,,,,,,,,,,,,,,,,,,,,,,,,,,,,,,,,,,,,,,,,,,,,,,,,,,,,,,,,,
0.000995612162355645,138,,,,,,,,,,,,,,,,,,,,,,,,,,,,,,,,,,,,,,,,,,,,,,,,,,,,,,,,,,,,,,,,,,,,,,,,,,,,,,,,,,,
,138,1.4086928367614746,1.4086928367614746,0.00023499615781474859,0.010143827646970749,1.4086928367614746,138,,,,,,,,,,,,,,,,,,,,,,,,,,,,,,,,,,,,,,,,,,,,,,,,,,,,,,,,,,,,,,,,,,,,,,,,,,,,,
,138,,,,,,138,1.4086928367614746,1.4086928367614746,0.00023499615781474859,0.010143827646970749,1.4086928367614746,,,,,,,,,,,,,,,,,,,,,,,,,,,,,,,,,,,,,,,,,,,,,,,,,,,,,,,,,,,,,,,,,,,,,,,,
0.000995378546315486,139,,,,,,,,,,,,,,,,,,,,,,,,,,,,,,,,,,,,,,,,,,,,,,,,,,,,,,,,,,,,,,,,,,,,,,,,,,,,,,,,,,,
,139,1.7863507270812988,1.7863507270812988,0.0002454044879414141,0.01152888685464859,1.7863507270812988,139,,,,,,,,,,,,,,,,,,,,,,,,,,,,,,,,,,,,,,,,,,,,,,,,,,,,,,,,,,,,,,,,,,,,,,,,,,,,,
,139,,,,,,139,1.7863507270812988,1.7863507270812988,0.0002454044879414141,0.01152888685464859,1.7863507270812988,,,,,,,,,,,,,,,,,,,,,,,,,,,,,,,,,,,,,,,,,,,,,,,,,,,,,,,,,,,,,,,,,,,,,,,,
0.0009951389003364144,140,,,,,,,,,,,,,,,,,,,,,,,,,,,,,,,,,,,,,,,,,,,,,,,,,,,,,,,,,,,,,,,,,,,,,,,,,,,,,,,,,,,
,140,1.0949430465698242,1.0949430465698242,0.0002559434506110847,0.005451612174510956,1.0949430465698242,140,,,,,,,,,,,,,,,,,,,,,,,,,,,,,,,,,,,,,,,,,,,,,,,,,,,,,,,,,,,,,,,,,,,,,,,,,,,,,
,140,,,,,,140,1.0949430465698242,1.0949430465698242,0.0002559434506110847,0.005451612174510956,1.0949430465698242,,,,,,,,,,,,,,,,,,,,,,,,,,,,,,,,,,,,,,,,,,,,,,,,,,,,,,,,,,,,,,,,,,,,,,,,
0.0009948932273384406,141,,,,,,,,,,,,,,,,,,,,,,,,,,,,,,,,,,,,,,,,,,,,,,,,,,,,,,,,,,,,,,,,,,,,,,,,,,,,,,,,,,,
,141,1.2753584384918213,1.2753584384918213,0.0002666036016307771,0.007363839540630579,1.2753584384918213,141,,,,,,,,,,,,,,,,,,,,,,,,,,,,,,,,,,,,,,,,,,,,,,,,,,,,,,,,,,,,,,,,,,,,,,,,,,,,,
,141,,,,,,141,1.2753584384918213,1.2753584384918213,0.0002666036016307771,0.007363839540630579,1.2753584384918213,,,,,,,,,,,,,,,,,,,,,,,,,,,,,,,,,,,,,,,,,,,,,,,,,,,,,,,,,,,,,,,,,,,,,,,,
0.0009946415303150127,142,,,,,,,,,,,,,,,,,,,,,,,,,,,,,,,,,,,,,,,,,,,,,,,,,,,,,,,,,,,,,,,,,,,,,,,,,,,,,,,,,,,
,142,1.1605708599090576,1.1605708599090576,0.00027737635537050664,0.005859730299562216,1.1605708599090576,142,,,,,,,,,,,,,,,,,,,,,,,,,,,,,,,,,,,,,,,,,,,,,,,,,,,,,,,,,,,,,,,,,,,,,,,,,,,,,
,142,,,,,,142,1.1605708599090576,1.1605708599090576,0.00027737635537050664,0.005859730299562216,1.1605708599090576,,,,,,,,,,,,,,,,,,,,,,,,,,,,,,,,,,,,,,,,,,,,,,,,,,,,,,,,,,,,,,,,,,,,,,,,
0.0009943838123329795,143,,,,,,,,,,,,,,,,,,,,,,,,,,,,,,,,,,,,,,,,,,,,,,,,,,,,,,,,,,,,,,,,,,,,,,,,,,,,,,,,,,,
,143,2.143134832382202,2.143134832382202,0.0002882539702113718,0.011670277453958988,2.143134832382202,143,,,,,,,,,,,,,,,,,,,,,,,,,,,,,,,,,,,,,,,,,,,,,,,,,,,,,,,,,,,,,,,,,,,,,,,,,,,,,
,143,,,,,,143,2.143134832382202,2.143134832382202,0.0002882539702113718,0.011670277453958988,2.143134832382202,,,,,,,,,,,,,,,,,,,,,,,,,,,,,,,,,,,,,,,,,,,,,,,,,,,,,,,,,,,,,,,,,,,,,,,,
0.0009941200765325531,144,,,,,,,,,,,,,,,,,,,,,,,,,,,,,,,,,,,,,,,,,,,,,,,,,,,,,,,,,,,,,,,,,,,,,,,,,,,,,,,,,,,
,144,1.028663158416748,1.028663158416748,0.0002992294612340629,0.007111252285540104,1.028663158416748,144,,,,,,,,,,,,,,,,,,,,,,,,,,,,,,,,,,,,,,,,,,,,,,,,,,,,,,,,,,,,,,,,,,,,,,,,,,,,,
,144,,,,,,144,1.028663158416748,1.028663158416748,0.0002992294612340629,0.007111252285540104,1.028663158416748,,,,,,,,,,,,,,,,,,,,,,,,,,,,,,,,,,,,,,,,,,,,,,,,,,,,,,,,,,,,,,,,,,,,,,,,
0.0009938503261272714,145,,,,,,,,,,,,,,,,,,,,,,,,,,,,,,,,,,,,,,,,,,,,,,,,,,,,,,,,,,,,,,,,,,,,,,,,,,,,,,,,,,,
,145,1.794826865196228,1.7895677089691162,0.00031029636738821864,0.00794735923409462,1.7895677089691162,145,,,,,,,,,,,,,,,,,,,,,,,,,,,,,,,,,,,,,,,,,,,,,,,,,,,,,,,,,,,,,,,,,,,,,,,,,,,,,
,145,,,,,,145,1.794826865196228,1.7895677089691162,0.00031029636738821864,0.00794735923409462,1.7895677089691162,,,,,,,,,,,,,,,,,,,,,,,,,,,,,,,,,,,,,,,,,,,,,,,,,,,,,,,,,,,,,,,,,,,,,,,,
0.0009935745644039575,146,,,,,,,,,,,,,,,,,,,,,,,,,,,,,,,,,,,,,,,,,,,,,,,,,,,,,,,,,,,,,,,,,,,,,,,,,,,,,,,,,,,
,146,2.0158185958862305,2.0158185958862305,0.0003214398166164756,0.010991663672029972,2.0158185958862305,146,,,,,,,,,,,,,,,,,,,,,,,,,,,,,,,,,,,,,,,,,,,,,,,,,,,,,,,,,,,,,,,,,,,,,,,,,,,,,
,146,,,,,,146,2.0158185958862305,2.0158185958862305,0.0003214398166164756,0.010991663672029972,2.0158185958862305,,,,,,,,,,,,,,,,,,,,,,,,,,,,,,,,,,,,,,,,,,,,,,,,,,,,,,,,,,,,,,,,,,,,,,,,
0.0009932927947226811,147,,,,,,,,,,,,,,,,,,,,,,,,,,,,,,,,,,,,,,,,,,,,,,,,,,,,,,,,,,,,,,,,,,,,,,,,,,,,,,,,,,,
,147,1.2576481103897095,1.2576481103897095,0.0003326646110508591,0.011943750083446503,1.2576481103897095,147,,,,,,,,,,,,,,,,,,,,,,,,,,,,,,,,,,,,,,,,,,,,,,,,,,,,,,,,,,,,,,,,,,,,,,,,,,,,,
,147,,,,,,147,1.2576481103897095,1.2576481103897095,0.0003326646110508591,0.011943750083446503,1.2576481103897095,,,,,,,,,,,,,,,,,,,,,,,,,,,,,,,,,,,,,,,,,,,,,,,,,,,,,,,,,,,,,,,,,,,,,,,,
0.0009930050205167172,148,,,,,,,,,,,,,,,,,,,,,,,,,,,,,,,,,,,,,,,,,,,,,,,,,,,,,,,,,,,,,,,,,,,,,,,,,,,,,,,,,,,
,148,2.388883352279663,2.388883352279663,0.0003439657739363611,0.021691644564270973,2.388883352279663,148,,,,,,,,,,,,,,,,,,,,,,,,,,,,,,,,,,,,,,,,,,,,,,,,,,,,,,,,,,,,,,,,,,,,,,,,,,,,,
,148,,,,,,148,2.388883352279663,2.388883352279663,0.0003439657739363611,0.021691644564270973,2.388883352279663,,,,,,,,,,,,,,,,,,,,,,,,,,,,,,,,,,,,,,,,,,,,,,,,,,,,,,,,,,,,,,,,,,,,,,,,
0.0009927112452925034,149,,,,,,,,,,,,,,,,,,,,,,,,,,,,,,,,,,,,,,,,,,,,,,,,,,,,,,,,,,,,,,,,,,,,,,,,,,,,,,,,,,,
,149,1.2993671894073486,1.2993671894073486,0.00035533899790607393,0.00909309834241867,1.2993671894073486,149,,,,,,,,,,,,,,,,,,,,,,,,,,,,,,,,,,,,,,,,,,,,,,,,,,,,,,,,,,,,,,,,,,,,,,,,,,,,,
,149,,,,,,149,,,,,,1.543113112449646,1.543113112449646,0.00036678023752756417,0.006806410849094391,1.543113112449646,0.9219835996627808,0.9219835996627808,0.00036678023752756417,0.00811147503554821,0.9219835996627808,-0.06070302426815033,0.13417966663837433,0.24935488402843475,0.15564025938510895,0.09330937266349792,0.05071551352739334,0.03357701376080513,0.024857524782419205,0.006118453107774258,0.06070302426815033,0.6335156559944153,0.31966280937194824,0.15861080586910248,0.10768811404705048,0.09292837977409363,0.10373439639806747,0.23602336645126343,0.17104017734527588,0.11643150448799133,0.06938136368989944,0.046519845724105835,0.03282100707292557,0.006459948141127825,0.07377564162015915,28.554033279418945,15.688891410827637,10.877496719360352,11.153419494628906,16.685604095458984,536.7060546875,103.27758026123047,-0.061366625130176544,0.13338203728199005,0.24971169233322144,0.15696638822555542,0.09310372918844223,0.05063860863447189,0.03567531332373619,0.02645310014486313,0.005362614989280701,0.061366625130176544,0.6337534189224243,0.32619813084602356,0.1611170768737793,0.11586695909500122,0.09882139414548874,0.0871368944644928,0.23714898526668549,0.17262540757656097,0.11527261883020401,0.06877053529024124,0.04901960864663124,0.034863267093896866,0.005681818351149559,0.07437220960855484,28.05306053161621,16.667085647583008,11.424242973327637,11.628630638122559,16.72303009033203,489.5291442871094,95.67086791992188
,149,,,,,,149,1.2993671894073486,1.2993671894073486,0.00035533899790607393,0.00909309834241867,1.2993671894073486,,,,,,,,,,,,,,,,,,,,,,,,,,,,,,,,,,,,,,,,,,,,,,,,,,,,,,,,,,,,,,,,,,,,,,,,
0.000992411472629598,150,,,,,,,,,,,,,,,,,,,,,,,,,,,,,,,,,,,,,,,,,,,,,,,,,,,,,,,,,,,,,,,,,,,,,,,,,,,,,,,,,,,
,150,1.4548110961914062,1.4548110961914062,0.00036678023752756417,0.006290568504482508,1.4548110961914062,150,,,,,,,,,,,,,,,,,,,,,,,,,,,,,,,,,,,,,,,,,,,,,,,,,,,,,,,,,,,,,,,,,,,,,,,,,,,,,
,150,,,,,,150,1.4548110961914062,1.4548110961914062,0.00036678023752756417,0.006290568504482508,1.4548110961914062,,,,,,,,,,,,,,,,,,,,,,,,,,,,,,,,,,,,,,,,,,,,,,,,,,,,,,,,,,,,,,,,,,,,,,,,
0.0009921057061806362,151,,,,,,,,,,,,,,,,,,,,,,,,,,,,,,,,,,,,,,,,,,,,,,,,,,,,,,,,,,,,,,,,,,,,,,,,,,,,,,,,,,,
,151,1.3575022220611572,1.3575022220611572,0.0003782858548220247,0.0063263592310249805,1.3575022220611572,151,,,,,,,,,,,,,,,,,,,,,,,,,,,,,,,,,,,,,,,,,,,,,,,,,,,,,,,,,,,,,,,,,,,,,,,,,,,,,
,151,,,,,,151,1.3575022220611572,1.3575022220611572,0.0003782858548220247,0.0063263592310249805,1.3575022220611572,,,,,,,,,,,,,,,,,,,,,,,,,,,,,,,,,,,,,,,,,,,,,,,,,,,,,,,,,,,,,,,,,,,,,,,,
0.0009917939496712862,152,,,,,,,,,,,,,,,,,,,,,,,,,,,,,,,,,,,,,,,,,,,,,,,,,,,,,,,,,,,,,,,,,,,,,,,,,,,,,,,,,,,
,152,1.9053395986557007,1.9053395986557007,0.0003898524446412921,0.013692134991288185,1.9053395986557007,152,,,,,,,,,,,,,,,,,,,,,,,,,,,,,,,,,,,,,,,,,,,,,,,,,,,,,,,,,,,,,,,,,,,,,,,,,,,,,
,152,,,,,,152,1.9053395986557007,1.9053395986557007,0.0003898524446412921,0.013692134991288185,1.9053395986557007,,,,,,,,,,,,,,,,,,,,,,,,,,,,,,,,,,,,,,,,,,,,,,,,,,,,,,,,,,,,,,,,,,,,,,,,
0.0009914762069002023,153,,,,,,,,,,,,,,,,,,,,,,,,,,,,,,,,,,,,,,,,,,,,,,,,,,,,,,,,,,,,,,,,,,,,,,,,,,,,,,,,,,,
,153,1.1966454982757568,1.1984785795211792,0.00040147712570615113,0.005737345200031996,1.1984785795211792,153,,,,,,,,,,,,,,,,,,,,,,,,,,,,,,,,,,,,,,,,,,,,,,,,,,,,,,,,,,,,,,,,,,,,,,,,,,,,,
,153,,,,,,153,1.1966454982757568,1.1984785795211792,0.00040147712570615113,0.005737345200031996,1.1984785795211792,,,,,,,,,,,,,,,,,,,,,,,,,,,,,,,,,,,,,,,,,,,,,,,,,,,,,,,,,,,,,,,,,,,,,,,,
0.00099115248173898,154,,,,,,,,,,,,,,,,,,,,,,,,,,,,,,,,,,,,,,,,,,,,,,,,,,,,,,,,,,,,,,,,,,,,,,,,,,,,,,,,,,,
,154,1.8543119430541992,1.8543119430541992,0.0004123491235077381,0.010996861383318901,1.8543119430541992,154,,,,,,,,,,,,,,,,,,,,,,,,,,,,,,,,,,,,,,,,,,,,,,,,,,,,,,,,,,,,,,,,,,,,,,,,,,,,,
,154,,,,,,154,1.8543119430541992,1.8543119430541992,0.0004123491235077381,0.010996861383318901,1.8543119430541992,,,,,,,,,,,,,,,,,,,,,,,,,,,,,,,,,,,,,,,,,,,,,,,,,,,,,,,,,,,,,,,,,,,,,,,,
0.0009908227781321082,155,,,,,,,,,,,,,,,,,,,,,,,,,,,,,,,,,,,,,,,,,,,,,,,,,,,,,,,,,,,,,,,,,,,,,,,,,,,,,,,,,,,
,155,1.153308391571045,1.151915192604065,0.00042335237958468497,0.013115580193698406,1.151915192604065,155,,,,,,,,,,,,,,,,,,,,,,,,,,,,,,,,,,,,,,,,,,,,,,,,,,,,,,,,,,,,,,,,,,,,,,,,,,,,,
,155,,,,,,155,1.153308391571045,1.151915192604065,0.00042335237958468497,0.013115580193698406,1.151915192604065,,,,,,,,,,,,,,,,,,,,,,,,,,,,,,,,,,,,,,,,,,,,,,,,,,,,,,,,,,,,,,,,,,,,,,,,
0.0009904871000969212,156,,,,,,,,,,,,,,,,,,,,,,,,,,,,,,,,,,,,,,,,,,,,,,,,,,,,,,,,,,,,,,,,,,,,,,,,,,,,,,,,,,,
,156,1.2133251428604126,1.2133251428604126,0.00043410350917838514,0.0055358316749334335,1.2133251428604126,156,,,,,,,,,,,,,,,,,,,,,,,,,,,,,,,,,,,,,,,,,,,,,,,,,,,,,,,,,,,,,,,,,,,,,,,,,,,,,
,156,,,,,,156,1.2133251428604126,1.2133251428604126,0.00043410350917838514,0.0055358316749334335,1.2133251428604126,,,,,,,,,,,,,,,,,,,,,,,,,,,,,,,,,,,,,,,,,,,,,,,,,,,,,,,,,,,,,,,,,,,,,,,,
0.00099014545172355,157,,,,,,,,,,,,,,,,,,,,,,,,,,,,,,,,,,,,,,,,,,,,,,,,,,,,,,,,,,,,,,,,,,,,,,,,,,,,,,,,,,,
,157,1.615073561668396,1.615073561668396,0.0004450033593457192,0.011894186027348042,1.615073561668396,157,,,,,,,,,,,,,,,,,,,,,,,,,,,,,,,,,,,,,,,,,,,,,,,,,,,,,,,,,,,,,,,,,,,,,,,,,,,,,
,157,,,,,,157,1.615073561668396,1.615073561668396,0.0004450033593457192,0.011894186027348042,1.615073561668396,,,,,,,,,,,,,,,,,,,,,,,,,,,,,,,,,,,,,,,,,,,,,,,,,,,,,,,,,,,,,,,,,,,,,,,,
0.0009897978371748723,158,,,,,,,,,,,,,,,,,,,,,,,,,,,,,,,,,,,,,,,,,,,,,,,,,,,,,,,,,,,,,,,,,,,,,,,,,,,,,,,,,,,
,158,1.2254831790924072,1.2254831790924072,0.00045604031765833497,0.005622269120067358,1.2254831790924072,158,,,,,,,,,,,,,,,,,,,,,,,,,,,,,,,,,,,,,,,,,,,,,,,,,,,,,,,,,,,,,,,,,,,,,,,,,,,,,
,158,,,,,,158,1.2254831790924072,1.2254831790924072,0.00045604031765833497,0.005622269120067358,1.2254831790924072,,,,,,,,,,,,,,,,,,,,,,,,,,,,,,,,,,,,,,,,,,,,,,,,,,,,,,,,,,,,,,,,,,,,,,,,
0.0009894442606864617,159,,,,,,,,,,,,,,,,,,,,,,,,,,,,,,,,,,,,,,,,,,,,,,,,,,,,,,,,,,,,,,,,,,,,,,,,,,,,,,,,,,,
,159,1.131729006767273,1.1304426193237305,0.00046720384852960706,0.0048101842403411865,1.1304426193237305,159,,,,,,,,,,,,,,,,,,,,,,,,,,,,,,,,,,,,,,,,,,,,,,,,,,,,,,,,,,,,,,,,,,,,,,,,,,,,,
,159,,,,,,159,1.131729006767273,1.1304426193237305,0.00046720384852960706,0.0048101842403411865,1.1304426193237305,,,,,,,,,,,,,,,,,,,,,,,,,,,,,,,,,,,,,,,,,,,,,,,,,,,,,,,,,,,,,,,,,,,,,,,,
0.000989084726566536,160,,,,,,,,,,,,,,,,,,,,,,,,,,,,,,,,,,,,,,,,,,,,,,,,,,,,,,,,,,,,,,,,,,,,,,,,,,,,,,,,,,,
,160,1.1240973472595215,1.1240973472595215,0.00047812765114940703,0.004910576157271862,1.1240973472595215,160,,,,,,,,,,,,,,,,,,,,,,,,,,,,,,,,,,,,,,,,,,,,,,,,,,,,,,,,,,,,,,,,,,,,,,,,,,,,,
,160,,,,,,160,1.1240973472595215,1.1240973472595215,0.00047812765114940703,0.004910576157271862,1.1240973472595215,,,,,,,,,,,,,,,,,,,,,,,,,,,,,,,,,,,,,,,,,,,,,,,,,,,,,,,,,,,,,,,,,,,,,,,,
0.000988719239195905,161,,,,,,,,,,,,,,,,,,,,,,,,,,,,,,,,,,,,,,,,,,,,,,,,,,,,,,,,,,,,,,,,,,,,,,,,,,,,,,,,,,,
,161,1.6324905157089233,1.6324905157089233,0.0004891945864073932,0.025631478056311607,1.6324905157089233,161,,,,,,,,,,,,,,,,,,,,,,,,,,,,,,,,,,,,,,,,,,,,,,,,,,,,,,,,,,,,,,,,,,,,,,,,,,,,,
,161,,,,,,161,1.6324905157089233,1.6324905157089233,0.0004891945864073932,0.025631478056311607,1.6324905157089233,,,,,,,,,,,,,,,,,,,,,,,,,,,,,,,,,,,,,,,,,,,,,,,,,,,,,,,,,,,,,,,,,,,,,,,,
0.0009883478030279168,162,,,,,,,,,,,,,,,,,,,,,,,,,,,,,,,,,,,,,,,,,,,,,,,,,,,,,,,,,,,,,,,,,,,,,,,,,,,,,,,,,,,
,162,1.5650959014892578,1.5650959014892578,0.0005003933911211789,0.01472014095634222,1.5650959014892578,162,,,,,,,,,,,,,,,,,,,,,,,,,,,,,,,,,,,,,,,,,,,,,,,,,,,,,,,,,,,,,,,,,,,,,,,,,,,,,
,162,,,,,,162,1.5650959014892578,1.5650959014892578,0.0005003933911211789,0.01472014095634222,1.5650959014892578,,,,,,,,,,,,,,,,,,,,,,,,,,,,,,,,,,,,,,,,,,,,,,,,,,,,,,,,,,,,,,,,,,,,,,,,
0.0009879704225884043,163,,,,,,,,,,,,,,,,,,,,,,,,,,,,,,,,,,,,,,,,,,,,,,,,,,,,,,,,,,,,,,,,,,,,,,,,,,,,,,,,,,,
,163,1.1644744873046875,1.1644744873046875,0.0005117140826769173,0.005590792745351791,1.1644744873046875,163,,,,,,,,,,,,,,,,,,,,,,,,,,,,,,,,,,,,,,,,,,,,,,,,,,,,,,,,,,,,,,,,,,,,,,,,,,,,,
,163,,,,,,163,1.1644744873046875,1.1644744873046875,0.0005117140826769173,0.005590792745351791,1.1644744873046875,,,,,,,,,,,,,,,,,,,,,,,,,,,,,,,,,,,,,,,,,,,,,,,,,,,,,,,,,,,,,,,,,,,,,,,,
0.0009875871024756287,164,,,,,,,,,,,,,,,,,,,,,,,,,,,,,,,,,,,,,,,,,,,,,,,,,,,,,,,,,,,,,,,,,,,,,,,,,,,,,,,,,,,
,164,1.4312313795089722,1.4312313795089722,0.0005231472314335406,0.007684615906327963,1.4312313795089722,164,,,,,,,,,,,,,,,,,,,,,,,,,,,,,,,,,,,,,,,,,,,,,,,,,,,,,,,,,,,,,,,,,,,,,,,,,,,,,
,164,,,,,,164,1.4312313795089722,1.4312313795089722,0.0005231472314335406,0.007684615906327963,1.4312313795089722,,,,,,,,,,,,,,,,,,,,,,,,,,,,,,,,,,,,,,,,,,,,,,,,,,,,,,,,,,,,,,,,,,,,,,,,
0.000987197847360225,165,,,,,,,,,,,,,,,,,,,,,,,,,,,,,,,,,,,,,,,,,,,,,,,,,,,,,,,,,,,,,,,,,,,,,,,,,,,,,,,,,,,
,165,1.1739723682403564,1.1739723682403564,0.0005346848047338426,0.006580947432667017,1.1739723682403564,165,,,,,,,,,,,,,,,,,,,,,,,,,,,,,,,,,,,,,,,,,,,,,,,,,,,,,,,,,,,,,,,,,,,,,,,,,,,,,
,165,,,,,,165,1.1739723682403564,1.1739723682403564,0.0005346848047338426,0.006580947432667017,1.1739723682403564,,,,,,,,,,,,,,,,,,,,,,,,,,,,,,,,,,,,,,,,,,,,,,,,,,,,,,,,,,,,,,,,,,,,,,,,
0.0009868026619851435,166,,,,,,,,,,,,,,,,,,,,,,,,,,,,,,,,,,,,,,,,,,,,,,,,,,,,,,,,,,,,,,,,,,,,,,,,,,,,,,,,,,,
,166,1.0816001892089844,1.0816001892089844,0.0005463192355819046,0.006526917684823275,1.0816001892089844,166,,,,,,,,,,,,,,,,,,,,,,,,,,,,,,,,,,,,,,,,,,,,,,,,,,,,,,,,,,,,,,,,,,,,,,,,,,,,,
,166,,,,,,166,1.0816001892089844,1.0816001892089844,0.0005463192355819046,0.006526917684823275,1.0816001892089844,,,,,,,,,,,,,,,,,,,,,,,,,,,,,,,,,,,,,,,,,,,,,,,,,,,,,,,,,,,,,,,,,,,,,,,,
0.0009864015511655937,167,,,,,,,,,,,,,,,,,,,,,,,,,,,,,,,,,,,,,,,,,,,,,,,,,,,,,,,,,,,,,,,,,,,,,,,,,,,,,,,,,,,
,167,2.157099723815918,2.157099723815918,0.0005580434808507562,0.17003709077835083,2.157099723815918,167,,,,,,,,,,,,,,,,,,,,,,,,,,,,,,,,,,,,,,,,,,,,,,,,,,,,,,,,,,,,,,,,,,,,,,,,,,,,,
,167,,,,,,167,2.157099723815918,2.157099723815918,0.0005580434808507562,0.17003709077835083,2.157099723815918,,,,,,,,,,,,,,,,,,,,,,,,,,,,,,,,,,,,,,,,,,,,,,,,,,,,,,,,,,,,,,,,,,,,,,,,
0.000985994519788984,168,,,,,,,,,,,,,,,,,,,,,,,,,,,,,,,,,,,,,,,,,,,,,,,,,,,,,,,,,,,,,,,,,,,,,,,,,,,,,,,,,,,
,168,1.2301791906356812,1.2301791906356812,0.0005698517779819667,0.005411641672253609,1.2301791906356812,168,,,,,,,,,,,,,,,,,,,,,,,,,,,,,,,,,,,,,,,,,,,,,,,,,,,,,,,,,,,,,,,,,,,,,,,,,,,,,
,168,,,,,,168,1.2301791906356812,1.2301791906356812,0.0005698517779819667,0.005411641672253609,1.2301791906356812,,,,,,,,,,,,,,,,,,,,,,,,,,,,,,,,,,,,,,,,,,,,,,,,,,,,,,,,,,,,,,,,,,,,,,,,
0.0009855815728148634,169,,,,,,,,,,,,,,,,,,,,,,,,,,,,,,,,,,,,,,,,,,,,,,,,,,,,,,,,,,,,,,,,,,,,,,,,,,,,,,,,,,,
,169,2.054410457611084,2.054410457611084,0.0005817381897941232,0.010861796326935291,2.054410457611084,169,,,,,,,,,,,,,,,,,,,,,,,,,,,,,,,,,,,,,,,,,,,,,,,,,,,,,,,,,,,,,,,,,,,,,,,,,,,,,
,169,,,,,,169,2.054410457611084,2.054410457611084,0.0005817381897941232,0.010861796326935291,2.054410457611084,,,,,,,,,,,,,,,,,,,,,,,,,,,,,,,,,,,,,,,,,,,,,,,,,,,,,,,,,,,,,,,,,,,,,,,,
0.0009851627152748603,170,,,,,,,,,,,,,,,,,,,,,,,,,,,,,,,,,,,,,,,,,,,,,,,,,,,,,,,,,,,,,,,,,,,,,,,,,,,,,,,,,,,
,170,1.2360981702804565,1.2360981702804565,0.0005936977686360478,0.007547018583863974,1.2360981702804565,170,,,,,,,,,,,,,,,,,,,,,,,,,,,,,,,,,,,,,,,,,,,,,,,,,,,,,,,,,,,,,,,,,,,,,,,,,,,,,
,170,,,,,,170,1.2360981702804565,1.2360981702804565,0.0005936977686360478,0.007547018583863974,1.2360981702804565,,,,,,,,,,,,,,,,,,,,,,,,,,,,,,,,,,,,,,,,,,,,,,,,,,,,,,,,,,,,,,,,,,,,,,,,
0.000984737952272622,171,,,,,,,,,,,,,,,,,,,,,,,,,,,,,,,,,,,,,,,,,,,,,,,,,,,,,,,,,,,,,,,,,,,,,,,,,,,,,,,,,,,
,171,1.6982154846191406,1.6982154846191406,0.0006057259161025286,0.013286587782204151,1.6982154846191406,171,,,,,,,,,,,,,,,,,,,,,,,,,,,,,,,,,,,,,,,,,,,,,,,,,,,,,,,,,,,,,,,,,,,,,,,,,,,,,
,171,,,,,,171,1.6982154846191406,1.6982154846191406,0.0006057259161025286,0.013286587782204151,1.6982154846191406,,,,,,,,,,,,,,,,,,,,,,,,,,,,,,,,,,,,,,,,,,,,,,,,,,,,,,,,,,,,,,,,,,,,,,,,
0.0009843072889837512,172,,,,,,,,,,,,,,,,,,,,,,,,,,,,,,,,,,,,,,,,,,,,,,,,,,,,,,,,,,,,,,,,,,,,,,,,,,,,,,,,,,,
,172,1.8027324676513672,1.8027324676513672,0.0006178183830343187,0.011681360192596912,1.8027324676513672,172,,,,,,,,,,,,,,,,,,,,,,,,,,,,,,,,,,,,,,,,,,,,,,,,,,,,,,,,,,,,,,,,,,,,,,,,,,,,,
,172,,,,,,172,1.8027324676513672,1.8027324676513672,0.0006178183830343187,0.011681360192596912,1.8027324676513672,,,,,,,,,,,,,,,,,,,,,,,,,,,,,,,,,,,,,,,,,,,,,,,,,,,,,,,,,,,,,,,,,,,,,,,,
0.0009838707306557446,173,,,,,,,,,,,,,,,,,,,,,,,,,,,,,,,,,,,,,,,,,,,,,,,,,,,,,,,,,,,,,,,,,,,,,,,,,,,,,,,,,,,
,173,1.5032870769500732,1.5032870769500732,0.0006299715023487806,0.0064046913757920265,1.5032870769500732,173,,,,,,,,,,,,,,,,,,,,,,,,,,,,,,,,,,,,,,,,,,,,,,,,,,,,,,,,,,,,,,,,,,,,,,,,,,,,,
,173,,,,,,173,1.5032870769500732,1.5032870769500732,0.0006299715023487806,0.0064046913757920265,1.5032870769500732,,,,,,,,,,,,,,,,,,,,,,,,,,,,,,,,,,,,,,,,,,,,,,,,,,,,,,,,,,,,,,,,,,,,,,,,
0.0009834282826079275,174,,,,,,,,,,,,,,,,,,,,,,,,,,,,,,,,,,,,,,,,,,,,,,,,,,,,,,,,,,,,,,,,,,,,,,,,,,,,,,,,,,,
,174,1.483062744140625,1.483062744140625,0.0006421816651709378,0.014636502601206303,1.483062744140625,174,,,,,,,,,,,,,,,,,,,,,,,,,,,,,,,,,,,,,,,,,,,,,,,,,,,,,,,,,,,,,,,,,,,,,,,,,,,,,
,174,,,,,,174,1.483062744140625,1.483062744140625,0.0006421816651709378,0.014636502601206303,1.483062744140625,,,,,,,,,,,,,,,,,,,,,,,,,,,,,,,,,,,,,,,,,,,,,,,,,,,,,,,,,,,,,,,,,,,,,,,,
0.0009829799502313896,175,,,,,,,,,,,,,,,,,,,,,,,,,,,,,,,,,,,,,,,,,,,,,,,,,,,,,,,,,,,,,,,,,,,,,,,,,,,,,,,,,,,
,175,2.200002431869507,2.200002431869507,0.0006544459029100835,0.018486803397536278,2.200002431869507,175,,,,,,,,,,,,,,,,,,,,,,,,,,,,,,,,,,,,,,,,,,,,,,,,,,,,,,,,,,,,,,,,,,,,,,,,,,,,,
,175,,,,,,175,2.200002431869507,2.200002431869507,0.0006544459029100835,0.018486803397536278,2.200002431869507,,,,,,,,,,,,,,,,,,,,,,,,,,,,,,,,,,,,,,,,,,,,,,,,,,,,,,,,,,,,,,,,,,,,,,,,
0.0009825257389889195,176,,,,,,,,,,,,,,,,,,,,,,,,,,,,,,,,,,,,,,,,,,,,,,,,,,,,,,,,,,,,,,,,,,,,,,,,,,,,,,,,,,,
,176,1.6593021154403687,1.6593021154403687,0.0006667611887678504,0.01262559276074171,1.6593021154403687,176,,,,,,,,,,,,,,,,,,,,,,,,,,,,,,,,,,,,,,,,,,,,,,,,,,,,,,,,,,,,,,,,,,,,,,,,,,,,,
,176,,,,,,176,1.6593021154403687,1.6593021154403687,0.0006667611887678504,0.01262559276074171,1.6593021154403687,,,,,,,,,,,,,,,,,,,,,,,,,,,,,,,,,,,,,,,,,,,,,,,,,,,,,,,,,,,,,,,,,,,,,,,,
0.0009820656544149379,177,,,,,,,,,,,,,,,,,,,,,,,,,,,,,,,,,,,,,,,,,,,,,,,,,,,,,,,,,,,,,,,,,,,,,,,,,,,,,,,,,,,
,177,2.246577739715576,2.246577739715576,0.0006791251944378018,0.009988168254494667,2.246577739715576,177,,,,,,,,,,,,,,,,,,,,,,,,,,,,,,,,,,,,,,,,,,,,,,,,,,,,,,,,,,,,,,,,,,,,,,,,,,,,,
,177,,,,,,177,2.246577739715576,2.246577739715576,0.0006791251944378018,0.009988168254494667,2.246577739715576,,,,,,,,,,,,,,,,,,,,,,,,,,,,,,,,,,,,,,,,,,,,,,,,,,,,,,,,,,,,,,,,,,,,,,,,
0.0009815997021154301,178,,,,,,,,,,,,,,,,,,,,,,,,,,,,,,,,,,,,,,,,,,,,,,,,,,,,,,,,,,,,,,,,,,,,,,,,,,,,,,,,,,,
,178,1.1235047578811646,1.1229653358459473,0.0006915353005751967,0.008204440586268902,1.1229653358459473,178,,,,,,,,,,,,,,,,,,,,,,,,,,,,,,,,,,,,,,,,,,,,,,,,,,,,,,,,,,,,,,,,,,,,,,,,,,,,,
,178,,,,,,178,1.1235047578811646,1.1229653358459473,0.0006915353005751967,0.008204440586268902,1.1229653358459473,,,,,,,,,,,,,,,,,,,,,,,,,,,,,,,,,,,,,,,,,,,,,,,,,,,,,,,,,,,,,,,,,,,,,,,,
0.000981127887767878,179,,,,,,,,,,,,,,,,,,,,,,,,,,,,,,,,,,,,,,,,,,,,,,,,,,,,,,,,,,,,,,,,,,,,,,,,,,,,,,,,,,,
,179,1.5563359260559082,1.558491587638855,0.0007036347524262965,0.0081856157630682,1.558491587638855,179,,,,,,,,,,,,,,,,,,,,,,,,,,,,,,,,,,,,,,,,,,,,,,,,,,,,,,,,,,,,,,,,,,,,,,,,,,,,,
,179,,,,,,179,1.5563359260559082,1.558491587638855,0.0007036347524262965,0.0081856157630682,1.558491587638855,,,,,,,,,,,,,,,,,,,,,,,,,,,,,,,,,,,,,,,,,,,,,,,,,,,,,,,,,,,,,,,,,,,,,,,,
0.0009806502171211902,180,,,,,,,,,,,,,,,,,,,,,,,,,,,,,,,,,,,,,,,,,,,,,,,,,,,,,,,,,,,,,,,,,,,,,,,,,,,,,,,,,,,
,180,1.6294779777526855,1.6294779777526855,0.0007152435719035566,0.006911641918122768,1.6294779777526855,180,,,,,,,,,,,,,,,,,,,,,,,,,,,,,,,,,,,,,,,,,,,,,,,,,,,,,,,,,,,,,,,,,,,,,,,,,,,,,
,180,,,,,,180,1.6294779777526855,1.6294779777526855,0.0007152435719035566,0.006911641918122768,1.6294779777526855,,,,,,,,,,,,,,,,,,,,,,,,,,,,,,,,,,,,,,,,,,,,,,,,,,,,,,,,,,,,,,,,,,,,,,,,
0.000980166695995633,181,,,,,,,,,,,,,,,,,,,,,,,,,,,,,,,,,,,,,,,,,,,,,,,,,,,,,,,,,,,,,,,,,,,,,,,,,,,,,,,,,,,
,181,1.2148284912109375,1.2148284912109375,0.000726979342289269,0.009414688684046268,1.2148284912109375,181,,,,,,,,,,,,,,,,,,,,,,,,,,,,,,,,,,,,,,,,,,,,,,,,,,,,,,,,,,,,,,,,,,,,,,,,,,,,,
,181,,,,,,181,1.2148284912109375,1.2148284912109375,0.000726979342289269,0.009414688684046268,1.2148284912109375,,,,,,,,,,,,,,,,,,,,,,,,,,,,,,,,,,,,,,,,,,,,,,,,,,,,,,,,,,,,,,,,,,,,,,,,
0.0009796773302827586,182,,,,,,,,,,,,,,,,,,,,,,,,,,,,,,,,,,,,,,,,,,,,,,,,,,,,,,,,,,,,,,,,,,,,,,,,,,,,,,,,,,,
,182,1.3797600269317627,1.3797600269317627,0.0007388321682810783,0.006757460068911314,1.3797600269317627,182,,,,,,,,,,,,,,,,,,,,,,,,,,,,,,,,,,,,,,,,,,,,,,,,,,,,,,,,,,,,,,,,,,,,,,,,,,,,,
,182,,,,,,182,1.3797600269317627,1.3797600269317627,0.0007388321682810783,0.006757460068911314,1.3797600269317627,,,,,,,,,,,,,,,,,,,,,,,,,,,,,,,,,,,,,,,,,,,,,,,,,,,,,,,,,,,,,,,,,,,,,,,,
0.000979182125945334,183,,,,,,,,,,,,,,,,,,,,,,,,,,,,,,,,,,,,,,,,,,,,,,,,,,,,,,,,,,,,,,,,,,,,,,,,,,,,,,,,,,,
,183,1.5504601001739502,1.5504601001739502,0.0007507926784455776,0.007363708224147558,1.5504601001739502,183,,,,,,,,,,,,,,,,,,,,,,,,,,,,,,,,,,,,,,,,,,,,,,,,,,,,,,,,,,,,,,,,,,,,,,,,,,,,,
,183,,,,,,183,1.5504601001739502,1.5504601001739502,0.0007507926784455776,0.007363708224147558,1.5504601001739502,,,,,,,,,,,,,,,,,,,,,,,,,,,,,,,,,,,,,,,,,,,,,,,,,,,,,,,,,,,,,,,,,,,,,,,,
0.0009786810890172674,184,,,,,,,,,,,,,,,,,,,,,,,,,,,,,,,,,,,,,,,,,,,,,,,,,,,,,,,,,,,,,,,,,,,,,,,,,,,,,,,,,,,
,184,2.55496883392334,2.55496883392334,0.0007628527237102389,0.02365867793560028,2.55496883392334,184,,,,,,,,,,,,,,,,,,,,,,,,,,,,,,,,,,,,,,,,,,,,,,,,,,,,,,,,,,,,,,,,,,,,,,,,,,,,,
,184,,,,,,184,2.55496883392334,2.55496883392334,0.0007628527237102389,0.02365867793560028,2.55496883392334,,,,,,,,,,,,,,,,,,,,,,,,,,,,,,,,,,,,,,,,,,,,,,,,,,,,,,,,,,,,,,,,,,,,,,,,
0.0009781742256035361,185,,,,,,,,,,,,,,,,,,,,,,,,,,,,,,,,,,,,,,,,,,,,,,,,,,,,,,,,,,,,,,,,,,,,,,,,,,,,,,,,,,,
,185,1.2811660766601562,1.2811660766601562,0.0007750047952868044,0.02583950385451317,1.2811660766601562,185,,,,,,,,,,,,,,,,,,,,,,,,,,,,,,,,,,,,,,,,,,,,,,,,,,,,,,,,,,,,,,,,,,,,,,,,,,,,,
,185,,,,,,185,1.2811660766601562,1.2811660766601562,0.0007750047952868044,0.02583950385451317,1.2811660766601562,,,,,,,,,,,,,,,,,,,,,,,,,,,,,,,,,,,,,,,,,,,,,,,,,,,,,,,,,,,,,,,,,,,,,,,,
0.0009776615418801106,186,,,,,,,,,,,,,,,,,,,,,,,,,,,,,,,,,,,,,,,,,,,,,,,,,,,,,,,,,,,,,,,,,,,,,,,,,,,,,,,,,,,
,186,1.5599454641342163,1.5599454641342163,0.0007872420246712863,0.006795489229261875,1.5599454641342163,186,,,,,,,,,,,,,,,,,,,,,,,,,,,,,,,,,,,,,,,,,,,,,,,,,,,,,,,,,,,,,,,,,,,,,,,,,,,,,
,186,,,,,,186,1.5599454641342163,1.5599454641342163,0.0007872420246712863,0.006795489229261875,1.5599454641342163,,,,,,,,,,,,,,,,,,,,,,,,,,,,,,,,,,,,,,,,,,,,,,,,,,,,,,,,,,,,,,,,,,,,,,,,
0.0009771430440938802,187,,,,,,,,,,,,,,,,,,,,,,,,,,,,,,,,,,,,,,,,,,,,,,,,,,,,,,,,,,,,,,,,,,,,,,,,,,,,,,,,,,,
,187,1.9350436925888062,1.9350436925888062,0.0007995584164746106,0.011006169952452183,1.9350436925888062,187,,,,,,,,,,,,,,,,,,,,,,,,,,,,,,,,,,,,,,,,,,,,,,,,,,,,,,,,,,,,,,,,,,,,,,,,,,,,,
,187,,,,,,187,1.9350436925888062,1.9350436925888062,0.0007995584164746106,0.011006169952452183,1.9350436925888062,,,,,,,,,,,,,,,,,,,,,,,,,,,,,,,,,,,,,,,,,,,,,,,,,,,,,,,,,,,,,,,,,,,,,,,,
0.0009766187385625768,188,,,,,,,,,,,,,,,,,,,,,,,,,,,,,,,,,,,,,,,,,,,,,,,,,,,,,,,,,,,,,,,,,,,,,,,,,,,,,,,,,,,
,188,1.6283938884735107,1.6283938884735107,0.0008119484409689903,0.007250586058944464,1.6283938884735107,188,,,,,,,,,,,,,,,,,,,,,,,,,,,,,,,,,,,,,,,,,,,,,,,,,,,,,,,,,,,,,,,,,,,,,,,,,,,,,
,188,,,,,,188,1.6283938884735107,1.6283938884735107,0.0008119484409689903,0.007250586058944464,1.6283938884735107,,,,,,,,,,,,,,,,,,,,,,,,,,,,,,,,,,,,,,,,,,,,,,,,,,,,,,,,,,,,,,,,,,,,,,,,
0.0009760886316746981,189,,,,,,,,,,,,,,,,,,,,,,,,,,,,,,,,,,,,,,,,,,,,,,,,,,,,,,,,,,,,,,,,,,,,,,,,,,,,,,,,,,,
,189,1.2420620918273926,1.2420620918273926,0.0008244069758802652,0.007238287478685379,1.2420620918273926,189,,,,,,,,,,,,,,,,,,,,,,,,,,,,,,,,,,,,,,,,,,,,,,,,,,,,,,,,,,,,,,,,,,,,,,,,,,,,,
,189,,,,,,189,1.2420620918273926,1.2420620918273926,0.0008244069758802652,0.007238287478685379,1.2420620918273926,,,,,,,,,,,,,,,,,,,,,,,,,,,,,,,,,,,,,,,,,,,,,,,,,,,,,,,,,,,,,,,,,,,,,,,,
0.0009755527298894291,190,,,,,,,,,,,,,,,,,,,,,,,,,,,,,,,,,,,,,,,,,,,,,,,,,,,,,,,,,,,,,,,,,,,,,,,,,,,,,,,,,,,
,190,1.184830665588379,1.184830665588379,0.000836929481010884,0.008779294788837433,1.184830665588379,190,,,,,,,,,,,,,,,,,,,,,,,,,,,,,,,,,,,,,,,,,,,,,,,,,,,,,,,,,,,,,,,,,,,,,,,,,,,,,
,190,,,,,,190,1.184830665588379,1.184830665588379,0.000836929481010884,0.008779294788837433,1.184830665588379,,,,,,,,,,,,,,,,,,,,,,,,,,,,,,,,,,,,,,,,,,,,,,,,,,,,,,,,,,,,,,,,,,,,,,,,
0.0009750110397365637,191,,,,,,,,,,,,,,,,,,,,,,,,,,,,,,,,,,,,,,,,,,,,,,,,,,,,,,,,,,,,,,,,,,,,,,,,,,,,,,,,,,,
,191,1.6441304683685303,1.6441304683685303,0.0008495116489939392,0.007275073789060116,1.6441304683685303,191,,,,,,,,,,,,,,,,,,,,,,,,,,,,,,,,,,,,,,,,,,,,,,,,,,,,,,,,,,,,,,,,,,,,,,,,,,,,,
,191,,,,,,191,1.6441304683685303,1.6441304683685303,0.0008495116489939392,0.007275073789060116,1.6441304683685303,,,,,,,,,,,,,,,,,,,,,,,,,,,,,,,,,,,,,,,,,,,,,,,,,,,,,,,,,,,,,,,,,,,,,,,,
0.0009744635678164258,192,,,,,,,,,,,,,,,,,,,,,,,,,,,,,,,,,,,,,,,,,,,,,,,,,,,,,,,,,,,,,,,,,,,,,,,,,,,,,,,,,,,
,192,1.0226960182189941,1.0226960182189941,0.0008621500455774367,0.005711369216442108,1.0226960182189941,192,,,,,,,,,,,,,,,,,,,,,,,,,,,,,,,,,,,,,,,,,,,,,,,,,,,,,,,,,,,,,,,,,,,,,,,,,,,,,
,192,,,,,,192,1.0226960182189941,1.0226960182189941,0.0008621500455774367,0.005711369216442108,1.0226960182189941,,,,,,,,,,,,,,,,,,,,,,,,,,,,,,,,,,,,,,,,,,,,,,,,,,,,,,,,,,,,,,,,,,,,,,,,
0.0009739103207997878,193,,,,,,,,,,,,,,,,,,,,,,,,,,,,,,,,,,,,,,,,,,,,,,,,,,,,,,,,,,,,,,,,,,,,,,,,,,,,,,,,,,,
,193,1.3571866750717163,1.3571866750717163,0.0008748410618864,0.005953826941549778,1.3571866750717163,193,,,,,,,,,,,,,,,,,,,,,,,,,,,,,,,,,,,,,,,,,,,,,,,,,,,,,,,,,,,,,,,,,,,,,,,,,,,,,
,193,,,,,,193,1.3571866750717163,1.3571866750717163,0.0008748410618864,0.005953826941549778,1.3571866750717163,,,,,,,,,,,,,,,,,,,,,,,,,,,,,,,,,,,,,,,,,,,,,,,,,,,,,,,,,,,,,,,,,,,,,,,,
0.0009733513054277901,194,,,,,,,,,,,,,,,,,,,,,,,,,,,,,,,,,,,,,,,,,,,,,,,,,,,,,,,,,,,,,,,,,,,,,,,,,,,,,,,,,,,
,194,1.048119068145752,1.048119068145752,0.0008875816129148006,0.005018347408622503,1.048119068145752,194,,,,,,,,,,,,,,,,,,,,,,,,,,,,,,,,,,,,,,,,,,,,,,,,,,,,,,,,,,,,,,,,,,,,,,,,,,,,,
,194,,,,,,194,1.048119068145752,1.048119068145752,0.0008875816129148006,0.005018347408622503,1.048119068145752,,,,,,,,,,,,,,,,,,,,,,,,,,,,,,,,,,,,,,,,,,,,,,,,,,,,,,,,,,,,,,,,,,,,,,,,
0.0009727865285118585,195,,,,,,,,,,,,,,,,,,,,,,,,,,,,,,,,,,,,,,,,,,,,,,,,,,,,,,,,,,,,,,,,,,,,,,,,,,,,,,,,,,,
,195,1.8487190008163452,1.8487190008163452,0.0009003688464872539,0.011353930458426476,1.8487190008163452,195,,,,,,,,,,,,,,,,,,,,,,,,,,,,,,,,,,,,,,,,,,,,,,,,,,,,,,,,,,,,,,,,,,,,,,,,,,,,,
,195,,,,,,195,1.8487190008163452,1.8487190008163452,0.0009003688464872539,0.011353930458426476,1.8487190008163452,,,,,,,,,,,,,,,,,,,,,,,,,,,,,,,,,,,,,,,,,,,,,,,,,,,,,,,,,,,,,,,,,,,,,,,,
0.0009722159969336216,196,,,,,,,,,,,,,,,,,,,,,,,,,,,,,,,,,,,,,,,,,,,,,,,,,,,,,,,,,,,,,,,,,,,,,,,,,,,,,,,,,,,
,196,1.2036502361297607,1.2014247179031372,0.0009132002014666796,0.01011437363922596,1.2014247179031372,196,,,,,,,,,,,,,,,,,,,,,,,,,,,,,,,,,,,,,,,,,,,,,,,,,,,,,,,,,,,,,,,,,,,,,,,,,,,,,
,196,,,,,,196,1.2036502361297607,1.2014247179031372,0.0009132002014666796,0.01011437363922596,1.2014247179031372,,,,,,,,,,,,,,,,,,,,,,,,,,,,,,,,,,,,,,,,,,,,,,,,,,,,,,,,,,,,,,,,,,,,,,,,
0.0009716397176448263,197,,,,,,,,,,,,,,,,,,,,,,,,,,,,,,,,,,,,,,,,,,,,,,,,,,,,,,,,,,,,,,,,,,,,,,,,,,,,,,,,,,,
,197,1.436305284500122,1.436305284500122,0.0009253579773940146,0.006350009236484766,1.436305284500122,197,,,,,,,,,,,,,,,,,,,,,,,,,,,,,,,,,,,,,,,,,,,,,,,,,,,,,,,,,,,,,,,,,,,,,,,,,,,,,
,197,,,,,,197,1.436305284500122,1.436305284500122,0.0009253579773940146,0.006350009236484766,1.436305284500122,,,,,,,,,,,,,,,,,,,,,,,,,,,,,,,,,,,,,,,,,,,,,,,,,,,,,,,,,,,,,,,,,,,,,,,,
0.0009710576976672544,198,,,,,,,,,,,,,,,,,,,,,,,,,,,,,,,,,,,,,,,,,,,,,,,,,,,,,,,,,,,,,,,,,,,,,,,,,,,,,,,,,,,
,198,1.2388898134231567,1.2388898134231567,0.0009376255329698324,0.005293070338666439,1.2388898134231567,198,,,,,,,,,,,,,,,,,,,,,,,,,,,,,,,,,,,,,,,,,,,,,,,,,,,,,,,,,,,,,,,,,,,,,,,,,,,,,
,198,,,,,,198,1.2388898134231567,1.2388898134231567,0.0009376255329698324,0.005293070338666439,1.2388898134231567,,,,,,,,,,,,,,,,,,,,,,,,,,,,,,,,,,,,,,,,,,,,,,,,,,,,,,,,,,,,,,,,,,,,,,,,
0.0009704699440926354,199,,,,,,,,,,,,,,,,,,,,,,,,,,,,,,,,,,,,,,,,,,,,,,,,,,,,,,,,,,,,,,,,,,,,,,,,,,,,,,,,,,,
,199,1.1146702766418457,1.1146702766418457,0.000949994137044996,0.005702457390725613,1.1146702766418457,199,,,,,,,,,,,,,,,,,,,,,,,,,,,,,,,,,,,,,,,,,,,,,,,,,,,,,,,,,,,,,,,,,,,,,,,,,,,,,
,199,,,,,,199,,,,,,1.1606818437576294,1.1606818437576294,0.0009624558151699603,0.005268389359116554,1.1606818437576294,0.8841913938522339,0.8856106996536255,0.0009624558151699603,0.00440230080857873,0.8856106996536255,-0.07307121902704239,0.1256299465894699,0.23868878185749054,0.17066974937915802,0.1125844419002533,0.06750519573688507,0.0476190485060215,0.033742330968379974,0.0063065532594919205,0.07307121902704239,0.6230531334877014,0.38359537720680237,0.23827426135540009,0.1777535378932953,0.1446056216955185,0.09543564170598984,0.27711960673332214,0.1903214156627655,0.13745121657848358,0.08608200401067734,0.06107156351208687,0.04215673357248306,0.006707495078444481,0.08729840815067291,22.306116104125977,16.21058464050293,15.946981430053711,17.632240295410156,24.48981475830078,421.3563232421875,86.32367706298828,-0.06440094113349915,0.11892453581094742,0.23336802423000336,0.16880907118320465,0.10463356971740723,0.054361894726753235,0.03476833552122116,0.022291960194706917,0.0015408321050927043,0.06440094113349915,0.6073594093322754,0.34713014960289,0.18796992301940918,0.1270447075366974,0.09338168799877167,0.020746879279613495,0.23060545325279236,0.18948793411254883,0.13026942312717438,0.07104675471782684,0.045681796967983246,0.028449108824133873,0.0016616815701127052,0.07776611298322678,21.38343620300293,14.77912712097168,14.569253921508789,16.098146438598633,22.425140380859375,324.4583740234375,68.9522476196289
,199,,,,,,199,1.1146702766418457,1.1146702766418457,0.000949994137044996,0.005702457390725613,1.1146702766418457,,,,,,,,,,,,,,,,,,,,,,,,,,,,,,,,,,,,,,,,,,,,,,,,,,,,,,,,,,,,,,,,,,,,,,,,
0.000969876464082561,200,,,,,,,,,,,,,,,,,,,,,,,,,,,,,,,,,,,,,,,,,,,,,,,,,,,,,,,,,,,,,,,,,,,,,,,,,,,,,,,,,,,
,200,1.2210742235183716,1.2210742235183716,0.0009624558151699603,0.007817838340997696,1.2210742235183716,200,,,,,,,,,,,,,,,,,,,,,,,,,,,,,,,,,,,,,,,,,,,,,,,,,,,,,,,,,,,,,,,,,,,,,,,,,,,,,
,200,,,,,,200,1.2210742235183716,1.2210742235183716,0.0009624558151699603,0.007817838340997696,1.2210742235183716,,,,,,,,,,,,,,,,,,,,,,,,,,,,,,,,,,,,,,,,,,,,,,,,,,,,,,,,,,,,,,,,,,,,,,,,
0.0009692772648683978,201,,,,,,,,,,,,,,,,,,,,,,,,,,,,,,,,,,,,,,,,,,,,,,,,,,,,,,,,,,,,,,,,,,,,,,,,,,,,,,,,,,,
,201,2.057443618774414,2.057443618774414,0.000975003291387111,0.009545456618070602,2.057443618774414,201,,,,,,,,,,,,,,,,,,,,,,,,,,,,,,,,,,,,,,,,,,,,,,,,,,,,,,,,,,,,,,,,,,,,,,,,,,,,,
,201,,,,,,201,2.057443618774414,2.057443618774414,0.000975003291387111,0.009545456618070602,2.057443618774414,,,,,,,,,,,,,,,,,,,,,,,,,,,,,,,,,,,,,,,,,,,,,,,,,,,,,,,,,,,,,,,,,,,,,,,,
0.0009686723537511995,202,,,,,,,,,,,,,,,,,,,,,,,,,,,,,,,,,,,,,,,,,,,,,,,,,,,,,,,,,,,,,,,,,,,,,,,,,,,,,,,,,,,
,202,1.1308602094650269,1.1308602094650269,0.0009876303374767303,0.005506526213139296,1.1308602094650269,202,,,,,,,,,,,,,,,,,,,,,,,,,,,,,,,,,,,,,,,,,,,,,,,,,,,,,,,,,,,,,,,,,,,,,,,,,,,,,
,202,,,,,,202,1.1308602094650269,1.1308602094650269,0.0009876303374767303,0.005506526213139296,1.1308602094650269,,,,,,,,,,,,,,,,,,,,,,,,,,,,,,,,,,,,,,,,,,,,,,,,,,,,,,,,,,,,,,,,,,,,,,,,
0.0009680617381016168,203,,,,,,,,,,,,,,,,,,,,,,,,,,,,,,,,,,,,,,,,,,,,,,,,,,,,,,,,,,,,,,,,,,,,,,,,,,,,,,,,,,,
,203,1.337164282798767,1.337164282798767,0.0010003306670114398,0.008951948955655098,1.337164282798767,203,,,,,,,,,,,,,,,,,,,,,,,,,,,,,,,,,,,,,,,,,,,,,,,,,,,,,,,,,,,,,,,,,,,,,,,,,,,,,
,203,,,,,,203,1.337164282798767,1.337164282798767,0.0010003306670114398,0.008951948955655098,1.337164282798767,,,,,,,,,,,,,,,,,,,,,,,,,,,,,,,,,,,,,,,,,,,,,,,,,,,,,,,,,,,,,,,,,,,,,,,,
0.0009674454253598087,204,,,,,,,,,,,,,,,,,,,,,,,,,,,,,,,,,,,,,,,,,,,,,,,,,,,,,,,,,,,,,,,,,,,,,,,,,,,,,,,,,,,
,204,1.0263193845748901,1.0263193845748901,0.0010130992159247398,0.009119286201894283,1.0263193845748901,204,,,,,,,,,,,,,,,,,,,,,,,,,,,,,,,,,,,,,,,,,,,,,,,,,,,,,,,,,,,,,,,,,,,,,,,,,,,,,
,204,,,,,,204,1.0263193845748901,1.0263193845748901,0.0010130992159247398,0.009119286201894283,1.0263193845748901,,,,,,,,,,,,,,,,,,,,,,,,,,,,,,,,,,,,,,,,,,,,,,,,,,,,,,,,,,,,,,,,,,,,,,,,
0.0009668234230353518,205,,,,,,,,,,,,,,,,,,,,,,,,,,,,,,,,,,,,,,,,,,,,,,,,,,,,,,,,,,,,,,,,,,,,,,,,,,,,,,,,,,,
,205,1.418071985244751,1.418071985244751,0.001025930978357792,0.01372635830193758,1.418071985244751,205,,,,,,,,,,,,,,,,,,,,,,,,,,,,,,,,,,,,,,,,,,,,,,,,,,,,,,,,,,,,,,,,,,,,,,,,,,,,,
,205,,,,,,205,1.418071985244751,1.418071985244751,0.001025930978357792,0.01372635830193758,1.418071985244751,,,,,,,,,,,,,,,,,,,,,,,,,,,,,,,,,,,,,,,,,,,,,,,,,,,,,,,,,,,,,,,,,,,,,,,,
0.0009661957387071478,206,,,,,,,,,,,,,,,,,,,,,,,,,,,,,,,,,,,,,,,,,,,,,,,,,,,,,,,,,,,,,,,,,,,,,,,,,,,,,,,,,,,
,206,1.779072642326355,1.779072642326355,0.0010388215305283666,0.010331538505852222,1.779072642326355,206,,,,,,,,,,,,,,,,,,,,,,,,,,,,,,,,,,,,,,,,,,,,,,,,,,,,,,,,,,,,,,,,,,,,,,,,,,,,,
,206,,,,,,206,1.779072642326355,1.779072642326355,0.0010388215305283666,0.010331538505852222,1.779072642326355,,,,,,,,,,,,,,,,,,,,,,,,,,,,,,,,,,,,,,,,,,,,,,,,,,,,,,,,,,,,,,,,,,,,,,,,
0.0009655623800233325,207,,,,,,,,,,,,,,,,,,,,,,,,,,,,,,,,,,,,,,,,,,,,,,,,,,,,,,,,,,,,,,,,,,,,,,,,,,,,,,,,,,,
,207,1.547471046447754,1.547471046447754,0.0010517671471461654,0.007149092387408018,1.547471046447754,207,,,,,,,,,,,,,,,,,,,,,,,,,,,,,,,,,,,,,,,,,,,,,,,,,,,,,,,,,,,,,,,,,,,,,,,,,,,,,
,207,,,,,,207,1.547471046447754,1.547471046447754,0.0010517671471461654,0.007149092387408018,1.547471046447754,,,,,,,,,,,,,,,,,,,,,,,,,,,,,,,,,,,,,,,,,,,,,,,,,,,,,,,,,,,,,,,,,,,,,,,,
0.0009649233547011811,208,,,,,,,,,,,,,,,,,,,,,,,,,,,,,,,,,,,,,,,,,,,,,,,,,,,,,,,,,,,,,,,,,,,,,,,,,,,,,,,,,,,
,208,1.470680594444275,1.4693094491958618,0.0010647638700902462,0.02380482852458954,1.4693094491958618,208,,,,,,,,,,,,,,,,,,,,,,,,,,,,,,,,,,,,,,,,,,,,,,,,,,,,,,,,,,,,,,,,,,,,,,,,,,,,,
,208,,,,,,208,1.470680594444275,1.4693094491958618,0.0010647638700902462,0.02380482852458954,1.4693094491958618,,,,,,,,,,,,,,,,,,,,,,,,,,,,,,,,,,,,,,,,,,,,,,,,,,,,,,,,,,,,,,,,,,,,,,,,
0.0009642786705270159,209,,,,,,,,,,,,,,,,,,,,,,,,,,,,,,,,,,,,,,,,,,,,,,,,,,,,,,,,,,,,,,,,,,,,,,,,,,,,,,,,,,,
,209,1.173349142074585,1.173349142074585,0.0010776809649541974,0.010971480049192905,1.173349142074585,209,,,,,,,,,,,,,,,,,,,,,,,,,,,,,,,,,,,,,,,,,,,,,,,,,,,,,,,,,,,,,,,,,,,,,,,,,,,,,
,209,,,,,,209,1.173349142074585,1.173349142074585,0.0010776809649541974,0.010971480049192905,1.173349142074585,,,,,,,,,,,,,,,,,,,,,,,,,,,,,,,,,,,,,,,,,,,,,,,,,,,,,,,,,,,,,,,,,,,,,,,,
0.00096362833535611,210,,,,,,,,,,,,,,,,,,,,,,,,,,,,,,,,,,,,,,,,,,,,,,,,,,,,,,,,,,,,,,,,,,,,,,,,,,,,,,,,,,,
,210,1.3762353658676147,1.3722124099731445,0.001090655685402453,0.006037391722202301,1.3722124099731445,210,,,,,,,,,,,,,,,,,,,,,,,,,,,,,,,,,,,,,,,,,,,,,,,,,,,,,,,,,,,,,,,,,,,,,,,,,,,,,
,210,,,,,,210,1.3762353658676147,1.3722124099731445,0.001090655685402453,0.006037391722202301,1.3722124099731445,,,,,,,,,,,,,,,,,,,,,,,,,,,,,,,,,,,,,,,,,,,,,,,,,,,,,,,,,,,,,,,,,,,,,,,,
0.0009629723571125921,211,,,,,,,,,,,,,,,,,,,,,,,,,,,,,,,,,,,,,,,,,,,,,,,,,,,,,,,,,,,,,,,,,,,,,,,,,,,,,,,,,,,
,211,1.1121723651885986,1.1121723651885986,0.0011032079346477985,0.005167532246559858,1.1121723651885986,211,,,,,,,,,,,,,,,,,,,,,,,,,,,,,,,,,,,,,,,,,,,,,,,,,,,,,,,,,,,,,,,,,,,,,,,,,,,,,
,211,,,,,,211,1.1121723651885986,1.1121723651885986,0.0011032079346477985,0.005167532246559858,1.1121723651885986,,,,,,,,,,,,,,,,,,,,,,,,,,,,,,,,,,,,,,,,,,,,,,,,,,,,,,,,,,,,,,,,,,,,,,,,
0.0009623107437893501,212,,,,,,,,,,,,,,,,,,,,,,,,,,,,,,,,,,,,,,,,,,,,,,,,,,,,,,,,,,,,,,,,,,,,,,,,,,,,,,,,,,,
,212,1.4017928838729858,1.4028369188308716,0.0011158569250255823,0.007915286347270012,1.4028369188308716,212,,,,,,,,,,,,,,,,,,,,,,,,,,,,,,,,,,,,,,,,,,,,,,,,,,,,,,,,,,,,,,,,,,,,,,,,,,,,,
,212,,,,,,212,1.4017928838729858,1.4028369188308716,0.0011158569250255823,0.007915286347270012,1.4028369188308716,,,,,,,,,,,,,,,,,,,,,,,,,,,,,,,,,,,,,,,,,,,,,,,,,,,,,,,,,,,,,,,,,,,,,,,,
0.0009616435034479336,213,,,,,,,,,,,,,,,,,,,,,,,,,,,,,,,,,,,,,,,,,,,,,,,,,,,,,,,,,,,,,,,,,,,,,,,,,,,,,,,,,,,
,213,1.0916603803634644,1.0916603803634644,0.0011284092906862497,0.004671811126172543,1.0916603803634644,213,,,,,,,,,,,,,,,,,,,,,,,,,,,,,,,,,,,,,,,,,,,,,,,,,,,,,,,,,,,,,,,,,,,,,,,,,,,,,
,213,,,,,,213,1.0916603803634644,1.0916603803634644,0.0011284092906862497,0.004671811126172543,1.0916603803634644,,,,,,,,,,,,,,,,,,,,,,,,,,,,,,,,,,,,,,,,,,,,,,,,,,,,,,,,,,,,,,,,,,,,,,,,
0.0009609706442184556,214,,,,,,,,,,,,,,,,,,,,,,,,,,,,,,,,,,,,,,,,,,,,,,,,,,,,,,,,,,,,,,,,,,,,,,,,,,,,,,,,,,,
,214,1.1530194282531738,1.1530194282531738,0.001141062006354332,0.005905659403651953,1.1530194282531738,214,,,,,,,,,,,,,,,,,,,,,,,,,,,,,,,,,,,,,,,,,,,,,,,,,,,,,,,,,,,,,,,,,,,,,,,,,,,,,
,214,,,,,,214,1.1530194282531738,1.1530194282531738,0.001141062006354332,0.005905659403651953,1.1530194282531738,,,,,,,,,,,,,,,,,,,,,,,,,,,,,,,,,,,,,,,,,,,,,,,,,,,,,,,,,,,,,,,,,,,,,,,,
0.0009602921742994936,215,,,,,,,,,,,,,,,,,,,,,,,,,,,,,,,,,,,,,,,,,,,,,,,,,,,,,,,,,,,,,,,,,,,,,,,,,,,,,,,,,,,
,215,1.4483537673950195,1.4500038623809814,0.0011538064572960138,0.006459780968725681,1.4500038623809814,215,,,,,,,,,,,,,,,,,,,,,,,,,,,,,,,,,,,,,,,,,,,,,,,,,,,,,,,,,,,,,,,,,,,,,,,,,,,,,
,215,,,,,,215,1.4483537673950195,1.4500038623809814,0.0011538064572960138,0.006459780968725681,1.4500038623809814,,,,,,,,,,,,,,,,,,,,,,,,,,,,,,,,,,,,,,,,,,,,,,,,,,,,,,,,,,,,,,,,,,,,,,,,
0.0009596081019579892,216,,,,,,,,,,,,,,,,,,,,,,,,,,,,,,,,,,,,,,,,,,,,,,,,,,,,,,,,,,,,,,,,,,,,,,,,,,,,,,,,,,,
,216,1.3578884601593018,1.3535475730895996,0.001166635425761342,0.007290820591151714,1.3535475730895996,216,,,,,,,,,,,,,,,,,,,,,,,,,,,,,,,,,,,,,,,,,,,,,,,,,,,,,,,,,,,,,,,,,,,,,,,,,,,,,
,216,,,,,,216,1.3578884601593018,1.3535475730895996,0.001166635425761342,0.007290820591151714,1.3535475730895996,,,,,,,,,,,,,,,,,,,,,,,,,,,,,,,,,,,,,,,,,,,,,,,,,,,,,,,,,,,,,,,,,,,,,,,,
0.0009589184355291481,217,,,,,,,,,,,,,,,,,,,,,,,,,,,,,,,,,,,,,,,,,,,,,,,,,,,,,,,,,,,,,,,,,,,,,,,,,,,,,,,,,,,
,217,1.038703203201294,1.038703203201294,0.0011791394790634513,0.006416930351406336,1.038703203201294,217,,,,,,,,,,,,,,,,,,,,,,,,,,,,,,,,,,,,,,,,,,,,,,,,,,,,,,,,,,,,,,,,,,,,,,,,,,,,,
,217,,,,,,217,1.038703203201294,1.038703203201294,0.0011791394790634513,0.006416930351406336,1.038703203201294,,,,,,,,,,,,,,,,,,,,,,,,,,,,,,,,,,,,,,,,,,,,,,,,,,,,,,,,,,,,,,,,,,,,,,,,
0.0009582231834163383,218,,,,,,,,,,,,,,,,,,,,,,,,,,,,,,,,,,,,,,,,,,,,,,,,,,,,,,,,,,,,,,,,,,,,,,,,,,,,,,,,,,,
,218,2.10284686088562,2.089402914047241,0.001191754825413227,0.009304836392402649,2.089402914047241,218,,,,,,,,,,,,,,,,,,,,,,,,,,,,,,,,,,,,,,,,,,,,,,,,,,,,,,,,,,,,,,,,,,,,,,,,,,,,,
,218,,,,,,218,2.10284686088562,2.089402914047241,0.001191754825413227,0.009304836392402649,2.089402914047241,,,,,,,,,,,,,,,,,,,,,,,,,,,,,,,,,,,,,,,,,,,,,,,,,,,,,,,,,,,,,,,,,,,,,,,,
0.0009575223540909871,219,,,,,,,,,,,,,,,,,,,,,,,,,,,,,,,,,,,,,,,,,,,,,,,,,,,,,,,,,,,,,,,,,,,,,,,,,,,,,,,,,,,
,219,1.2301733493804932,1.2274545431137085,0.0012041322188451886,0.005890015047043562,1.2274545431137085,219,,,,,,,,,,,,,,,,,,,,,,,,,,,,,,,,,,,,,,,,,,,,,,,,,,,,,,,,,,,,,,,,,,,,,,,,,,,,,
,219,,,,,,219,1.2301733493804932,1.2274545431137085,0.0012041322188451886,0.005890015047043562,1.2274545431137085,,,,,,,,,,,,,,,,,,,,,,,,,,,,,,,,,,,,,,,,,,,,,,,,,,,,,,,,,,,,,,,,,,,,,,,,
0.0009568159560924787,220,,,,,,,,,,,,,,,,,,,,,,,,,,,,,,,,,,,,,,,,,,,,,,,,,,,,,,,,,,,,,,,,,,,,,,,,,,,,,,,,,,,
,220,2.1557068824768066,2.1557068824768066,0.0012164722429588437,0.019806062802672386,2.1557068824768066,220,,,,,,,,,,,,,,,,,,,,,,,,,,,,,,,,,,,,,,,,,,,,,,,,,,,,,,,,,,,,,,,,,,,,,,,,,,,,,
,220,,,,,,220,2.1557068824768066,2.1557068824768066,0.0012164722429588437,0.019806062802672386,2.1557068824768066,,,,,,,,,,,,,,,,,,,,,,,,,,,,,,,,,,,,,,,,,,,,,,,,,,,,,,,,,,,,,,,,,,,,,,,,
0.00095610399802805,221,,,,,,,,,,,,,,,,,,,,,,,,,,,,,,,,,,,,,,,,,,,,,,,,,,,,,,,,,,,,,,,,,,,,,,,,,,,,,,,,,,,
,221,1.0805208683013916,1.0805208683013916,0.0012289441656321287,0.006395652890205383,1.0805208683013916,221,,,,,,,,,,,,,,,,,,,,,,,,,,,,,,,,,,,,,,,,,,,,,,,,,,,,,,,,,,,,,,,,,,,,,,,,,,,,,
,221,,,,,,221,1.0805208683013916,1.0805208683013916,0.0012289441656321287,0.006395652890205383,1.0805208683013916,,,,,,,,,,,,,,,,,,,,,,,,,,,,,,,,,,,,,,,,,,,,,,,,,,,,,,,,,,,,,,,,,,,,,,,,
0.000955386488572685,222,,,,,,,,,,,,,,,,,,,,,,,,,,,,,,,,,,,,,,,,,,,,,,,,,,,,,,,,,,,,,,,,,,,,,,,,,,,,,,,,,,,
,222,1.1766022443771362,1.1766022443771362,0.0012415371602401137,0.005035013426095247,1.1766022443771362,222,,,,,,,,,,,,,,,,,,,,,,,,,,,,,,,,,,,,,,,,,,,,,,,,,,,,,,,,,,,,,,,,,,,,,,,,,,,,,
,222,,,,,,222,1.1766022443771362,1.1766022443771362,0.0012415371602401137,0.005035013426095247,1.1766022443771362,,,,,,,,,,,,,,,,,,,,,,,,,,,,,,,,,,,,,,,,,,,,,,,,,,,,,,,,,,,,,,,,,,,,,,,,
0.0009546634364690105,223,,,,,,,,,,,,,,,,,,,,,,,,,,,,,,,,,,,,,,,,,,,,,,,,,,,,,,,,,,,,,,,,,,,,,,,,,,,,,,,,,,,
,223,0.9704923629760742,0.9704923629760742,0.001254240283742547,0.004117722623050213,0.9704923629760742,223,,,,,,,,,,,,,,,,,,,,,,,,,,,,,,,,,,,,,,,,,,,,,,,,,,,,,,,,,,,,,,,,,,,,,,,,,,,,,
,223,,,,,,223,0.9704923629760742,0.9704923629760742,0.001254240283742547,0.004117722623050213,0.9704923629760742,,,,,,,,,,,,,,,,,,,,,,,,,,,,,,,,,,,,,,,,,,,,,,,,,,,,,,,,,,,,,,,,,,,,,,,,
0.0009539348505271876,224,,,,,,,,,,,,,,,,,,,,,,,,,,,,,,,,,,,,,,,,,,,,,,,,,,,,,,,,,,,,,,,,,,,,,,,,,,,,,,,,,,,
,224,1.4597138166427612,1.4597138166427612,0.0012643393129110336,0.006582078989595175,1.4597138166427612,224,,,,,,,,,,,,,,,,,,,,,,,,,,,,,,,,,,,,,,,,,,,,,,,,,,,,,,,,,,,,,,,,,,,,,,,,,,,,,
,224,,,,,,224,1.4597138166427612,1.4597138166427612,0.0012643393129110336,0.006582078989595175,1.4597138166427612,,,,,,,,,,,,,,,,,,,,,,,,,,,,,,,,,,,,,,,,,,,,,,,,,,,,,,,,,,,,,,,,,,,,,,,,
0.0009532007396248064,225,,,,,,,,,,,,,,,,,,,,,,,,,,,,,,,,,,,,,,,,,,,,,,,,,,,,,,,,,,,,,,,,,,,,,,,,,,,,,,,,,,,
,225,1.0096735954284668,1.0097873210906982,0.001274797017686069,0.005042482633143663,1.0097873210906982,225,,,,,,,,,,,,,,,,,,,,,,,,,,,,,,,,,,,,,,,,,,,,,,,,,,,,,,,,,,,,,,,,,,,,,,,,,,,,,
,225,,,,,,225,1.0096735954284668,1.0097873210906982,0.001274797017686069,0.005042482633143663,1.0097873210906982,,,,,,,,,,,,,,,,,,,,,,,,,,,,,,,,,,,,,,,,,,,,,,,,,,,,,,,,,,,,,,,,,,,,,,,,
0.0009524611127067765,226,,,,,,,,,,,,,,,,,,,,,,,,,,,,,,,,,,,,,,,,,,,,,,,,,,,,,,,,,,,,,,,,,,,,,,,,,,,,,,,,,,,
,226,0.9557344317436218,0.9557344317436218,0.0012842705473303795,0.004054237622767687,0.9557344317436218,226,,,,,,,,,,,,,,,,,,,,,,,,,,,,,,,,,,,,,,,,,,,,,,,,,,,,,,,,,,,,,,,,,,,,,,,,,,,,,
,226,,,,,,226,0.9557344317436218,0.9557344317436218,0.0012842705473303795,0.004054237622767687,0.9557344317436218,,,,,,,,,,,,,,,,,,,,,,,,,,,,,,,,,,,,,,,,,,,,,,,,,,,,,,,,,,,,,,,,,,,,,,,,
0.0009517159787852185,227,,,,,,,,,,,,,,,,,,,,,,,,,,,,,,,,,,,,,,,,,,,,,,,,,,,,,,,,,,,,,,,,,,,,,,,,,,,,,,,,,,,
,227,1.3819446563720703,1.3819446563720703,0.001291452324949205,0.009750178083777428,1.3819446563720703,227,,,,,,,,,,,,,,,,,,,,,,,,,,,,,,,,,,,,,,,,,,,,,,,,,,,,,,,,,,,,,,,,,,,,,,,,,,,,,
,227,,,,,,227,1.3819446563720703,1.3819446563720703,0.001291452324949205,0.009750178083777428,1.3819446563720703,,,,,,,,,,,,,,,,,,,,,,,,,,,,,,,,,,,,,,,,,,,,,,,,,,,,,,,,,,,,,,,,,,,,,,,,
0.000950965346939354,228,,,,,,,,,,,,,,,,,,,,,,,,,,,,,,,,,,,,,,,,,,,,,,,,,,,,,,,,,,,,,,,,,,,,,,,,,,,,,,,,,,,
,228,1.0664210319519043,1.0657213926315308,0.0012992846313863993,0.00997164100408554,1.0657213926315308,228,,,,,,,,,,,,,,,,,,,,,,,,,,,,,,,,,,,,,,,,,,,,,,,,,,,,,,,,,,,,,,,,,,,,,,,,,,,,,
,228,,,,,,228,1.0664210319519043,1.0657213926315308,0.0012992846313863993,0.00997164100408554,1.0657213926315308,,,,,,,,,,,,,,,,,,,,,,,,,,,,,,,,,,,,,,,,,,,,,,,,,,,,,,,,,,,,,,,,,,,,,,,,
0.0009502092263153953,229,,,,,,,,,,,,,,,,,,,,,,,,,,,,,,,,,,,,,,,,,,,,,,,,,,,,,,,,,,,,,,,,,,,,,,,,,,,,,,,,,,,
,229,1.3380122184753418,1.3316699266433716,0.0013069630367681384,0.007184100337326527,1.3316699266433716,229,,,,,,,,,,,,,,,,,,,,,,,,,,,,,,,,,,,,,,,,,,,,,,,,,,,,,,,,,,,,,,,,,,,,,,,,,,,,,
,229,,,,,,229,1.3380122184753418,1.3316699266433716,0.0013069630367681384,0.007184100337326527,1.3316699266433716,,,,,,,,,,,,,,,,,,,,,,,,,,,,,,,,,,,,,,,,,,,,,,,,,,,,,,,,,,,,,,,,,,,,,,,,
0.0009494476261264335,230,,,,,,,,,,,,,,,,,,,,,,,,,,,,,,,,,,,,,,,,,,,,,,,,,,,,,,,,,,,,,,,,,,,,,,,,,,,,,,,,,,,
,230,1.0357513427734375,1.0357513427734375,0.001314565073698759,0.004545492585748434,1.0357513427734375,230,,,,,,,,,,,,,,,,,,,,,,,,,,,,,,,,,,,,,,,,,,,,,,,,,,,,,,,,,,,,,,,,,,,,,,,,,,,,,
,230,,,,,,230,1.0357513427734375,1.0357513427734375,0.001314565073698759,0.004545492585748434,1.0357513427734375,,,,,,,,,,,,,,,,,,,,,,,,,,,,,,,,,,,,,,,,,,,,,,,,,,,,,,,,,,,,,,,,,,,,,,,,
0.0009486805556523267,231,,,,,,,,,,,,,,,,,,,,,,,,,,,,,,,,,,,,,,,,,,,,,,,,,,,,,,,,,,,,,,,,,,,,,,,,,,,,,,,,,,,
,231,1.0322535037994385,1.0322535037994385,0.0013227806193754077,0.005019158590584993,1.0322535037994385,231,,,,,,,,,,,,,,,,,,,,,,,,,,,,,,,,,,,,,,,,,,,,,,,,,,,,,,,,,,,,,,,,,,,,,,,,,,,,,
,231,,,,,,231,1.0322535037994385,1.0322535037994385,0.0013227806193754077,0.005019158590584993,1.0322535037994385,,,,,,,,,,,,,,,,,,,,,,,,,,,,,,,,,,,,,,,,,,,,,,,,,,,,,,,,,,,,,,,,,,,,,,,,
0.0009479080242395865,232,,,,,,,,,,,,,,,,,,,,,,,,,,,,,,,,,,,,,,,,,,,,,,,,,,,,,,,,,,,,,,,,,,,,,,,,,,,,,,,,,,,
,232,1.1071693897247314,1.1071693897247314,0.001331550651229918,0.004710428882390261,1.1071693897247314,232,,,,,,,,,,,,,,,,,,,,,,,,,,,,,,,,,,,,,,,,,,,,,,,,,,,,,,,,,,,,,,,,,,,,,,,,,,,,,
,232,,,,,,232,1.1071693897247314,1.1071693897247314,0.001331550651229918,0.004710428882390261,1.1071693897247314,,,,,,,,,,,,,,,,,,,,,,,,,,,,,,,,,,,,,,,,,,,,,,,,,,,,,,,,,,,,,,,,,,,,,,,,
0.0009471300413012642,233,,,,,,,,,,,,,,,,,,,,,,,,,,,,,,,,,,,,,,,,,,,,,,,,,,,,,,,,,,,,,,,,,,,,,,,,,,,,,,,,,,,
,233,1.4250977039337158,1.4250977039337158,0.0013408218510448933,0.006110002752393484,1.4250977039337158,233,,,,,,,,,,,,,,,,,,,,,,,,,,,,,,,,,,,,,,,,,,,,,,,,,,,,,,,,,,,,,,,,,,,,,,,,,,,,,
,233,,,,,,233,1.4250977039337158,1.4250977039337158,0.0013408218510448933,0.006110002752393484,1.4250977039337158,,,,,,,,,,,,,,,,,,,,,,,,,,,,,,,,,,,,,,,,,,,,,,,,,,,,,,,,,,,,,,,,,,,,,,,,
0.0009463466163168365,234,,,,,,,,,,,,,,,,,,,,,,,,,,,,,,,,,,,,,,,,,,,,,,,,,,,,,,,,,,,,,,,,,,,,,,,,,,,,,,,,,,,
,234,0.9199388027191162,0.9199388027191162,0.001350546139292419,0.003960820380598307,0.9199388027191162,234,,,,,,,,,,,,,,,,,,,,,,,,,,,,,,,,,,,,,,,,,,,,,,,,,,,,,,,,,,,,,,,,,,,,,,,,,,,,,
,234,,,,,,234,0.9199388027191162,0.9199388027191162,0.001350546139292419,0.003960820380598307,0.9199388027191162,,,,,,,,,,,,,,,,,,,,,,,,,,,,,,,,,,,,,,,,,,,,,,,,,,,,,,,,,,,,,,,,,,,,,,,,
0.0009455577588320895,235,,,,,,,,,,,,,,,,,,,,,,,,,,,,,,,,,,,,,,,,,,,,,,,,,,,,,,,,,,,,,,,,,,,,,,,,,,,,,,,,,,,
,235,1.3732579946517944,1.3732579946517944,0.0013579404912889004,0.010526466183364391,1.3732579946517944,235,,,,,,,,,,,,,,,,,,,,,,,,,,,,,,,,,,,,,,,,,,,,,,,,,,,,,,,,,,,,,,,,,,,,,,,,,,,,,
,235,,,,,,235,1.3732579946517944,1.3732579946517944,0.0013579404912889004,0.010526466183364391,1.3732579946517944,,,,,,,,,,,,,,,,,,,,,,,,,,,,,,,,,,,,,,,,,,,,,,,,,,,,,,,,,,,,,,,,,,,,,,,,
0.0009447634784590029,236,,,,,,,,,,,,,,,,,,,,,,,,,,,,,,,,,,,,,,,,,,,,,,,,,,,,,,,,,,,,,,,,,,,,,,,,,,,,,,,,,,,
,236,0.95042484998703,0.95042484998703,0.001365975709632039,0.004053179174661636,0.95042484998703,236,,,,,,,,,,,,,,,,,,,,,,,,,,,,,,,,,,,,,,,,,,,,,,,,,,,,,,,,,,,,,,,,,,,,,,,,,,,,,
,236,,,,,,236,0.95042484998703,0.95042484998703,0.001365975709632039,0.004053179174661636,0.95042484998703,,,,,,,,,,,,,,,,,,,,,,,,,,,,,,,,,,,,,,,,,,,,,,,,,,,,,,,,,,,,,,,,,,,,,,,,
0.0009439637848756322,237,,,,,,,,,,,,,,,,,,,,,,,,,,,,,,,,,,,,,,,,,,,,,,,,,,,,,,,,,,,,,,,,,,,,,,,,,,,,,,,,,,,
,237,1.1788833141326904,1.1788833141326904,0.0013718445552513003,0.015806475654244423,1.1788833141326904,237,,,,,,,,,,,,,,,,,,,,,,,,,,,,,,,,,,,,,,,,,,,,,,,,,,,,,,,,,,,,,,,,,,,,,,,,,,,,,
,237,,,,,,237,1.1788833141326904,1.1788833141326904,0.0013718445552513003,0.015806475654244423,1.1788833141326904,,,,,,,,,,,,,,,,,,,,,,,,,,,,,,,,,,,,,,,,,,,,,,,,,,,,,,,,,,,,,,,,,,,,,,,,
0.0009431586878259915,238,,,,,,,,,,,,,,,,,,,,,,,,,,,,,,,,,,,,,,,,,,,,,,,,,,,,,,,,,,,,,,,,,,,,,,,,,,,,,,,,,,,
,238,1.3020524978637695,1.3020524978637695,0.0013785072369500995,0.010940373875200748,1.3020524978637695,238,,,,,,,,,,,,,,,,,,,,,,,,,,,,,,,,,,,,,,,,,,,,,,,,,,,,,,,,,,,,,,,,,,,,,,,,,,,,,
,238,,,,,,238,1.3020524978637695,1.3020524978637695,0.0013785072369500995,0.010940373875200748,1.3020524978637695,,,,,,,,,,,,,,,,,,,,,,,,,,,,,,,,,,,,,,,,,,,,,,,,,,,,,,,,,,,,,,,,,,,,,,,,
0.0009423481971199342,239,,,,,,,,,,,,,,,,,,,,,,,,,,,,,,,,,,,,,,,,,,,,,,,,,,,,,,,,,,,,,,,,,,,,,,,,,,,,,,,,,,,
,239,1.0672481060028076,1.0662184953689575,0.001385886687785387,0.012136890552937984,1.0662184953689575,239,,,,,,,,,,,,,,,,,,,,,,,,,,,,,,,,,,,,,,,,,,,,,,,,,,,,,,,,,,,,,,,,,,,,,,,,,,,,,
,239,,,,,,239,1.0672481060028076,1.0662184953689575,0.001385886687785387,0.012136890552937984,1.0662184953689575,,,,,,,,,,,,,,,,,,,,,,,,,,,,,,,,,,,,,,,,,,,,,,,,,,,,,,,,,,,,,,,,,,,,,,,,
0.0009415323226330338,240,,,,,,,,,,,,,,,,,,,,,,,,,,,,,,,,,,,,,,,,,,,,,,,,,,,,,,,,,,,,,,,,,,,,,,,,,,,,,,,,,,,
,240,0.8533353209495544,0.8533353209495544,0.001393021084368229,0.0038517676293849945,0.8533353209495544,240,,,,,,,,,,,,,,,,,,,,,,,,,,,,,,,,,,,,,,,,,,,,,,,,,,,,,,,,,,,,,,,,,,,,,,,,,,,,,
,240,,,,,,240,0.8533353209495544,0.8533353209495544,0.001393021084368229,0.0038517676293849945,0.8533353209495544,,,,,,,,,,,,,,,,,,,,,,,,,,,,,,,,,,,,,,,,,,,,,,,,,,,,,,,,,,,,,,,,,,,,,,,,
0.0009407110743064634,241,,,,,,,,,,,,,,,,,,,,,,,,,,,,,,,,,,,,,,,,,,,,,,,,,,,,,,,,,,,,,,,,,,,,,,,,,,,,,,,,,,,
,241,0.9786240458488464,0.9788541793823242,0.0013980717631056905,0.004758394323289394,0.9788541793823242,241,,,,,,,,,,,,,,,,,,,,,,,,,,,,,,,,,,,,,,,,,,,,,,,,,,,,,,,,,,,,,,,,,,,,,,,,,,,,,
,241,,,,,,241,0.9786240458488464,0.9788541793823242,0.0013980717631056905,0.004758394323289394,0.9788541793823242,,,,,,,,,,,,,,,,,,,,,,,,,,,,,,,,,,,,,,,,,,,,,,,,,,,,,,,,,,,,,,,,,,,,,,,,
0.0009398844621468747,242,,,,,,,,,,,,,,,,,,,,,,,,,,,,,,,,,,,,,,,,,,,,,,,,,,,,,,,,,,,,,,,,,,,,,,,,,,,,,,,,,,,
,242,0.9341155886650085,0.9341155886650085,0.0014015157939866185,0.00484477961435914,0.9341155886650085,242,,,,,,,,,,,,,,,,,,,,,,,,,,,,,,,,,,,,,,,,,,,,,,,,,,,,,,,,,,,,,,,,,,,,,,,,,,,,,
,242,,,,,,242,0.9341155886650085,0.9341155886650085,0.0014015157939866185,0.00484477961435914,0.9341155886650085,,,,,,,,,,,,,,,,,,,,,,,,,,,,,,,,,,,,,,,,,,,,,,,,,,,,,,,,,,,,,,,,,,,,,,,,
0.000939052496226276,243,,,,,,,,,,,,,,,,,,,,,,,,,,,,,,,,,,,,,,,,,,,,,,,,,,,,,,,,,,,,,,,,,,,,,,,,,,,,,,,,,,,
,243,1.1666254997253418,1.1666254997253418,0.0014032379258424044,0.005220371764153242,1.1666254997253418,243,,,,,,,,,,,,,,,,,,,,,,,,,,,,,,,,,,,,,,,,,,,,,,,,,,,,,,,,,,,,,,,,,,,,,,,,,,,,,
,243,,,,,,243,1.1666254997253418,1.1666254997253418,0.0014032379258424044,0.005220371764153242,1.1666254997253418,,,,,,,,,,,,,,,,,,,,,,,,,,,,,,,,,,,,,,,,,,,,,,,,,,,,,,,,,,,,,,,,,,,,,,,,
0.0009382151866819096,244,,,,,,,,,,,,,,,,,,,,,,,,,,,,,,,,,,,,,,,,,,,,,,,,,,,,,,,,,,,,,,,,,,,,,,,,,,,,,,,,,,,
,244,0.8092455863952637,0.8092455863952637,0.0014061705442145467,0.006297080311924219,0.8092455863952637,244,,,,,,,,,,,,,,,,,,,,,,,,,,,,,,,,,,,,,,,,,,,,,,,,,,,,,,,,,,,,,,,,,,,,,,,,,,,,,
,244,,,,,,244,0.8092455863952637,0.8092455863952637,0.0014061705442145467,0.006297080311924219,0.8092455863952637,,,,,,,,,,,,,,,,,,,,,,,,,,,,,,,,,,,,,,,,,,,,,,,,,,,,,,,,,,,,,,,,,,,,,,,,
0.000937372543716128,245,,,,,,,,,,,,,,,,,,,,,,,,,,,,,,,,,,,,,,,,,,,,,,,,,,,,,,,,,,,,,,,,,,,,,,,,,,,,,,,,,,,
,245,1.0086392164230347,1.0087209939956665,0.0014074293430894613,0.006243483163416386,1.0087209939956665,245,,,,,,,,,,,,,,,,,,,,,,,,,,,,,,,,,,,,,,,,,,,,,,,,,,,,,,,,,,,,,,,,,,,,,,,,,,,,,
,245,,,,,,245,1.0086392164230347,1.0087209939956665,0.0014074293430894613,0.006243483163416386,1.0087209939956665,,,,,,,,,,,,,,,,,,,,,,,,,,,,,,,,,,,,,,,,,,,,,,,,,,,,,,,,,,,,,,,,,,,,,,,,
0.0009365245775962696,246,,,,,,,,,,,,,,,,,,,,,,,,,,,,,,,,,,,,,,,,,,,,,,,,,,,,,,,,,,,,,,,,,,,,,,,,,,,,,,,,,,,
,246,0.8162401914596558,0.8162401914596558,0.0014086508890613914,0.00787238497287035,0.8162401914596558,246,,,,,,,,,,,,,,,,,,,,,,,,,,,,,,,,,,,,,,,,,,,,,,,,,,,,,,,,,,,,,,,,,,,,,,,,,,,,,
,246,,,,,,246,0.8162401914596558,0.8162401914596558,0.0014086508890613914,0.00787238497287035,0.8162401914596558,,,,,,,,,,,,,,,,,,,,,,,,,,,,,,,,,,,,,,,,,,,,,,,,,,,,,,,,,,,,,,,,,,,,,,,,
0.0009356712986545343,247,,,,,,,,,,,,,,,,,,,,,,,,,,,,,,,,,,,,,,,,,,,,,,,,,,,,,,,,,,,,,,,,,,,,,,,,,,,,,,,,,,,
,247,1.3038909435272217,1.3038909435272217,0.0014083647402003407,0.009750851429998875,1.3038909435272217,247,,,,,,,,,,,,,,,,,,,,,,,,,,,,,,,,,,,,,,,,,,,,,,,,,,,,,,,,,,,,,,,,,,,,,,,,,,,,,
,247,,,,,,247,1.3038909435272217,1.3038909435272217,0.0014083647402003407,0.009750851429998875,1.3038909435272217,,,,,,,,,,,,,,,,,,,,,,,,,,,,,,,,,,,,,,,,,,,,,,,,,,,,,,,,,,,,,,,,,,,,,,,,
0.0009348127172878566,248,,,,,,,,,,,,,,,,,,,,,,,,,,,,,,,,,,,,,,,,,,,,,,,,,,,,,,,,,,,,,,,,,,,,,,,,,,,,,,,,,,,
,248,0.8185968399047852,0.8185968399047852,0.0014094925718382,0.003476161742582917,0.8185968399047852,248,,,,,,,,,,,,,,,,,,,,,,,,,,,,,,,,,,,,,,,,,,,,,,,,,,,,,,,,,,,,,,,,,,,,,,,,,,,,,
,248,,,,,,248,0.8185968399047852,0.8185968399047852,0.0014094925718382,0.003476161742582917,0.8185968399047852,,,,,,,,,,,,,,,,,,,,,,,,,,,,,,,,,,,,,,,,,,,,,,,,,,,,,,,,,,,,,,,,,,,,,,,,
0.0009339488439577795,249,,,,,,,,,,,,,,,,,,,,,,,,,,,,,,,,,,,,,,,,,,,,,,,,,,,,,,,,,,,,,,,,,,,,,,,,,,,,,,,,,,,
,249,1.4803712368011475,1.4803712368011475,0.0014091194607317448,0.021102072671055794,1.4803712368011475,249,,,,,,,,,,,,,,,,,,,,,,,,,,,,,,,,,,,,,,,,,,,,,,,,,,,,,,,,,,,,,,,,,,,,,,,,,,,,,
,249,,,,,,249,,,,,,1.8168003559112549,1.8168003559112549,0.001410171389579773,0.012794769369065762,1.8168003559112549,1.0094964504241943,1.0094964504241943,0.001410171389579773,0.02734381891787052,1.0094964504241943,-0.062008086591959,0.17639875411987305,0.290498286485672,0.16276073455810547,0.0935874804854393,0.05039174482226372,0.03663177788257599,0.025891272351145744,0.002785515272989869,0.062008086591959,0.7059802412986755,0.3766811788082123,0.21070533990859985,0.1679389327764511,0.14551223814487457,0.07468876242637634,0.2802511155605316,0.17459571361541748,0.11073675751686096,0.06211737543344498,0.044754430651664734,0.030533624812960625,0.0028850778471678495,0.07093716412782669,34.030399322509766,24.08315086364746,23.948259353637695,29.307565689086914,47.270633697509766,1394.9046630859375,258.9241027832031,-0.06345771253108978,0.18309640884399414,0.2960752844810486,0.16338489949703217,0.09751681238412857,0.055481504648923874,0.038472484797239304,0.023350713774561882,0.0025398617144674063,0.06345771253108978,0.7176911234855652,0.39278271794319153,0.23845326900482178,0.1842966228723526,0.1400725245475769,0.07468876242637634,0.29133084416389465,0.17460662126541138,0.11482763290405273,0.06742937862873077,0.0463680624961853,0.027258291840553284,0.0026223775930702686,0.07218539714813232,35.16436767578125,24.35348129272461,26.028989791870117,32.881065368652344,54.961387634277344,1688.3758544921875,310.294189453125
,249,,,,,,249,1.4803712368011475,1.4803712368011475,0.0014091194607317448,0.021102072671055794,1.4803712368011475,,,,,,,,,,,,,,,,,,,,,,,,,,,,,,,,,,,,,,,,,,,,,,,,,,,,,,,,,,,,,,,,,,,,,,,,
0.000933079689190327,250,,,,,,,,,,,,,,,,,,,,,,,,,,,,,,,,,,,,,,,,,,,,,,,,,,,,,,,,,,,,,,,,,,,,,,,,,,,,,,,,,,,
,250,1.0338752269744873,1.0338752269744873,0.001410171389579773,0.010399305261671543,1.0338752269744873,250,,,,,,,,,,,,,,,,,,,,,,,,,,,,,,,,,,,,,,,,,,,,,,,,,,,,,,,,,,,,,,,,,,,,,,,,,,,,,
,250,,,,,,250,1.0338752269744873,1.0338752269744873,0.001410171389579773,0.010399305261671543,1.0338752269744873,,,,,,,,,,,,,,,,,,,,,,,,,,,,,,,,,,,,,,,,,,,,,,,,,,,,,,,,,,,,,,,,,,,,,,,,
0.0009322052635758753,251,,,,,,,,,,,,,,,,,,,,,,,,,,,,,,,,,,,,,,,,,,,,,,,,,,,,,,,,,,,,,,,,,,,,,,,,,,,,,,,,,,,
,251,1.2905876636505127,1.2905876636505127,0.0014125083107501268,0.007341611664742231,1.2905876636505127,251,,,,,,,,,,,,,,,,,,,,,,,,,,,,,,,,,,,,,,,,,,,,,,,,,,,,,,,,,,,,,,,,,,,,,,,,,,,,,
,251,,,,,,251,1.2905876636505127,1.2905876636505127,0.0014125083107501268,0.007341611664742231,1.2905876636505127,,,,,,,,,,,,,,,,,,,,,,,,,,,,,,,,,,,,,,,,,,,,,,,,,,,,,,,,,,,,,,,,,,,,,,,,
0.0009313255777690249,252,,,,,,,,,,,,,,,,,,,,,,,,,,,,,,,,,,,,,,,,,,,,,,,,,,,,,,,,,,,,,,,,,,,,,,,,,,,,,,,,,,,
,252,0.9933604001998901,0.9933587908744812,0.001416004728525877,0.00421475013718009,0.9933587908744812,252,,,,,,,,,,,,,,,,,,,,,,,,,,,,,,,,,,,,,,,,,,,,,,,,,,,,,,,,,,,,,,,,,,,,,,,,,,,,,
,252,,,,,,252,0.9933604001998901,0.9933587908744812,0.001416004728525877,0.00421475013718009,0.9933587908744812,,,,,,,,,,,,,,,,,,,,,,,,,,,,,,,,,,,,,,,,,,,,,,,,,,,,,,,,,,,,,,,,,,,,,,,,
0.0009304406424884697,253,,,,,,,,,,,,,,,,,,,,,,,,,,,,,,,,,,,,,,,,,,,,,,,,,,,,,,,,,,,,,,,,,,,,,,,,,,,,,,,,,,,
,253,1.5355241298675537,1.5355241298675537,0.0014193156966939569,0.008534879423677921,1.5355241298675537,253,,,,,,,,,,,,,,,,,,,,,,,,,,,,,,,,,,,,,,,,,,,,,,,,,,,,,,,,,,,,,,,,,,,,,,,,,,,,,
,253,,,,,,253,1.5355241298675537,1.5355241298675537,0.0014193156966939569,0.008534879423677921,1.5355241298675537,,,,,,,,,,,,,,,,,,,,,,,,,,,,,,,,,,,,,,,,,,,,,,,,,,,,,,,,,,,,,,,,,,,,,,,,
0.0009295504685168667,254,,,,,,,,,,,,,,,,,,,,,,,,,,,,,,,,,,,,,,,,,,,,,,,,,,,,,,,,,,,,,,,,,,,,,,,,,,,,,,,,,,,
,254,1.207209587097168,1.207209587097168,0.0014236918650567532,0.016780324280261993,1.207209587097168,254,,,,,,,,,,,,,,,,,,,,,,,,,,,,,,,,,,,,,,,,,,,,,,,,,,,,,,,,,,,,,,,,,,,,,,,,,,,,,
,254,,,,,,254,1.207209587097168,1.207209587097168,0.0014236918650567532,0.016780324280261993,1.207209587097168,,,,,,,,,,,,,,,,,,,,,,,,,,,,,,,,,,,,,,,,,,,,,,,,,,,,,,,,,,,,,,,,,,,,,,,,
0.0009286550667007049,255,,,,,,,,,,,,,,,,,,,,,,,,,,,,,,,,,,,,,,,,,,,,,,,,,,,,,,,,,,,,,,,,,,,,,,,,,,,,,,,,,,,
,255,0.9344748854637146,0.9344748854637146,0.0014290288090705872,0.004176448564976454,0.9344748854637146,255,,,,,,,,,,,,,,,,,,,,,,,,,,,,,,,,,,,,,,,,,,,,,,,,,,,,,,,,,,,,,,,,,,,,,,,,,,,,,
,255,,,,,,255,0.9344748854637146,0.9344748854637146,0.0014290288090705872,0.004176448564976454,0.9344748854637146,,,,,,,,,,,,,,,,,,,,,,,,,,,,,,,,,,,,,,,,,,,,,,,,,,,,,,,,,,,,,,,,,,,,,,,,
0.0009277544479501729,256,,,,,,,,,,,,,,,,,,,,,,,,,,,,,,,,,,,,,,,,,,,,,,,,,,,,,,,,,,,,,,,,,,,,,,,,,,,,,,,,,,,
,256,1.0877031087875366,1.0877031087875366,0.0014324410585686564,0.005149750038981438,1.0877031087875366,256,,,,,,,,,,,,,,,,,,,,,,,,,,,,,,,,,,,,,,,,,,,,,,,,,,,,,,,,,,,,,,,,,,,,,,,,,,,,,
,256,,,,,,256,1.0877031087875366,1.0877031087875366,0.0014324410585686564,0.005149750038981438,1.0877031087875366,,,,,,,,,,,,,,,,,,,,,,,,,,,,,,,,,,,,,,,,,,,,,,,,,,,,,,,,,,,,,,,,,,,,,,,,
0.0009268486232390258,257,,,,,,,,,,,,,,,,,,,,,,,,,,,,,,,,,,,,,,,,,,,,,,,,,,,,,,,,,,,,,,,,,,,,,,,,,,,,,,,,,,,
,257,1.046973705291748,1.046973705291748,0.0014369114069268107,0.008048011921346188,1.046973705291748,257,,,,,,,,,,,,,,,,,,,,,,,,,,,,,,,,,,,,,,,,,,,,,,,,,,,,,,,,,,,,,,,,,,,,,,,,,,,,,
,257,,,,,,257,1.046973705291748,1.046973705291748,0.0014369114069268107,0.008048011921346188,1.046973705291748,,,,,,,,,,,,,,,,,,,,,,,,,,,,,,,,,,,,,,,,,,,,,,,,,,,,,,,,,,,,,,,,,,,,,,,,
0.0009259376036044521,258,,,,,,,,,,,,,,,,,,,,,,,,,,,,,,,,,,,,,,,,,,,,,,,,,,,,,,,,,,,,,,,,,,,,,,,,,,,,,,,,,,,
,258,0.9151260256767273,0.9148744940757751,0.001442336244508624,0.003948849625885487,0.9148744940757751,258,,,,,,,,,,,,,,,,,,,,,,,,,,,,,,,,,,,,,,,,,,,,,,,,,,,,,,,,,,,,,,,,,,,,,,,,,,,,,
,258,,,,,,258,0.9151260256767273,0.9148744940757751,0.001442336244508624,0.003948849625885487,0.9148744940757751,,,,,,,,,,,,,,,,,,,,,,,,,,,,,,,,,,,,,,,,,,,,,,,,,,,,,,,,,,,,,,,,,,,,,,,,
0.0009250214001469383,259,,,,,,,,,,,,,,,,,,,,,,,,,,,,,,,,,,,,,,,,,,,,,,,,,,,,,,,,,,,,,,,,,,,,,,,,,,,,,,,,,,,
,259,1.1019487380981445,1.1007330417633057,0.0014463625848293304,0.004899207036942244,1.1007330417633057,259,,,,,,,,,,,,,,,,,,,,,,,,,,,,,,,,,,,,,,,,,,,,,,,,,,,,,,,,,,,,,,,,,,,,,,,,,,,,,
,259,,,,,,259,1.1019487380981445,1.1007330417633057,0.0014463625848293304,0.004899207036942244,1.1007330417633057,,,,,,,,,,,,,,,,,,,,,,,,,,,,,,,,,,,,,,,,,,,,,,,,,,,,,,,,,,,,,,,,,,,,,,,,
0.0009241000240301344,260,,,,,,,,,,,,,,,,,,,,,,,,,,,,,,,,,,,,,,,,,,,,,,,,,,,,,,,,,,,,,,,,,,,,,,,,,,,,,,,,,,,
,260,1.1924166679382324,1.1924166679382324,0.001450400217436254,0.009297594428062439,1.1924166679382324,260,,,,,,,,,,,,,,,,,,,,,,,,,,,,,,,,,,,,,,,,,,,,,,,,,,,,,,,,,,,,,,,,,,,,,,,,,,,,,
,260,,,,,,260,1.1924166679382324,1.1924166679382324,0.001450400217436254,0.009297594428062439,1.1924166679382324,,,,,,,,,,,,,,,,,,,,,,,,,,,,,,,,,,,,,,,,,,,,,,,,,,,,,,,,,,,,,,,,,,,,,,,,
0.0009231734864807179,261,,,,,,,,,,,,,,,,,,,,,,,,,,,,,,,,,,,,,,,,,,,,,,,,,,,,,,,,,,,,,,,,,,,,,,,,,,,,,,,,,,,
,261,1.0581741333007812,1.0581741333007812,0.0014554379740729928,0.005580892786383629,1.0581741333007812,261,,,,,,,,,,,,,,,,,,,,,,,,,,,,,,,,,,,,,,,,,,,,,,,,,,,,,,,,,,,,,,,,,,,,,,,,,,,,,
,261,,,,,,261,1.0581741333007812,1.0581741333007812,0.0014554379740729928,0.005580892786383629,1.0581741333007812,,,,,,,,,,,,,,,,,,,,,,,,,,,,,,,,,,,,,,,,,,,,,,,,,,,,,,,,,,,,,,,,,,,,,,,,
0.0009222417987882562,262,,,,,,,,,,,,,,,,,,,,,,,,,,,,,,,,,,,,,,,,,,,,,,,,,,,,,,,,,,,,,,,,,,,,,,,,,,,,,,,,,,,
,262,1.2949210405349731,1.2949210405349731,0.0014613776002079248,0.007449365220963955,1.2949210405349731,262,,,,,,,,,,,,,,,,,,,,,,,,,,,,,,,,,,,,,,,,,,,,,,,,,,,,,,,,,,,,,,,,,,,,,,,,,,,,,
,262,,,,,,262,1.2949210405349731,1.2949210405349731,0.0014613776002079248,0.007449365220963955,1.2949210405349731,,,,,,,,,,,,,,,,,,,,,,,,,,,,,,,,,,,,,,,,,,,,,,,,,,,,,,,,,,,,,,,,,,,,,,,,
0.0009213049723050699,263,,,,,,,,,,,,,,,,,,,,,,,,,,,,,,,,,,,,,,,,,,,,,,,,,,,,,,,,,,,,,,,,,,,,,,,,,,,,,,,,,,,
,263,1.2694529294967651,1.2646452188491821,0.0014681308530271053,0.011191620491445065,1.2646452188491821,263,,,,,,,,,,,,,,,,,,,,,,,,,,,,,,,,,,,,,,,,,,,,,,,,,,,,,,,,,,,,,,,,,,,,,,,,,,,,,
,263,,,,,,263,1.2694529294967651,1.2646452188491821,0.0014681308530271053,0.011191620491445065,1.2646452188491821,,,,,,,,,,,,,,,,,,,,,,,,,,,,,,,,,,,,,,,,,,,,,,,,,,,,,,,,,,,,,,,,,,,,,,,,
0.000920363018446094,264,,,,,,,,,,,,,,,,,,,,,,,,,,,,,,,,,,,,,,,,,,,,,,,,,,,,,,,,,,,,,,,,,,,,,,,,,,,,,,,,,,,
,264,1.1838641166687012,1.1838641166687012,0.0014749750262126327,0.008090455085039139,1.1838641166687012,264,,,,,,,,,,,,,,,,,,,,,,,,,,,,,,,,,,,,,,,,,,,,,,,,,,,,,,,,,,,,,,,,,,,,,,,,,,,,,
,264,,,,,,264,1.1838641166687012,1.1838641166687012,0.0014749750262126327,0.008090455085039139,1.1838641166687012,,,,,,,,,,,,,,,,,,,,,,,,,,,,,,,,,,,,,,,,,,,,,,,,,,,,,,,,,,,,,,,,,,,,,,,,
0.0009194159486887389,265,,,,,,,,,,,,,,,,,,,,,,,,,,,,,,,,,,,,,,,,,,,,,,,,,,,,,,,,,,,,,,,,,,,,,,,,,,,,,,,,,,,
,265,1.4953620433807373,1.4963406324386597,0.001482544932514429,0.009709125384688377,1.4963406324386597,265,,,,,,,,,,,,,,,,,,,,,,,,,,,,,,,,,,,,,,,,,,,,,,,,,,,,,,,,,,,,,,,,,,,,,,,,,,,,,
,265,,,,,,265,1.4953620433807373,1.4963406324386597,0.001482544932514429,0.009709125384688377,1.4963406324386597,,,,,,,,,,,,,,,,,,,,,,,,,,,,,,,,,,,,,,,,,,,,,,,,,,,,,,,,,,,,,,,,,,,,,,,,
0.0009184637745727509,266,,,,,,,,,,,,,,,,,,,,,,,,,,,,,,,,,,,,,,,,,,,,,,,,,,,,,,,,,,,,,,,,,,,,,,,,,,,,,,,,,,,
,266,1.3451160192489624,1.3451160192489624,0.0014902394032105803,0.01193312555551529,1.3451160192489624,266,,,,,,,,,,,,,,,,,,,,,,,,,,,,,,,,,,,,,,,,,,,,,,,,,,,,,,,,,,,,,,,,,,,,,,,,,,,,,
,266,,,,,,266,1.3451160192489624,1.3451160192489624,0.0014902394032105803,0.01193312555551529,1.3451160192489624,,,,,,,,,,,,,,,,,,,,,,,,,,,,,,,,,,,,,,,,,,,,,,,,,,,,,,,,,,,,,,,,,,,,,,,,
0.0009175065077000711,267,,,,,,,,,,,,,,,,,,,,,,,,,,,,,,,,,,,,,,,,,,,,,,,,,,,,,,,,,,,,,,,,,,,,,,,,,,,,,,,,,,,
,267,1.1288714408874512,1.1288714408874512,0.0014985769521445036,0.007006985601037741,1.1288714408874512,267,,,,,,,,,,,,,,,,,,,,,,,,,,,,,,,,,,,,,,,,,,,,,,,,,,,,,,,,,,,,,,,,,,,,,,,,,,,,,
,267,,,,,,267,1.1288714408874512,1.1288714408874512,0.0014985769521445036,0.007006985601037741,1.1288714408874512,,,,,,,,,,,,,,,,,,,,,,,,,,,,,,,,,,,,,,,,,,,,,,,,,,,,,,,,,,,,,,,,,,,,,,,,
0.0009165441597346943,268,,,,,,,,,,,,,,,,,,,,,,,,,,,,,,,,,,,,,,,,,,,,,,,,,,,,,,,,,,,,,,,,,,,,,,,,,,,,,,,,,,,
,268,1.171678066253662,1.171678066253662,0.0015074944822117686,0.007516592275351286,1.171678066253662,268,,,,,,,,,,,,,,,,,,,,,,,,,,,,,,,,,,,,,,,,,,,,,,,,,,,,,,,,,,,,,,,,,,,,,,,,,,,,,
,268,,,,,,268,1.171678066253662,1.171678066253662,0.0015074944822117686,0.007516592275351286,1.171678066253662,,,,,,,,,,,,,,,,,,,,,,,,,,,,,,,,,,,,,,,,,,,,,,,,,,,,,,,,,,,,,,,,,,,,,,,,
0.0009155767424025265,269,,,,,,,,,,,,,,,,,,,,,,,,,,,,,,,,,,,,,,,,,,,,,,,,,,,,,,,,,,,,,,,,,,,,,,,,,,,,,,,,,,,
,269,0.901772677898407,0.901772677898407,0.0015169354155659676,0.0038314557168632746,0.901772677898407,269,,,,,,,,,,,,,,,,,,,,,,,,,,,,,,,,,,,,,,,,,,,,,,,,,,,,,,,,,,,,,,,,,,,,,,,,,,,,,
,269,,,,,,269,0.901772677898407,0.901772677898407,0.0015169354155659676,0.0038314557168632746,0.901772677898407,,,,,,,,,,,,,,,,,,,,,,,,,,,,,,,,,,,,,,,,,,,,,,,,,,,,,,,,,,,,,,,,,,,,,,,,
0.0009146042674912429,270,,,,,,,,,,,,,,,,,,,,,,,,,,,,,,,,,,,,,,,,,,,,,,,,,,,,,,,,,,,,,,,,,,,,,,,,,,,,,,,,,,,
,270,1.0098648071289062,1.0098648071289062,0.001524031045846641,0.005403351038694382,1.0098648071289062,270,,,,,,,,,,,,,,,,,,,,,,,,,,,,,,,,,,,,,,,,,,,,,,,,,,,,,,,,,,,,,,,,,,,,,,,,,,,,,
,270,,,,,,270,1.0098648071289062,1.0098648071289062,0.001524031045846641,0.005403351038694382,1.0098648071289062,,,,,,,,,,,,,,,,,,,,,,,,,,,,,,,,,,,,,,,,,,,,,,,,,,,,,,,,,,,,,,,,,,,,,,,,
0.0009136267468501431,271,,,,,,,,,,,,,,,,,,,,,,,,,,,,,,,,,,,,,,,,,,,,,,,,,,,,,,,,,,,,,,,,,,,,,,,,,,,,,,,,,,,
,271,0.8174015283584595,0.8174015283584595,0.0015318318037316203,0.0038224917370826006,0.8174015283584595,271,,,,,,,,,,,,,,,,,,,,,,,,,,,,,,,,,,,,,,,,,,,,,,,,,,,,,,,,,,,,,,,,,,,,,,,,,,,,,
,271,,,,,,271,0.8174015283584595,0.8174015283584595,0.0015318318037316203,0.0038224917370826006,0.8174015283584595,,,,,,,,,,,,,,,,,,,,,,,,,,,,,,,,,,,,,,,,,,,,,,,,,,,,,,,,,,,,,,,,,,,,,,,,
0.0009126441923900079,272,,,,,,,,,,,,,,,,,,,,,,,,,,,,,,,,,,,,,,,,,,,,,,,,,,,,,,,,,,,,,,,,,,,,,,,,,,,,,,,,,,,
,272,2.2095584869384766,2.2095584869384766,0.0015374480281025171,0.054492220282554626,2.2095584869384766,272,,,,,,,,,,,,,,,,,,,,,,,,,,,,,,,,,,,,,,,,,,,,,,,,,,,,,,,,,,,,,,,,,,,,,,,,,,,,,
,272,,,,,,272,2.2095584869384766,2.2095584869384766,0.0015374480281025171,0.054492220282554626,2.2095584869384766,,,,,,,,,,,,,,,,,,,,,,,,,,,,,,,,,,,,,,,,,,,,,,,,,,,,,,,,,,,,,,,,,,,,,,,,
0.0009116566160829533,273,,,,,,,,,,,,,,,,,,,,,,,,,,,,,,,,,,,,,,,,,,,,,,,,,,,,,,,,,,,,,,,,,,,,,,,,,,,,,,,,,,,
,273,0.9230067729949951,0.9240655899047852,0.00154391722753644,0.0092841275036335,0.9240655899047852,273,,,,,,,,,,,,,,,,,,,,,,,,,,,,,,,,,,,,,,,,,,,,,,,,,,,,,,,,,,,,,,,,,,,,,,,,,,,,,
,273,,,,,,273,0.9230067729949951,0.9240655899047852,0.00154391722753644,0.0092841275036335,0.9240655899047852,,,,,,,,,,,,,,,,,,,,,,,,,,,,,,,,,,,,,,,,,,,,,,,,,,,,,,,,,,,,,,,,,,,,,,,,
0.0009106640299622847,274,,,,,,,,,,,,,,,,,,,,,,,,,,,,,,,,,,,,,,,,,,,,,,,,,,,,,,,,,,,,,,,,,,,,,,,,,,,,,,,,,,,
,274,0.9608992338180542,0.9608992338180542,0.0015483475290238857,0.004692485090345144,0.9608992338180542,274,,,,,,,,,,,,,,,,,,,,,,,,,,,,,,,,,,,,,,,,,,,,,,,,,,,,,,,,,,,,,,,,,,,,,,,,,,,,,
,274,,,,,,274,0.9608992338180542,0.9608992338180542,0.0015483475290238857,0.004692485090345144,0.9608992338180542,,,,,,,,,,,,,,,,,,,,,,,,,,,,,,,,,,,,,,,,,,,,,,,,,,,,,,,,,,,,,,,,,,,,,,,,
0.0009096664461223509,275,,,,,,,,,,,,,,,,,,,,,,,,,,,,,,,,,,,,,,,,,,,,,,,,,,,,,,,,,,,,,,,,,,,,,,,,,,,,,,,,,,,
,275,1.3719314336776733,1.3719314336776733,0.0015509248478338122,0.005841586273163557,1.3719314336776733,275,,,,,,,,,,,,,,,,,,,,,,,,,,,,,,,,,,,,,,,,,,,,,,,,,,,,,,,,,,,,,,,,,,,,,,,,,,,,,
,275,,,,,,275,1.3719314336776733,1.3719314336776733,0.0015509248478338122,0.005841586273163557,1.3719314336776733,,,,,,,,,,,,,,,,,,,,,,,,,,,,,,,,,,,,,,,,,,,,,,,,,,,,,,,,,,,,,,,,,,,,,,,,
0.0009086638767183961,276,,,,,,,,,,,,,,,,,,,,,,,,,,,,,,,,,,,,,,,,,,,,,,,,,,,,,,,,,,,,,,,,,,,,,,,,,,,,,,,,,,,
,276,1.1862668991088867,1.1862668991088867,0.0015546585200354457,0.035805344581604004,1.1862668991088867,276,,,,,,,,,,,,,,,,,,,,,,,,,,,,,,,,,,,,,,,,,,,,,,,,,,,,,,,,,,,,,,,,,,,,,,,,,,,,,
,276,,,,,,276,1.1862668991088867,1.1862668991088867,0.0015546585200354457,0.035805344581604004,1.1862668991088867,,,,,,,,,,,,,,,,,,,,,,,,,,,,,,,,,,,,,,,,,,,,,,,,,,,,,,,,,,,,,,,,,,,,,,,,
0.0009076563339664123,277,,,,,,,,,,,,,,,,,,,,,,,,,,,,,,,,,,,,,,,,,,,,,,,,,,,,,,,,,,,,,,,,,,,,,,,,,,,,,,,,,,,
,277,1.0892434120178223,1.0892434120178223,0.001559434225782752,0.006959885358810425,1.0892434120178223,277,,,,,,,,,,,,,,,,,,,,,,,,,,,,,,,,,,,,,,,,,,,,,,,,,,,,,,,,,,,,,,,,,,,,,,,,,,,,,
,277,,,,,,277,1.0892434120178223,1.0892434120178223,0.001559434225782752,0.006959885358810425,1.0892434120178223,,,,,,,,,,,,,,,,,,,,,,,,,,,,,,,,,,,,,,,,,,,,,,,,,,,,,,,,,,,,,,,,,,,,,,,,
0.0009066438301429898,278,,,,,,,,,,,,,,,,,,,,,,,,,,,,,,,,,,,,,,,,,,,,,,,,,,,,,,,,,,,,,,,,,,,,,,,,,,,,,,,,,,,
,278,0.926440417766571,0.926440417766571,0.0015651494031772017,0.004011930897831917,0.926440417766571,278,,,,,,,,,,,,,,,,,,,,,,,,,,,,,,,,,,,,,,,,,,,,,,,,,,,,,,,,,,,,,,,,,,,,,,,,,,,,,
,278,,,,,,278,0.926440417766571,0.926440417766571,0.0015651494031772017,0.004011930897831917,0.926440417766571,,,,,,,,,,,,,,,,,,,,,,,,,,,,,,,,,,,,,,,,,,,,,,,,,,,,,,,,,,,,,,,,,,,,,,,,
0.0009056263775851682,279,,,,,,,,,,,,,,,,,,,,,,,,,,,,,,,,,,,,,,,,,,,,,,,,,,,,,,,,,,,,,,,,,,,,,,,,,,,,,,,,,,,
,279,1.1291089057922363,1.1291089057922363,0.0015688814455643296,0.004791146609932184,1.1291089057922363,279,,,,,,,,,,,,,,,,,,,,,,,,,,,,,,,,,,,,,,,,,,,,,,,,,,,,,,,,,,,,,,,,,,,,,,,,,,,,,
,279,,,,,,279,1.1291089057922363,1.1291089057922363,0.0015688814455643296,0.004791146609932184,1.1291089057922363,,,,,,,,,,,,,,,,,,,,,,,,,,,,,,,,,,,,,,,,,,,,,,,,,,,,,,,,,,,,,,,,,,,,,,,,
0.0009046039886902857,280,,,,,,,,,,,,,,,,,,,,,,,,,,,,,,,,,,,,,,,,,,,,,,,,,,,,,,,,,,,,,,,,,,,,,,,,,,,,,,,,,,,
,280,0.9703929424285889,0.9703929424285889,0.0015736576169729233,0.00591955054551363,0.9703929424285889,280,,,,,,,,,,,,,,,,,,,,,,,,,,,,,,,,,,,,,,,,,,,,,,,,,,,,,,,,,,,,,,,,,,,,,,,,,,,,,
,280,,,,,,280,0.9703929424285889,0.9703929424285889,0.0015736576169729233,0.00591955054551363,0.9703929424285889,,,,,,,,,,,,,,,,,,,,,,,,,,,,,,,,,,,,,,,,,,,,,,,,,,,,,,,,,,,,,,,,,,,,,,,,
0.0009035766759158285,281,,,,,,,,,,,,,,,,,,,,,,,,,,,,,,,,,,,,,,,,,,,,,,,,,,,,,,,,,,,,,,,,,,,,,,,,,,,,,,,,,,,
,281,1.1160047054290771,1.1160047054290771,0.0015765425050631166,0.0057746940292418,1.1160047054290771,281,,,,,,,,,,,,,,,,,,,,,,,,,,,,,,,,,,,,,,,,,,,,,,,,,,,,,,,,,,,,,,,,,,,,,,,,,,,,,
,281,,,,,,281,1.1160047054290771,1.1160047054290771,0.0015765425050631166,0.0057746940292418,1.1160047054290771,,,,,,,,,,,,,,,,,,,,,,,,,,,,,,,,,,,,,,,,,,,,,,,,,,,,,,,,,,,,,,,,,,,,,,,,
0.0009025444517792784,282,,,,,,,,,,,,,,,,,,,,,,,,,,,,,,,,,,,,,,,,,,,,,,,,,,,,,,,,,,,,,,,,,,,,,,,,,,,,,,,,,,,
,282,0.7684202194213867,0.7684202194213867,0.0015805565053597093,0.004237139131873846,0.7684202194213867,282,,,,,,,,,,,,,,,,,,,,,,,,,,,,,,,,,,,,,,,,,,,,,,,,,,,,,,,,,,,,,,,,,,,,,,,,,,,,,
,282,,,,,,282,0.7684202194213867,0.7684202194213867,0.0015805565053597093,0.004237139131873846,0.7684202194213867,,,,,,,,,,,,,,,,,,,,,,,,,,,,,,,,,,,,,,,,,,,,,,,,,,,,,,,,,,,,,,,,,,,,,,,,
0.000901507328857961,283,,,,,,,,,,,,,,,,,,,,,,,,,,,,,,,,,,,,,,,,,,,,,,,,,,,,,,,,,,,,,,,,,,,,,,,,,,,,,,,,,,,
,283,0.8113106489181519,0.8113106489181519,0.001582753611728549,0.004564232192933559,0.8113106489181519,283,,,,,,,,,,,,,,,,,,,,,,,,,,,,,,,,,,,,,,,,,,,,,,,,,,,,,,,,,,,,,,,,,,,,,,,,,,,,,
,283,,,,,,283,0.8113106489181519,0.8113106489181519,0.001582753611728549,0.004564232192933559,0.8113106489181519,,,,,,,,,,,,,,,,,,,,,,,,,,,,,,,,,,,,,,,,,,,,,,,,,,,,,,,,,,,,,,,,,,,,,,,,
0.0009004653197888917,284,,,,,,,,,,,,,,,,,,,,,,,,,,,,,,,,,,,,,,,,,,,,,,,,,,,,,,,,,,,,,,,,,,,,,,,,,,,,,,,,,,,
,284,0.8007597923278809,0.8007597923278809,0.0015833135694265366,0.003661309601739049,0.8007597923278809,284,,,,,,,,,,,,,,,,,,,,,,,,,,,,,,,,,,,,,,,,,,,,,,,,,,,,,,,,,,,,,,,,,,,,,,,,,,,,,
,284,,,,,,284,0.8007597923278809,0.8007597923278809,0.0015833135694265366,0.003661309601739049,0.8007597923278809,,,,,,,,,,,,,,,,,,,,,,,,,,,,,,,,,,,,,,,,,,,,,,,,,,,,,,,,,,,,,,,,,,,,,,,,
0.0008994184372686222,285,,,,,,,,,,,,,,,,,,,,,,,,,,,,,,,,,,,,,,,,,,,,,,,,,,,,,,,,,,,,,,,,,,,,,,,,,,,,,,,,,,,
,285,0.7958922386169434,0.7958922386169434,0.0015823980793356895,0.0033763907849788666,0.7958922386169434,285,,,,,,,,,,,,,,,,,,,,,,,,,,,,,,,,,,,,,,,,,,,,,,,,,,,,,,,,,,,,,,,,,,,,,,,,,,,,,
,285,,,,,,285,0.7958922386169434,0.7958922386169434,0.0015823980793356895,0.0033763907849788666,0.7958922386169434,,,,,,,,,,,,,,,,,,,,,,,,,,,,,,,,,,,,,,,,,,,,,,,,,,,,,,,,,,,,,,,,,,,,,,,,
0.0008983666940530855,286,,,,,,,,,,,,,,,,,,,,,,,,,,,,,,,,,,,,,,,,,,,,,,,,,,,,,,,,,,,,,,,,,,,,,,,,,,,,,,,,,,,
,286,0.7980915307998657,0.7980915307998657,0.0015801535919308662,0.0034227040596306324,0.7980915307998657,286,,,,,,,,,,,,,,,,,,,,,,,,,,,,,,,,,,,,,,,,,,,,,,,,,,,,,,,,,,,,,,,,,,,,,,,,,,,,,
,286,,,,,,286,0.7980915307998657,0.7980915307998657,0.0015801535919308662,0.0034227040596306324,0.7980915307998657,,,,,,,,,,,,,,,,,,,,,,,,,,,,,,,,,,,,,,,,,,,,,,,,,,,,,,,,,,,,,,,,,,,,,,,,
0.0008973101029574408,287,,,,,,,,,,,,,,,,,,,,,,,,,,,,,,,,,,,,,,,,,,,,,,,,,,,,,,,,,,,,,,,,,,,,,,,,,,,,,,,,,,,
,287,1.2873778343200684,1.2873778343200684,0.0015767107252031565,0.3345932960510254,1.2873778343200684,287,,,,,,,,,,,,,,,,,,,,,,,,,,,,,,,,,,,,,,,,,,,,,,,,,,,,,,,,,,,,,,,,,,,,,,,,,,,,,
,287,,,,,,287,1.2873778343200684,1.2873778343200684,0.0015767107252031565,0.3345932960510254,1.2873778343200684,,,,,,,,,,,,,,,,,,,,,,,,,,,,,,,,,,,,,,,,,,,,,,,,,,,,,,,,,,,,,,,,,,,,,,,,
0.0008962486768559172,288,,,,,,,,,,,,,,,,,,,,,,,,,,,,,,,,,,,,,,,,,,,,,,,,,,,,,,,,,,,,,,,,,,,,,,,,,,,,,,,,,,,
,288,0.7348257899284363,0.7348257899284363,0.0015750282909721136,0.004967649467289448,0.7348257899284363,288,,,,,,,,,,,,,,,,,,,,,,,,,,,,,,,,,,,,,,,,,,,,,,,,,,,,,,,,,,,,,,,,,,,,,,,,,,,,,
,288,,,,,,288,0.7348257899284363,0.7348257899284363,0.0015750282909721136,0.004967649467289448,0.7348257899284363,,,,,,,,,,,,,,,,,,,,,,,,,,,,,,,,,,,,,,,,,,,,,,,,,,,,,,,,,,,,,,,,,,,,,,,,
0.0008951824286816567,289,,,,,,,,,,,,,,,,,,,,,,,,,,,,,,,,,,,,,,,,,,,,,,,,,,,,,,,,,,,,,,,,,,,,,,,,,,,,,,,,,,,
,289,0.7775225639343262,0.7775225639343262,0.00157209113240242,0.0040687634609639645,0.7775225639343262,289,,,,,,,,,,,,,,,,,,,,,,,,,,,,,,,,,,,,,,,,,,,,,,,,,,,,,,,,,,,,,,,,,,,,,,,,,,,,,
,289,,,,,,289,0.7775225639343262,0.7775225639343262,0.00157209113240242,0.0040687634609639645,0.7775225639343262,,,,,,,,,,,,,,,,,,,,,,,,,,,,,,,,,,,,,,,,,,,,,,,,,,,,,,,,,,,,,,,,,,,,,,,,
0.000894111371426557,290,,,,,,,,,,,,,,,,,,,,,,,,,,,,,,,,,,,,,,,,,,,,,,,,,,,,,,,,,,,,,,,,,,,,,,,,,,,,,,,,,,,
,290,0.9114262461662292,0.9114262461662292,0.0015680238138884306,0.006718621589243412,0.9114262461662292,290,,,,,,,,,,,,,,,,,,,,,,,,,,,,,,,,,,,,,,,,,,,,,,,,,,,,,,,,,,,,,,,,,,,,,,,,,,,,,
,290,,,,,,290,0.9114262461662292,0.9114262461662292,0.0015680238138884306,0.006718621589243412,0.9114262461662292,,,,,,,,,,,,,,,,,,,,,,,,,,,,,,,,,,,,,,,,,,,,,,,,,,,,,,,,,,,,,,,,,,,,,,,,
0.0008930355181411127,291,,,,,,,,,,,,,,,,,,,,,,,,,,,,,,,,,,,,,,,,,,,,,,,,,,,,,,,,,,,,,,,,,,,,,,,,,,,,,,,,,,,
,291,0.8023006916046143,0.8023006916046143,0.0015629378613084555,0.0034166336990892887,0.8023006916046143,291,,,,,,,,,,,,,,,,,,,,,,,,,,,,,,,,,,,,,,,,,,,,,,,,,,,,,,,,,,,,,,,,,,,,,,,,,,,,,
,291,,,,,,291,0.8023006916046143,0.8023006916046143,0.0015629378613084555,0.0034166336990892887,0.8023006916046143,,,,,,,,,,,,,,,,,,,,,,,,,,,,,,,,,,,,,,,,,,,,,,,,,,,,,,,,,,,,,,,,,,,,,,,,
0.0008919548819342565,292,,,,,,,,,,,,,,,,,,,,,,,,,,,,,,,,,,,,,,,,,,,,,,,,,,,,,,,,,,,,,,,,,,,,,,,,,,,,,,,,,,,
,292,0.7433149814605713,0.7433149814605713,0.0015569342067465186,0.004136012401431799,0.7433149814605713,292,,,,,,,,,,,,,,,,,,,,,,,,,,,,,,,,,,,,,,,,,,,,,,,,,,,,,,,,,,,,,,,,,,,,,,,,,,,,,
,292,,,,,,292,0.7433149814605713,0.7433149814605713,0.0015569342067465186,0.004136012401431799,0.7433149814605713,,,,,,,,,,,,,,,,,,,,,,,,,,,,,,,,,,,,,,,,,,,,,,,,,,,,,,,,,,,,,,,,,,,,,,,,
0.0008908694759731994,293,,,,,,,,,,,,,,,,,,,,,,,,,,,,,,,,,,,,,,,,,,,,,,,,,,,,,,,,,,,,,,,,,,,,,,,,,,,,,,,,,,,
,293,0.8988684415817261,0.8988684415817261,0.0015501037705689669,0.004095748066902161,0.8988684415817261,293,,,,,,,,,,,,,,,,,,,,,,,,,,,,,,,,,,,,,,,,,,,,,,,,,,,,,,,,,,,,,,,,,,,,,,,,,,,,,
,293,,,,,,293,0.8988684415817261,0.8988684415817261,0.0015501037705689669,0.004095748066902161,0.8988684415817261,,,,,,,,,,,,,,,,,,,,,,,,,,,,,,,,,,,,,,,,,,,,,,,,,,,,,,,,,,,,,,,,,,,,,,,,
0.0008897793134832707,294,,,,,,,,,,,,,,,,,,,,,,,,,,,,,,,,,,,,,,,,,,,,,,,,,,,,,,,,,,,,,,,,,,,,,,,,,,,,,,,,,,,
,294,0.7060179710388184,0.7060179710388184,0.0015425282763317227,0.006223772652447224,0.7060179710388184,294,,,,,,,,,,,,,,,,,,,,,,,,,,,,,,,,,,,,,,,,,,,,,,,,,,,,,,,,,,,,,,,,,,,,,,,,,,,,,
,294,,,,,,294,0.7060179710388184,0.7060179710388184,0.0015425282763317227,0.006223772652447224,0.7060179710388184,,,,,,,,,,,,,,,,,,,,,,,,,,,,,,,,,,,,,,,,,,,,,,,,,,,,,,,,,,,,,,,,,,,,,,,,
0.0008886844077477563,295,,,,,,,,,,,,,,,,,,,,,,,,,,,,,,,,,,,,,,,,,,,,,,,,,,,,,,,,,,,,,,,,,,,,,,,,,,,,,,,,,,,
,295,0.7625543475151062,0.7625543475151062,0.0015342815313488245,0.003244777675718069,0.7625543475151062,295,,,,,,,,,,,,,,,,,,,,,,,,,,,,,,,,,,,,,,,,,,,,,,,,,,,,,,,,,,,,,,,,,,,,,,,,,,,,,
,295,,,,,,295,0.7625543475151062,0.7625543475151062,0.0015342815313488245,0.003244777675718069,0.7625543475151062,,,,,,,,,,,,,,,,,,,,,,,,,,,,,,,,,,,,,,,,,,,,,,,,,,,,,,,,,,,,,,,,,,,,,,,,
0.0008875847721077371,296,,,,,,,,,,,,,,,,,,,,,,,,,,,,,,,,,,,,,,,,,,,,,,,,,,,,,,,,,,,,,,,,,,,,,,,,,,,,,,,,,,,
,296,0.6812760233879089,0.6812760233879089,0.0015254301251843572,0.005875708535313606,0.6812760233879089,296,,,,,,,,,,,,,,,,,,,,,,,,,,,,,,,,,,,,,,,,,,,,,,,,,,,,,,,,,,,,,,,,,,,,,,,,,,,,,
,296,,,,,,296,0.6812760233879089,0.6812760233879089,0.0015254301251843572,0.005875708535313606,0.6812760233879089,,,,,,,,,,,,,,,,,,,,,,,,,,,,,,,,,,,,,,,,,,,,,,,,,,,,,,,,,,,,,,,,,,,,,,,,
0.0008864804199619263,297,,,,,,,,,,,,,,,,,,,,,,,,,,,,,,,,,,,,,,,,,,,,,,,,,,,,,,,,,,,,,,,,,,,,,,,,,,,,,,,,,,,
,297,1.1969565153121948,1.1969565153121948,0.001516033778898418,0.02717997506260872,1.1969565153121948,297,,,,,,,,,,,,,,,,,,,,,,,,,,,,,,,,,,,,,,,,,,,,,,,,,,,,,,,,,,,,,,,,,,,,,,,,,,,,,
,297,,,,,,297,1.1969565153121948,1.1969565153121948,0.001516033778898418,0.02717997506260872,1.1969565153121948,,,,,,,,,,,,,,,,,,,,,,,,,,,,,,,,,,,,,,,,,,,,,,,,,,,,,,,,,,,,,,,,,,,,,,,,
0.000885371364766506,298,,,,,,,,,,,,,,,,,,,,,,,,,,,,,,,,,,,,,,,,,,,,,,,,,,,,,,,,,,,,,,,,,,,,,,,,,,,,,,,,,,,
,298,0.8253189325332642,0.8253189325332642,0.0015089932130649686,0.0036849803291261196,0.8253189325332642,298,,,,,,,,,,,,,,,,,,,,,,,,,,,,,,,,,,,,,,,,,,,,,,,,,,,,,,,,,,,,,,,,,,,,,,,,,,,,,
,298,,,,,,298,0.8253189325332642,0.8253189325332642,0.0015089932130649686,0.0036849803291261196,0.8253189325332642,,,,,,,,,,,,,,,,,,,,,,,,,,,,,,,,,,,,,,,,,,,,,,,,,,,,,,,,,,,,,,,,,,,,,,,,
0.0008842576200349644,299,,,,,,,,,,,,,,,,,,,,,,,,,,,,,,,,,,,,,,,,,,,,,,,,,,,,,,,,,,,,,,,,,,,,,,,,,,,,,,,,,,,
,299,0.954608142375946,0.954608142375946,0.001501227729022503,0.008632372133433819,0.954608142375946,299,,,,,,,,,,,,,,,,,,,,,,,,,,,,,,,,,,,,,,,,,,,,,,,,,,,,,,,,,,,,,,,,,,,,,,,,,,,,,
,299,,,,,,299,,,,,,0.7976971864700317,0.8004361987113953,0.0014928088057786226,0.003396537620574236,0.8004361987113953,0.8271896243095398,0.8280224204063416,0.0014928088057786226,0.00545013090595603,0.8280224204063416,-0.052682653069496155,0.15912243723869324,0.26738810539245605,0.15450520813465118,0.0811355784535408,0.038787517696619034,0.026165224611759186,0.01477972511202097,0.0007226738962344825,0.052682653069496155,0.6099750399589539,0.28584960103034973,0.13927675783634186,0.10223554819822311,0.07071623206138611,0.016597503796219826,0.20410844683647156,0.1714424192905426,0.10176349431276321,0.051016394048929214,0.03397046774625778,0.01834215223789215,0.0007550019072368741,0.06288165599107742,26.34733009338379,16.422534942626953,15.512681007385254,18.85167121887207,30.937602996826172,1005.8623046875,185.6556854248047,-0.057723648846149445,0.14739418029785156,0.257129043340683,0.1627824902534485,0.08727502077817917,0.045080482959747314,0.02889116480946541,0.018794361501932144,0.00351837370544672,0.057723648846149445,0.6311377882957458,0.3012881278991699,0.15592552721500397,0.10768811404705048,0.08522212505340576,0.07468876242637634,0.22599174082279205,0.17989732325077057,0.1094217598438263,0.059633027762174606,0.03798442333936691,0.02354414574801922,0.0036787246353924274,0.06902656704187393,25.6181697845459,15.779952049255371,14.230158805847168,16.72913932800293,27.27017593383789,857.9561157226562,159.5972900390625
,299,,,,,,299,0.954608142375946,0.954608142375946,0.001501227729022503,0.008632372133433819,0.954608142375946,,,,,,,,,,,,,,,,,,,,,,,,,,,,,,,,,,,,,,,,,,,,,,,,,,,,,,,,,,,,,,,,,,,,,,,,
0.0008831391993379289,300,,,,,,,,,,,,,,,,,,,,,,,,,,,,,,,,,,,,,,,,,,,,,,,,,,,,,,,,,,,,,,,,,,,,,,,,,,,,,,,,,,,
,300,0.8241466283798218,0.8241466283798218,0.0014928088057786226,0.007308418862521648,0.8241466283798218,300,,,,,,,,,,,,,,,,,,,,,,,,,,,,,,,,,,,,,,,,,,,,,,,,,,,,,,,,,,,,,,,,,,,,,,,,,,,,,
,300,,,,,,300,0.8241466283798218,0.8241466283798218,0.0014928088057786226,0.007308418862521648,0.8241466283798218,,,,,,,,,,,,,,,,,,,,,,,,,,,,,,,,,,,,,,,,,,,,,,,,,,,,,,,,,,,,,,,,,,,,,,,,
0.0008820161163030034,301,,,,,,,,,,,,,,,,,,,,,,,,,,,,,,,,,,,,,,,,,,,,,,,,,,,,,,,,,,,,,,,,,,,,,,,,,,,,,,,,,,,
,301,0.6808943748474121,0.6808943748474121,0.0014838012866675854,0.0062192087061703205,0.6808943748474121,301,,,,,,,,,,,,,,,,,,,,,,,,,,,,,,,,,,,,,,,,,,,,,,,,,,,,,,,,,,,,,,,,,,,,,,,,,,,,,
,301,,,,,,301,0.6808943748474121,0.6808943748474121,0.0014838012866675854,0.0062192087061703205,0.6808943748474121,,,,,,,,,,,,,,,,,,,,,,,,,,,,,,,,,,,,,,,,,,,,,,,,,,,,,,,,,,,,,,,,,,,,,,,,
0.0008808883846145995,302,,,,,,,,,,,,,,,,,,,,,,,,,,,,,,,,,,,,,,,,,,,,,,,,,,,,,,,,,,,,,,,,,,,,,,,,,,,,,,,,,,,
,302,0.8490323424339294,0.8509759902954102,0.0014742639614269137,0.0040763141587376595,0.8509759902954102,302,,,,,,,,,,,,,,,,,,,,,,,,,,,,,,,,,,,,,,,,,,,,,,,,,,,,,,,,,,,,,,,,,,,,,,,,,,,,,
,302,,,,,,302,0.8490323424339294,0.8509759902954102,0.0014742639614269137,0.0040763141587376595,0.8509759902954102,,,,,,,,,,,,,,,,,,,,,,,,,,,,,,,,,,,,,,,,,,,,,,,,,,,,,,,,,,,,,,,,,,,,,,,,
0.0008797560180137724,303,,,,,,,,,,,,,,,,,,,,,,,,,,,,,,,,,,,,,,,,,,,,,,,,,,,,,,,,,,,,,,,,,,,,,,,,,,,,,,,,,,,
,303,0.7879711985588074,0.7879711985588074,0.0014644708717241883,0.006782360840588808,0.7879711985588074,303,,,,,,,,,,,,,,,,,,,,,,,,,,,,,,,,,,,,,,,,,,,,,,,,,,,,,,,,,,,,,,,,,,,,,,,,,,,,,
,303,,,,,,303,0.7879711985588074,0.7879711985588074,0.0014644708717241883,0.006782360840588808,0.7879711985588074,,,,,,,,,,,,,,,,,,,,,,,,,,,,,,,,,,,,,,,,,,,,,,,,,,,,,,,,,,,,,,,,,,,,,,,,
0.0008786190302980519,304,,,,,,,,,,,,,,,,,,,,,,,,,,,,,,,,,,,,,,,,,,,,,,,,,,,,,,,,,,,,,,,,,,,,,,,,,,,,,,,,,,,
,304,0.706425666809082,0.7027572393417358,0.0014542255084961653,0.003974175080657005,0.7027572393417358,304,,,,,,,,,,,,,,,,,,,,,,,,,,,,,,,,,,,,,,,,,,,,,,,,,,,,,,,,,,,,,,,,,,,,,,,,,,,,,
,304,,,,,,304,0.706425666809082,0.7027572393417358,0.0014542255084961653,0.003974175080657005,0.7027572393417358,,,,,,,,,,,,,,,,,,,,,,,,,,,,,,,,,,,,,,,,,,,,,,,,,,,,,,,,,,,,,,,,,,,,,,,,
0.0008774774353212744,305,,,,,,,,,,,,,,,,,,,,,,,,,,,,,,,,,,,,,,,,,,,,,,,,,,,,,,,,,,,,,,,,,,,,,,,,,,,,,,,,,,,
,305,1.0388891696929932,1.0388891696929932,0.001443814137019217,0.006541479378938675,1.0388891696929932,305,,,,,,,,,,,,,,,,,,,,,,,,,,,,,,,,,,,,,,,,,,,,,,,,,,,,,,,,,,,,,,,,,,,,,,,,,,,,,
,305,,,,,,305,1.0388891696929932,1.0388891696929932,0.001443814137019217,0.006541479378938675,1.0388891696929932,,,,,,,,,,,,,,,,,,,,,,,,,,,,,,,,,,,,,,,,,,,,,,,,,,,,,,,,,,,,,,,,,,,,,,,,
0.000876331246993414,306,,,,,,,,,,,,,,,,,,,,,,,,,,,,,,,,,,,,,,,,,,,,,,,,,,,,,,,,,,,,,,,,,,,,,,,,,,,,,,,,,,,
,306,1.0723042488098145,1.0723042488098145,0.0014358620392158628,0.009889598935842514,1.0723042488098145,306,,,,,,,,,,,,,,,,,,,,,,,,,,,,,,,,,,,,,,,,,,,,,,,,,,,,,,,,,,,,,,,,,,,,,,,,,,,,,
,306,,,,,,306,1.0723042488098145,1.0723042488098145,0.0014358620392158628,0.009889598935842514,1.0723042488098145,,,,,,,,,,,,,,,,,,,,,,,,,,,,,,,,,,,,,,,,,,,,,,,,,,,,,,,,,,,,,,,,,,,,,,,,
0.0008751804792804143,307,,,,,,,,,,,,,,,,,,,,,,,,,,,,,,,,,,,,,,,,,,,,,,,,,,,,,,,,,,,,,,,,,,,,,,,,,,,,,,,,,,,
,307,0.735916793346405,0.7351002097129822,0.001430124742910266,0.0031546286772936583,0.7351002097129822,307,,,,,,,,,,,,,,,,,,,,,,,,,,,,,,,,,,,,,,,,,,,,,,,,,,,,,,,,,,,,,,,,,,,,,,,,,,,,,
,307,,,,,,307,0.735916793346405,0.7351002097129822,0.001430124742910266,0.0031546286772936583,0.7351002097129822,,,,,,,,,,,,,,,,,,,,,,,,,,,,,,,,,,,,,,,,,,,,,,,,,,,,,,,,,,,,,,,,,,,,,,,,
0.0008740251462040164,308,,,,,,,,,,,,,,,,,,,,,,,,,,,,,,,,,,,,,,,,,,,,,,,,,,,,,,,,,,,,,,,,,,,,,,,,,,,,,,,,,,,
,308,0.8661924600601196,0.8661924600601196,0.0014237078139558434,0.004673468414694071,0.8661924600601196,308,,,,,,,,,,,,,,,,,,,,,,,,,,,,,,,,,,,,,,,,,,,,,,,,,,,,,,,,,,,,,,,,,,,,,,,,,,,,,
,308,,,,,,308,0.8661924600601196,0.8661924600601196,0.0014237078139558434,0.004673468414694071,0.8661924600601196,,,,,,,,,,,,,,,,,,,,,,,,,,,,,,,,,,,,,,,,,,,,,,,,,,,,,,,,,,,,,,,,,,,,,,,,
0.0008728652618415894,309,,,,,,,,,,,,,,,,,,,,,,,,,,,,,,,,,,,,,,,,,,,,,,,,,,,,,,,,,,,,,,,,,,,,,,,,,,,,,,,,,,,
,309,0.8893684148788452,0.8893684148788452,0.0014165029861032963,0.0049572899006307125,0.8893684148788452,309,,,,,,,,,,,,,,,,,,,,,,,,,,,,,,,,,,,,,,,,,,,,,,,,,,,,,,,,,,,,,,,,,,,,,,,,,,,,,
,309,,,,,,309,0.8893684148788452,0.8893684148788452,0.0014165029861032963,0.0049572899006307125,0.8893684148788452,,,,,,,,,,,,,,,,,,,,,,,,,,,,,,,,,,,,,,,,,,,,,,,,,,,,,,,,,,,,,,,,,,,,,,,,
0.0008717008403259582,310,,,,,,,,,,,,,,,,,,,,,,,,,,,,,,,,,,,,,,,,,,,,,,,,,,,,,,,,,,,,,,,,,,,,,,,,,,,,,,,,,,,
,310,0.7563586235046387,0.7563586235046387,0.001408588606864214,0.003208092413842678,0.7563586235046387,310,,,,,,,,,,,,,,,,,,,,,,,,,,,,,,,,,,,,,,,,,,,,,,,,,,,,,,,,,,,,,,,,,,,,,,,,,,,,,
,310,,,,,,310,0.7563586235046387,0.7563586235046387,0.001408588606864214,0.003208092413842678,0.7563586235046387,,,,,,,,,,,,,,,,,,,,,,,,,,,,,,,,,,,,,,,,,,,,,,,,,,,,,,,,,,,,,,,,,,,,,,,,
0.0008705318958452315,311,,,,,,,,,,,,,,,,,,,,,,,,,,,,,,,,,,,,,,,,,,,,,,,,,,,,,,,,,,,,,,,,,,,,,,,,,,,,,,,,,,,
,311,0.9431058764457703,0.9431058764457703,0.0014000352239236236,0.00495191989466548,0.9431058764457703,311,,,,,,,,,,,,,,,,,,,,,,,,,,,,,,,,,,,,,,,,,,,,,,,,,,,,,,,,,,,,,,,,,,,,,,,,,,,,,
,311,,,,,,311,0.9431058764457703,0.9431058764457703,0.0014000352239236236,0.00495191989466548,0.9431058764457703,,,,,,,,,,,,,,,,,,,,,,,,,,,,,,,,,,,,,,,,,,,,,,,,,,,,,,,,,,,,,,,,,,,,,,,,
0.0008693584426426288,312,,,,,,,,,,,,,,,,,,,,,,,,,,,,,,,,,,,,,,,,,,,,,,,,,,,,,,,,,,,,,,,,,,,,,,,,,,,,,,,,,,,
,312,0.7582381963729858,0.7582381963729858,0.0013909065164625645,0.003871108638122678,0.7582381963729858,312,,,,,,,,,,,,,,,,,,,,,,,,,,,,,,,,,,,,,,,,,,,,,,,,,,,,,,,,,,,,,,,,,,,,,,,,,,,,,
,312,,,,,,312,0.7582381963729858,0.7582381963729858,0.0013909065164625645,0.003871108638122678,0.7582381963729858,,,,,,,,,,,,,,,,,,,,,,,,,,,,,,,,,,,,,,,,,,,,,,,,,,,,,,,,,,,,,,,,,,,,,,,,
0.0008681804950163072,313,,,,,,,,,,,,,,,,,,,,,,,,,,,,,,,,,,,,,,,,,,,,,,,,,,,,,,,,,,,,,,,,,,,,,,,,,,,,,,,,,,,
,313,1.3534698486328125,1.3534698486328125,0.0013812598772346973,0.057440340518951416,1.3534698486328125,313,,,,,,,,,,,,,,,,,,,,,,,,,,,,,,,,,,,,,,,,,,,,,,,,,,,,,,,,,,,,,,,,,,,,,,,,,,,,,
,313,,,,,,313,1.3534698486328125,1.3534698486328125,0.0013812598772346973,0.057440340518951416,1.3534698486328125,,,,,,,,,,,,,,,,,,,,,,,,,,,,,,,,,,,,,,,,,,,,,,,,,,,,,,,,,,,,,,,,,,,,,,,,
0.0008669980673191867,314,,,,,,,,,,,,,,,,,,,,,,,,,,,,,,,,,,,,,,,,,,,,,,,,,,,,,,,,,,,,,,,,,,,,,,,,,,,,,,,,,,,
,314,0.7978779673576355,0.7964345216751099,0.0013739977730438113,0.005792548414319754,0.7964345216751099,314,,,,,,,,,,,,,,,,,,,,,,,,,,,,,,,,,,,,,,,,,,,,,,,,,,,,,,,,,,,,,,,,,,,,,,,,,,,,,
,314,,,,,,314,0.7978779673576355,0.7964345216751099,0.0013739977730438113,0.005792548414319754,0.7964345216751099,,,,,,,,,,,,,,,,,,,,,,,,,,,,,,,,,,,,,,,,,,,,,,,,,,,,,,,,,,,,,,,,,,,,,,,,
0.0008658111739587756,315,,,,,,,,,,,,,,,,,,,,,,,,,,,,,,,,,,,,,,,,,,,,,,,,,,,,,,,,,,,,,,,,,,,,,,,,,,,,,,,,,,,
,315,0.8480868339538574,0.8500972986221313,0.0013668936444446445,0.006453073583543301,0.8500972986221313,315,,,,,,,,,,,,,,,,,,,,,,,,,,,,,,,,,,,,,,,,,,,,,,,,,,,,,,,,,,,,,,,,,,,,,,,,,,,,,
,315,,,,,,315,0.8480868339538574,0.8500972986221313,0.0013668936444446445,0.006453073583543301,0.8500972986221313,,,,,,,,,,,,,,,,,,,,,,,,,,,,,,,,,,,,,,,,,,,,,,,,,,,,,,,,,,,,,,,,,,,,,,,,
0.0008646198293969949,316,,,,,,,,,,,,,,,,,,,,,,,,,,,,,,,,,,,,,,,,,,,,,,,,,,,,,,,,,,,,,,,,,,,,,,,,,,,,,,,,,,,
,316,0.993118166923523,0.993118166923523,0.0013596431817859411,0.005599282216280699,0.993118166923523,316,,,,,,,,,,,,,,,,,,,,,,,,,,,,,,,,,,,,,,,,,,,,,,,,,,,,,,,,,,,,,,,,,,,,,,,,,,,,,
,316,,,,,,316,0.993118166923523,0.993118166923523,0.0013596431817859411,0.005599282216280699,0.993118166923523,,,,,,,,,,,,,,,,,,,,,,,,,,,,,,,,,,,,,,,,,,,,,,,,,,,,,,,,,,,,,,,,,,,,,,,,
0.0008634240481500023,317,,,,,,,,,,,,,,,,,,,,,,,,,,,,,,,,,,,,,,,,,,,,,,,,,,,,,,,,,,,,,,,,,,,,,,,,,,,,,,,,,,,
,317,0.6662589907646179,0.6662589907646179,0.0013516884064301848,0.005769149400293827,0.6662589907646179,317,,,,,,,,,,,,,,,,,,,,,,,,,,,,,,,,,,,,,,,,,,,,,,,,,,,,,,,,,,,,,,,,,,,,,,,,,,,,,
,317,,,,,,317,0.6662589907646179,0.6662589907646179,0.0013516884064301848,0.005769149400293827,0.6662589907646179,,,,,,,,,,,,,,,,,,,,,,,,,,,,,,,,,,,,,,,,,,,,,,,,,,,,,,,,,,,,,,,,,,,,,,,,
0.0008622238447880149,318,,,,,,,,,,,,,,,,,,,,,,,,,,,,,,,,,,,,,,,,,,,,,,,,,,,,,,,,,,,,,,,,,,,,,,,,,,,,,,,,,,,
,318,0.8049798011779785,0.8035500645637512,0.001343099633231759,0.004226667806506157,0.8035500645637512,318,,,,,,,,,,,,,,,,,,,,,,,,,,,,,,,,,,,,,,,,,,,,,,,,,,,,,,,,,,,,,,,,,,,,,,,,,,,,,
,318,,,,,,318,0.8049798011779785,0.8035500645637512,0.001343099633231759,0.004226667806506157,0.8035500645637512,,,,,,,,,,,,,,,,,,,,,,,,,,,,,,,,,,,,,,,,,,,,,,,,,,,,,,,,,,,,,,,,,,,,,,,,
0.0008610192339351317,319,,,,,,,,,,,,,,,,,,,,,,,,,,,,,,,,,,,,,,,,,,,,,,,,,,,,,,,,,,,,,,,,,,,,,,,,,,,,,,,,,,,
,319,0.8910168409347534,0.8925883173942566,0.001334535889327526,0.0065066879615187645,0.8925883173942566,319,,,,,,,,,,,,,,,,,,,,,,,,,,,,,,,,,,,,,,,,,,,,,,,,,,,,,,,,,,,,,,,,,,,,,,,,,,,,,
,319,,,,,,319,0.8910168409347534,0.8925883173942566,0.001334535889327526,0.0065066879615187645,0.8925883173942566,,,,,,,,,,,,,,,,,,,,,,,,,,,,,,,,,,,,,,,,,,,,,,,,,,,,,,,,,,,,,,,,,,,,,,,,
0.000859810230269156,320,,,,,,,,,,,,,,,,,,,,,,,,,,,,,,,,,,,,,,,,,,,,,,,,,,,,,,,,,,,,,,,,,,,,,,,,,,,,,,,,,,,
,320,0.7685307264328003,0.7685307264328003,0.0013256610836833715,0.0037640263326466084,0.7685307264328003,320,,,,,,,,,,,,,,,,,,,,,,,,,,,,,,,,,,,,,,,,,,,,,,,,,,,,,,,,,,,,,,,,,,,,,,,,,,,,,
,320,,,,,,320,0.7685307264328003,0.7685307264328003,0.0013256610836833715,0.0037640263326466084,0.7685307264328003,,,,,,,,,,,,,,,,,,,,,,,,,,,,,,,,,,,,,,,,,,,,,,,,,,,,,,,,,,,,,,,,,,,,,,,,
0.0008585968485214159,321,,,,,,,,,,,,,,,,,,,,,,,,,,,,,,,,,,,,,,,,,,,,,,,,,,,,,,,,,,,,,,,,,,,,,,,,,,,,,,,,,,,
,321,1.2031538486480713,1.2031538486480713,0.0013162445975467563,0.6175183653831482,1.2031538486480713,321,,,,,,,,,,,,,,,,,,,,,,,,,,,,,,,,,,,,,,,,,,,,,,,,,,,,,,,,,,,,,,,,,,,,,,,,,,,,,
,321,,,,,,321,1.2031538486480713,1.2031538486480713,0.0013162445975467563,0.6175183653831482,1.2031538486480713,,,,,,,,,,,,,,,,,,,,,,,,,,,,,,,,,,,,,,,,,,,,,,,,,,,,,,,,,,,,,,,,,,,,,,,,
0.0008573791034765851,322,,,,,,,,,,,,,,,,,,,,,,,,,,,,,,,,,,,,,,,,,,,,,,,,,,,,,,,,,,,,,,,,,,,,,,,,,,,,,,,,,,,
,322,0.7246057987213135,0.7246057987213135,0.0013091899454593658,0.0031750835478305817,0.7246057987213135,322,,,,,,,,,,,,,,,,,,,,,,,,,,,,,,,,,,,,,,,,,,,,,,,,,,,,,,,,,,,,,,,,,,,,,,,,,,,,,
,322,,,,,,322,0.7246057987213135,0.7246057987213135,0.0013091899454593658,0.0031750835478305817,0.7246057987213135,,,,,,,,,,,,,,,,,,,,,,,,,,,,,,,,,,,,,,,,,,,,,,,,,,,,,,,,,,,,,,,,,,,,,,,,
0.0008561570099725025,323,,,,,,,,,,,,,,,,,,,,,,,,,,,,,,,,,,,,,,,,,,,,,,,,,,,,,,,,,,,,,,,,,,,,,,,,,,,,,,,,,,,
,323,0.7045230865478516,0.7045230865478516,0.0013014125870540738,0.003941697999835014,0.7045230865478516,323,,,,,,,,,,,,,,,,,,,,,,,,,,,,,,,,,,,,,,,,,,,,,,,,,,,,,,,,,,,,,,,,,,,,,,,,,,,,,
,323,,,,,,323,0.7045230865478516,0.7045230865478516,0.0013014125870540738,0.003941697999835014,0.7045230865478516,,,,,,,,,,,,,,,,,,,,,,,,,,,,,,,,,,,,,,,,,,,,,,,,,,,,,,,,,,,,,,,,,,,,,,,,
0.0008549305828999919,324,,,,,,,,,,,,,,,,,,,,,,,,,,,,,,,,,,,,,,,,,,,,,,,,,,,,,,,,,,,,,,,,,,,,,,,,,,,,,,,,,,,
,324,0.7003781199455261,0.7003781199455261,0.0012929846998304129,0.0036528019700199366,0.7003781199455261,324,,,,,,,,,,,,,,,,,,,,,,,,,,,,,,,,,,,,,,,,,,,,,,,,,,,,,,,,,,,,,,,,,,,,,,,,,,,,,
,324,,,,,,324,0.7003781199455261,0.7003781199455261,0.0012929846998304129,0.0036528019700199366,0.7003781199455261,,,,,,,,,,,,,,,,,,,,,,,,,,,,,,,,,,,,,,,,,,,,,,,,,,,,,,,,,,,,,,,,,,,,,,,,
0.0008536998372026801,325,,,,,,,,,,,,,,,,,,,,,,,,,,,,,,,,,,,,,,,,,,,,,,,,,,,,,,,,,,,,,,,,,,,,,,,,,,,,,,,,,,,
,325,0.7695765495300293,0.7695765495300293,0.0012839711271226406,0.003264158498495817,0.7695765495300293,325,,,,,,,,,,,,,,,,,,,,,,,,,,,,,,,,,,,,,,,,,,,,,,,,,,,,,,,,,,,,,,,,,,,,,,,,,,,,,
,325,,,,,,325,0.7695765495300293,0.7695765495300293,0.0012839711271226406,0.003264158498495817,0.7695765495300293,,,,,,,,,,,,,,,,,,,,,,,,,,,,,,,,,,,,,,,,,,,,,,,,,,,,,,,,,,,,,,,,,,,,,,,,
0.0008524647878768153,326,,,,,,,,,,,,,,,,,,,,,,,,,,,,,,,,,,,,,,,,,,,,,,,,,,,,,,,,,,,,,,,,,,,,,,,,,,,,,,,,,,,
,326,1.1918398141860962,1.1892625093460083,0.001274431124329567,0.3097626864910126,1.1892625093460083,326,,,,,,,,,,,,,,,,,,,,,,,,,,,,,,,,,,,,,,,,,,,,,,,,,,,,,,,,,,,,,,,,,,,,,,,,,,,,,
,326,,,,,,326,1.1918398141860962,1.1892625093460083,0.001274431124329567,0.3097626864910126,1.1892625093460083,,,,,,,,,,,,,,,,,,,,,,,,,,,,,,,,,,,,,,,,,,,,,,,,,,,,,,,,,,,,,,,,,,,,,,,,
0.0008512254499710834,327,,,,,,,,,,,,,,,,,,,,,,,,,,,,,,,,,,,,,,,,,,,,,,,,,,,,,,,,,,,,,,,,,,,,,,,,,,,,,,,,,,,
,327,0.6569742560386658,0.6569742560386658,0.00126683060079813,0.004673201125115156,0.6569742560386658,327,,,,,,,,,,,,,,,,,,,,,,,,,,,,,,,,,,,,,,,,,,,,,,,,,,,,,,,,,,,,,,,,,,,,,,,,,,,,,
,327,,,,,,327,0.6569742560386658,0.6569742560386658,0.00126683060079813,0.004673201125115156,0.6569742560386658,,,,,,,,,,,,,,,,,,,,,,,,,,,,,,,,,,,,,,,,,,,,,,,,,,,,,,,,,,,,,,,,,,,,,,,,
0.000849981838586426,328,,,,,,,,,,,,,,,,,,,,,,,,,,,,,,,,,,,,,,,,,,,,,,,,,,,,,,,,,,,,,,,,,,,,,,,,,,,,,,,,,,,
,328,0.8602951765060425,0.8623455762863159,0.0012585632503032684,0.004781764931976795,0.8623455762863159,328,,,,,,,,,,,,,,,,,,,,,,,,,,,,,,,,,,,,,,,,,,,,,,,,,,,,,,,,,,,,,,,,,,,,,,,,,,,,,
,328,,,,,,328,0.8602951765060425,0.8623455762863159,0.0012585632503032684,0.004781764931976795,0.8623455762863159,,,,,,,,,,,,,,,,,,,,,,,,,,,,,,,,,,,,,,,,,,,,,,,,,,,,,,,,,,,,,,,,,,,,,,,,
0.0008487339688758549,329,,,,,,,,,,,,,,,,,,,,,,,,,,,,,,,,,,,,,,,,,,,,,,,,,,,,,,,,,,,,,,,,,,,,,,,,,,,,,,,,,,,
,329,1.033758282661438,1.033758282661438,0.0012499430449679494,0.009229069575667381,1.033758282661438,329,,,,,,,,,,,,,,,,,,,,,,,,,,,,,,,,,,,,,,,,,,,,,,,,,,,,,,,,,,,,,,,,,,,,,,,,,,,,,
,329,,,,,,329,1.033758282661438,1.033758282661438,0.0012499430449679494,0.009229069575667381,1.033758282661438,,,,,,,,,,,,,,,,,,,,,,,,,,,,,,,,,,,,,,,,,,,,,,,,,,,,,,,,,,,,,,,,,,,,,,,,
0.0008474818560442691,330,,,,,,,,,,,,,,,,,,,,,,,,,,,,,,,,,,,,,,,,,,,,,,,,,,,,,,,,,,,,,,,,,,,,,,,,,,,,,,,,,,,
,330,0.7178827524185181,0.7157270908355713,0.0012436049291864038,0.007139075081795454,0.7157270908355713,330,,,,,,,,,,,,,,,,,,,,,,,,,,,,,,,,,,,,,,,,,,,,,,,,,,,,,,,,,,,,,,,,,,,,,,,,,,,,,
,330,,,,,,330,0.7178827524185181,0.7157270908355713,0.0012436049291864038,0.007139075081795454,0.7157270908355713,,,,,,,,,,,,,,,,,,,,,,,,,,,,,,,,,,,,,,,,,,,,,,,,,,,,,,,,,,,,,,,,,,,,,,,,
0.0008462255153482681,331,,,,,,,,,,,,,,,,,,,,,,,,,,,,,,,,,,,,,,,,,,,,,,,,,,,,,,,,,,,,,,,,,,,,,,,,,,,,,,,,,,,
,331,0.8212636709213257,0.8190284371376038,0.0012366969604045153,0.004577677696943283,0.8190284371376038,331,,,,,,,,,,,,,,,,,,,,,,,,,,,,,,,,,,,,,,,,,,,,,,,,,,,,,,,,,,,,,,,,,,,,,,,,,,,,,
,331,,,,,,331,0.8212636709213257,0.8190284371376038,0.0012366969604045153,0.004577677696943283,0.8190284371376038,,,,,,,,,,,,,,,,,,,,,,,,,,,,,,,,,,,,,,,,,,,,,,,,,,,,,,,,,,,,,,,,,,,,,,,,
0.000844964962095967,332,,,,,,,,,,,,,,,,,,,,,,,,,,,,,,,,,,,,,,,,,,,,,,,,,,,,,,,,,,,,,,,,,,,,,,,,,,,,,,,,,,,
,332,0.813328742980957,0.8158653974533081,0.0012292881729081273,0.004995068535208702,0.8158653974533081,332,,,,,,,,,,,,,,,,,,,,,,,,,,,,,,,,,,,,,,,,,,,,,,,,,,,,,,,,,,,,,,,,,,,,,,,,,,,,,
,332,,,,,,332,0.813328742980957,0.8158653974533081,0.0012292881729081273,0.004995068535208702,0.8158653974533081,,,,,,,,,,,,,,,,,,,,,,,,,,,,,,,,,,,,,,,,,,,,,,,,,,,,,,,,,,,,,,,,,,,,,,,,
0.0008437002116468093,333,,,,,,,,,,,,,,,,,,,,,,,,,,,,,,,,,,,,,,,,,,,,,,,,,,,,,,,,,,,,,,,,,,,,,,,,,,,,,,,,,,,
,333,0.7139353156089783,0.716809868812561,0.0012215737951919436,0.0031842123717069626,0.716809868812561,333,,,,,,,,,,,,,,,,,,,,,,,,,,,,,,,,,,,,,,,,,,,,,,,,,,,,,,,,,,,,,,,,,,,,,,,,,,,,,
,333,,,,,,333,0.7139353156089783,0.716809868812561,0.0012215737951919436,0.0031842123717069626,0.716809868812561,,,,,,,,,,,,,,,,,,,,,,,,,,,,,,,,,,,,,,,,,,,,,,,,,,,,,,,,,,,,,,,,,,,,,,,,
0.00084243127941138,334,,,,,,,,,,,,,,,,,,,,,,,,,,,,,,,,,,,,,,,,,,,,,,,,,,,,,,,,,,,,,,,,,,,,,,,,,,,,,,,,,,,
,334,0.8215288519859314,0.8215288519859314,0.001213249284774065,0.007562774699181318,0.8215288519859314,334,,,,,,,,,,,,,,,,,,,,,,,,,,,,,,,,,,,,,,,,,,,,,,,,,,,,,,,,,,,,,,,,,,,,,,,,,,,,,
,334,,,,,,334,0.8215288519859314,0.8215288519859314,0.001213249284774065,0.007562774699181318,0.8215288519859314,,,,,,,,,,,,,,,,,,,,,,,,,,,,,,,,,,,,,,,,,,,,,,,,,,,,,,,,,,,,,,,,,,,,,,,,
0.0008411581808512181,335,,,,,,,,,,,,,,,,,,,,,,,,,,,,,,,,,,,,,,,,,,,,,,,,,,,,,,,,,,,,,,,,,,,,,,,,,,,,,,,,,,,
,335,0.6944981813430786,0.6944981813430786,0.0012043326860293746,0.00300697167403996,0.6944981813430786,335,,,,,,,,,,,,,,,,,,,,,,,,,,,,,,,,,,,,,,,,,,,,,,,,,,,,,,,,,,,,,,,,,,,,,,,,,,,,,
,335,,,,,,335,0.6944981813430786,0.6944981813430786,0.0012043326860293746,0.00300697167403996,0.6944981813430786,,,,,,,,,,,,,,,,,,,,,,,,,,,,,,,,,,,,,,,,,,,,,,,,,,,,,,,,,,,,,,,,,,,,,,,,
0.0008398809314786275,336,,,,,,,,,,,,,,,,,,,,,,,,,,,,,,,,,,,,,,,,,,,,,,,,,,,,,,,,,,,,,,,,,,,,,,,,,,,,,,,,,,,
,336,0.6369432806968689,0.6369432806968689,0.001194883487187326,0.004466486629098654,0.6369432806968689,336,,,,,,,,,,,,,,,,,,,,,,,,,,,,,,,,,,,,,,,,,,,,,,,,,,,,,,,,,,,,,,,,,,,,,,,,,,,,,
,336,,,,,,336,0.6369432806968689,0.6369432806968689,0.001194883487187326,0.004466486629098654,0.6369432806968689,,,,,,,,,,,,,,,,,,,,,,,,,,,,,,,,,,,,,,,,,,,,,,,,,,,,,,,,,,,,,,,,,,,,,,,,
0.000838599546856489,337,,,,,,,,,,,,,,,,,,,,,,,,,,,,,,,,,,,,,,,,,,,,,,,,,,,,,,,,,,,,,,,,,,,,,,,,,,,,,,,,,,,
,337,0.6926805377006531,0.6926805377006531,0.001184955588541925,0.003013323526829481,0.6926805377006531,337,,,,,,,,,,,,,,,,,,,,,,,,,,,,,,,,,,,,,,,,,,,,,,,,,,,,,,,,,,,,,,,,,,,,,,,,,,,,,
,337,,,,,,337,0.6926805377006531,0.6926805377006531,0.001184955588541925,0.003013323526829481,0.6926805377006531,,,,,,,,,,,,,,,,,,,,,,,,,,,,,,,,,,,,,,,,,,,,,,,,,,,,,,,,,,,,,,,,,,,,,,,,
0.0008373140425980697,338,,,,,,,,,,,,,,,,,,,,,,,,,,,,,,,,,,,,,,,,,,,,,,,,,,,,,,,,,,,,,,,,,,,,,,,,,,,,,,,,,,,
,338,1.0230451822280884,1.0228134393692017,0.0011745969532057643,0.016559282317757607,1.0228134393692017,338,,,,,,,,,,,,,,,,,,,,,,,,,,,,,,,,,,,,,,,,,,,,,,,,,,,,,,,,,,,,,,,,,,,,,,,,,,,,,
,338,,,,,,338,1.0230451822280884,1.0228134393692017,0.0011745969532057643,0.016559282317757607,1.0228134393692017,,,,,,,,,,,,,,,,,,,,,,,,,,,,,,,,,,,,,,,,,,,,,,,,,,,,,,,,,,,,,,,,,,,,,,,,
0.0008360244343668336,339,,,,,,,,,,,,,,,,,,,,,,,,,,,,,,,,,,,,,,,,,,,,,,,,,,,,,,,,,,,,,,,,,,,,,,,,,,,,,,,,,,,
,339,0.800754725933075,0.8027454018592834,0.0011654171394184232,0.0038364918436855078,0.8027454018592834,339,,,,,,,,,,,,,,,,,,,,,,,,,,,,,,,,,,,,,,,,,,,,,,,,,,,,,,,,,,,,,,,,,,,,,,,,,,,,,
,339,,,,,,339,0.800754725933075,0.8027454018592834,0.0011654171394184232,0.0038364918436855078,0.8027454018592834,,,,,,,,,,,,,,,,,,,,,,,,,,,,,,,,,,,,,,,,,,,,,,,,,,,,,,,,,,,,,,,,,,,,,,,,
0.0008347307378762496,340,,,,,,,,,,,,,,,,,,,,,,,,,,,,,,,,,,,,,,,,,,,,,,,,,,,,,,,,,,,,,,,,,,,,,,,,,,,,,,,,,,,
,340,1.247489094734192,1.247489094734192,0.0011558011174201965,0.1134251207113266,1.247489094734192,340,,,,,,,,,,,,,,,,,,,,,,,,,,,,,,,,,,,,,,,,,,,,,,,,,,,,,,,,,,,,,,,,,,,,,,,,,,,,,
,340,,,,,,340,1.247489094734192,1.247489094734192,0.0011558011174201965,0.1134251207113266,1.247489094734192,,,,,,,,,,,,,,,,,,,,,,,,,,,,,,,,,,,,,,,,,,,,,,,,,,,,,,,,,,,,,,,,,,,,,,,,
0.0008334329688896013,341,,,,,,,,,,,,,,,,,,,,,,,,,,,,,,,,,,,,,,,,,,,,,,,,,,,,,,,,,,,,,,,,,,,,,,,,,,,,,,,,,,,
,341,0.8594824075698853,0.862223207950592,0.0011485632276162505,0.003805723739787936,0.862223207950592,341,,,,,,,,,,,,,,,,,,,,,,,,,,,,,,,,,,,,,,,,,,,,,,,,,,,,,,,,,,,,,,,,,,,,,,,,,,,,,
,341,,,,,,341,0.8594824075698853,0.862223207950592,0.0011485632276162505,0.003805723739787936,0.862223207950592,,,,,,,,,,,,,,,,,,,,,,,,,,,,,,,,,,,,,,,,,,,,,,,,,,,,,,,,,,,,,,,,,,,,,,,,
0.0008321311432197945,342,,,,,,,,,,,,,,,,,,,,,,,,,,,,,,,,,,,,,,,,,,,,,,,,,,,,,,,,,,,,,,,,,,,,,,,,,,,,,,,,,,,
,342,0.714199423789978,0.7102025747299194,0.0011410120641812682,0.0030298277270048857,0.7102025747299194,342,,,,,,,,,,,,,,,,,,,,,,,,,,,,,,,,,,,,,,,,,,,,,,,,,,,,,,,,,,,,,,,,,,,,,,,,,,,,,
,342,,,,,,342,0.714199423789978,0.7102025747299194,0.0011410120641812682,0.0030298277270048857,0.7102025747299194,,,,,,,,,,,,,,,,,,,,,,,,,,,,,,,,,,,,,,,,,,,,,,,,,,,,,,,,,,,,,,,,,,,,,,,,
0.0008308252767291639,343,,,,,,,,,,,,,,,,,,,,,,,,,,,,,,,,,,,,,,,,,,,,,,,,,,,,,,,,,,,,,,,,,,,,,,,,,,,,,,,,,,,
,343,1.1347731351852417,1.1347731351852417,0.0011331236455589533,0.01961098052561283,1.1347731351852417,343,,,,,,,,,,,,,,,,,,,,,,,,,,,,,,,,,,,,,,,,,,,,,,,,,,,,,,,,,,,,,,,,,,,,,,,,,,,,,
,343,,,,,,343,1.1347731351852417,1.1347731351852417,0.0011331236455589533,0.01961098052561283,1.1347731351852417,,,,,,,,,,,,,,,,,,,,,,,,,,,,,,,,,,,,,,,,,,,,,,,,,,,,,,,,,,,,,,,,,,,,,,,,
0.0008295153853292807,344,,,,,,,,,,,,,,,,,,,,,,,,,,,,,,,,,,,,,,,,,,,,,,,,,,,,,,,,,,,,,,,,,,,,,,,,,,,,,,,,,,,
,344,0.6743879318237305,0.6733234524726868,0.0011274401331320405,0.004986849147826433,0.6733234524726868,344,,,,,,,,,,,,,,,,,,,,,,,,,,,,,,,,,,,,,,,,,,,,,,,,,,,,,,,,,,,,,,,,,,,,,,,,,,,,,
,344,,,,,,344,0.6743879318237305,0.6733234524726868,0.0011274401331320405,0.004986849147826433,0.6733234524726868,,,,,,,,,,,,,,,,,,,,,,,,,,,,,,,,,,,,,,,,,,,,,,,,,,,,,,,,,,,,,,,,,,,,,,,,
0.0008282014849807581,345,,,,,,,,,,,,,,,,,,,,,,,,,,,,,,,,,,,,,,,,,,,,,,,,,,,,,,,,,,,,,,,,,,,,,,,,,,,,,,,,,,,
,345,0.6191672086715698,0.6191672086715698,0.0011211235541850328,0.0035888697020709515,0.6191672086715698,345,,,,,,,,,,,,,,,,,,,,,,,,,,,,,,,,,,,,,,,,,,,,,,,,,,,,,,,,,,,,,,,,,,,,,,,,,,,,,
,345,,,,,,345,0.6191672086715698,0.6191672086715698,0.0011211235541850328,0.0035888697020709515,0.6191672086715698,,,,,,,,,,,,,,,,,,,,,,,,,,,,,,,,,,,,,,,,,,,,,,,,,,,,,,,,,,,,,,,,,,,,,,,,
0.0008268835916930574,346,,,,,,,,,,,,,,,,,,,,,,,,,,,,,,,,,,,,,,,,,,,,,,,,,,,,,,,,,,,,,,,,,,,,,,,,,,,,,,,,,,,
,346,0.6235013008117676,0.6235013008117676,0.0011140204733237624,0.002771141706034541,0.6235013008117676,346,,,,,,,,,,,,,,,,,,,,,,,,,,,,,,,,,,,,,,,,,,,,,,,,,,,,,,,,,,,,,,,,,,,,,,,,,,,,,
,346,,,,,,346,0.6235013008117676,0.6235013008117676,0.0011140204733237624,0.002771141706034541,0.6235013008117676,,,,,,,,,,,,,,,,,,,,,,,,,,,,,,,,,,,,,,,,,,,,,,,,,,,,,,,,,,,,,,,,,,,,,,,,
0.0008255617215242922,347,,,,,,,,,,,,,,,,,,,,,,,,,,,,,,,,,,,,,,,,,,,,,,,,,,,,,,,,,,,,,,,,,,,,,,,,,,,,,,,,,,,
,347,0.699743926525116,0.699743926525116,0.0011062098201364279,0.003276040544733405,0.699743926525116,347,,,,,,,,,,,,,,,,,,,,,,,,,,,,,,,,,,,,,,,,,,,,,,,,,,,,,,,,,,,,,,,,,,,,,,,,,,,,,
,347,,,,,,347,0.699743926525116,0.699743926525116,0.0011062098201364279,0.003276040544733405,0.699743926525116,,,,,,,,,,,,,,,,,,,,,,,,,,,,,,,,,,,,,,,,,,,,,,,,,,,,,,,,,,,,,,,,,,,,,,,,
0.0008242358905810336,348,,,,,,,,,,,,,,,,,,,,,,,,,,,,,,,,,,,,,,,,,,,,,,,,,,,,,,,,,,,,,,,,,,,,,,,,,,,,,,,,,,,
,348,0.577346920967102,0.5715919733047485,0.001097763073630631,0.00499925808981061,0.5715919733047485,348,,,,,,,,,,,,,,,,,,,,,,,,,,,,,,,,,,,,,,,,,,,,,,,,,,,,,,,,,,,,,,,,,,,,,,,,,,,,,
,348,,,,,,348,0.577346920967102,0.5715919733047485,0.001097763073630631,0.00499925808981061,0.5715919733047485,,,,,,,,,,,,,,,,,,,,,,,,,,,,,,,,,,,,,,,,,,,,,,,,,,,,,,,,,,,,,,,,,,,,,,,,
0.0008229061150181131,349,,,,,,,,,,,,,,,,,,,,,,,,,,,,,,,,,,,,,,,,,,,,,,,,,,,,,,,,,,,,,,,,,,,,,,,,,,,,,,,,,,,
,349,1.1128768920898438,1.1128768920898438,0.0010890120174735785,0.120005764067173,1.1128768920898438,349,,,,,,,,,,,,,,,,,,,,,,,,,,,,,,,,,,,,,,,,,,,,,,,,,,,,,,,,,,,,,,,,,,,,,,,,,,,,,
,349,,,,,,349,,,,,,0.6348319053649902,0.6348319053649902,0.0010825488716363907,0.005730514880269766,0.6348319053649902,0.5527459383010864,0.5527459383010864,0.0010825488716363907,0.004589084070175886,0.5527459383010864,-0.04628386348485947,0.1203601136803627,0.23254139721393585,0.1371166855096817,0.06607943773269653,0.03310959041118622,0.02312464825809002,0.015858083963394165,0.0024147299118340015,0.04628386348485947,0.47527047991752625,0.19539685547351837,0.09183673560619354,0.06706652045249939,0.05349048227071762,0.03319500759243965,0.15270934998989105,0.16157716512680054,0.0907810777425766,0.0492275208234787,0.034090910106897354,0.022043714299798012,0.002597402548417449,0.060052964836359024,18.008220672607422,9.642585754394531,7.2437920570373535,8.05533218383789,12.255542755126953,339.9507751464844,65.859375,-0.057903364300727844,0.13312053680419922,0.2411525696516037,0.15485736727714539,0.08610855787992477,0.04513407126069069,0.03151722624897957,0.0231259074062109,0.006677053403109312,0.057903364300727844,0.5476162433624268,0.2659594714641571,0.13981382548809052,0.10550709068775177,0.09383499622344971,0.12448127567768097,0.2128688097000122,0.17757387459278107,0.11295253783464432,0.062484998255968094,0.04300955682992935,0.029775604605674744,0.007006071973592043,0.07213377207517624,19.794452667236328,11.53952693939209,10.420719146728516,12.525135040283203,20.67081642150879,657.064453125,122.00251770019531
,349,,,,,,349,1.1128768920898438,1.1128768920898438,0.0010890120174735785,0.120005764067173,1.1128768920898438,,,,,,,,,,,,,,,,,,,,,,,,,,,,,,,,,,,,,,,,,,,,,,,,,,,,,,,,,,,,,,,,,,,,,,,,
0.0008215724110384263,350,,,,,,,,,,,,,,,,,,,,,,,,,,,,,,,,,,,,,,,,,,,,,,,,,,,,,,,,,,,,,,,,,,,,,,,,,,,,,,,,,,,
,350,0.6493641138076782,0.6493641138076782,0.0010825488716363907,0.002813813742250204,0.6493641138076782,350,,,,,,,,,,,,,,,,,,,,,,,,,,,,,,,,,,,,,,,,,,,,,,,,,,,,,,,,,,,,,,,,,,,,,,,,,,,,,
,350,,,,,,350,0.6493641138076782,0.6493641138076782,0.0010825488716363907,0.002813813742250204,0.6493641138076782,,,,,,,,,,,,,,,,,,,,,,,,,,,,,,,,,,,,,,,,,,,,,,,,,,,,,,,,,,,,,,,,,,,,,,,,
0.0008202347948927352,351,,,,,,,,,,,,,,,,,,,,,,,,,,,,,,,,,,,,,,,,,,,,,,,,,,,,,,,,,,,,,,,,,,,,,,,,,,,,,,,,,,,
,351,0.6629409790039062,0.6678029298782349,0.0010753169190138578,0.0028227553702890873,0.6678029298782349,351,,,,,,,,,,,,,,,,,,,,,,,,,,,,,,,,,,,,,,,,,,,,,,,,,,,,,,,,,,,,,,,,,,,,,,,,,,,,,
,351,,,,,,351,0.6629409790039062,0.6678029298782349,0.0010753169190138578,0.0028227553702890873,0.6678029298782349,,,,,,,,,,,,,,,,,,,,,,,,,,,,,,,,,,,,,,,,,,,,,,,,,,,,,,,,,,,,,,,,,,,,,,,,
0.0008188932828794704,352,,,,,,,,,,,,,,,,,,,,,,,,,,,,,,,,,,,,,,,,,,,,,,,,,,,,,,,,,,,,,,,,,,,,,,,,,,,,,,,,,,,
,352,0.7572895288467407,0.7515160441398621,0.0010674193035811186,0.0042210896499454975,0.7515160441398621,352,,,,,,,,,,,,,,,,,,,,,,,,,,,,,,,,,,,,,,,,,,,,,,,,,,,,,,,,,,,,,,,,,,,,,,,,,,,,,
,352,,,,,,352,0.7572895288467407,0.7515160441398621,0.0010674193035811186,0.0042210896499454975,0.7515160441398621,,,,,,,,,,,,,,,,,,,,,,,,,,,,,,,,,,,,,,,,,,,,,,,,,,,,,,,,,,,,,,,,,,,,,,,,
0.0008175478913445325,353,,,,,,,,,,,,,,,,,,,,,,,,,,,,,,,,,,,,,,,,,,,,,,,,,,,,,,,,,,,,,,,,,,,,,,,,,,,,,,,,,,,
,353,1.1225531101226807,1.1225531101226807,0.0010591677855700254,0.07830184698104858,1.1225531101226807,353,,,,,,,,,,,,,,,,,,,,,,,,,,,,,,,,,,,,,,,,,,,,,,,,,,,,,,,,,,,,,,,,,,,,,,,,,,,,,
,353,,,,,,353,1.1225531101226807,1.1225531101226807,0.0010591677855700254,0.07830184698104858,1.1225531101226807,,,,,,,,,,,,,,,,,,,,,,,,,,,,,,,,,,,,,,,,,,,,,,,,,,,,,,,,,,,,,,,,,,,,,,,,
0.0008161986366810929,354,,,,,,,,,,,,,,,,,,,,,,,,,,,,,,,,,,,,,,,,,,,,,,,,,,,,,,,,,,,,,,,,,,,,,,,,,,,,,,,,,,,
,354,0.9196690320968628,0.9186166524887085,0.0010531521402299404,0.00677938386797905,0.9186166524887085,354,,,,,,,,,,,,,,,,,,,,,,,,,,,,,,,,,,,,,,,,,,,,,,,,,,,,,,,,,,,,,,,,,,,,,,,,,,,,,
,354,,,,,,354,0.9196690320968628,0.9186166524887085,0.0010531521402299404,0.00677938386797905,0.9186166524887085,,,,,,,,,,,,,,,,,,,,,,,,,,,,,,,,,,,,,,,,,,,,,,,,,,,,,,,,,,,,,,,,,,,,,,,,
0.0008148455353293937,355,,,,,,,,,,,,,,,,,,,,,,,,,,,,,,,,,,,,,,,,,,,,,,,,,,,,,,,,,,,,,,,,,,,,,,,,,,,,,,,,,,,
,355,0.6101913452148438,0.6101913452148438,0.0010471442947164178,0.0031718439422547817,0.6101913452148438,355,,,,,,,,,,,,,,,,,,,,,,,,,,,,,,,,,,,,,,,,,,,,,,,,,,,,,,,,,,,,,,,,,,,,,,,,,,,,,
,355,,,,,,355,0.6101913452148438,0.6101913452148438,0.0010471442947164178,0.0031718439422547817,0.6101913452148438,,,,,,,,,,,,,,,,,,,,,,,,,,,,,,,,,,,,,,,,,,,,,,,,,,,,,,,,,,,,,,,,,,,,,,,,
0.0008134886037765479,356,,,,,,,,,,,,,,,,,,,,,,,,,,,,,,,,,,,,,,,,,,,,,,,,,,,,,,,,,,,,,,,,,,,,,,,,,,,,,,,,,,,
,356,0.6248428225517273,0.6241320967674255,0.001040325965732336,0.0030692953150719404,0.6241320967674255,356,,,,,,,,,,,,,,,,,,,,,,,,,,,,,,,,,,,,,,,,,,,,,,,,,,,,,,,,,,,,,,,,,,,,,,,,,,,,,
,356,,,,,,356,0.6248428225517273,0.6241320967674255,0.001040325965732336,0.0030692953150719404,0.6241320967674255,,,,,,,,,,,,,,,,,,,,,,,,,,,,,,,,,,,,,,,,,,,,,,,,,,,,,,,,,,,,,,,,,,,,,,,,
0.0008121278585563383,357,,,,,,,,,,,,,,,,,,,,,,,,,,,,,,,,,,,,,,,,,,,,,,,,,,,,,,,,,,,,,,,,,,,,,,,,,,,,,,,,,,,
,357,0.8516179323196411,0.8493692874908447,0.001032877480611205,0.006277741864323616,0.8493692874908447,357,,,,,,,,,,,,,,,,,,,,,,,,,,,,,,,,,,,,,,,,,,,,,,,,,,,,,,,,,,,,,,,,,,,,,,,,,,,,,
,357,,,,,,357,0.8516179323196411,0.8493692874908447,0.001032877480611205,0.006277741864323616,0.8493692874908447,,,,,,,,,,,,,,,,,,,,,,,,,,,,,,,,,,,,,,,,,,,,,,,,,,,,,,,,,,,,,,,,,,,,,,,,
0.0008107633162490158,358,,,,,,,,,,,,,,,,,,,,,,,,,,,,,,,,,,,,,,,,,,,,,,,,,,,,,,,,,,,,,,,,,,,,,,,,,,,,,,,,,,,
,358,0.6700097918510437,0.6700097918510437,0.0010252144420519471,0.00489412946626544,0.6700097918510437,358,,,,,,,,,,,,,,,,,,,,,,,,,,,,,,,,,,,,,,,,,,,,,,,,,,,,,,,,,,,,,,,,,,,,,,,,,,,,,
,358,,,,,,358,0.6700097918510437,0.6700097918510437,0.0010252144420519471,0.00489412946626544,0.6700097918510437,,,,,,,,,,,,,,,,,,,,,,,,,,,,,,,,,,,,,,,,,,,,,,,,,,,,,,,,,,,,,,,,,,,,,,,,
0.0008093949934810981,359,,,,,,,,,,,,,,,,,,,,,,,,,,,,,,,,,,,,,,,,,,,,,,,,,,,,,,,,,,,,,,,,,,,,,,,,,,,,,,,,,,,
,359,0.5567483901977539,0.5567483901977539,0.0010169086745008826,0.004548351280391216,0.5567483901977539,359,,,,,,,,,,,,,,,,,,,,,,,,,,,,,,,,,,,,,,,,,,,,,,,,,,,,,,,,,,,,,,,,,,,,,,,,,,,,,
,359,,,,,,359,0.5567483901977539,0.5567483901977539,0.0010169086745008826,0.004548351280391216,0.5567483901977539,,,,,,,,,,,,,,,,,,,,,,,,,,,,,,,,,,,,,,,,,,,,,,,,,,,,,,,,,,,,,,,,,,,,,,,,
0.000808022906925166,360,,,,,,,,,,,,,,,,,,,,,,,,,,,,,,,,,,,,,,,,,,,,,,,,,,,,,,,,,,,,,,,,,,,,,,,,,,,,,,,,,,,
,360,0.7989031672477722,0.8016014099121094,0.0010080253705382347,0.004655717872083187,0.8016014099121094,360,,,,,,,,,,,,,,,,,,,,,,,,,,,,,,,,,,,,,,,,,,,,,,,,,,,,,,,,,,,,,,,,,,,,,,,,,,,,,
,360,,,,,,360,0.7989031672477722,0.8016014099121094,0.0010080253705382347,0.004655717872083187,0.8016014099121094,,,,,,,,,,,,,,,,,,,,,,,,,,,,,,,,,,,,,,,,,,,,,,,,,,,,,,,,,,,,,,,,,,,,,,,,
0.0008066470732996614,361,,,,,,,,,,,,,,,,,,,,,,,,,,,,,,,,,,,,,,,,,,,,,,,,,,,,,,,,,,,,,,,,,,,,,,,,,,,,,,,,,,,
,361,0.5615780353546143,0.5615780353546143,0.0009987070225179195,0.00416965689510107,0.5615780353546143,361,,,,,,,,,,,,,,,,,,,,,,,,,,,,,,,,,,,,,,,,,,,,,,,,,,,,,,,,,,,,,,,,,,,,,,,,,,,,,
,361,,,,,,361,0.5615780353546143,0.5615780353546143,0.0009987070225179195,0.00416965689510107,0.5615780353546143,,,,,,,,,,,,,,,,,,,,,,,,,,,,,,,,,,,,,,,,,,,,,,,,,,,,,,,,,,,,,,,,,,,,,,,,
0.0008052675093686828,362,,,,,,,,,,,,,,,,,,,,,,,,,,,,,,,,,,,,,,,,,,,,,,,,,,,,,,,,,,,,,,,,,,,,,,,,,,,,,,,,,,,
,362,0.5583829879760742,0.5644460916519165,0.0009889142820611596,0.0034495943691581488,0.5644460916519165,362,,,,,,,,,,,,,,,,,,,,,,,,,,,,,,,,,,,,,,,,,,,,,,,,,,,,,,,,,,,,,,,,,,,,,,,,,,,,,
,362,,,,,,362,0.5583829879760742,0.5644460916519165,0.0009889142820611596,0.0034495943691581488,0.5644460916519165,,,,,,,,,,,,,,,,,,,,,,,,,,,,,,,,,,,,,,,,,,,,,,,,,,,,,,,,,,,,,,,,,,,,,,,,
0.0008038842319417813,363,,,,,,,,,,,,,,,,,,,,,,,,,,,,,,,,,,,,,,,,,,,,,,,,,,,,,,,,,,,,,,,,,,,,,,,,,,,,,,,,,,,
,363,0.5203829407691956,0.5203829407691956,0.000978696160018444,0.004632978234440088,0.5203829407691956,363,,,,,,,,,,,,,,,,,,,,,,,,,,,,,,,,,,,,,,,,,,,,,,,,,,,,,,,,,,,,,,,,,,,,,,,,,,,,,
,363,,,,,,363,0.5203829407691956,0.5203829407691956,0.000978696160018444,0.004632978234440088,0.5203829407691956,,,,,,,,,,,,,,,,,,,,,,,,,,,,,,,,,,,,,,,,,,,,,,,,,,,,,,,,,,,,,,,,,,,,,,,,
0.0008024972578737558,364,,,,,,,,,,,,,,,,,,,,,,,,,,,,,,,,,,,,,,,,,,,,,,,,,,,,,,,,,,,,,,,,,,,,,,,,,,,,,,,,,,,
,364,0.744289755821228,0.744289755821228,0.0009680952643975616,0.005674845073372126,0.744289755821228,364,,,,,,,,,,,,,,,,,,,,,,,,,,,,,,,,,,,,,,,,,,,,,,,,,,,,,,,,,,,,,,,,,,,,,,,,,,,,,
,364,,,,,,364,0.744289755821228,0.744289755821228,0.0009680952643975616,0.005674845073372126,0.744289755821228,,,,,,,,,,,,,,,,,,,,,,,,,,,,,,,,,,,,,,,,,,,,,,,,,,,,,,,,,,,,,,,,,,,,,,,,
0.0008011066040644478,365,,,,,,,,,,,,,,,,,,,,,,,,,,,,,,,,,,,,,,,,,,,,,,,,,,,,,,,,,,,,,,,,,,,,,,,,,,,,,,,,,,,
,365,0.5477458238601685,0.5477458238601685,0.0009571511182002723,0.004612000193446875,0.5477458238601685,365,,,,,,,,,,,,,,,,,,,,,,,,,,,,,,,,,,,,,,,,,,,,,,,,,,,,,,,,,,,,,,,,,,,,,,,,,,,,,
,365,,,,,,365,0.5477458238601685,0.5477458238601685,0.0009571511182002723,0.004612000193446875,0.5477458238601685,,,,,,,,,,,,,,,,,,,,,,,,,,,,,,,,,,,,,,,,,,,,,,,,,,,,,,,,,,,,,,,,,,,,,,,,
0.0007997122874585347,366,,,,,,,,,,,,,,,,,,,,,,,,,,,,,,,,,,,,,,,,,,,,,,,,,,,,,,,,,,,,,,,,,,,,,,,,,,,,,,,,,,,
,366,0.6551204919815063,0.6551204919815063,0.000945898937061429,0.003625471843406558,0.6551204919815063,366,,,,,,,,,,,,,,,,,,,,,,,,,,,,,,,,,,,,,,,,,,,,,,,,,,,,,,,,,,,,,,,,,,,,,,,,,,,,,
,366,,,,,,366,0.6551204919815063,0.6551204919815063,0.000945898937061429,0.003625471843406558,0.6551204919815063,,,,,,,,,,,,,,,,,,,,,,,,,,,,,,,,,,,,,,,,,,,,,,,,,,,,,,,,,,,,,,,,,,,,,,,,
0.0007983143250453247,367,,,,,,,,,,,,,,,,,,,,,,,,,,,,,,,,,,,,,,,,,,,,,,,,,,,,,,,,,,,,,,,,,,,,,,,,,,,,,,,,,,,
,367,0.6941549181938171,0.6941549181938171,0.0009343704441562295,0.003755057230591774,0.6941549181938171,367,,,,,,,,,,,,,,,,,,,,,,,,,,,,,,,,,,,,,,,,,,,,,,,,,,,,,,,,,,,,,,,,,,,,,,,,,,,,,
,367,,,,,,367,0.6941549181938171,0.6941549181938171,0.0009343704441562295,0.003755057230591774,0.6941549181938171,,,,,,,,,,,,,,,,,,,,,,,,,,,,,,,,,,,,,,,,,,,,,,,,,,,,,,,,,,,,,,,,,,,,,,,,
0.0007969127338585485,368,,,,,,,,,,,,,,,,,,,,,,,,,,,,,,,,,,,,,,,,,,,,,,,,,,,,,,,,,,,,,,,,,,,,,,,,,,,,,,,,,,,
,368,0.6101475358009338,0.6124399900436401,0.0009225943358615041,0.0025896013248711824,0.6124399900436401,368,,,,,,,,,,,,,,,,,,,,,,,,,,,,,,,,,,,,,,,,,,,,,,,,,,,,,,,,,,,,,,,,,,,,,,,,,,,,,
,368,,,,,,368,0.6101475358009338,0.6124399900436401,0.0009225943358615041,0.0025896013248711824,0.6124399900436401,,,,,,,,,,,,,,,,,,,,,,,,,,,,,,,,,,,,,,,,,,,,,,,,,,,,,,,,,,,,,,,,,,,,,,,,
0.0007955075309761524,369,,,,,,,,,,,,,,,,,,,,,,,,,,,,,,,,,,,,,,,,,,,,,,,,,,,,,,,,,,,,,,,,,,,,,,,,,,,,,,,,,,,
,369,0.5337458252906799,0.5271892547607422,0.0009105965145863593,0.0023387717083096504,0.5271892547607422,369,,,,,,,,,,,,,,,,,,,,,,,,,,,,,,,,,,,,,,,,,,,,,,,,,,,,,,,,,,,,,,,,,,,,,,,,,,,,,
,369,,,,,,369,0.5337458252906799,0.5271892547607422,0.0009105965145863593,0.0023387717083096504,0.5271892547607422,,,,,,,,,,,,,,,,,,,,,,,,,,,,,,,,,,,,,,,,,,,,,,,,,,,,,,,,,,,,,,,,,,,,,,,,
0.00079409873352009,370,,,,,,,,,,,,,,,,,,,,,,,,,,,,,,,,,,,,,,,,,,,,,,,,,,,,,,,,,,,,,,,,,,,,,,,,,,,,,,,,,,,
,370,0.8864105939865112,0.8880759477615356,0.000898482627235353,0.007447981741279364,0.8880759477615356,370,,,,,,,,,,,,,,,,,,,,,,,,,,,,,,,,,,,,,,,,,,,,,,,,,,,,,,,,,,,,,,,,,,,,,,,,,,,,,
,370,,,,,,370,0.8864105939865112,0.8880759477615356,0.000898482627235353,0.007447981741279364,0.8880759477615356,,,,,,,,,,,,,,,,,,,,,,,,,,,,,,,,,,,,,,,,,,,,,,,,,,,,,,,,,,,,,,,,,,,,,,,,
0.0007926863586561138,371,,,,,,,,,,,,,,,,,,,,,,,,,,,,,,,,,,,,,,,,,,,,,,,,,,,,,,,,,,,,,,,,,,,,,,,,,,,,,,,,,,,
,371,0.8066415786743164,0.8089258670806885,0.0008864420233294368,0.0054668704979121685,0.8089258670806885,371,,,,,,,,,,,,,,,,,,,,,,,,,,,,,,,,,,,,,,,,,,,,,,,,,,,,,,,,,,,,,,,,,,,,,,,,,,,,,
,371,,,,,,371,0.8066415786743164,0.8089258670806885,0.0008864420233294368,0.0054668704979121685,0.8089258670806885,,,,,,,,,,,,,,,,,,,,,,,,,,,,,,,,,,,,,,,,,,,,,,,,,,,,,,,,,,,,,,,,,,,,,,,,
0.0007912704235935657,372,,,,,,,,,,,,,,,,,,,,,,,,,,,,,,,,,,,,,,,,,,,,,,,,,,,,,,,,,,,,,,,,,,,,,,,,,,,,,,,,,,,
,372,0.6503446102142334,0.6545054912567139,0.0008743554935790598,0.003755049081519246,0.6545054912567139,372,,,,,,,,,,,,,,,,,,,,,,,,,,,,,,,,,,,,,,,,,,,,,,,,,,,,,,,,,,,,,,,,,,,,,,,,,,,,,
,372,,,,,,372,0.6503446102142334,0.6545054912567139,0.0008743554935790598,0.003755049081519246,0.6545054912567139,,,,,,,,,,,,,,,,,,,,,,,,,,,,,,,,,,,,,,,,,,,,,,,,,,,,,,,,,,,,,,,,,,,,,,,,
0.0007898509455851676,373,,,,,,,,,,,,,,,,,,,,,,,,,,,,,,,,,,,,,,,,,,,,,,,,,,,,,,,,,,,,,,,,,,,,,,,,,,,,,,,,,,,
,373,0.5099799633026123,0.5166723132133484,0.0008620945154689252,0.002612070646136999,0.5166723132133484,373,,,,,,,,,,,,,,,,,,,,,,,,,,,,,,,,,,,,,,,,,,,,,,,,,,,,,,,,,,,,,,,,,,,,,,,,,,,,,
,373,,,,,,373,0.5099799633026123,0.5166723132133484,0.0008620945154689252,0.002612070646136999,0.5166723132133484,,,,,,,,,,,,,,,,,,,,,,,,,,,,,,,,,,,,,,,,,,,,,,,,,,,,,,,,,,,,,,,,,,,,,,,,
0.0007884279419268114,374,,,,,,,,,,,,,,,,,,,,,,,,,,,,,,,,,,,,,,,,,,,,,,,,,,,,,,,,,,,,,,,,,,,,,,,,,,,,,,,,,,,
,374,0.4971829354763031,0.49014899134635925,0.00084966782014817,0.0022220597602427006,0.49014899134635925,374,,,,,,,,,,,,,,,,,,,,,,,,,,,,,,,,,,,,,,,,,,,,,,,,,,,,,,,,,,,,,,,,,,,,,,,,,,,,,
,374,,,,,,374,0.4971829354763031,0.49014899134635925,0.00084966782014817,0.0022220597602427006,0.49014899134635925,,,,,,,,,,,,,,,,,,,,,,,,,,,,,,,,,,,,,,,,,,,,,,,,,,,,,,,,,,,,,,,,,,,,,,,,
0.0007870014299573471,375,,,,,,,,,,,,,,,,,,,,,,,,,,,,,,,,,,,,,,,,,,,,,,,,,,,,,,,,,,,,,,,,,,,,,,,,,,,,,,,,,,,
,375,1.1095565557479858,1.1095565557479858,0.0008370914729312062,0.050207529217004776,1.1095565557479858,375,,,,,,,,,,,,,,,,,,,,,,,,,,,,,,,,,,,,,,,,,,,,,,,,,,,,,,,,,,,,,,,,,,,,,,,,,,,,,
,375,,,,,,375,1.1095565557479858,1.1095565557479858,0.0008370914729312062,0.050207529217004776,1.1095565557479858,,,,,,,,,,,,,,,,,,,,,,,,,,,,,,,,,,,,,,,,,,,,,,,,,,,,,,,,,,,,,,,,,,,,,,,,
0.0007855714270583734,376,,,,,,,,,,,,,,,,,,,,,,,,,,,,,,,,,,,,,,,,,,,,,,,,,,,,,,,,,,,,,,,,,,,,,,,,,,,,,,,,,,,
,376,0.525005042552948,0.5182924866676331,0.0008271682891063392,0.0025713127106428146,0.5182924866676331,376,,,,,,,,,,,,,,,,,,,,,,,,,,,,,,,,,,,,,,,,,,,,,,,,,,,,,,,,,,,,,,,,,,,,,,,,,,,,,
,376,,,,,,376,0.525005042552948,0.5182924866676331,0.0008271682891063392,0.0025713127106428146,0.5182924866676331,,,,,,,,,,,,,,,,,,,,,,,,,,,,,,,,,,,,,,,,,,,,,,,,,,,,,,,,,,,,,,,,,,,,,,,,
0.0007841379506540238,377,,,,,,,,,,,,,,,,,,,,,,,,,,,,,,,,,,,,,,,,,,,,,,,,,,,,,,,,,,,,,,,,,,,,,,,,,,,,,,,,,,,
,377,0.46958813071250916,0.46958813071250916,0.0008169012726284564,0.002424886217340827,0.46958813071250916,377,,,,,,,,,,,,,,,,,,,,,,,,,,,,,,,,,,,,,,,,,,,,,,,,,,,,,,,,,,,,,,,,,,,,,,,,,,,,,
,377,,,,,,377,0.46958813071250916,0.46958813071250916,0.0008169012726284564,0.002424886217340827,0.46958813071250916,,,,,,,,,,,,,,,,,,,,,,,,,,,,,,,,,,,,,,,,,,,,,,,,,,,,,,,,,,,,,,,,,,,,,,,,
0.0007827010182107562,378,,,,,,,,,,,,,,,,,,,,,,,,,,,,,,,,,,,,,,,,,,,,,,,,,,,,,,,,,,,,,,,,,,,,,,,,,,,,,,,,,,,
,378,0.47831982374191284,0.47225314378738403,0.0008062709821388125,0.0020639924332499504,0.47225314378738403,378,,,,,,,,,,,,,,,,,,,,,,,,,,,,,,,,,,,,,,,,,,,,,,,,,,,,,,,,,,,,,,,,,,,,,,,,,,,,,
,378,,,,,,378,0.47831982374191284,0.47225314378738403,0.0008062709821388125,0.0020639924332499504,0.47225314378738403,,,,,,,,,,,,,,,,,,,,,,,,,,,,,,,,,,,,,,,,,,,,,,,,,,,,,,,,,,,,,,,,,,,,,,,,
0.000781260647237139,379,,,,,,,,,,,,,,,,,,,,,,,,,,,,,,,,,,,,,,,,,,,,,,,,,,,,,,,,,,,,,,,,,,,,,,,,,,,,,,,,,,,
,379,0.4363045394420624,0.4363045394420624,0.0007953179883770645,0.0020062713883817196,0.4363045394420624,379,,,,,,,,,,,,,,,,,,,,,,,,,,,,,,,,,,,,,,,,,,,,,,,,,,,,,,,,,,,,,,,,,,,,,,,,,,,,,
,379,,,,,,379,0.4363045394420624,0.4363045394420624,0.0007953179883770645,0.0020062713883817196,0.4363045394420624,,,,,,,,,,,,,,,,,,,,,,,,,,,,,,,,,,,,,,,,,,,,,,,,,,,,,,,,,,,,,,,,,,,,,,,,
0.0007798168552836378,380,,,,,,,,,,,,,,,,,,,,,,,,,,,,,,,,,,,,,,,,,,,,,,,,,,,,,,,,,,,,,,,,,,,,,,,,,,,,,,,,,,,
,380,0.5128738880157471,0.5128738880157471,0.0007840728503651917,0.002412517322227359,0.5128738880157471,380,,,,,,,,,,,,,,,,,,,,,,,,,,,,,,,,,,,,,,,,,,,,,,,,,,,,,,,,,,,,,,,,,,,,,,,,,,,,,
,380,,,,,,380,0.5128738880157471,0.5128738880157471,0.0007840728503651917,0.002412517322227359,0.5128738880157471,,,,,,,,,,,,,,,,,,,,,,,,,,,,,,,,,,,,,,,,,,,,,,,,,,,,,,,,,,,,,,,,,,,,,,,,
0.0007783696599424019,381,,,,,,,,,,,,,,,,,,,,,,,,,,,,,,,,,,,,,,,,,,,,,,,,,,,,,,,,,,,,,,,,,,,,,,,,,,,,,,,,,,,
,381,0.43186116218566895,0.423787385225296,0.0007725661271251738,0.0022048235405236483,0.423787385225296,381,,,,,,,,,,,,,,,,,,,,,,,,,,,,,,,,,,,,,,,,,,,,,,,,,,,,,,,,,,,,,,,,,,,,,,,,,,,,,
,381,,,,,,381,0.43186116218566895,0.423787385225296,0.0007725661271251738,0.0022048235405236483,0.423787385225296,,,,,,,,,,,,,,,,,,,,,,,,,,,,,,,,,,,,,,,,,,,,,,,,,,,,,,,,,,,,,,,,,,,,,,,,
0.0007769190788470499,382,,,,,,,,,,,,,,,,,,,,,,,,,,,,,,,,,,,,,,,,,,,,,,,,,,,,,,,,,,,,,,,,,,,,,,,,,,,,,,,,,,,
,382,0.41150233149528503,0.41150233149528503,0.0007608375744894147,0.002431032946333289,0.41150233149528503,382,,,,,,,,,,,,,,,,,,,,,,,,,,,,,,,,,,,,,,,,,,,,,,,,,,,,,,,,,,,,,,,,,,,,,,,,,,,,,
,382,,,,,,382,0.41150233149528503,0.41150233149528503,0.0007608375744894147,0.002431032946333289,0.41150233149528503,,,,,,,,,,,,,,,,,,,,,,,,,,,,,,,,,,,,,,,,,,,,,,,,,,,,,,,,,,,,,,,,,,,,,,,,
0.0007754651296724549,383,,,,,,,,,,,,,,,,,,,,,,,,,,,,,,,,,,,,,,,,,,,,,,,,,,,,,,,,,,,,,,,,,,,,,,,,,,,,,,,,,,,
,383,0.42459022998809814,0.4233752489089966,0.0007488985429517925,0.0022917333990335464,0.4233752489089966,383,,,,,,,,,,,,,,,,,,,,,,,,,,,,,,,,,,,,,,,,,,,,,,,,,,,,,,,,,,,,,,,,,,,,,,,,,,,,,
,383,,,,,,383,0.42459022998809814,0.4233752489089966,0.0007488985429517925,0.0022917333990335464,0.4233752489089966,,,,,,,,,,,,,,,,,,,,,,,,,,,,,,,,,,,,,,,,,,,,,,,,,,,,,,,,,,,,,,,,,,,,,,,,
0.0007740078301345285,384,,,,,,,,,,,,,,,,,,,,,,,,,,,,,,,,,,,,,,,,,,,,,,,,,,,,,,,,,,,,,,,,,,,,,,,,,,,,,,,,,,,
,384,0.4409019351005554,0.4455114006996155,0.000736775400582701,0.001952280756086111,0.4455114006996155,384,,,,,,,,,,,,,,,,,,,,,,,,,,,,,,,,,,,,,,,,,,,,,,,,,,,,,,,,,,,,,,,,,,,,,,,,,,,,,
,384,,,,,,384,0.4409019351005554,0.4455114006996155,0.000736775400582701,0.001952280756086111,0.4455114006996155,,,,,,,,,,,,,,,,,,,,,,,,,,,,,,,,,,,,,,,,,,,,,,,,,,,,,,,,,,,,,,,,,,,,,,,,
0.0007725471979900056,385,,,,,,,,,,,,,,,,,,,,,,,,,,,,,,,,,,,,,,,,,,,,,,,,,,,,,,,,,,,,,,,,,,,,,,,,,,,,,,,,,,,
,385,0.7579545974731445,0.764582097530365,0.000724499870557338,0.006682201288640499,0.764582097530365,385,,,,,,,,,,,,,,,,,,,,,,,,,,,,,,,,,,,,,,,,,,,,,,,,,,,,,,,,,,,,,,,,,,,,,,,,,,,,,
,385,,,,,,385,0.7579545974731445,0.764582097530365,0.000724499870557338,0.006682201288640499,0.764582097530365,,,,,,,,,,,,,,,,,,,,,,,,,,,,,,,,,,,,,,,,,,,,,,,,,,,,,,,,,,,,,,,,,,,,,,,,
0.0007710832510362283,386,,,,,,,,,,,,,,,,,,,,,,,,,,,,,,,,,,,,,,,,,,,,,,,,,,,,,,,,,,,,,,,,,,,,,,,,,,,,,,,,,,,
,386,0.4592547118663788,0.4592547118663788,0.0007121640956029296,0.0020620482973754406,0.4592547118663788,386,,,,,,,,,,,,,,,,,,,,,,,,,,,,,,,,,,,,,,,,,,,,,,,,,,,,,,,,,,,,,,,,,,,,,,,,,,,,,
,386,,,,,,386,0.4592547118663788,0.4592547118663788,0.0007121640956029296,0.0020620482973754406,0.4592547118663788,,,,,,,,,,,,,,,,,,,,,,,,,,,,,,,,,,,,,,,,,,,,,,,,,,,,,,,,,,,,,,,,,,,,,,,,
0.0007696160071109277,387,,,,,,,,,,,,,,,,,,,,,,,,,,,,,,,,,,,,,,,,,,,,,,,,,,,,,,,,,,,,,,,,,,,,,,,,,,,,,,,,,,,
,387,0.4049932360649109,0.412921667098999,0.0006996835581958294,0.0017303053755313158,0.412921667098999,387,,,,,,,,,,,,,,,,,,,,,,,,,,,,,,,,,,,,,,,,,,,,,,,,,,,,,,,,,,,,,,,,,,,,,,,,,,,,,
,387,,,,,,387,0.4049932360649109,0.412921667098999,0.0006996835581958294,0.0017303053755313158,0.412921667098999,,,,,,,,,,,,,,,,,,,,,,,,,,,,,,,,,,,,,,,,,,,,,,,,,,,,,,,,,,,,,,,,,,,,,,,,
0.0007681454840920084,388,,,,,,,,,,,,,,,,,,,,,,,,,,,,,,,,,,,,,,,,,,,,,,,,,,,,,,,,,,,,,,,,,,,,,,,,,,,,,,,,,,,
,388,0.418806254863739,0.418806254863739,0.0006870758952572942,0.0018581676995381713,0.418806254863739,388,,,,,,,,,,,,,,,,,,,,,,,,,,,,,,,,,,,,,,,,,,,,,,,,,,,,,,,,,,,,,,,,,,,,,,,,,,,,,
,388,,,,,,388,0.418806254863739,0.418806254863739,0.0006870758952572942,0.0018581676995381713,0.418806254863739,,,,,,,,,,,,,,,,,,,,,,,,,,,,,,,,,,,,,,,,,,,,,,,,,,,,,,,,,,,,,,,,,,,,,,,,
0.0007666716998973292,389,,,,,,,,,,,,,,,,,,,,,,,,,,,,,,,,,,,,,,,,,,,,,,,,,,,,,,,,,,,,,,,,,,,,,,,,,,,,,,,,,,,
,389,0.3496338129043579,0.3496338129043579,0.0006743533303961158,0.0015199610497802496,0.3496338129043579,389,,,,,,,,,,,,,,,,,,,,,,,,,,,,,,,,,,,,,,,,,,,,,,,,,,,,,,,,,,,,,,,,,,,,,,,,,,,,,
,389,,,,,,389,0.3496338129043579,0.3496338129043579,0.0006743533303961158,0.0015199610497802496,0.3496338129043579,,,,,,,,,,,,,,,,,,,,,,,,,,,,,,,,,,,,,,,,,,,,,,,,,,,,,,,,,,,,,,,,,,,,,,,,
0.0007651946724844856,390,,,,,,,,,,,,,,,,,,,,,,,,,,,,,,,,,,,,,,,,,,,,,,,,,,,,,,,,,,,,,,,,,,,,,,,,,,,,,,,,,,,
,390,0.3302934467792511,0.3302934467792511,0.0006615287275053561,0.0027422080747783184,0.3302934467792511,390,,,,,,,,,,,,,,,,,,,,,,,,,,,,,,,,,,,,,,,,,,,,,,,,,,,,,,,,,,,,,,,,,,,,,,,,,,,,,
,390,,,,,,390,0.3302934467792511,0.3302934467792511,0.0006615287275053561,0.0027422080747783184,0.3302934467792511,,,,,,,,,,,,,,,,,,,,,,,,,,,,,,,,,,,,,,,,,,,,,,,,,,,,,,,,,,,,,,,,,,,,,,,,
0.0007637144198505901,391,,,,,,,,,,,,,,,,,,,,,,,,,,,,,,,,,,,,,,,,,,,,,,,,,,,,,,,,,,,,,,,,,,,,,,,,,,,,,,,,,,,
,391,0.3220760226249695,0.3220760226249695,0.0006486139027401805,0.0016968485433608294,0.3220760226249695,391,,,,,,,,,,,,,,,,,,,,,,,,,,,,,,,,,,,,,,,,,,,,,,,,,,,,,,,,,,,,,,,,,,,,,,,,,,,,,
,391,,,,,,391,0.3220760226249695,0.3220760226249695,0.0006486139027401805,0.0016968485433608294,0.3220760226249695,,,,,,,,,,,,,,,,,,,,,,,,,,,,,,,,,,,,,,,,,,,,,,,,,,,,,,,,,,,,,,,,,,,,,,,,
0.0007622309600320542,392,,,,,,,,,,,,,,,,,,,,,,,,,,,,,,,,,,,,,,,,,,,,,,,,,,,,,,,,,,,,,,,,,,,,,,,,,,,,,,,,,,,
,392,0.4234481751918793,0.4234481751918793,0.0006356191006489098,0.0021760747767984867,0.4234481751918793,392,,,,,,,,,,,,,,,,,,,,,,,,,,,,,,,,,,,,,,,,,,,,,,,,,,,,,,,,,,,,,,,,,,,,,,,,,,,,,
,392,,,,,,392,0.4234481751918793,0.4234481751918793,0.0006356191006489098,0.0021760747767984867,0.4234481751918793,,,,,,,,,,,,,,,,,,,,,,,,,,,,,,,,,,,,,,,,,,,,,,,,,,,,,,,,,,,,,,,,,,,,,,,,
0.0007607443111043676,393,,,,,,,,,,,,,,,,,,,,,,,,,,,,,,,,,,,,,,,,,,,,,,,,,,,,,,,,,,,,,,,,,,,,,,,,,,,,,,,,,,,
,393,0.34263572096824646,0.34263572096824646,0.0006225536926649511,0.0014585086610168219,0.34263572096824646,393,,,,,,,,,,,,,,,,,,,,,,,,,,,,,,,,,,,,,,,,,,,,,,,,,,,,,,,,,,,,,,,,,,,,,,,,,,,,,
,393,,,,,,393,0.34263572096824646,0.34263572096824646,0.0006225536926649511,0.0014585086610168219,0.34263572096824646,,,,,,,,,,,,,,,,,,,,,,,,,,,,,,,,,,,,,,,,,,,,,,,,,,,,,,,,,,,,,,,,,,,,,,,,
0.0007592544911818782,394,,,,,,,,,,,,,,,,,,,,,,,,,,,,,,,,,,,,,,,,,,,,,,,,,,,,,,,,,,,,,,,,,,,,,,,,,,,,,,,,,,,
,394,0.3328798711299896,0.3409454822540283,0.0006094262935221195,0.0014393646270036697,0.3409454822540283,394,,,,,,,,,,,,,,,,,,,,,,,,,,,,,,,,,,,,,,,,,,,,,,,,,,,,,,,,,,,,,,,,,,,,,,,,,,,,,
,394,,,,,,394,0.3328798711299896,0.3409454822540283,0.0006094262935221195,0.0014393646270036697,0.3409454822540283,,,,,,,,,,,,,,,,,,,,,,,,,,,,,,,,,,,,,,,,,,,,,,,,,,,,,,,,,,,,,,,,,,,,,,,,
0.0007577615184175717,395,,,,,,,,,,,,,,,,,,,,,,,,,,,,,,,,,,,,,,,,,,,,,,,,,,,,,,,,,,,,,,,,,,,,,,,,,,,,,,,,,,,
,395,0.31520527601242065,0.31520527601242065,0.0005962460418231785,0.0014631840167567134,0.31520527601242065,395,,,,,,,,,,,,,,,,,,,,,,,,,,,,,,,,,,,,,,,,,,,,,,,,,,,,,,,,,,,,,,,,,,,,,,,,,,,,,
,395,,,,,,395,0.31520527601242065,0.31520527601242065,0.0005962460418231785,0.0014631840167567134,0.31520527601242065,,,,,,,,,,,,,,,,,,,,,,,,,,,,,,,,,,,,,,,,,,,,,,,,,,,,,,,,,,,,,,,,,,,,,,,,
0.00075626541100285,396,,,,,,,,,,,,,,,,,,,,,,,,,,,,,,,,,,,,,,,,,,,,,,,,,,,,,,,,,,,,,,,,,,,,,,,,,,,,,,,,,,,
,396,0.28449010848999023,0.28449010848999023,0.0005830181180499494,0.001999023137614131,0.28449010848999023,396,,,,,,,,,,,,,,,,,,,,,,,,,,,,,,,,,,,,,,,,,,,,,,,,,,,,,,,,,,,,,,,,,,,,,,,,,,,,,
,396,,,,,,396,0.28449010848999023,0.28449010848999023,0.0005830181180499494,0.001999023137614131,0.28449010848999023,,,,,,,,,,,,,,,,,,,,,,,,,,,,,,,,,,,,,,,,,,,,,,,,,,,,,,,,,,,,,,,,,,,,,,,,
0.0007547661871673101,397,,,,,,,,,,,,,,,,,,,,,,,,,,,,,,,,,,,,,,,,,,,,,,,,,,,,,,,,,,,,,,,,,,,,,,,,,,,,,,,,,,,
,397,0.3024289309978485,0.3024289309978485,0.0005697488086298108,0.0019132544985041022,0.3024289309978485,397,,,,,,,,,,,,,,,,,,,,,,,,,,,,,,,,,,,,,,,,,,,,,,,,,,,,,,,,,,,,,,,,,,,,,,,,,,,,,
,397,,,,,,397,0.3024289309978485,0.3024289309978485,0.0005697488086298108,0.0019132544985041022,0.3024289309978485,,,,,,,,,,,,,,,,,,,,,,,,,,,,,,,,,,,,,,,,,,,,,,,,,,,,,,,,,,,,,,,,,,,,,,,,
0.0007532638651785212,398,,,,,,,,,,,,,,,,,,,,,,,,,,,,,,,,,,,,,,,,,,,,,,,,,,,,,,,,,,,,,,,,,,,,,,,,,,,,,,,,,,,
,398,0.26668640971183777,0.26668640971183777,0.0005564435850828886,0.0021437236573547125,0.26668640971183777,398,,,,,,,,,,,,,,,,,,,,,,,,,,,,,,,,,,,,,,,,,,,,,,,,,,,,,,,,,,,,,,,,,,,,,,,,,,,,,
,398,,,,,,398,0.26668640971183777,0.26668640971183777,0.0005564435850828886,0.0021437236573547125,0.26668640971183777,,,,,,,,,,,,,,,,,,,,,,,,,,,,,,,,,,,,,,,,,,,,,,,,,,,,,,,,,,,,,,,,,,,,,,,,
0.0007517584633418021,399,,,,,,,,,,,,,,,,,,,,,,,,,,,,,,,,,,,,,,,,,,,,,,,,,,,,,,,,,,,,,,,,,,,,,,,,,,,,,,,,,,,
,399,0.39049264788627625,0.386137455701828,0.0005431076278910041,0.002006718423217535,0.386137455701828,399,,,,,,,,,,,,,,,,,,,,,,,,,,,,,,,,,,,,,,,,,,,,,,,,,,,,,,,,,,,,,,,,,,,,,,,,,,,,,
,399,,,,,,399,,,,,,0.25430071353912354,0.25430071353912354,0.0005304303485900164,0.001868973020464182,0.25430071353912354,0.470639169216156,0.470639169216156,0.0005304303485900164,0.002397028496488929,0.470639169216156,-0.06704418361186981,0.2003200501203537,0.29774442315101624,0.16342106461524963,0.10257887095212936,0.06291766464710236,0.04421675577759743,0.026816729456186295,0.0023140113335102797,0.06704418361186981,0.655510663986206,0.3880469799041748,0.26799139380455017,0.220010906457901,0.17497733235359192,0.08298751711845398,0.298254132270813,0.1787746697664261,0.12237522006034851,0.07597441971302032,0.052436646074056625,0.030698265880346298,0.002374732866883278,0.07710565626621246,27.983150482177734,20.928144454956055,25.897390365600586,36.64102554321289,67.62152099609375,2541.821533203125,453.48211669921875,-0.06097095087170601,0.2049456685781479,0.29654112458229065,0.1573963165283203,0.09547378122806549,0.050441473722457886,0.03517300635576248,0.02321181632578373,0.00412930641323328,0.06097095087170601,0.6323267221450806,0.3526236116886139,0.20658789575099945,0.16766630113124847,0.1446056216955185,0.14522814750671387,0.27483972907066345,0.17325232923030853,0.11576492339372635,0.06256099045276642,0.04261363670229912,0.02690620720386505,0.0042321644723415375,0.07088837772607803,27.725154876708984,19.311582565307617,22.696123123168945,32.22132873535156,60.1193733215332,2450.900390625,435.49566650390625
,399,,,,,,399,0.39049264788627625,0.386137455701828,0.0005431076278910041,0.002006718423217535,0.386137455701828,,,,,,,,,,,,,,,,,,,,,,,,,,,,,,,,,,,,,,,,,,,,,,,,,,,,,,,,,,,,,,,,,,,,,,,,
0.0007502499999999997,400,,,,,,,,,,,,,,,,,,,,,,,,,,,,,,,,,,,,,,,,,,,,,,,,,,,,,,,,,,,,,,,,,,,,,,,,,,,,,,,,,,,
,400,0.2806536853313446,0.2806536853313446,0.0005304303485900164,0.0013224910944700241,0.2806536853313446,400,,,,,,,,,,,,,,,,,,,,,,,,,,,,,,,,,,,,,,,,,,,,,,,,,,,,,,,,,,,,,,,,,,,,,,,,,,,,,
,400,,,,,,400,0.2806536853313446,0.2806536853313446,0.0005304303485900164,0.0013224910944700241,0.2806536853313446,,,,,,,,,,,,,,,,,,,,,,,,,,,,,,,,,,,,,,,,,,,,,,,,,,,,,,,,,,,,,,,,,,,,,,,,
0.0007487384935332636,401,,,,,,,,,,,,,,,,,,,,,,,,,,,,,,,,,,,,,,,,,,,,,,,,,,,,,,,,,,,,,,,,,,,,,,,,,,,,,,,,,,,
,401,0.2770810127258301,0.2770810127258301,0.0005176622071303427,0.0011766446987167,0.2770810127258301,401,,,,,,,,,,,,,,,,,,,,,,,,,,,,,,,,,,,,,,,,,,,,,,,,,,,,,,,,,,,,,,,,,,,,,,,,,,,,,
,401,,,,,,401,0.2770810127258301,0.2770810127258301,0.0005176622071303427,0.0011766446987167,0.2770810127258301,,,,,,,,,,,,,,,,,,,,,,,,,,,,,,,,,,,,,,,,,,,,,,,,,,,,,,,,,,,,,,,,,,,,,,,,
0.000747223962358823,402,,,,,,,,,,,,,,,,,,,,,,,,,,,,,,,,,,,,,,,,,,,,,,,,,,,,,,,,,,,,,,,,,,,,,,,,,,,,,,,,,,,
,402,0.4197463393211365,0.4197463393211365,0.0005048137973062694,0.002702348865568638,0.4197463393211365,402,,,,,,,,,,,,,,,,,,,,,,,,,,,,,,,,,,,,,,,,,,,,,,,,,,,,,,,,,,,,,,,,,,,,,,,,,,,,,
,402,,,,,,402,0.4197463393211365,0.4197463393211365,0.0005048137973062694,0.002702348865568638,0.4197463393211365,,,,,,,,,,,,,,,,,,,,,,,,,,,,,,,,,,,,,,,,,,,,,,,,,,,,,,,,,,,,,,,,,,,,,,,,
0.0007457064249307625,403,,,,,,,,,,,,,,,,,,,,,,,,,,,,,,,,,,,,,,,,,,,,,,,,,,,,,,,,,,,,,,,,,,,,,,,,,,,,,,,,,,,
,403,0.47303467988967896,0.47303467988967896,0.000491894839797169,0.0028954981826245785,0.47303467988967896,403,,,,,,,,,,,,,,,,,,,,,,,,,,,,,,,,,,,,,,,,,,,,,,,,,,,,,,,,,,,,,,,,,,,,,,,,,,,,,
,403,,,,,,403,0.47303467988967896,0.47303467988967896,0.000491894839797169,0.0028954981826245785,0.47303467988967896,,,,,,,,,,,,,,,,,,,,,,,,,,,,,,,,,,,,,,,,,,,,,,,,,,,,,,,,,,,,,,,,,,,,,,,,
0.0007441858997397967,404,,,,,,,,,,,,,,,,,,,,,,,,,,,,,,,,,,,,,,,,,,,,,,,,,,,,,,,,,,,,,,,,,,,,,,,,,,,,,,,,,,,
,404,0.247654527425766,0.2443871945142746,0.0004789138329215348,0.0023793664295226336,0.2443871945142746,404,,,,,,,,,,,,,,,,,,,,,,,,,,,,,,,,,,,,,,,,,,,,,,,,,,,,,,,,,,,,,,,,,,,,,,,,,,,,,
,404,,,,,,404,0.247654527425766,0.2443871945142746,0.0004789138329215348,0.0023793664295226336,0.2443871945142746,,,,,,,,,,,,,,,,,,,,,,,,,,,,,,,,,,,,,,,,,,,,,,,,,,,,,,,,,,,,,,,,,,,,,,,,
0.0007426624053130452,405,,,,,,,,,,,,,,,,,,,,,,,,,,,,,,,,,,,,,,,,,,,,,,,,,,,,,,,,,,,,,,,,,,,,,,,,,,,,,,,,,,,
,405,0.3912023901939392,0.3951909840106964,0.0004658956022467464,0.0019968636333942413,0.3951909840106964,405,,,,,,,,,,,,,,,,,,,,,,,,,,,,,,,,,,,,,,,,,,,,,,,,,,,,,,,,,,,,,,,,,,,,,,,,,,,,,
,405,,,,,,405,0.3912023901939392,0.3951909840106964,0.0004658956022467464,0.0019968636333942413,0.3951909840106964,,,,,,,,,,,,,,,,,,,,,,,,,,,,,,,,,,,,,,,,,,,,,,,,,,,,,,,,,,,,,,,,,,,,,,,,
0.0007411359602138065,406,,,,,,,,,,,,,,,,,,,,,,,,,,,,,,,,,,,,,,,,,,,,,,,,,,,,,,,,,,,,,,,,,,,,,,,,,,,,,,,,,,,
,406,0.264016330242157,0.2441345751285553,0.00045282841892912984,0.0011568688787519932,0.2441345751285553,406,,,,,,,,,,,,,,,,,,,,,,,,,,,,,,,,,,,,,,,,,,,,,,,,,,,,,,,,,,,,,,,,,,,,,,,,,,,,,
,406,,,,,,406,0.264016330242157,0.2441345751285553,0.00045282841892912984,0.0011568688787519932,0.2441345751285553,,,,,,,,,,,,,,,,,,,,,,,,,,,,,,,,,,,,,,,,,,,,,,,,,,,,,,,,,,,,,,,,,,,,,,,,
0.000739606583041333,407,,,,,,,,,,,,,,,,,,,,,,,,,,,,,,,,,,,,,,,,,,,,,,,,,,,,,,,,,,,,,,,,,,,,,,,,,,,,,,,,,,,
,407,0.25739288330078125,0.25739288330078125,0.00043987794197164476,0.0010928520932793617,0.25739288330078125,407,,,,,,,,,,,,,,,,,,,,,,,,,,,,,,,,,,,,,,,,,,,,,,,,,,,,,,,,,,,,,,,,,,,,,,,,,,,,,
,407,,,,,,407,0.25739288330078125,0.25739288330078125,0.00043987794197164476,0.0010928520932793617,0.25739288330078125,,,,,,,,,,,,,,,,,,,,,,,,,,,,,,,,,,,,,,,,,,,,,,,,,,,,,,,,,,,,,,,,,,,,,,,,
0.0007380742924306023,408,,,,,,,,,,,,,,,,,,,,,,,,,,,,,,,,,,,,,,,,,,,,,,,,,,,,,,,,,,,,,,,,,,,,,,,,,,,,,,,,,,,
,408,0.22480067610740662,0.22480067610740662,0.0004268749034963548,0.002244076458737254,0.22480067610740662,408,,,,,,,,,,,,,,,,,,,,,,,,,,,,,,,,,,,,,,,,,,,,,,,,,,,,,,,,,,,,,,,,,,,,,,,,,,,,,
,408,,,,,,408,0.22480067610740662,0.22480067610740662,0.0004268749034963548,0.002244076458737254,0.22480067610740662,,,,,,,,,,,,,,,,,,,,,,,,,,,,,,,,,,,,,,,,,,,,,,,,,,,,,,,,,,,,,,,,,,,,,,,,
0.0007365391070520923,409,,,,,,,,,,,,,,,,,,,,,,,,,,,,,,,,,,,,,,,,,,,,,,,,,,,,,,,,,,,,,,,,,,,,,,,,,,,,,,,,,,,
,409,0.30028459429740906,0.30028459429740906,0.0004138262302149087,0.001328328624367714,0.30028459429740906,409,,,,,,,,,,,,,,,,,,,,,,,,,,,,,,,,,,,,,,,,,,,,,,,,,,,,,,,,,,,,,,,,,,,,,,,,,,,,,
,409,,,,,,409,0.30028459429740906,0.30028459429740906,0.0004138262302149087,0.001328328624367714,0.30028459429740906,,,,,,,,,,,,,,,,,,,,,,,,,,,,,,,,,,,,,,,,,,,,,,,,,,,,,,,,,,,,,,,,,,,,,,,,
0.0007350010456115521,410,,,,,,,,,,,,,,,,,,,,,,,,,,,,,,,,,,,,,,,,,,,,,,,,,,,,,,,,,,,,,,,,,,,,,,,,,,,,,,,,,,,
,410,1.0700876712799072,1.0700876712799072,0.0004007380921393633,0.05606624111533165,1.0700876712799072,410,,,,,,,,,,,,,,,,,,,,,,,,,,,,,,,,,,,,,,,,,,,,,,,,,,,,,,,,,,,,,,,,,,,,,,,,,,,,,
,410,,,,,,410,1.0700876712799072,1.0700876712799072,0.0004007380921393633,0.05606624111533165,1.0700876712799072,,,,,,,,,,,,,,,,,,,,,,,,,,,,,,,,,,,,,,,,,,,,,,,,,,,,,,,,,,,,,,,,,,,,,,,,
0.0007334601268497754,411,,,,,,,,,,,,,,,,,,,,,,,,,,,,,,,,,,,,,,,,,,,,,,,,,,,,,,,,,,,,,,,,,,,,,,,,,,,,,,,,,,,
,411,0.2675333023071289,0.25732356309890747,0.0003903152537532151,0.0020817890763282776,0.25732356309890747,411,,,,,,,,,,,,,,,,,,,,,,,,,,,,,,,,,,,,,,,,,,,,,,,,,,,,,,,,,,,,,,,,,,,,,,,,,,,,,
,411,,,,,,411,0.2675333023071289,0.25732356309890747,0.0003903152537532151,0.0020817890763282776,0.25732356309890747,,,,,,,,,,,,,,,,,,,,,,,,,,,,,,,,,,,,,,,,,,,,,,,,,,,,,,,,,,,,,,,,,,,,,,,,
0.0007319163695423707,412,,,,,,,,,,,,,,,,,,,,,,,,,,,,,,,,,,,,,,,,,,,,,,,,,,,,,,,,,,,,,,,,,,,,,,,,,,,,,,,,,,,
,412,0.2629849314689636,0.25279879570007324,0.00037961918860673904,0.0011322884820401669,0.25279879570007324,412,,,,,,,,,,,,,,,,,,,,,,,,,,,,,,,,,,,,,,,,,,,,,,,,,,,,,,,,,,,,,,,,,,,,,,,,,,,,,
,412,,,,,,412,0.2629849314689636,0.25279879570007324,0.00037961918860673904,0.0011322884820401669,0.25279879570007324,,,,,,,,,,,,,,,,,,,,,,,,,,,,,,,,,,,,,,,,,,,,,,,,,,,,,,,,,,,,,,,,,,,,,,,,
0.0007303697924995336,413,,,,,,,,,,,,,,,,,,,,,,,,,,,,,,,,,,,,,,,,,,,,,,,,,,,,,,,,,,,,,,,,,,,,,,,,,,,,,,,,,,,
,413,0.23675811290740967,0.23675811290740967,0.00036865429137833416,0.0012984845088794827,0.23675811290740967,413,,,,,,,,,,,,,,,,,,,,,,,,,,,,,,,,,,,,,,,,,,,,,,,,,,,,,,,,,,,,,,,,,,,,,,,,,,,,,
,413,,,,,,413,0.23675811290740967,0.23675811290740967,0.00036865429137833416,0.0012984845088794827,0.23675811290740967,,,,,,,,,,,,,,,,,,,,,,,,,,,,,,,,,,,,,,,,,,,,,,,,,,,,,,,,,,,,,,,,,,,,,,,,
0.0007288204145658175,414,,,,,,,,,,,,,,,,,,,,,,,,,,,,,,,,,,,,,,,,,,,,,,,,,,,,,,,,,,,,,,,,,,,,,,,,,,,,,,,,,,,
,414,0.22894904017448425,0.22442206740379333,0.0003574469592422247,0.001417196006514132,0.22442206740379333,414,,,,,,,,,,,,,,,,,,,,,,,,,,,,,,,,,,,,,,,,,,,,,,,,,,,,,,,,,,,,,,,,,,,,,,,,,,,,,
,414,,,,,,414,0.22894904017448425,0.22442206740379333,0.0003574469592422247,0.001417196006514132,0.22442206740379333,,,,,,,,,,,,,,,,,,,,,,,,,,,,,,,,,,,,,,,,,,,,,,,,,,,,,,,,,,,,,,,,,,,,,,,,
0.0007272682546199033,415,,,,,,,,,,,,,,,,,,,,,,,,,,,,,,,,,,,,,,,,,,,,,,,,,,,,,,,,,,,,,,,,,,,,,,,,,,,,,,,,,,,
,415,0.23091647028923035,0.23091647028923035,0.0003460254811216146,0.0009830968920141459,0.23091647028923035,415,,,,,,,,,,,,,,,,,,,,,,,,,,,,,,,,,,,,,,,,,,,,,,,,,,,,,,,,,,,,,,,,,,,,,,,,,,,,,
,415,,,,,,415,0.23091647028923035,0.23091647028923035,0.0003460254811216146,0.0009830968920141459,0.23091647028923035,,,,,,,,,,,,,,,,,,,,,,,,,,,,,,,,,,,,,,,,,,,,,,,,,,,,,,,,,,,,,,,,,,,,,,,,
0.0007257133315743703,416,,,,,,,,,,,,,,,,,,,,,,,,,,,,,,,,,,,,,,,,,,,,,,,,,,,,,,,,,,,,,,,,,,,,,,,,,,,,,,,,,,,
,416,1.058485507965088,1.0577600002288818,0.0003344108408782631,0.03194849193096161,1.0577600002288818,416,,,,,,,,,,,,,,,,,,,,,,,,,,,,,,,,,,,,,,,,,,,,,,,,,,,,,,,,,,,,,,,,,,,,,,,,,,,,,
,416,,,,,,416,1.058485507965088,1.0577600002288818,0.0003344108408782631,0.03194849193096161,1.0577600002288818,,,,,,,,,,,,,,,,,,,,,,,,,,,,,,,,,,,,,,,,,,,,,,,,,,,,,,,,,,,,,,,,,,,,,,,,
0.000724155664375465,417,,,,,,,,,,,,,,,,,,,,,,,,,,,,,,,,,,,,,,,,,,,,,,,,,,,,,,,,,,,,,,,,,,,,,,,,,,,,,,,,,,,
,417,0.21676501631736755,0.21676501631736755,0.0003245543921366334,0.0016392979305237532,0.21676501631736755,417,,,,,,,,,,,,,,,,,,,,,,,,,,,,,,,,,,,,,,,,,,,,,,,,,,,,,,,,,,,,,,,,,,,,,,,,,,,,,
,417,,,,,,417,0.21676501631736755,0.21676501631736755,0.0003245543921366334,0.0016392979305237532,0.21676501631736755,,,,,,,,,,,,,,,,,,,,,,,,,,,,,,,,,,,,,,,,,,,,,,,,,,,,,,,,,,,,,,,,,,,,,,,,
0.0007225952720028708,418,,,,,,,,,,,,,,,,,,,,,,,,,,,,,,,,,,,,,,,,,,,,,,,,,,,,,,,,,,,,,,,,,,,,,,,,,,,,,,,,,,,
,418,0.19867467880249023,0.18750761449337006,0.00031435067648999393,0.0015147970989346504,0.18750761449337006,418,,,,,,,,,,,,,,,,,,,,,,,,,,,,,,,,,,,,,,,,,,,,,,,,,,,,,,,,,,,,,,,,,,,,,,,,,,,,,
,418,,,,,,418,0.19867467880249023,0.18750761449337006,0.00031435067648999393,0.0015147970989346504,0.18750761449337006,,,,,,,,,,,,,,,,,,,,,,,,,,,,,,,,,,,,,,,,,,,,,,,,,,,,,,,,,,,,,,,,,,,,,,,,
0.0007210321734694763,419,,,,,,,,,,,,,,,,,,,,,,,,,,,,,,,,,,,,,,,,,,,,,,,,,,,,,,,,,,,,,,,,,,,,,,,,,,,,,,,,,,,
,419,0.21262750029563904,0.21262750029563904,0.0003038420109078288,0.0013265978777781129,0.21262750029563904,419,,,,,,,,,,,,,,,,,,,,,,,,,,,,,,,,,,,,,,,,,,,,,,,,,,,,,,,,,,,,,,,,,,,,,,,,,,,,,
,419,,,,,,419,0.21262750029563904,0.21262750029563904,0.0003038420109078288,0.0013265978777781129,0.21262750029563904,,,,,,,,,,,,,,,,,,,,,,,,,,,,,,,,,,,,,,,,,,,,,,,,,,,,,,,,,,,,,,,,,,,,,,,,
0.0007194663878211438,420,,,,,,,,,,,,,,,,,,,,,,,,,,,,,,,,,,,,,,,,,,,,,,,,,,,,,,,,,,,,,,,,,,,,,,,,,,,,,,,,,,,
,420,0.19962136447429657,0.20824047923088074,0.0002930552000179887,0.0011462190886959434,0.20824047923088074,420,,,,,,,,,,,,,,,,,,,,,,,,,,,,,,,,,,,,,,,,,,,,,,,,,,,,,,,,,,,,,,,,,,,,,,,,,,,,,
,420,,,,,,420,0.19962136447429657,0.20824047923088074,0.0002930552000179887,0.0011462190886959434,0.20824047923088074,,,,,,,,,,,,,,,,,,,,,,,,,,,,,,,,,,,,,,,,,,,,,,,,,,,,,,,,,,,,,,,,,,,,,,,,
0.0007178979341364773,421,,,,,,,,,,,,,,,,,,,,,,,,,,,,,,,,,,,,,,,,,,,,,,,,,,,,,,,,,,,,,,,,,,,,,,,,,,,,,,,,,,,
,421,0.19690267741680145,0.19690267741680145,0.00028202065732330084,0.0008506314479745924,0.19690267741680145,421,,,,,,,,,,,,,,,,,,,,,,,,,,,,,,,,,,,,,,,,,,,,,,,,,,,,,,,,,,,,,,,,,,,,,,,,,,,,,
,421,,,,,,421,0.19690267741680145,0.19690267741680145,0.00028202065732330084,0.0008506314479745924,0.19690267741680145,,,,,,,,,,,,,,,,,,,,,,,,,,,,,,,,,,,,,,,,,,,,,,,,,,,,,,,,,,,,,,,,,,,,,,,,
0.0007163268315265898,422,,,,,,,,,,,,,,,,,,,,,,,,,,,,,,,,,,,,,,,,,,,,,,,,,,,,,,,,,,,,,,,,,,,,,,,,,,,,,,,,,,,
,422,0.21376094222068787,0.21376094222068787,0.0002707644598558545,0.0009079008596017957,0.21376094222068787,422,,,,,,,,,,,,,,,,,,,,,,,,,,,,,,,,,,,,,,,,,,,,,,,,,,,,,,,,,,,,,,,,,,,,,,,,,,,,,
,422,,,,,,422,0.21376094222068787,0.21376094222068787,0.0002707644598558545,0.0009079008596017957,0.21376094222068787,,,,,,,,,,,,,,,,,,,,,,,,,,,,,,,,,,,,,,,,,,,,,,,,,,,,,,,,,,,,,,,,,,,,,,,,
0.000714753099134871,423,,,,,,,,,,,,,,,,,,,,,,,,,,,,,,,,,,,,,,,,,,,,,,,,,,,,,,,,,,,,,,,,,,,,,,,,,,,,,,,,,,,
,423,0.5096625089645386,0.5165107846260071,0.0002593106182757765,0.003906727768480778,0.5165107846260071,423,,,,,,,,,,,,,,,,,,,,,,,,,,,,,,,,,,,,,,,,,,,,,,,,,,,,,,,,,,,,,,,,,,,,,,,,,,,,,
,423,,,,,,423,0.5096625089645386,0.5165107846260071,0.0002593106182757765,0.003906727768480778,0.5165107846260071,,,,,,,,,,,,,,,,,,,,,,,,,,,,,,,,,,,,,,,,,,,,,,,,,,,,,,,,,,,,,,,,,,,,,,,,
0.0007131767561367534,424,,,,,,,,,,,,,,,,,,,,,,,,,,,,,,,,,,,,,,,,,,,,,,,,,,,,,,,,,,,,,,,,,,,,,,,,,,,,,,,,,,,
,424,0.305880069732666,0.305880069732666,0.0002476898371241987,0.0014786111423745751,0.305880069732666,424,,,,,,,,,,,,,,,,,,,,,,,,,,,,,,,,,,,,,,,,,,,,,,,,,,,,,,,,,,,,,,,,,,,,,,,,,,,,,
,424,,,,,,424,0.305880069732666,0.305880069732666,0.0002476898371241987,0.0014786111423745751,0.305880069732666,,,,,,,,,,,,,,,,,,,,,,,,,,,,,,,,,,,,,,,,,,,,,,,,,,,,,,,,,,,,,,,,,,,,,,,,
0.000711597821739479,425,,,,,,,,,,,,,,,,,,,,,,,,,,,,,,,,,,,,,,,,,,,,,,,,,,,,,,,,,,,,,,,,,,,,,,,,,,,,,,,,,,,
,425,0.32433682680130005,0.32433682680130005,0.0002359116479055956,0.001706404727883637,0.32433682680130005,425,,,,,,,,,,,,,,,,,,,,,,,,,,,,,,,,,,,,,,,,,,,,,,,,,,,,,,,,,,,,,,,,,,,,,,,,,,,,,
,425,,,,,,425,0.32433682680130005,0.32433682680130005,0.0002359116479055956,0.001706404727883637,0.32433682680130005,,,,,,,,,,,,,,,,,,,,,,,,,,,,,,,,,,,,,,,,,,,,,,,,,,,,,,,,,,,,,,,,,,,,,,,,
0.0007100163151818651,426,,,,,,,,,,,,,,,,,,,,,,,,,,,,,,,,,,,,,,,,,,,,,,,,,,,,,,,,,,,,,,,,,,,,,,,,,,,,,,,,,,,
,426,0.21950779855251312,0.22875764966011047,0.0002239938039565459,0.0011953130597248673,0.22875764966011047,426,,,,,,,,,,,,,,,,,,,,,,,,,,,,,,,,,,,,,,,,,,,,,,,,,,,,,,,,,,,,,,,,,,,,,,,,,,,,,
,426,,,,,,426,0.21950779855251312,0.22875764966011047,0.0002239938039565459,0.0011953130597248673,0.22875764966011047,,,,,,,,,,,,,,,,,,,,,,,,,,,,,,,,,,,,,,,,,,,,,,,,,,,,,,,,,,,,,,,,,,,,,,,,
0.00070843225573407,427,,,,,,,,,,,,,,,,,,,,,,,,,,,,,,,,,,,,,,,,,,,,,,,,,,,,,,,,,,,,,,,,,,,,,,,,,,,,,,,,,,,
,427,0.1802186816930771,0.1802186816930771,0.00021195472800172865,0.0016917145112529397,0.1802186816930771,427,,,,,,,,,,,,,,,,,,,,,,,,,,,,,,,,,,,,,,,,,,,,,,,,,,,,,,,,,,,,,,,,,,,,,,,,,,,,,
,427,,,,,,427,0.1802186816930771,0.1802186816930771,0.00021195472800172865,0.0016917145112529397,0.1802186816930771,,,,,,,,,,,,,,,,,,,,,,,,,,,,,,,,,,,,,,,,,,,,,,,,,,,,,,,,,,,,,,,,,,,,,,,,
0.0007068456626973583,428,,,,,,,,,,,,,,,,,,,,,,,,,,,,,,,,,,,,,,,,,,,,,,,,,,,,,,,,,,,,,,,,,,,,,,,,,,,,,,,,,,,
,428,0.2257625162601471,0.23384709656238556,0.00019980587239842862,0.0010288315825164318,0.23384709656238556,428,,,,,,,,,,,,,,,,,,,,,,,,,,,,,,,,,,,,,,,,,,,,,,,,,,,,,,,,,,,,,,,,,,,,,,,,,,,,,
,428,,,,,,428,0.2257625162601471,0.23384709656238556,0.00019980587239842862,0.0010288315825164318,0.23384709656238556,,,,,,,,,,,,,,,,,,,,,,,,,,,,,,,,,,,,,,,,,,,,,,,,,,,,,,,,,,,,,,,,,,,,,,,,
0.0007052565554038652,429,,,,,,,,,,,,,,,,,,,,,,,,,,,,,,,,,,,,,,,,,,,,,,,,,,,,,,,,,,,,,,,,,,,,,,,,,,,,,,,,,,,
,429,0.19273576140403748,0.1857401728630066,0.00018756311328615993,0.001202491926960647,0.1857401728630066,429,,,,,,,,,,,,,,,,,,,,,,,,,,,,,,,,,,,,,,,,,,,,,,,,,,,,,,,,,,,,,,,,,,,,,,,,,,,,,
,429,,,,,,429,0.19273576140403748,0.1857401728630066,0.00018756311328615993,0.001202491926960647,0.1857401728630066,,,,,,,,,,,,,,,,,,,,,,,,,,,,,,,,,,,,,,,,,,,,,,,,,,,,,,,,,,,,,,,,,,,,,,,,
0.000703664953216362,430,,,,,,,,,,,,,,,,,,,,,,,,,,,,,,,,,,,,,,,,,,,,,,,,,,,,,,,,,,,,,,,,,,,,,,,,,,,,,,,,,,,
,430,0.1806577891111374,0.1806577891111374,0.000175766326719895,0.0011116925161331892,0.1806577891111374,430,,,,,,,,,,,,,,,,,,,,,,,,,,,,,,,,,,,,,,,,,,,,,,,,,,,,,,,,,,,,,,,,,,,,,,,,,,,,,
,430,,,,,,430,0.1806577891111374,0.1806577891111374,0.000175766326719895,0.0011116925161331892,0.1806577891111374,,,,,,,,,,,,,,,,,,,,,,,,,,,,,,,,,,,,,,,,,,,,,,,,,,,,,,,,,,,,,,,,,,,,,,,,
0.0007020708755280185,431,,,,,,,,,,,,,,,,,,,,,,,,,,,,,,,,,,,,,,,,,,,,,,,,,,,,,,,,,,,,,,,,,,,,,,,,,,,,,,,,,,,
,431,0.1998782604932785,0.19340653717517853,0.00016384107584599406,0.0008483275887556374,0.19340653717517853,431,,,,,,,,,,,,,,,,,,,,,,,,,,,,,,,,,,,,,,,,,,,,,,,,,,,,,,,,,,,,,,,,,,,,,,,,,,,,,
,431,,,,,,431,0.1998782604932785,0.19340653717517853,0.00016384107584599406,0.0008483275887556374,0.19340653717517853,,,,,,,,,,,,,,,,,,,,,,,,,,,,,,,,,,,,,,,,,,,,,,,,,,,,,,,,,,,,,,,,,,,,,,,,
0.0007004743417621687,432,,,,,,,,,,,,,,,,,,,,,,,,,,,,,,,,,,,,,,,,,,,,,,,,,,,,,,,,,,,,,,,,,,,,,,,,,,,,,,,,,,,
,432,0.18442466855049133,0.18442466855049133,0.00015182253264356405,0.000871300115250051,0.18442466855049133,432,,,,,,,,,,,,,,,,,,,,,,,,,,,,,,,,,,,,,,,,,,,,,,,,,,,,,,,,,,,,,,,,,,,,,,,,,,,,,
,432,,,,,,432,0.18442466855049133,0.18442466855049133,0.00015182253264356405,0.000871300115250051,0.18442466855049133,,,,,,,,,,,,,,,,,,,,,,,,,,,,,,,,,,,,,,,,,,,,,,,,,,,,,,,,,,,,,,,,,,,,,,,,
0.0006988753713720727,433,,,,,,,,,,,,,,,,,,,,,,,,,,,,,,,,,,,,,,,,,,,,,,,,,,,,,,,,,,,,,,,,,,,,,,,,,,,,,,,,,,,
,433,0.30896246433258057,0.3179909586906433,0.00013970158761367202,0.0017573211807757616,0.3179909586906433,433,,,,,,,,,,,,,,,,,,,,,,,,,,,,,,,,,,,,,,,,,,,,,,,,,,,,,,,,,,,,,,,,,,,,,,,,,,,,,
,433,,,,,,433,0.30896246433258057,0.3179909586906433,0.00013970158761367202,0.0017573211807757616,0.3179909586906433,,,,,,,,,,,,,,,,,,,,,,,,,,,,,,,,,,,,,,,,,,,,,,,,,,,,,,,,,,,,,,,,,,,,,,,,
0.0006972739838406798,434,,,,,,,,,,,,,,,,,,,,,,,,,,,,,,,,,,,,,,,,,,,,,,,,,,,,,,,,,,,,,,,,,,,,,,,,,,,,,,,,,,,
,434,0.2732955813407898,0.26741939783096313,0.00012749260349664837,0.0014378658961504698,0.26741939783096313,434,,,,,,,,,,,,,,,,,,,,,,,,,,,,,,,,,,,,,,,,,,,,,,,,,,,,,,,,,,,,,,,,,,,,,,,,,,,,,
,434,,,,,,434,0.2732955813407898,0.26741939783096313,0.00012749260349664837,0.0014378658961504698,0.26741939783096313,,,,,,,,,,,,,,,,,,,,,,,,,,,,,,,,,,,,,,,,,,,,,,,,,,,,,,,,,,,,,,,,,,,,,,,,
0.0006956701986803921,435,,,,,,,,,,,,,,,,,,,,,,,,,,,,,,,,,,,,,,,,,,,,,,,,,,,,,,,,,,,,,,,,,,,,,,,,,,,,,,,,,,,
,435,0.21629349887371063,0.21629349887371063,0.00011569777416298166,0.0009307306609116495,0.21629349887371063,435,,,,,,,,,,,,,,,,,,,,,,,,,,,,,,,,,,,,,,,,,,,,,,,,,,,,,,,,,,,,,,,,,,,,,,,,,,,,,
,435,,,,,,435,0.21629349887371063,0.21629349887371063,0.00011569777416298166,0.0009307306609116495,0.21629349887371063,,,,,,,,,,,,,,,,,,,,,,,,,,,,,,,,,,,,,,,,,,,,,,,,,,,,,,,,,,,,,,,,,,,,,,,,
0.0006940640354328252,436,,,,,,,,,,,,,,,,,,,,,,,,,,,,,,,,,,,,,,,,,,,,,,,,,,,,,,,,,,,,,,,,,,,,,,,,,,,,,,,,,,,
,436,0.15964828431606293,0.15964828431606293,0.00010378387378295884,0.0007865359075367451,0.15964828431606293,436,,,,,,,,,,,,,,,,,,,,,,,,,,,,,,,,,,,,,,,,,,,,,,,,,,,,,,,,,,,,,,,,,,,,,,,,,,,,,
,436,,,,,,436,0.15964828431606293,0.15964828431606293,0.00010378387378295884,0.0007865359075367451,0.15964828431606293,,,,,,,,,,,,,,,,,,,,,,,,,,,,,,,,,,,,,,,,,,,,,,,,,,,,,,,,,,,,,,,,,,,,,,,,
0.0006924555136685718,437,,,,,,,,,,,,,,,,,,,,,,,,,,,,,,,,,,,,,,,,,,,,,,,,,,,,,,,,,,,,,,,,,,,,,,,,,,,,,,,,,,,
,437,0.14837084710597992,0.14837084710597992,9.176481398753822e-05,0.0009148081880994141,0.14837084710597992,437,,,,,,,,,,,,,,,,,,,,,,,,,,,,,,,,,,,,,,,,,,,,,,,,,,,,,,,,,,,,,,,,,,,,,,,,,,,,,
,437,,,,,,437,0.14837084710597992,0.14837084710597992,9.176481398753822e-05,0.0009148081880994141,0.14837084710597992,,,,,,,,,,,,,,,,,,,,,,,,,,,,,,,,,,,,,,,,,,,,,,,,,,,,,,,,,,,,,,,,,,,,,,,,
0.0006908446529869617,438,,,,,,,,,,,,,,,,,,,,,,,,,,,,,,,,,,,,,,,,,,,,,,,,,,,,,,,,,,,,,,,,,,,,,,,,,,,,,,,,,,,
,438,0.364189088344574,0.3712693750858307,7.965314580360427e-05,0.002576148835942149,0.3712693750858307,438,,,,,,,,,,,,,,,,,,,,,,,,,,,,,,,,,,,,,,,,,,,,,,,,,,,,,,,,,,,,,,,,,,,,,,,,,,,,,
,438,,,,,,438,0.364189088344574,0.3712693750858307,7.965314580360427e-05,0.002576148835942149,0.3712693750858307,,,,,,,,,,,,,,,,,,,,,,,,,,,,,,,,,,,,,,,,,,,,,,,,,,,,,,,,,,,,,,,,,,,,,,,,
0.0006892314730158242,439,,,,,,,,,,,,,,,,,,,,,,,,,,,,,,,,,,,,,,,,,,,,,,,,,,,,,,,,,,,,,,,,,,,,,,,,,,,,,,,,,,,
,439,0.35020074248313904,0.35020074248313904,6.746283179381862e-05,0.002533766906708479,0.35020074248313904,439,,,,,,,,,,,,,,,,,,,,,,,,,,,,,,,,,,,,,,,,,,,,,,,,,,,,,,,,,,,,,,,,,,,,,,,,,,,,,
,439,,,,,,439,0.35020074248313904,0.35020074248313904,6.746283179381862e-05,0.002533766906708479,0.35020074248313904,,,,,,,,,,,,,,,,,,,,,,,,,,,,,,,,,,,,,,,,,,,,,,,,,,,,,,,,,,,,,,,,,,,,,,,,
0.0006876159934112478,440,,,,,,,,,,,,,,,,,,,,,,,,,,,,,,,,,,,,,,,,,,,,,,,,,,,,,,,,,,,,,,,,,,,,,,,,,,,,,,,,,,,
,440,0.20627644658088684,0.20627644658088684,5.52011770196259e-05,0.0009018485434353352,0.20627644658088684,440,,,,,,,,,,,,,,,,,,,,,,,,,,,,,,,,,,,,,,,,,,,,,,,,,,,,,,,,,,,,,,,,,,,,,,,,,,,,,
,440,,,,,,440,0.20627644658088684,0.20627644658088684,5.52011770196259e-05,0.0009018485434353352,0.20627644658088684,,,,,,,,,,,,,,,,,,,,,,,,,,,,,,,,,,,,,,,,,,,,,,,,,,,,,,,,,,,,,,,,,,,,,,,,
0.0006859982338573422,441,,,,,,,,,,,,,,,,,,,,,,,,,,,,,,,,,,,,,,,,,,,,,,,,,,,,,,,,,,,,,,,,,,,,,,,,,,,,,,,,,,,
,441,0.3201660215854645,0.3201660215854645,4.287744377506897e-05,0.0021788824815303087,0.3201660215854645,441,,,,,,,,,,,,,,,,,,,,,,,,,,,,,,,,,,,,,,,,,,,,,,,,,,,,,,,,,,,,,,,,,,,,,,,,,,,,,
,441,,,,,,441,0.3201660215854645,0.3201660215854645,4.287744377506897e-05,0.0021788824815303087,0.3201660215854645,,,,,,,,,,,,,,,,,,,,,,,,,,,,,,,,,,,,,,,,,,,,,,,,,,,,,,,,,,,,,,,,,,,,,,,,
0.0006843782140659966,442,,,,,,,,,,,,,,,,,,,,,,,,,,,,,,,,,,,,,,,,,,,,,,,,,,,,,,,,,,,,,,,,,,,,,,,,,,,,,,,,,,,
,442,0.16818898916244507,0.16680040955543518,3.049975748581346e-05,0.0009532089461572468,0.16680040955543518,442,,,,,,,,,,,,,,,,,,,,,,,,,,,,,,,,,,,,,,,,,,,,,,,,,,,,,,,,,,,,,,,,,,,,,,,,,,,,,
,442,,,,,,442,0.16818898916244507,0.16680040955543518,3.049975748581346e-05,0.0009532089461572468,0.16680040955543518,,,,,,,,,,,,,,,,,,,,,,,,,,,,,,,,,,,,,,,,,,,,,,,,,,,,,,,,,,,,,,,,,,,,,,,,
0.0006827559537766408,443,,,,,,,,,,,,,,,,,,,,,,,,,,,,,,,,,,,,,,,,,,,,,,,,,,,,,,,,,,,,,,,,,,,,,,,,,,,,,,,,,,,
,443,0.4506556987762451,0.4506556987762451,1.8097416614182293e-05,0.0036807029973715544,0.4506556987762451,443,,,,,,,,,,,,,,,,,,,,,,,,,,,,,,,,,,,,,,,,,,,,,,,,,,,,,,,,,,,,,,,,,,,,,,,,,,,,,
,443,,,,,,443,0.4506556987762451,0.4506556987762451,1.8097416614182293e-05,0.0036807029973715544,0.4506556987762451,,,,,,,,,,,,,,,,,,,,,,,,,,,,,,,,,,,,,,,,,,,,,,,,,,,,,,,,,,,,,,,,,,,,,,,,
0.0006811314727560051,444,,,,,,,,,,,,,,,,,,,,,,,,,,,,,,,,,,,,,,,,,,,,,,,,,,,,,,,,,,,,,,,,,,,,,,,,,,,,,,,,,,,
,444,0.20031337440013885,0.20885932445526123,5.653247626469238e-06,0.0008678868762217462,0.20885932445526123,444,,,,,,,,,,,,,,,,,,,,,,,,,,,,,,,,,,,,,,,,,,,,,,,,,,,,,,,,,,,,,,,,,,,,,,,,,,,,,
,444,,,,,,444,0.20031337440013885,0.20885932445526123,5.653247626469238e-06,0.0008678868762217462,0.20885932445526123,,,,,,,,,,,,,,,,,,,,,,,,,,,,,,,,,,,,,,,,,,,,,,,,,,,,,,,,,,,,,,,,,,,,,,,,
0.0006795047907978773,445,,,,,,,,,,,,,,,,,,,,,,,,,,,,,,,,,,,,,,,,,,,,,,,,,,,,,,,,,,,,,,,,,,,,,,,,,,,,,,,,,,,
,445,0.1603820025920868,0.1603820025920868,-6.825685886724386e-06,0.0006808629841543734,0.1603820025920868,445,,,,,,,,,,,,,,,,,,,,,,,,,,,,,,,,,,,,,,,,,,,,,,,,,,,,,,,,,,,,,,,,,,,,,,,,,,,,,
,445,,,,,,445,0.1603820025920868,0.1603820025920868,-6.825685886724386e-06,0.0006808629841543734,0.1603820025920868,,,,,,,,,,,,,,,,,,,,,,,,,,,,,,,,,,,,,,,,,,,,,,,,,,,,,,,,,,,,,,,,,,,,,,,,
0.0006778759277228644,446,,,,,,,,,,,,,,,,,,,,,,,,,,,,,,,,,,,,,,,,,,,,,,,,,,,,,,,,,,,,,,,,,,,,,,,,,,,,,,,,,,,
,446,0.22075742483139038,0.2295074164867401,-1.9334600438014604e-05,0.00117591954767704,0.2295074164867401,446,,,,,,,,,,,,,,,,,,,,,,,,,,,,,,,,,,,,,,,,,,,,,,,,,,,,,,,,,,,,,,,,,,,,,,,,,,,,,
,446,,,,,,446,0.22075742483139038,0.2295074164867401,-1.9334600438014604e-05,0.00117591954767704,0.2295074164867401,,,,,,,,,,,,,,,,,,,,,,,,,,,,,,,,,,,,,,,,,,,,,,,,,,,,,,,,,,,,,,,,,,,,,,,,
0.0006762449033781485,447,,,,,,,,,,,,,,,,,,,,,,,,,,,,,,,,,,,,,,,,,,,,,,,,,,,,,,,,,,,,,,,,,,,,,,,,,,,,,,,,,,,
,447,0.1573891043663025,0.16739505529403687,-3.186714820913039e-05,0.0010880467016249895,0.16739505529403687,447,,,,,,,,,,,,,,,,,,,,,,,,,,,,,,,,,,,,,,,,,,,,,,,,,,,,,,,,,,,,,,,,,,,,,,,,,,,,,
,447,,,,,,447,0.1573891043663025,0.16739505529403687,-3.186714820913039e-05,0.0010880467016249895,0.16739505529403687,,,,,,,,,,,,,,,,,,,,,,,,,,,,,,,,,,,,,,,,,,,,,,,,,,,,,,,,,,,,,,,,,,,,,,,,
0.0006746117376372467,448,,,,,,,,,,,,,,,,,,,,,,,,,,,,,,,,,,,,,,,,,,,,,,,,,,,,,,,,,,,,,,,,,,,,,,,,,,,,,,,,,,,
,448,0.1443042755126953,0.1443042755126953,-4.442008867044933e-05,0.0006791133782826364,0.1443042755126953,448,,,,,,,,,,,,,,,,,,,,,,,,,,,,,,,,,,,,,,,,,,,,,,,,,,,,,,,,,,,,,,,,,,,,,,,,,,,,,
,448,,,,,,448,0.1443042755126953,0.1443042755126953,-4.442008867044933e-05,0.0006791133782826364,0.1443042755126953,,,,,,,,,,,,,,,,,,,,,,,,,,,,,,,,,,,,,,,,,,,,,,,,,,,,,,,,,,,,,,,,,,,,,,,,
0.0006729764503997681,449,,,,,,,,,,,,,,,,,,,,,,,,,,,,,,,,,,,,,,,,,,,,,,,,,,,,,,,,,,,,,,,,,,,,,,,,,,,,,,,,,,,
,449,0.43393659591674805,0.4348383843898773,-5.698926906916313e-05,0.0033262642100453377,0.4348383843898773,449,,,,,,,,,,,,,,,,,,,,,,,,,,,,,,,,,,,,,,,,,,,,,,,,,,,,,,,,,,,,,,,,,,,,,,,,,,,,,
,449,,,,,,449,,,,,,0.13482999801635742,0.13482999801635742,-6.916814163560048e-05,0.0008684349013492465,0.13482999801635742,0.19619867205619812,0.19619867205619812,-6.916814163560048e-05,0.000836794322822243,0.19619867205619812,-0.06299299001693726,0.23692955076694489,0.29840096831321716,0.15618391335010529,0.09587365388870239,0.05563997104763985,0.0404633991420269,0.026467593386769295,0.0033294162712991238,0.06299299001693726,0.5926762819290161,0.32657700777053833,0.2228786200284958,0.1971101462841034,0.17679056525230408,0.14107877016067505,0.2761852443218231,0.17496445775032043,0.11949816346168518,0.06903243809938431,0.048448704183101654,0.030188094824552536,0.0033983008470386267,0.07425502687692642,23.882755279541016,15.545252799987793,21.69599151611328,34.45106506347656,71.38317108154297,3587.143798828125,625.6836547851562,-0.06313484907150269,0.22565709054470062,0.285451740026474,0.1670386791229248,0.10143160074949265,0.052505165338516235,0.03539822995662689,0.02110268920660019,0.0013327409978955984,0.06313484907150269,0.6228153705596924,0.3308391869068146,0.19566774368286133,0.1592148244380951,0.12873980402946472,0.04979250952601433,0.2478449046611786,0.18583819270133972,0.1276121586561203,0.06695663183927536,0.043536603450775146,0.024618584662675858,0.0013675213558599353,0.07498828321695328,23.377483367919922,13.98939037322998,17.77462387084961,27.836015701293945,56.9178581237793,2759.36279296875,483.2096862792969
,449,,,,,,449,0.43393659591674805,0.4348383843898773,-5.698926906916313e-05,0.0033262642100453377,0.4348383843898773,,,,,,,,,,,,,,,,,,,,,,,,,,,,,,,,,,,,,,,,,,,,,,,,,,,,,,,,,,,,,,,,,,,,,,,,
0.0006713390615911717,450,,,,,,,,,,,,,,,,,,,,,,,,,,,,,,,,,,,,,,,,,,,,,,,,,,,,,,,,,,,,,,,,,,,,,,,,,,,,,,,,,,,
,450,0.17598536610603333,0.18773706257343292,-6.916814163560048e-05,0.0007467585382983088,0.18773706257343292,450,,,,,,,,,,,,,,,,,,,,,,,,,,,,,,,,,,,,,,,,,,,,,,,,,,,,,,,,,,,,,,,,,,,,,,,,,,,,,
,450,,,,,,450,0.17598536610603333,0.18773706257343292,-6.916814163560048e-05,0.0007467585382983088,0.18773706257343292,,,,,,,,,,,,,,,,,,,,,,,,,,,,,,,,,,,,,,,,,,,,,,,,,,,,,,,,,,,,,,,,,,,,,,,,
0.0006696995911625232,451,,,,,,,,,,,,,,,,,,,,,,,,,,,,,,,,,,,,,,,,,,,,,,,,,,,,,,,,,,,,,,,,,,,,,,,,,,,,,,,,,,,
,451,0.13962288200855255,0.13962288200855255,-8.139656711136922e-05,0.0013182981638237834,0.13962288200855255,451,,,,,,,,,,,,,,,,,,,,,,,,,,,,,,,,,,,,,,,,,,,,,,,,,,,,,,,,,,,,,,,,,,,,,,,,,,,,,
,451,,,,,,451,0.13962288200855255,0.13962288200855255,-8.139656711136922e-05,0.0013182981638237834,0.13962288200855255,,,,,,,,,,,,,,,,,,,,,,,,,,,,,,,,,,,,,,,,,,,,,,,,,,,,,,,,,,,,,,,,,,,,,,,,
0.0006680580590902525,452,,,,,,,,,,,,,,,,,,,,,,,,,,,,,,,,,,,,,,,,,,,,,,,,,,,,,,,,,,,,,,,,,,,,,,,,,,,,,,,,,,,
,452,0.13981258869171143,0.13981258869171143,-9.366757876705378e-05,0.0006219593342393637,0.13981258869171143,452,,,,,,,,,,,,,,,,,,,,,,,,,,,,,,,,,,,,,,,,,,,,,,,,,,,,,,,,,,,,,,,,,,,,,,,,,,,,,
,452,,,,,,452,0.13981258869171143,0.13981258869171143,-9.366757876705378e-05,0.0006219593342393637,0.13981258869171143,,,,,,,,,,,,,,,,,,,,,,,,,,,,,,,,,,,,,,,,,,,,,,,,,,,,,,,,,,,,,,,,,,,,,,,,
0.0006664144853759099,453,,,,,,,,,,,,,,,,,,,,,,,,,,,,,,,,,,,,,,,,,,,,,,,,,,,,,,,,,,,,,,,,,,,,,,,,,,,,,,,,,,,
,453,0.30607378482818604,0.30607378482818604,-0.00010597476648399606,0.002136755967512727,0.30607378482818604,453,,,,,,,,,,,,,,,,,,,,,,,,,,,,,,,,,,,,,,,,,,,,,,,,,,,,,,,,,,,,,,,,,,,,,,,,,,,,,
,453,,,,,,453,0.30607378482818604,0.30607378482818604,-0.00010597476648399606,0.002136755967512727,0.30607378482818604,,,,,,,,,,,,,,,,,,,,,,,,,,,,,,,,,,,,,,,,,,,,,,,,,,,,,,,,,,,,,,,,,,,,,,,,
0.0006647688900459223,454,,,,,,,,,,,,,,,,,,,,,,,,,,,,,,,,,,,,,,,,,,,,,,,,,,,,,,,,,,,,,,,,,,,,,,,,,,,,,,,,,,,
,454,0.1508360207080841,0.1508360207080841,-0.0001183123531518504,0.0007453418802469969,0.1508360207080841,454,,,,,,,,,,,,,,,,,,,,,,,,,,,,,,,,,,,,,,,,,,,,,,,,,,,,,,,,,,,,,,,,,,,,,,,,,,,,,
,454,,,,,,454,0.1508360207080841,0.1508360207080841,-0.0001183123531518504,0.0007453418802469969,0.1508360207080841,,,,,,,,,,,,,,,,,,,,,,,,,,,,,,,,,,,,,,,,,,,,,,,,,,,,,,,,,,,,,,,,,,,,,,,,
0.0006631212931513498,455,,,,,,,,,,,,,,,,,,,,,,,,,,,,,,,,,,,,,,,,,,,,,,,,,,,,,,,,,,,,,,,,,,,,,,,,,,,,,,,,,,,
,455,0.36683452129364014,0.36683452129364014,-0.0001306749472860247,0.00301285064779222,0.36683452129364014,455,,,,,,,,,,,,,,,,,,,,,,,,,,,,,,,,,,,,,,,,,,,,,,,,,,,,,,,,,,,,,,,,,,,,,,,,,,,,,
,455,,,,,,455,0.36683452129364014,0.36683452129364014,-0.0001306749472860247,0.00301285064779222,0.36683452129364014,,,,,,,,,,,,,,,,,,,,,,,,,,,,,,,,,,,,,,,,,,,,,,,,,,,,,,,,,,,,,,,,,,,,,,,,
0.0006614717147676403,456,,,,,,,,,,,,,,,,,,,,,,,,,,,,,,,,,,,,,,,,,,,,,,,,,,,,,,,,,,,,,,,,,,,,,,,,,,,,,,,,,,,
,456,0.7287268042564392,0.7287268042564392,-0.0001430579723091796,0.013289730995893478,0.7287268042564392,456,,,,,,,,,,,,,,,,,,,,,,,,,,,,,,,,,,,,,,,,,,,,,,,,,,,,,,,,,,,,,,,,,,,,,,,,,,,,,
,456,,,,,,456,0.7287268042564392,0.7287268042564392,-0.0001430579723091796,0.013289730995893478,0.7287268042564392,,,,,,,,,,,,,,,,,,,,,,,,,,,,,,,,,,,,,,,,,,,,,,,,,,,,,,,,,,,,,,,,,,,,,,,,
0.0006598201749943859,457,,,,,,,,,,,,,,,,,,,,,,,,,,,,,,,,,,,,,,,,,,,,,,,,,,,,,,,,,,,,,,,,,,,,,,,,,,,,,,,,,,,
,457,0.156408429145813,0.156408429145813,-0.0001554570917505771,0.000678610522300005,0.156408429145813,457,,,,,,,,,,,,,,,,,,,,,,,,,,,,,,,,,,,,,,,,,,,,,,,,,,,,,,,,,,,,,,,,,,,,,,,,,,,,,
,457,,,,,,457,0.156408429145813,0.156408429145813,-0.0001554570917505771,0.000678610522300005,0.156408429145813,,,,,,,,,,,,,,,,,,,,,,,,,,,,,,,,,,,,,,,,,,,,,,,,,,,,,,,,,,,,,,,,,,,,,,,,
0.0006581666939550777,458,,,,,,,,,,,,,,,,,,,,,,,,,,,,,,,,,,,,,,,,,,,,,,,,,,,,,,,,,,,,,,,,,,,,,,,,,,,,,,,,,,,
,458,0.14140914380550385,0.12920182943344116,-0.0001678684784565121,0.0006123693310655653,0.12920182943344116,458,,,,,,,,,,,,,,,,,,,,,,,,,,,,,,,,,,,,,,,,,,,,,,,,,,,,,,,,,,,,,,,,,,,,,,,,,,,,,
,458,,,,,,458,0.14140914380550385,0.12920182943344116,-0.0001678684784565121,0.0006123693310655653,0.12920182943344116,,,,,,,,,,,,,,,,,,,,,,,,,,,,,,,,,,,,,,,,,,,,,,,,,,,,,,,,,,,,,,,,,,,,,,,,
0.0006565112917968601,459,,,,,,,,,,,,,,,,,,,,,,,,,,,,,,,,,,,,,,,,,,,,,,,,,,,,,,,,,,,,,,,,,,,,,,,,,,,,,,,,,,,
,459,0.17543110251426697,0.18552668392658234,-0.00018028862541541457,0.0008004095288924873,0.18552668392658234,459,,,,,,,,,,,,,,,,,,,,,,,,,,,,,,,,,,,,,,,,,,,,,,,,,,,,,,,,,,,,,,,,,,,,,,,,,,,,,
,459,,,,,,459,0.17543110251426697,0.18552668392658234,-0.00018028862541541457,0.0008004095288924873,0.18552668392658234,,,,,,,,,,,,,,,,,,,,,,,,,,,,,,,,,,,,,,,,,,,,,,,,,,,,,,,,,,,,,,,,,,,,,,,,
0.0006548539886902862,460,,,,,,,,,,,,,,,,,,,,,,,,,,,,,,,,,,,,,,,,,,,,,,,,,,,,,,,,,,,,,,,,,,,,,,,,,,,,,,,,,,,
,460,0.13150155544281006,0.13150155544281006,-0.00019271406927146018,0.000825335388071835,0.13150155544281006,460,,,,,,,,,,,,,,,,,,,,,,,,,,,,,,,,,,,,,,,,,,,,,,,,,,,,,,,,,,,,,,,,,,,,,,,,,,,,,
,460,,,,,,460,0.13150155544281006,0.13150155544281006,-0.00019271406927146018,0.000825335388071835,0.13150155544281006,,,,,,,,,,,,,,,,,,,,,,,,,,,,,,,,,,,,,,,,,,,,,,,,,,,,,,,,,,,,,,,,,,,,,,,,
0.0006531948048290713,461,,,,,,,,,,,,,,,,,,,,,,,,,,,,,,,,,,,,,,,,,,,,,,,,,,,,,,,,,,,,,,,,,,,,,,,,,,,,,,,,,,,
,461,0.13038936257362366,0.13038936257362366,-0.00020514236530289054,0.0007445000810548663,0.13038936257362366,461,,,,,,,,,,,,,,,,,,,,,,,,,,,,,,,,,,,,,,,,,,,,,,,,,,,,,,,,,,,,,,,,,,,,,,,,,,,,,
,461,,,,,,461,0.13038936257362366,0.13038936257362366,-0.00020514236530289054,0.0007445000810548663,0.13038936257362366,,,,,,,,,,,,,,,,,,,,,,,,,,,,,,,,,,,,,,,,,,,,,,,,,,,,,,,,,,,,,,,,,,,,,,,,
0.000651533760429847,462,,,,,,,,,,,,,,,,,,,,,,,,,,,,,,,,,,,,,,,,,,,,,,,,,,,,,,,,,,,,,,,,,,,,,,,,,,,,,,,,,,,
,462,0.1757882535457611,0.16514085233211517,-0.00021757105423603207,0.0008497528615407646,0.16514085233211517,462,,,,,,,,,,,,,,,,,,,,,,,,,,,,,,,,,,,,,,,,,,,,,,,,,,,,,,,,,,,,,,,,,,,,,,,,,,,,,
,462,,,,,,462,0.1757882535457611,0.16514085233211517,-0.00021757105423603207,0.0008497528615407646,0.16514085233211517,,,,,,,,,,,,,,,,,,,,,,,,,,,,,,,,,,,,,,,,,,,,,,,,,,,,,,,,,,,,,,,,,,,,,,,,
0.0006498708757319151,463,,,,,,,,,,,,,,,,,,,,,,,,,,,,,,,,,,,,,,,,,,,,,,,,,,,,,,,,,,,,,,,,,,,,,,,,,,,,,,,,,,,
,463,0.12343903630971909,0.10366076231002808,-0.00022989980061538517,0.000648135261144489,0.10366076231002808,463,,,,,,,,,,,,,,,,,,,,,,,,,,,,,,,,,,,,,,,,,,,,,,,,,,,,,,,,,,,,,,,,,,,,,,,,,,,,,
,463,,,,,,463,0.12343903630971909,0.10366076231002808,-0.00022989980061538517,0.000648135261144489,0.10366076231002808,,,,,,,,,,,,,,,,,,,,,,,,,,,,,,,,,,,,,,,,,,,,,,,,,,,,,,,,,,,,,,,,,,,,,,,,
0.0006482061709970012,464,,,,,,,,,,,,,,,,,,,,,,,,,,,,,,,,,,,,,,,,,,,,,,,,,,,,,,,,,,,,,,,,,,,,,,,,,,,,,,,,,,,
,464,0.11576404422521591,0.1263713240623474,-0.0002422333345748484,0.0010511657455936074,0.1263713240623474,464,,,,,,,,,,,,,,,,,,,,,,,,,,,,,,,,,,,,,,,,,,,,,,,,,,,,,,,,,,,,,,,,,,,,,,,,,,,,,
,464,,,,,,464,0.11576404422521591,0.1263713240623474,-0.0002422333345748484,0.0010511657455936074,0.1263713240623474,,,,,,,,,,,,,,,,,,,,,,,,,,,,,,,,,,,,,,,,,,,,,,,,,,,,,,,,,,,,,,,,,,,,,,,,
0.0006465396665090069,465,,,,,,,,,,,,,,,,,,,,,,,,,,,,,,,,,,,,,,,,,,,,,,,,,,,,,,,,,,,,,,,,,,,,,,,,,,,,,,,,,,,
,465,0.11275329440832138,0.10892633348703384,-0.0002545691968407482,0.000643801293335855,0.10892633348703384,465,,,,,,,,,,,,,,,,,,,,,,,,,,,,,,,,,,,,,,,,,,,,,,,,,,,,,,,,,,,,,,,,,,,,,,,,,,,,,
,465,,,,,,465,0.11275329440832138,0.10892633348703384,-0.0002545691968407482,0.000643801293335855,0.10892633348703384,,,,,,,,,,,,,,,,,,,,,,,,,,,,,,,,,,,,,,,,,,,,,,,,,,,,,,,,,,,,,,,,,,,,,,,,
0.0006448713825737633,466,,,,,,,,,,,,,,,,,,,,,,,,,,,,,,,,,,,,,,,,,,,,,,,,,,,,,,,,,,,,,,,,,,,,,,,,,,,,,,,,,,,
,466,0.10633999109268188,0.10633999109268188,-0.0002663064806256443,0.0008600071305409074,0.10633999109268188,466,,,,,,,,,,,,,,,,,,,,,,,,,,,,,,,,,,,,,,,,,,,,,,,,,,,,,,,,,,,,,,,,,,,,,,,,,,,,,
,466,,,,,,466,0.10633999109268188,0.10633999109268188,-0.0002663064806256443,0.0008600071305409074,0.10633999109268188,,,,,,,,,,,,,,,,,,,,,,,,,,,,,,,,,,,,,,,,,,,,,,,,,,,,,,,,,,,,,,,,,,,,,,,,
0.0006432013395187841,467,,,,,,,,,,,,,,,,,,,,,,,,,,,,,,,,,,,,,,,,,,,,,,,,,,,,,,,,,,,,,,,,,,,,,,,,,,,,,,,,,,,
,467,0.19568109512329102,0.19568109512329102,-0.0002781025832518935,0.001078629633411765,0.19568109512329102,467,,,,,,,,,,,,,,,,,,,,,,,,,,,,,,,,,,,,,,,,,,,,,,,,,,,,,,,,,,,,,,,,,,,,,,,,,,,,,
,467,,,,,,467,0.19568109512329102,0.19568109512329102,-0.0002781025832518935,0.001078629633411765,0.19568109512329102,,,,,,,,,,,,,,,,,,,,,,,,,,,,,,,,,,,,,,,,,,,,,,,,,,,,,,,,,,,,,,,,,,,,,,,,
0.0006415295576930167,468,,,,,,,,,,,,,,,,,,,,,,,,,,,,,,,,,,,,,,,,,,,,,,,,,,,,,,,,,,,,,,,,,,,,,,,,,,,,,,,,,,,
,468,0.7739005088806152,0.7771817445755005,-0.00028994923923164606,0.013374432921409607,0.7771817445755005,468,,,,,,,,,,,,,,,,,,,,,,,,,,,,,,,,,,,,,,,,,,,,,,,,,,,,,,,,,,,,,,,,,,,,,,,,,,,,,
,468,,,,,,468,0.7739005088806152,0.7771817445755005,-0.00028994923923164606,0.013374432921409607,0.7771817445755005,,,,,,,,,,,,,,,,,,,,,,,,,,,,,,,,,,,,,,,,,,,,,,,,,,,,,,,,,,,,,,,,,,,,,,,,
0.0006398560574665949,469,,,,,,,,,,,,,,,,,,,,,,,,,,,,,,,,,,,,,,,,,,,,,,,,,,,,,,,,,,,,,,,,,,,,,,,,,,,,,,,,,,,
,469,0.12103304266929626,0.11960061639547348,-0.0003018270945176482,0.0010150104062631726,0.11960061639547348,469,,,,,,,,,,,,,,,,,,,,,,,,,,,,,,,,,,,,,,,,,,,,,,,,,,,,,,,,,,,,,,,,,,,,,,,,,,,,,
,469,,,,,,469,0.12103304266929626,0.11960061639547348,-0.0003018270945176482,0.0010150104062631726,0.11960061639547348,,,,,,,,,,,,,,,,,,,,,,,,,,,,,,,,,,,,,,,,,,,,,,,,,,,,,,,,,,,,,,,,,,,,,,,,
0.000638180859230591,470,,,,,,,,,,,,,,,,,,,,,,,,,,,,,,,,,,,,,,,,,,,,,,,,,,,,,,,,,,,,,,,,,,,,,,,,,,,,,,,,,,,
,470,0.11043035984039307,0.09906051307916641,-0.0003137413877993822,0.0005217197467572987,0.09906051307916641,470,,,,,,,,,,,,,,,,,,,,,,,,,,,,,,,,,,,,,,,,,,,,,,,,,,,,,,,,,,,,,,,,,,,,,,,,,,,,,
,470,,,,,,470,0.11043035984039307,0.09906051307916641,-0.0003137413877993822,0.0005217197467572987,0.09906051307916641,,,,,,,,,,,,,,,,,,,,,,,,,,,,,,,,,,,,,,,,,,,,,,,,,,,,,,,,,,,,,,,,,,,,,,,,
0.0006365039833967666,471,,,,,,,,,,,,,,,,,,,,,,,,,,,,,,,,,,,,,,,,,,,,,,,,,,,,,,,,,,,,,,,,,,,,,,,,,,,,,,,,,,,
,471,0.10599927604198456,0.10599927604198456,-0.0003254853072576225,0.0009251864976249635,0.10599927604198456,471,,,,,,,,,,,,,,,,,,,,,,,,,,,,,,,,,,,,,,,,,,,,,,,,,,,,,,,,,,,,,,,,,,,,,,,,,,,,,
,471,,,,,,471,0.10599927604198456,0.10599927604198456,-0.0003254853072576225,0.0009251864976249635,0.10599927604198456,,,,,,,,,,,,,,,,,,,,,,,,,,,,,,,,,,,,,,,,,,,,,,,,,,,,,,,,,,,,,,,,,,,,,,,,
0.0006348254503973251,472,,,,,,,,,,,,,,,,,,,,,,,,,,,,,,,,,,,,,,,,,,,,,,,,,,,,,,,,,,,,,,,,,,,,,,,,,,,,,,,,,,,
,472,0.12073656916618347,0.12319252640008926,-0.00033727570553310215,0.0005123213632032275,0.12319252640008926,472,,,,,,,,,,,,,,,,,,,,,,,,,,,,,,,,,,,,,,,,,,,,,,,,,,,,,,,,,,,,,,,,,,,,,,,,,,,,,
,472,,,,,,472,0.12073656916618347,0.12319252640008926,-0.00033727570553310215,0.0005123213632032275,0.12319252640008926,,,,,,,,,,,,,,,,,,,,,,,,,,,,,,,,,,,,,,,,,,,,,,,,,,,,,,,,,,,,,,,,,,,,,,,,
0.0006331452806846608,473,,,,,,,,,,,,,,,,,,,,,,,,,,,,,,,,,,,,,,,,,,,,,,,,,,,,,,,,,,,,,,,,,,,,,,,,,,,,,,,,,,,
,473,0.11195751279592514,0.11195751279592514,-0.0003488506772555411,0.000496263091918081,0.11195751279592514,473,,,,,,,,,,,,,,,,,,,,,,,,,,,,,,,,,,,,,,,,,,,,,,,,,,,,,,,,,,,,,,,,,,,,,,,,,,,,,
,473,,,,,,473,0.11195751279592514,0.11195751279592514,-0.0003488506772555411,0.000496263091918081,0.11195751279592514,,,,,,,,,,,,,,,,,,,,,,,,,,,,,,,,,,,,,,,,,,,,,,,,,,,,,,,,,,,,,,,,,,,,,,,,
0.0006314634947311118,474,,,,,,,,,,,,,,,,,,,,,,,,,,,,,,,,,,,,,,,,,,,,,,,,,,,,,,,,,,,,,,,,,,,,,,,,,,,,,,,,,,,
,474,0.11213412135839462,0.11213412135839462,-0.0003604844387155026,0.0004796578723471612,0.11213412135839462,474,,,,,,,,,,,,,,,,,,,,,,,,,,,,,,,,,,,,,,,,,,,,,,,,,,,,,,,,,,,,,,,,,,,,,,,,,,,,,
,474,,,,,,474,0.11213412135839462,0.11213412135839462,-0.0003604844387155026,0.0004796578723471612,0.11213412135839462,,,,,,,,,,,,,,,,,,,,,,,,,,,,,,,,,,,,,,,,,,,,,,,,,,,,,,,,,,,,,,,,,,,,,,,,
0.000629780113028709,475,,,,,,,,,,,,,,,,,,,,,,,,,,,,,,,,,,,,,,,,,,,,,,,,,,,,,,,,,,,,,,,,,,,,,,,,,,,,,,,,,,,
,475,0.10107588022947311,0.10107588022947311,-0.00037216878263279796,0.0005127423210069537,0.10107588022947311,475,,,,,,,,,,,,,,,,,,,,,,,,,,,,,,,,,,,,,,,,,,,,,,,,,,,,,,,,,,,,,,,,,,,,,,,,,,,,,
,475,,,,,,475,0.10107588022947311,0.10107588022947311,-0.00037216878263279796,0.0005127423210069537,0.10107588022947311,,,,,,,,,,,,,,,,,,,,,,,,,,,,,,,,,,,,,,,,,,,,,,,,,,,,,,,,,,,,,,,,,,,,,,,,
0.0006280951560889273,476,,,,,,,,,,,,,,,,,,,,,,,,,,,,,,,,,,,,,,,,,,,,,,,,,,,,,,,,,,,,,,,,,,,,,,,,,,,,,,,,,,,
,476,0.09602509438991547,0.09602509438991547,-0.00038389593828469515,0.0007366354111582041,0.09602509438991547,476,,,,,,,,,,,,,,,,,,,,,,,,,,,,,,,,,,,,,,,,,,,,,,,,,,,,,,,,,,,,,,,,,,,,,,,,,,,,,
,476,,,,,,476,0.09602509438991547,0.09602509438991547,-0.00038389593828469515,0.0007366354111582041,0.09602509438991547,,,,,,,,,,,,,,,,,,,,,,,,,,,,,,,,,,,,,,,,,,,,,,,,,,,,,,,,,,,,,,,,,,,,,,,,
0.0006264086444424354,477,,,,,,,,,,,,,,,,,,,,,,,,,,,,,,,,,,,,,,,,,,,,,,,,,,,,,,,,,,,,,,,,,,,,,,,,,,,,,,,,,,,
,477,1.104791522026062,1.1034207344055176,-0.0003956595028284937,0.11913388967514038,1.1034207344055176,477,,,,,,,,,,,,,,,,,,,,,,,,,,,,,,,,,,,,,,,,,,,,,,,,,,,,,,,,,,,,,,,,,,,,,,,,,,,,,
,477,,,,,,477,1.104791522026062,1.1034207344055176,-0.0003956595028284937,0.11913388967514038,1.1034207344055176,,,,,,,,,,,,,,,,,,,,,,,,,,,,,,,,,,,,,,,,,,,,,,,,,,,,,,,,,,,,,,,,,,,,,,,,
0.0006247205986388448,478,,,,,,,,,,,,,,,,,,,,,,,,,,,,,,,,,,,,,,,,,,,,,,,,,,,,,,,,,,,,,,,,,,,,,,,,,,,,,,,,,,,
,478,0.10616248846054077,0.11122014373540878,-0.00040547287790104747,0.0004977075150236487,0.11122014373540878,478,,,,,,,,,,,,,,,,,,,,,,,,,,,,,,,,,,,,,,,,,,,,,,,,,,,,,,,,,,,,,,,,,,,,,,,,,,,,,
,478,,,,,,478,0.10616248846054077,0.11122014373540878,-0.00040547287790104747,0.0004977075150236487,0.11122014373540878,,,,,,,,,,,,,,,,,,,,,,,,,,,,,,,,,,,,,,,,,,,,,,,,,,,,,,,,,,,,,,,,,,,,,,,,
0.0006230310392464619,479,,,,,,,,,,,,,,,,,,,,,,,,,,,,,,,,,,,,,,,,,,,,,,,,,,,,,,,,,,,,,,,,,,,,,,,,,,,,,,,,,,,
,479,0.6292273998260498,0.6292273998260498,-0.00041551096364855766,0.0066773658618330956,0.6292273998260498,479,,,,,,,,,,,,,,,,,,,,,,,,,,,,,,,,,,,,,,,,,,,,,,,,,,,,,,,,,,,,,,,,,,,,,,,,,,,,,
,479,,,,,,479,0.6292273998260498,0.6292273998260498,-0.00041551096364855766,0.0066773658618330956,0.6292273998260498,,,,,,,,,,,,,,,,,,,,,,,,,,,,,,,,,,,,,,,,,,,,,,,,,,,,,,,,,,,,,,,,,,,,,,,,
0.000621339986852034,480,,,,,,,,,,,,,,,,,,,,,,,,,,,,,,,,,,,,,,,,,,,,,,,,,,,,,,,,,,,,,,,,,,,,,,,,,,,,,,,,,,,
,480,0.10502457618713379,0.10502457618713379,-0.00042574905091896653,0.0005919320392422378,0.10502457618713379,480,,,,,,,,,,,,,,,,,,,,,,,,,,,,,,,,,,,,,,,,,,,,,,,,,,,,,,,,,,,,,,,,,,,,,,,,,,,,,
,480,,,,,,480,0.10502457618713379,0.10502457618713379,-0.00042574905091896653,0.0005919320392422378,0.10502457618713379,,,,,,,,,,,,,,,,,,,,,,,,,,,,,,,,,,,,,,,,,,,,,,,,,,,,,,,,,,,,,,,,,,,,,,,,
0.0006196474620605013,481,,,,,,,,,,,,,,,,,,,,,,,,,,,,,,,,,,,,,,,,,,,,,,,,,,,,,,,,,,,,,,,,,,,,,,,,,,,,,,,,,,,
,481,0.3472973108291626,0.3472973108291626,-0.0004361643805168569,0.002703165402635932,0.3472973108291626,481,,,,,,,,,,,,,,,,,,,,,,,,,,,,,,,,,,,,,,,,,,,,,,,,,,,,,,,,,,,,,,,,,,,,,,,,,,,,,
,481,,,,,,481,0.3472973108291626,0.3472973108291626,-0.0004361643805168569,0.002703165402635932,0.3472973108291626,,,,,,,,,,,,,,,,,,,,,,,,,,,,,,,,,,,,,,,,,,,,,,,,,,,,,,,,,,,,,,,,,,,,,,,,
0.0006179534854947437,482,,,,,,,,,,,,,,,,,,,,,,,,,,,,,,,,,,,,,,,,,,,,,,,,,,,,,,,,,,,,,,,,,,,,,,,,,,,,,,,,,,,
,482,0.11097719520330429,0.11097719520330429,-0.0004467365797609091,0.0005749627598561347,0.11097719520330429,482,,,,,,,,,,,,,,,,,,,,,,,,,,,,,,,,,,,,,,,,,,,,,,,,,,,,,,,,,,,,,,,,,,,,,,,,,,,,,
,482,,,,,,482,0.11097719520330429,0.11097719520330429,-0.0004467365797609091,0.0005749627598561347,0.11097719520330429,,,,,,,,,,,,,,,,,,,,,,,,,,,,,,,,,,,,,,,,,,,,,,,,,,,,,,,,,,,,,,,,,,,,,,,,
0.0006162580777953315,483,,,,,,,,,,,,,,,,,,,,,,,,,,,,,,,,,,,,,,,,,,,,,,,,,,,,,,,,,,,,,,,,,,,,,,,,,,,,,,,,,,,
,483,0.11114688962697983,0.11114688962697983,-0.00045744734234176576,0.0007045486127026379,0.11114688962697983,483,,,,,,,,,,,,,,,,,,,,,,,,,,,,,,,,,,,,,,,,,,,,,,,,,,,,,,,,,,,,,,,,,,,,,,,,,,,,,
,483,,,,,,483,0.11114688962697983,0.11114688962697983,-0.00045744734234176576,0.0007045486127026379,0.11114688962697983,,,,,,,,,,,,,,,,,,,,,,,,,,,,,,,,,,,,,,,,,,,,,,,,,,,,,,,,,,,,,,,,,,,,,,,,
0.0006145612596202725,484,,,,,,,,,,,,,,,,,,,,,,,,,,,,,,,,,,,,,,,,,,,,,,,,,,,,,,,,,,,,,,,,,,,,,,,,,,,,,,,,,,,
,484,0.17455869913101196,0.18553286790847778,-0.000468280166387558,0.0008930116309784353,0.18553286790847778,484,,,,,,,,,,,,,,,,,,,,,,,,,,,,,,,,,,,,,,,,,,,,,,,,,,,,,,,,,,,,,,,,,,,,,,,,,,,,,
,484,,,,,,484,0.17455869913101196,0.18553286790847778,-0.000468280166387558,0.0008930116309784353,0.18553286790847778,,,,,,,,,,,,,,,,,,,,,,,,,,,,,,,,,,,,,,,,,,,,,,,,,,,,,,,,,,,,,,,,,,,,,,,,
0.0006128630516447604,485,,,,,,,,,,,,,,,,,,,,,,,,,,,,,,,,,,,,,,,,,,,,,,,,,,,,,,,,,,,,,,,,,,,,,,,,,,,,,,,,,,,
,485,0.11001162230968475,0.08000929653644562,-0.0004792199470102787,0.0005776326288469136,0.08000929653644562,485,,,,,,,,,,,,,,,,,,,,,,,,,,,,,,,,,,,,,,,,,,,,,,,,,,,,,,,,,,,,,,,,,,,,,,,,,,,,,
,485,,,,,,485,0.11001162230968475,0.08000929653644562,-0.0004792199470102787,0.0005776326288469136,0.08000929653644562,,,,,,,,,,,,,,,,,,,,,,,,,,,,,,,,,,,,,,,,,,,,,,,,,,,,,,,,,,,,,,,,,,,,,,,,
0.0006111634745609239,486,,,,,,,,,,,,,,,,,,,,,,,,,,,,,,,,,,,,,,,,,,,,,,,,,,,,,,,,,,,,,,,,,,,,,,,,,,,,,,,,,,,
,486,0.14110884070396423,0.14110884070396423,-0.0004898543702438474,0.0006396944518201053,0.14110884070396423,486,,,,,,,,,,,,,,,,,,,,,,,,,,,,,,,,,,,,,,,,,,,,,,,,,,,,,,,,,,,,,,,,,,,,,,,,,,,,,
,486,,,,,,486,0.14110884070396423,0.14110884070396423,-0.0004898543702438474,0.0006396944518201053,0.14110884070396423,,,,,,,,,,,,,,,,,,,,,,,,,,,,,,,,,,,,,,,,,,,,,,,,,,,,,,,,,,,,,,,,,,,,,,,,
0.0006094625490775729,487,,,,,,,,,,,,,,,,,,,,,,,,,,,,,,,,,,,,,,,,,,,,,,,,,,,,,,,,,,,,,,,,,,,,,,,,,,,,,,,,,,,
,487,0.10437282919883728,0.10437282919883728,-0.0005006110295653343,0.00047015503514558077,0.10437282919883728,487,,,,,,,,,,,,,,,,,,,,,,,,,,,,,,,,,,,,,,,,,,,,,,,,,,,,,,,,,,,,,,,,,,,,,,,,,,,,,
,487,,,,,,487,0.10437282919883728,0.10437282919883728,-0.0005006110295653343,0.00047015503514558077,0.10437282919883728,,,,,,,,,,,,,,,,,,,,,,,,,,,,,,,,,,,,,,,,,,,,,,,,,,,,,,,,,,,,,,,,,,,,,,,,
0.000607760295919948,488,,,,,,,,,,,,,,,,,,,,,,,,,,,,,,,,,,,,,,,,,,,,,,,,,,,,,,,,,,,,,,,,,,,,,,,,,,,,,,,,,,,
,488,0.11485868692398071,0.10258983075618744,-0.0005114751984365284,0.0004898260231129825,0.10258983075618744,488,,,,,,,,,,,,,,,,,,,,,,,,,,,,,,,,,,,,,,,,,,,,,,,,,,,,,,,,,,,,,,,,,,,,,,,,,,,,,
,488,,,,,,488,0.11485868692398071,0.10258983075618744,-0.0005114751984365284,0.0004898260231129825,0.10258983075618744,,,,,,,,,,,,,,,,,,,,,,,,,,,,,,,,,,,,,,,,,,,,,,,,,,,,,,,,,,,,,,,,,,,,,,,,
0.0006060567358294665,489,,,,,,,,,,,,,,,,,,,,,,,,,,,,,,,,,,,,,,,,,,,,,,,,,,,,,,,,,,,,,,,,,,,,,,,,,,,,,,,,,,,
,489,0.40386825799942017,0.40386825799942017,-0.0005224331980571151,0.003995582927018404,0.40386825799942017,489,,,,,,,,,,,,,,,,,,,,,,,,,,,,,,,,,,,,,,,,,,,,,,,,,,,,,,,,,,,,,,,,,,,,,,,,,,,,,
,489,,,,,,489,0.40386825799942017,0.40386825799942017,-0.0005224331980571151,0.003995582927018404,0.40386825799942017,,,,,,,,,,,,,,,,,,,,,,,,,,,,,,,,,,,,,,,,,,,,,,,,,,,,,,,,,,,,,,,,,,,,,,,,
0.0006043518895634707,490,,,,,,,,,,,,,,,,,,,,,,,,,,,,,,,,,,,,,,,,,,,,,,,,,,,,,,,,,,,,,,,,,,,,,,,,,,,,,,,,,,,
,490,0.10471954941749573,0.10471954941749573,-0.000533473095856607,0.0007433745195157826,0.10471954941749573,490,,,,,,,,,,,,,,,,,,,,,,,,,,,,,,,,,,,,,,,,,,,,,,,,,,,,,,,,,,,,,,,,,,,,,,,,,,,,,
,490,,,,,,490,0.10471954941749573,0.10471954941749573,-0.000533473095856607,0.0007433745195157826,0.10471954941749573,,,,,,,,,,,,,,,,,,,,,,,,,,,,,,,,,,,,,,,,,,,,,,,,,,,,,,,,,,,,,,,,,,,,,,,,
0.0006026457778949741,491,,,,,,,,,,,,,,,,,,,,,,,,,,,,,,,,,,,,,,,,,,,,,,,,,,,,,,,,,,,,,,,,,,,,,,,,,,,,,,,,,,,
,491,0.1632033884525299,0.17308413982391357,-0.000544584181625396,0.0008240150636993349,0.17308413982391357,491,,,,,,,,,,,,,,,,,,,,,,,,,,,,,,,,,,,,,,,,,,,,,,,,,,,,,,,,,,,,,,,,,,,,,,,,,,,,,
,491,,,,,,491,0.1632033884525299,0.17308413982391357,-0.000544584181625396,0.0008240150636993349,0.17308413982391357,,,,,,,,,,,,,,,,,,,,,,,,,,,,,,,,,,,,,,,,,,,,,,,,,,,,,,,,,,,,,,,,,,,,,,,,
0.0006009384216124093,492,,,,,,,,,,,,,,,,,,,,,,,,,,,,,,,,,,,,,,,,,,,,,,,,,,,,,,,,,,,,,,,,,,,,,,,,,,,,,,,,,,,
,492,0.10571833699941635,0.0929482951760292,-0.0005557559779845178,0.0009656188194639981,0.0929482951760292,492,,,,,,,,,,,,,,,,,,,,,,,,,,,,,,,,,,,,,,,,,,,,,,,,,,,,,,,,,,,,,,,,,,,,,,,,,,,,,
,492,,,,,,492,0.10571833699941635,0.0929482951760292,-0.0005557559779845178,0.0009656188194639981,0.0929482951760292,,,,,,,,,,,,,,,,,,,,,,,,,,,,,,,,,,,,,,,,,,,,,,,,,,,,,,,,,,,,,,,,,,,,,,,,
0.0005992298415193734,493,,,,,,,,,,,,,,,,,,,,,,,,,,,,,,,,,,,,,,,,,,,,,,,,,,,,,,,,,,,,,,,,,,,,,,,,,,,,,,,,,,,
,493,0.09945052862167358,0.09136715531349182,-0.000566967879422009,0.0007613595807924867,0.09136715531349182,493,,,,,,,,,,,,,,,,,,,,,,,,,,,,,,,,,,,,,,,,,,,,,,,,,,,,,,,,,,,,,,,,,,,,,,,,,,,,,
,493,,,,,,493,0.09945052862167358,0.09136715531349182,-0.000566967879422009,0.0007613595807924867,0.09136715531349182,,,,,,,,,,,,,,,,,,,,,,,,,,,,,,,,,,,,,,,,,,,,,,,,,,,,,,,,,,,,,,,,,,,,,,,,
0.000597520058434376,494,,,,,,,,,,,,,,,,,,,,,,,,,,,,,,,,,,,,,,,,,,,,,,,,,,,,,,,,,,,,,,,,,,,,,,,,,,,,,,,,,,,
,494,0.5581718683242798,0.5581718683242798,-0.0005782255902886391,0.007001367397606373,0.5581718683242798,494,,,,,,,,,,,,,,,,,,,,,,,,,,,,,,,,,,,,,,,,,,,,,,,,,,,,,,,,,,,,,,,,,,,,,,,,,,,,,
,494,,,,,,494,0.5581718683242798,0.5581718683242798,-0.0005782255902886391,0.007001367397606373,0.5581718683242798,,,,,,,,,,,,,,,,,,,,,,,,,,,,,,,,,,,,,,,,,,,,,,,,,,,,,,,,,,,,,,,,,,,,,,,,
0.0005958090931905841,495,,,,,,,,,,,,,,,,,,,,,,,,,,,,,,,,,,,,,,,,,,,,,,,,,,,,,,,,,,,,,,,,,,,,,,,,,,,,,,,,,,,
,495,1.1079258918762207,1.107446312904358,-0.0005895220092497766,0.5686426162719727,1.107446312904358,495,,,,,,,,,,,,,,,,,,,,,,,,,,,,,,,,,,,,,,,,,,,,,,,,,,,,,,,,,,,,,,,,,,,,,,,,,,,,,
,495,,,,,,495,1.1079258918762207,1.107446312904358,-0.0005895220092497766,0.5686426162719727,1.107446312904358,,,,,,,,,,,,,,,,,,,,,,,,,,,,,,,,,,,,,,,,,,,,,,,,,,,,,,,,,,,,,,,,,,,,,,,,
0.0005940969666355695,496,,,,,,,,,,,,,,,,,,,,,,,,,,,,,,,,,,,,,,,,,,,,,,,,,,,,,,,,,,,,,,,,,,,,,,,,,,,,,,,,,,,
,496,0.10904407501220703,0.09670501947402954,-0.0005985291209071875,0.0005630881059914827,0.09670501947402954,496,,,,,,,,,,,,,,,,,,,,,,,,,,,,,,,,,,,,,,,,,,,,,,,,,,,,,,,,,,,,,,,,,,,,,,,,,,,,,
,496,,,,,,496,0.10904407501220703,0.09670501947402954,-0.0005985291209071875,0.0005630881059914827,0.09670501947402954,,,,,,,,,,,,,,,,,,,,,,,,,,,,,,,,,,,,,,,,,,,,,,,,,,,,,,,,,,,,,,,,,,,,,,,,
0.0005923836996310538,497,,,,,,,,,,,,,,,,,,,,,,,,,,,,,,,,,,,,,,,,,,,,,,,,,,,,,,,,,,,,,,,,,,,,,,,,,,,,,,,,,,,
,497,0.11179202049970627,0.11179202049970627,-0.000607717374805361,0.0005010782042518258,0.11179202049970627,497,,,,,,,,,,,,,,,,,,,,,,,,,,,,,,,,,,,,,,,,,,,,,,,,,,,,,,,,,,,,,,,,,,,,,,,,,,,,,
,497,,,,,,497,0.11179202049970627,0.11179202049970627,-0.000607717374805361,0.0005010782042518258,0.11179202049970627,,,,,,,,,,,,,,,,,,,,,,,,,,,,,,,,,,,,,,,,,,,,,,,,,,,,,,,,,,,,,,,,,,,,,,,,
0.0005906693130526547,498,,,,,,,,,,,,,,,,,,,,,,,,,,,,,,,,,,,,,,,,,,,,,,,,,,,,,,,,,,,,,,,,,,,,,,,,,,,,,,,,,,,
,498,0.10515069961547852,0.10515069961547852,-0.0006171465502120554,0.0006994308205321431,0.10515069961547852,498,,,,,,,,,,,,,,,,,,,,,,,,,,,,,,,,,,,,,,,,,,,,,,,,,,,,,,,,,,,,,,,,,,,,,,,,,,,,,
,498,,,,,,498,0.10515069961547852,0.10515069961547852,-0.0006171465502120554,0.0006994308205321431,0.10515069961547852,,,,,,,,,,,,,,,,,,,,,,,,,,,,,,,,,,,,,,,,,,,,,,,,,,,,,,,,,,,,,,,,,,,,,,,,
0.000588953827789632,499,,,,,,,,,,,,,,,,,,,,,,,,,,,,,,,,,,,,,,,,,,,,,,,,,,,,,,,,,,,,,,,,,,,,,,,,,,,,,,,,,,,
,499,0.11093994975090027,0.12271632254123688,-0.000626789522357285,0.0004904735251329839,0.12271632254123688,499,,,,,,,,,,,,,,,,,,,,,,,,,,,,,,,,,,,,,,,,,,,,,,,,,,,,,,,,,,,,,,,,,,,,,,,,,,,,,
,499,,,,,,499,,,,,,0.07323648035526276,0.07323648035526276,-0.0006366217858158052,0.0004301830776967108,0.07323648035526276,0.3916969299316406,0.3916969299316406,-0.0006366217858158052,0.004537519533187151,0.3916969299316406,-0.08621233701705933,0.18908292055130005,0.25426092743873596,0.18999238312244415,0.13572382926940918,0.08400235325098038,0.06194034591317177,0.04089105874300003,0.004724046681076288,0.08621233701705933,0.6525383591651917,0.4137147068977356,0.30719655752182007,0.2734460234642029,0.2429737150669098,0.17012441158294678,0.34333229064941406,0.2113766372203827,0.16804523766040802,0.10363570600748062,0.07414251565933228,0.04686133936047554,0.004835475701838732,0.1014828160405159,19.835681915283203,12.615327835083008,18.28786277770996,28.311155319213867,55.95491409301758,2576.343994140625,451.8914794921875,-0.08078579604625702,0.1785028725862503,0.2521696388721466,0.17670930922031403,0.1299133151769638,0.07784400880336761,0.05650485306978226,0.039003338664770126,0.0047399434261024,0.08078579604625702,0.5953513383865356,0.39600303769111633,0.2758682370185852,0.23800435662269592,0.21713508665561676,0.1535269021987915,0.31264814734458923,0.20083019137382507,0.1620165854692459,0.09783505648374557,0.06898459047079086,0.045385636389255524,0.004867140203714371,0.09665320068597794,18.291011810302734,12.434465408325195,16.54868507385254,24.77505874633789,47.640052795410156,2070.953369140625,365.10711669921875
,499,,,,,,499,0.11093994975090027,0.12271632254123688,-0.000626789522357285,0.0004904735251329839,0.12271632254123688,,,,,,,,,,,,,,,,,,,,,,,,,,,,,,,,,,,,,,,,,,,,,,,,,,,,,,,,,,,,,,,,,,,,,,,,
0.0005872372647446318,500,,,,,,,,,,,,,,,,,,,,,,,,,,,,,,,,,,,,,,,,,,,,,,,,,,,,,,,,,,,,,,,,,,,,,,,,,,,,,,,,,,,
,500,0.09703578799962997,0.09703578799962997,-0.0006366217858158052,0.0006874255486764014,0.09703578799962997,500,,,,,,,,,,,,,,,,,,,,,,,,,,,,,,,,,,,,,,,,,,,,,,,,,,,,,,,,,,,,,,,,,,,,,,,,,,,,,
,500,,,,,,500,0.09703578799962997,0.09703578799962997,-0.0006366217858158052,0.0006874255486764014,0.09703578799962997,,,,,,,,,,,,,,,,,,,,,,,,,,,,,,,,,,,,,,,,,,,,,,,,,,,,,,,,,,,,,,,,,,,,,,,,
0.0005855196448334333,501,,,,,,,,,,,,,,,,,,,,,,,,,,,,,,,,,,,,,,,,,,,,,,,,,,,,,,,,,,,,,,,,,,,,,,,,,,,,,,,,,,,
,501,0.09507519006729126,0.08587584644556046,-0.0006466218619607389,0.0006026717601343989,0.08587584644556046,501,,,,,,,,,,,,,,,,,,,,,,,,,,,,,,,,,,,,,,,,,,,,,,,,,,,,,,,,,,,,,,,,,,,,,,,,,,,,,
,501,,,,,,501,0.09507519006729126,0.08587584644556046,-0.0006466218619607389,0.0006026717601343989,0.08587584644556046,,,,,,,,,,,,,,,,,,,,,,,,,,,,,,,,,,,,,,,,,,,,,,,,,,,,,,,,,,,,,,,,,,,,,,,,
0.0005838009889846932,502,,,,,,,,,,,,,,,,,,,,,,,,,,,,,,,,,,,,,,,,,,,,,,,,,,,,,,,,,,,,,,,,,,,,,,,,,,,,,,,,,,,
,502,0.09175799787044525,0.09175799787044525,-0.0006564156501553953,0.0007213047938421369,0.09175799787044525,502,,,,,,,,,,,,,,,,,,,,,,,,,,,,,,,,,,,,,,,,,,,,,,,,,,,,,,,,,,,,,,,,,,,,,,,,,,,,,
,502,,,,,,502,0.09175799787044525,0.09175799787044525,-0.0006564156501553953,0.0007213047938421369,0.09175799787044525,,,,,,,,,,,,,,,,,,,,,,,,,,,,,,,,,,,,,,,,,,,,,,,,,,,,,,,,,,,,,,,,,,,,,,,,
0.0005820813181396904,503,,,,,,,,,,,,,,,,,,,,,,,,,,,,,,,,,,,,,,,,,,,,,,,,,,,,,,,,,,,,,,,,,,,,,,,,,,,,,,,,,,,
,503,0.1166604608297348,0.1166604608297348,-0.0006663758540526032,0.0004962057573720813,0.1166604608297348,503,,,,,,,,,,,,,,,,,,,,,,,,,,,,,,,,,,,,,,,,,,,,,,,,,,,,,,,,,,,,,,,,,,,,,,,,,,,,,
,503,,,,,,503,0.1166604608297348,0.1166604608297348,-0.0006663758540526032,0.0004962057573720813,0.1166604608297348,,,,,,,,,,,,,,,,,,,,,,,,,,,,,,,,,,,,,,,,,,,,,,,,,,,,,,,,,,,,,,,,,,,,,,,,
0.0005803606532520716,504,,,,,,,,,,,,,,,,,,,,,,,,,,,,,,,,,,,,,,,,,,,,,,,,,,,,,,,,,,,,,,,,,,,,,,,,,,,,,,,,,,,
,504,0.08856507390737534,0.0883931815624237,-0.0006764829740859568,0.0008041925029829144,0.0883931815624237,504,,,,,,,,,,,,,,,,,,,,,,,,,,,,,,,,,,,,,,,,,,,,,,,,,,,,,,,,,,,,,,,,,,,,,,,,,,,,,
,504,,,,,,504,0.08856507390737534,0.0883931815624237,-0.0006764829740859568,0.0008041925029829144,0.0883931815624237,,,,,,,,,,,,,,,,,,,,,,,,,,,,,,,,,,,,,,,,,,,,,,,,,,,,,,,,,,,,,,,,,,,,,,,,
0.0005786390152875956,505,,,,,,,,,,,,,,,,,,,,,,,,,,,,,,,,,,,,,,,,,,,,,,,,,,,,,,,,,,,,,,,,,,,,,,,,,,,,,,,,,,,
,505,0.08866547048091888,0.08866547048091888,-0.0006863985909149051,0.00042280019260942936,0.08866547048091888,505,,,,,,,,,,,,,,,,,,,,,,,,,,,,,,,,,,,,,,,,,,,,,,,,,,,,,,,,,,,,,,,,,,,,,,,,,,,,,
,505,,,,,,505,0.08866547048091888,0.08866547048091888,-0.0006863985909149051,0.00042280019260942936,0.08866547048091888,,,,,,,,,,,,,,,,,,,,,,,,,,,,,,,,,,,,,,,,,,,,,,,,,,,,,,,,,,,,,,,,,,,,,,,,
0.0005769164252238772,506,,,,,,,,,,,,,,,,,,,,,,,,,,,,,,,,,,,,,,,,,,,,,,,,,,,,,,,,,,,,,,,,,,,,,,,,,,,,,,,,,,,
,506,0.08329944312572479,0.070853091776371,-0.0006964603089727461,0.0006695916526950896,0.070853091776371,506,,,,,,,,,,,,,,,,,,,,,,,,,,,,,,,,,,,,,,,,,,,,,,,,,,,,,,,,,,,,,,,,,,,,,,,,,,,,,
,506,,,,,,506,0.08329944312572479,0.070853091776371,-0.0006964603089727461,0.0006695916526950896,0.070853091776371,,,,,,,,,,,,,,,,,,,,,,,,,,,,,,,,,,,,,,,,,,,,,,,,,,,,,,,,,,,,,,,,,,,,,,,,
0.0005751929040501331,507,,,,,,,,,,,,,,,,,,,,,,,,,,,,,,,,,,,,,,,,,,,,,,,,,,,,,,,,,,,,,,,,,,,,,,,,,,,,,,,,,,,
,507,0.0800502747297287,0.0800502747297287,-0.0007064674282446504,0.0008113073417916894,0.0800502747297287,507,,,,,,,,,,,,,,,,,,,,,,,,,,,,,,,,,,,,,,,,,,,,,,,,,,,,,,,,,,,,,,,,,,,,,,,,,,,,,
,507,,,,,,507,0.0800502747297287,0.0800502747297287,-0.0007064674282446504,0.0008113073417916894,0.0800502747297287,,,,,,,,,,,,,,,,,,,,,,,,,,,,,,,,,,,,,,,,,,,,,,,,,,,,,,,,,,,,,,,,,,,,,,,,
0.0005734684727669248,508,,,,,,,,,,,,,,,,,,,,,,,,,,,,,,,,,,,,,,,,,,,,,,,,,,,,,,,,,,,,,,,,,,,,,,,,,,,,,,,,,,,
,508,0.5475518107414246,0.541143000125885,-0.0007166058057919145,0.004951425362378359,0.541143000125885,508,,,,,,,,,,,,,,,,,,,,,,,,,,,,,,,,,,,,,,,,,,,,,,,,,,,,,,,,,,,,,,,,,,,,,,,,,,,,,
,508,,,,,,508,0.5475518107414246,0.541143000125885,-0.0007166058057919145,0.004951425362378359,0.541143000125885,,,,,,,,,,,,,,,,,,,,,,,,,,,,,,,,,,,,,,,,,,,,,,,,,,,,,,,,,,,,,,,,,,,,,,,,
0.0005717431523859033,509,,,,,,,,,,,,,,,,,,,,,,,,,,,,,,,,,,,,,,,,,,,,,,,,,,,,,,,,,,,,,,,,,,,,,,,,,,,,,,,,,,,
,509,0.08422110974788666,0.08422110974788666,-0.0007268576300702989,0.0005786863621324301,0.08422110974788666,509,,,,,,,,,,,,,,,,,,,,,,,,,,,,,,,,,,,,,,,,,,,,,,,,,,,,,,,,,,,,,,,,,,,,,,,,,,,,,
,509,,,,,,509,0.08422110974788666,0.08422110974788666,-0.0007268576300702989,0.0005786863621324301,0.08422110974788666,,,,,,,,,,,,,,,,,,,,,,,,,,,,,,,,,,,,,,,,,,,,,,,,,,,,,,,,,,,,,,,,,,,,,,,,
0.0005700169639295528,510,,,,,,,,,,,,,,,,,,,,,,,,,,,,,,,,,,,,,,,,,,,,,,,,,,,,,,,,,,,,,,,,,,,,,,,,,,,,,,,,,,,
,510,0.19892482459545135,0.19892482459545135,-0.0007372106774710119,0.0011382015654817224,0.19892482459545135,510,,,,,,,,,,,,,,,,,,,,,,,,,,,,,,,,,,,,,,,,,,,,,,,,,,,,,,,,,,,,,,,,,,,,,,,,,,,,,
,510,,,,,,510,0.19892482459545135,0.19892482459545135,-0.0007372106774710119,0.0011382015654817224,0.19892482459545135,,,,,,,,,,,,,,,,,,,,,,,,,,,,,,,,,,,,,,,,,,,,,,,,,,,,,,,,,,,,,,,,,,,,,,,,
0.0005682899284309352,511,,,,,,,,,,,,,,,,,,,,,,,,,,,,,,,,,,,,,,,,,,,,,,,,,,,,,,,,,,,,,,,,,,,,,,,,,,,,,,,,,,,
,511,0.08873873949050903,0.07727232575416565,-0.0007476516766473651,0.00039475623634643853,0.07727232575416565,511,,,,,,,,,,,,,,,,,,,,,,,,,,,,,,,,,,,,,,,,,,,,,,,,,,,,,,,,,,,,,,,,,,,,,,,,,,,,,
,511,,,,,,511,0.08873873949050903,0.07727232575416565,-0.0007476516766473651,0.00039475623634643853,0.07727232575416565,,,,,,,,,,,,,,,,,,,,,,,,,,,,,,,,,,,,,,,,,,,,,,,,,,,,,,,,,,,,,,,,,,,,,,,,
0.000566562066933433,512,,,,,,,,,,,,,,,,,,,,,,,,,,,,,,,,,,,,,,,,,,,,,,,,,,,,,,,,,,,,,,,,,,,,,,,,,,,,,,,,,,,
,512,0.0906088799238205,0.08855172991752625,-0.0007578909862786531,0.00039957553963176906,0.08855172991752625,512,,,,,,,,,,,,,,,,,,,,,,,,,,,,,,,,,,,,,,,,,,,,,,,,,,,,,,,,,,,,,,,,,,,,,,,,,,,,,
,512,,,,,,512,0.0906088799238205,0.08855172991752625,-0.0007578909862786531,0.00039957553963176906,0.08855172991752625,,,,,,,,,,,,,,,,,,,,,,,,,,,,,,,,,,,,,,,,,,,,,,,,,,,,,,,,,,,,,,,,,,,,,,,,
0.0005648334004904928,513,,,,,,,,,,,,,,,,,,,,,,,,,,,,,,,,,,,,,,,,,,,,,,,,,,,,,,,,,,,,,,,,,,,,,,,,,,,,,,,,,,,
,513,0.09577958285808563,0.09577958285808563,-0.0007682244176976383,0.00040627800626680255,0.09577958285808563,513,,,,,,,,,,,,,,,,,,,,,,,,,,,,,,,,,,,,,,,,,,,,,,,,,,,,,,,,,,,,,,,,,,,,,,,,,,,,,
,513,,,,,,513,0.09577958285808563,0.09577958285808563,-0.0007682244176976383,0.00040627800626680255,0.09577958285808563,,,,,,,,,,,,,,,,,,,,,,,,,,,,,,,,,,,,,,,,,,,,,,,,,,,,,,,,,,,,,,,,,,,,,,,,
0.0005631039501653702,514,,,,,,,,,,,,,,,,,,,,,,,,,,,,,,,,,,,,,,,,,,,,,,,,,,,,,,,,,,,,,,,,,,,,,,,,,,,,,,,,,,,
,514,0.6206909418106079,0.6206909418106079,-0.0007786396890878677,0.009603115729987621,0.6206909418106079,514,,,,,,,,,,,,,,,,,,,,,,,,,,,,,,,,,,,,,,,,,,,,,,,,,,,,,,,,,,,,,,,,,,,,,,,,,,,,,
,514,,,,,,514,0.6206909418106079,0.6206909418106079,-0.0007786396890878677,0.009603115729987621,0.6206909418106079,,,,,,,,,,,,,,,,,,,,,,,,,,,,,,,,,,,,,,,,,,,,,,,,,,,,,,,,,,,,,,,,,,,,,,,,
0.0005613737370308713,515,,,,,,,,,,,,,,,,,,,,,,,,,,,,,,,,,,,,,,,,,,,,,,,,,,,,,,,,,,,,,,,,,,,,,,,,,,,,,,,,,,,
,515,0.25700271129608154,0.25700271129608154,-0.0007891259156167507,0.0019504133379086852,0.25700271129608154,515,,,,,,,,,,,,,,,,,,,,,,,,,,,,,,,,,,,,,,,,,,,,,,,,,,,,,,,,,,,,,,,,,,,,,,,,,,,,,
,515,,,,,,515,0.25700271129608154,0.25700271129608154,-0.0007891259156167507,0.0019504133379086852,0.25700271129608154,,,,,,,,,,,,,,,,,,,,,,,,,,,,,,,,,,,,,,,,,,,,,,,,,,,,,,,,,,,,,,,,,,,,,,,,
0.0005596427821690975,516,,,,,,,,,,,,,,,,,,,,,,,,,,,,,,,,,,,,,,,,,,,,,,,,,,,,,,,,,,,,,,,,,,,,,,,,,,,,,,,,,,,
,516,0.3684372901916504,0.3684372901916504,-0.0007996729109436274,0.00384690472856164,0.3684372901916504,516,,,,,,,,,,,,,,,,,,,,,,,,,,,,,,,,,,,,,,,,,,,,,,,,,,,,,,,,,,,,,,,,,,,,,,,,,,,,,
,516,,,,,,516,0.3684372901916504,0.3684372901916504,-0.0007996729109436274,0.00384690472856164,0.3684372901916504,,,,,,,,,,,,,,,,,,,,,,,,,,,,,,,,,,,,,,,,,,,,,,,,,,,,,,,,,,,,,,,,,,,,,,,,
0.0005579111066711871,517,,,,,,,,,,,,,,,,,,,,,,,,,,,,,,,,,,,,,,,,,,,,,,,,,,,,,,,,,,,,,,,,,,,,,,,,,,,,,,,,,,,
,517,0.10994227975606918,0.10994227975606918,-0.0008102718857116997,0.0004678684927057475,0.10994227975606918,517,,,,,,,,,,,,,,,,,,,,,,,,,,,,,,,,,,,,,,,,,,,,,,,,,,,,,,,,,,,,,,,,,,,,,,,,,,,,,
,517,,,,,,517,0.10994227975606918,0.10994227975606918,-0.0008102718857116997,0.0004678684927057475,0.10994227975606918,,,,,,,,,,,,,,,,,,,,,,,,,,,,,,,,,,,,,,,,,,,,,,,,,,,,,,,,,,,,,,,,,,,,,,,,
0.0005561787316370597,518,,,,,,,,,,,,,,,,,,,,,,,,,,,,,,,,,,,,,,,,,,,,,,,,,,,,,,,,,,,,,,,,,,,,,,,,,,,,,,,,,,,
,518,0.22505974769592285,0.2266055941581726,-0.0008209146908484399,0.001643508323468268,0.2266055941581726,518,,,,,,,,,,,,,,,,,,,,,,,,,,,,,,,,,,,,,,,,,,,,,,,,,,,,,,,,,,,,,,,,,,,,,,,,,,,,,
,518,,,,,,518,0.22505974769592285,0.2266055941581726,-0.0008209146908484399,0.001643508323468268,0.2266055941581726,,,,,,,,,,,,,,,,,,,,,,,,,,,,,,,,,,,,,,,,,,,,,,,,,,,,,,,,,,,,,,,,,,,,,,,,
0.0005544456781751586,519,,,,,,,,,,,,,,,,,,,,,,,,,,,,,,,,,,,,,,,,,,,,,,,,,,,,,,,,,,,,,,,,,,,,,,,,,,,,,,,,,,,
,519,0.10394273698329926,0.10394273698329926,-0.0008315911400131881,0.0007112966850399971,0.10394273698329926,519,,,,,,,,,,,,,,,,,,,,,,,,,,,,,,,,,,,,,,,,,,,,,,,,,,,,,,,,,,,,,,,,,,,,,,,,,,,,,
,519,,,,,,519,0.10394273698329926,0.10394273698329926,-0.0008315911400131881,0.0007112966850399971,0.10394273698329926,,,,,,,,,,,,,,,,,,,,,,,,,,,,,,,,,,,,,,,,,,,,,,,,,,,,,,,,,,,,,,,,,,,,,,,,
0.0005527119674021932,520,,,,,,,,,,,,,,,,,,,,,,,,,,,,,,,,,,,,,,,,,,,,,,,,,,,,,,,,,,,,,,,,,,,,,,,,,,,,,,,,,,,
,520,0.12821054458618164,0.12821054458618164,-0.0008422980317845941,0.0005889201420359313,0.12821054458618164,520,,,,,,,,,,,,,,,,,,,,,,,,,,,,,,,,,,,,,,,,,,,,,,,,,,,,,,,,,,,,,,,,,,,,,,,,,,,,,
,520,,,,,,520,0.12821054458618164,0.12821054458618164,-0.0008422980317845941,0.0005889201420359313,0.12821054458618164,,,,,,,,,,,,,,,,,,,,,,,,,,,,,,,,,,,,,,,,,,,,,,,,,,,,,,,,,,,,,,,,,,,,,,,,
0.000550977620442882,521,,,,,,,,,,,,,,,,,,,,,,,,,,,,,,,,,,,,,,,,,,,,,,,,,,,,,,,,,,,,,,,,,,,,,,,,,,,,,,,,,,,
,521,0.1983138769865036,0.1983138769865036,-0.0008530293707735837,0.0013667469611391425,0.1983138769865036,521,,,,,,,,,,,,,,,,,,,,,,,,,,,,,,,,,,,,,,,,,,,,,,,,,,,,,,,,,,,,,,,,,,,,,,,,,,,,,
,521,,,,,,521,0.1983138769865036,0.1983138769865036,-0.0008530293707735837,0.0013667469611391425,0.1983138769865036,,,,,,,,,,,,,,,,,,,,,,,,,,,,,,,,,,,,,,,,,,,,,,,,,,,,,,,,,,,,,,,,,,,,,,,,
0.0005492426584296953,522,,,,,,,,,,,,,,,,,,,,,,,,,,,,,,,,,,,,,,,,,,,,,,,,,,,,,,,,,,,,,,,,,,,,,,,,,,,,,,,,,,,
,522,0.10215537250041962,0.10215537250041962,-0.0008637799182906747,0.000962665828410536,0.10215537250041962,522,,,,,,,,,,,,,,,,,,,,,,,,,,,,,,,,,,,,,,,,,,,,,,,,,,,,,,,,,,,,,,,,,,,,,,,,,,,,,
,522,,,,,,522,0.10215537250041962,0.10215537250041962,-0.0008637799182906747,0.000962665828410536,0.10215537250041962,,,,,,,,,,,,,,,,,,,,,,,,,,,,,,,,,,,,,,,,,,,,,,,,,,,,,,,,,,,,,,,,,,,,,,,,
0.0005475071025025982,523,,,,,,,,,,,,,,,,,,,,,,,,,,,,,,,,,,,,,,,,,,,,,,,,,,,,,,,,,,,,,,,,,,,,,,,,,,,,,,,,,,,
,523,0.1707840859889984,0.1707840859889984,-0.0008745450177229941,0.0010792824905365705,0.1707840859889984,523,,,,,,,,,,,,,,,,,,,,,,,,,,,,,,,,,,,,,,,,,,,,,,,,,,,,,,,,,,,,,,,,,,,,,,,,,,,,,
,523,,,,,,523,0.1707840859889984,0.1707840859889984,-0.0008745450177229941,0.0010792824905365705,0.1707840859889984,,,,,,,,,,,,,,,,,,,,,,,,,,,,,,,,,,,,,,,,,,,,,,,,,,,,,,,,,,,,,,,,,,,,,,,,
0.0005457709738087913,524,,,,,,,,,,,,,,,,,,,,,,,,,,,,,,,,,,,,,,,,,,,,,,,,,,,,,,,,,,,,,,,,,,,,,,,,,,,,,,,,,,,
,524,0.09611785411834717,0.09611785411834717,-0.0008853201288729906,0.000825672410428524,0.09611785411834717,524,,,,,,,,,,,,,,,,,,,,,,,,,,,,,,,,,,,,,,,,,,,,,,,,,,,,,,,,,,,,,,,,,,,,,,,,,,,,,
,524,,,,,,524,0.09611785411834717,0.09611785411834717,-0.0008853201288729906,0.000825672410428524,0.09611785411834717,,,,,,,,,,,,,,,,,,,,,,,,,,,,,,,,,,,,,,,,,,,,,,,,,,,,,,,,,,,,,,,,,,,,,,,,
0.0005440342935024555,525,,,,,,,,,,,,,,,,,,,,,,,,,,,,,,,,,,,,,,,,,,,,,,,,,,,,,,,,,,,,,,,,,,,,,,,,,,,,,,,,,,,
,525,0.11342840641736984,0.10310803353786469,-0.0008961015264503658,0.0005142096197232604,0.10310803353786469,525,,,,,,,,,,,,,,,,,,,,,,,,,,,,,,,,,,,,,,,,,,,,,,,,,,,,,,,,,,,,,,,,,,,,,,,,,,,,,
,525,,,,,,525,0.11342840641736984,0.10310803353786469,-0.0008961015264503658,0.0005142096197232604,0.10310803353786469,,,,,,,,,,,,,,,,,,,,,,,,,,,,,,,,,,,,,,,,,,,,,,,,,,,,,,,,,,,,,,,,,,,,,,,,
0.0005422970827444918,526,,,,,,,,,,,,,,,,,,,,,,,,,,,,,,,,,,,,,,,,,,,,,,,,,,,,,,,,,,,,,,,,,,,,,,,,,,,,,,,,,,,
,526,0.09311705082654953,0.09311705082654953,-0.0009065834456123412,0.0004015824815724045,0.09311705082654953,526,,,,,,,,,,,,,,,,,,,,,,,,,,,,,,,,,,,,,,,,,,,,,,,,,,,,,,,,,,,,,,,,,,,,,,,,,,,,,
,526,,,,,,526,0.09311705082654953,0.09311705082654953,-0.0009065834456123412,0.0004015824815724045,0.09311705082654953,,,,,,,,,,,,,,,,,,,,,,,,,,,,,,,,,,,,,,,,,,,,,,,,,,,,,,,,,,,,,,,,,,,,,,,,
0.0005405593627022652,527,,,,,,,,,,,,,,,,,,,,,,,,,,,,,,,,,,,,,,,,,,,,,,,,,,,,,,,,,,,,,,,,,,,,,,,,,,,,,,,,,,,
,527,0.11758606135845184,0.11758606135845184,-0.0009170958073809743,0.0005769951967522502,0.11758606135845184,527,,,,,,,,,,,,,,,,,,,,,,,,,,,,,,,,,,,,,,,,,,,,,,,,,,,,,,,,,,,,,,,,,,,,,,,,,,,,,
,527,,,,,,527,0.11758606135845184,0.11758606135845184,-0.0009170958073809743,0.0005769951967522502,0.11758606135845184,,,,,,,,,,,,,,,,,,,,,,,,,,,,,,,,,,,,,,,,,,,,,,,,,,,,,,,,,,,,,,,,,,,,,,,,
0.0005388211545493462,528,,,,,,,,,,,,,,,,,,,,,,,,,,,,,,,,,,,,,,,,,,,,,,,,,,,,,,,,,,,,,,,,,,,,,,,,,,,,,,,,,,,
,528,0.09188230335712433,0.10110733658075333,-0.0009276325581595302,0.00038970672176219523,0.10110733658075333,528,,,,,,,,,,,,,,,,,,,,,,,,,,,,,,,,,,,,,,,,,,,,,,,,,,,,,,,,,,,,,,,,,,,,,,,,,,,,,
,528,,,,,,528,0.09188230335712433,0.10110733658075333,-0.0009276325581595302,0.00038970672176219523,0.10110733658075333,,,,,,,,,,,,,,,,,,,,,,,,,,,,,,,,,,,,,,,,,,,,,,,,,,,,,,,,,,,,,,,,,,,,,,,,
0.0005370824794652521,529,,,,,,,,,,,,,,,,,,,,,,,,,,,,,,,,,,,,,,,,,,,,,,,,,,,,,,,,,,,,,,,,,,,,,,,,,,,,,,,,,,,
,529,0.17984315752983093,0.17984315752983093,-0.0009381884010508657,0.001266540726646781,0.17984315752983093,529,,,,,,,,,,,,,,,,,,,,,,,,,,,,,,,,,,,,,,,,,,,,,,,,,,,,,,,,,,,,,,,,,,,,,,,,,,,,,
,529,,,,,,529,0.17984315752983093,0.17984315752983093,-0.0009381884010508657,0.001266540726646781,0.17984315752983093,,,,,,,,,,,,,,,,,,,,,,,,,,,,,,,,,,,,,,,,,,,,,,,,,,,,,,,,,,,,,,,,,,,,,,,,
0.0005353433586351907,530,,,,,,,,,,,,,,,,,,,,,,,,,,,,,,,,,,,,,,,,,,,,,,,,,,,,,,,,,,,,,,,,,,,,,,,,,,,,,,,,,,,
,530,0.09506775438785553,0.09506775438785553,-0.0009487586212344468,0.0004159850359428674,0.09506775438785553,530,,,,,,,,,,,,,,,,,,,,,,,,,,,,,,,,,,,,,,,,,,,,,,,,,,,,,,,,,,,,,,,,,,,,,,,,,,,,,
,530,,,,,,530,0.09506775438785553,0.09506775438785553,-0.0009487586212344468,0.0004159850359428674,0.09506775438785553,,,,,,,,,,,,,,,,,,,,,,,,,,,,,,,,,,,,,,,,,,,,,,,,,,,,,,,,,,,,,,,,,,,,,,,,
0.0005336038132498002,531,,,,,,,,,,,,,,,,,,,,,,,,,,,,,,,,,,,,,,,,,,,,,,,,,,,,,,,,,,,,,,,,,,,,,,,,,,,,,,,,,,,
,531,0.13935893774032593,0.13935893774032593,-0.0009593387367203832,0.0008387197158299387,0.13935893774032593,531,,,,,,,,,,,,,,,,,,,,,,,,,,,,,,,,,,,,,,,,,,,,,,,,,,,,,,,,,,,,,,,,,,,,,,,,,,,,,
,531,,,,,,531,0.13935893774032593,0.13935893774032593,-0.0009593387367203832,0.0008387197158299387,0.13935893774032593,,,,,,,,,,,,,,,,,,,,,,,,,,,,,,,,,,,,,,,,,,,,,,,,,,,,,,,,,,,,,,,,,,,,,,,,
0.0005318638645048922,532,,,,,,,,,,,,,,,,,,,,,,,,,,,,,,,,,,,,,,,,,,,,,,,,,,,,,,,,,,,,,,,,,,,,,,,,,,,,,,,,,,,
,532,0.09412358701229095,0.0928637757897377,-0.0009699248475953937,0.00041803624480962753,0.0928637757897377,532,,,,,,,,,,,,,,,,,,,,,,,,,,,,,,,,,,,,,,,,,,,,,,,,,,,,,,,,,,,,,,,,,,,,,,,,,,,,,
,532,,,,,,532,0.09412358701229095,0.0928637757897377,-0.0009699248475953937,0.00041803624480962753,0.0928637757897377,,,,,,,,,,,,,,,,,,,,,,,,,,,,,,,,,,,,,,,,,,,,,,,,,,,,,,,,,,,,,,,,,,,,,,,,
0.0005301235336011929,533,,,,,,,,,,,,,,,,,,,,,,,,,,,,,,,,,,,,,,,,,,,,,,,,,,,,,,,,,,,,,,,,,,,,,,,,,,,,,,,,,,,
,533,0.6340028047561646,0.6392953395843506,-0.0009805134031921625,0.014396662823855877,0.6392953395843506,533,,,,,,,,,,,,,,,,,,,,,,,,,,,,,,,,,,,,,,,,,,,,,,,,,,,,,,,,,,,,,,,,,,,,,,,,,,,,,
,533,,,,,,533,0.6340028047561646,0.6392953395843506,-0.0009805134031921625,0.014396662823855877,0.6392953395843506,,,,,,,,,,,,,,,,,,,,,,,,,,,,,,,,,,,,,,,,,,,,,,,,,,,,,,,,,,,,,,,,,,,,,,,,
0.0005283828417440854,534,,,,,,,,,,,,,,,,,,,,,,,,,,,,,,,,,,,,,,,,,,,,,,,,,,,,,,,,,,,,,,,,,,,,,,,,,,,,,,,,,,,
,534,0.0811336562037468,0.0811336562037468,-0.0009910948574543,0.0008114580414257944,0.0811336562037468,534,,,,,,,,,,,,,,,,,,,,,,,,,,,,,,,,,,,,,,,,,,,,,,,,,,,,,,,,,,,,,,,,,,,,,,,,,,,,,
,534,,,,,,534,0.0811336562037468,0.0811336562037468,-0.0009910948574543,0.0008114580414257944,0.0811336562037468,,,,,,,,,,,,,,,,,,,,,,,,,,,,,,,,,,,,,,,,,,,,,,,,,,,,,,,,,,,,,,,,,,,,,,,,
0.0005266418101433506,535,,,,,,,,,,,,,,,,,,,,,,,,,,,,,,,,,,,,,,,,,,,,,,,,,,,,,,,,,,,,,,,,,,,,,,,,,,,,,,,,,,,
,535,0.18135033547878265,0.17491447925567627,-0.0010016735177487135,0.001146056572906673,0.17491447925567627,535,,,,,,,,,,,,,,,,,,,,,,,,,,,,,,,,,,,,,,,,,,,,,,,,,,,,,,,,,,,,,,,,,,,,,,,,,,,,,
,535,,,,,,535,0.18135033547878265,0.17491447925567627,-0.0010016735177487135,0.001146056572906673,0.17491447925567627,,,,,,,,,,,,,,,,,,,,,,,,,,,,,,,,,,,,,,,,,,,,,,,,,,,,,,,,,,,,,,,,,,,,,,,,
0.000524900460012909,536,,,,,,,,,,,,,,,,,,,,,,,,,,,,,,,,,,,,,,,,,,,,,,,,,,,,,,,,,,,,,,,,,,,,,,,,,,,,,,,,,,,
,536,0.42112109065055847,0.42112109065055847,-0.0010117749916389585,0.004745908547192812,0.42112109065055847,536,,,,,,,,,,,,,,,,,,,,,,,,,,,,,,,,,,,,,,,,,,,,,,,,,,,,,,,,,,,,,,,,,,,,,,,,,,,,,
,536,,,,,,536,0.42112109065055847,0.42112109065055847,-0.0010117749916389585,0.004745908547192812,0.42112109065055847,,,,,,,,,,,,,,,,,,,,,,,,,,,,,,,,,,,,,,,,,,,,,,,,,,,,,,,,,,,,,,,,,,,,,,,,
0.0005231588125705624,537,,,,,,,,,,,,,,,,,,,,,,,,,,,,,,,,,,,,,,,,,,,,,,,,,,,,,,,,,,,,,,,,,,,,,,,,,,,,,,,,,,,
,537,0.10311983525753021,0.10311983525753021,-0.0010219166288152337,0.0007750901859253645,0.10311983525753021,537,,,,,,,,,,,,,,,,,,,,,,,,,,,,,,,,,,,,,,,,,,,,,,,,,,,,,,,,,,,,,,,,,,,,,,,,,,,,,
,537,,,,,,537,0.10311983525753021,0.10311983525753021,-0.0010219166288152337,0.0007750901859253645,0.10311983525753021,,,,,,,,,,,,,,,,,,,,,,,,,,,,,,,,,,,,,,,,,,,,,,,,,,,,,,,,,,,,,,,,,,,,,,,,
0.0005214168890377353,538,,,,,,,,,,,,,,,,,,,,,,,,,,,,,,,,,,,,,,,,,,,,,,,,,,,,,,,,,,,,,,,,,,,,,,,,,,,,,,,,,,,
,538,0.08999373018741608,0.08999373018741608,-0.0010320915607735515,0.0007263381849043071,0.08999373018741608,538,,,,,,,,,,,,,,,,,,,,,,,,,,,,,,,,,,,,,,,,,,,,,,,,,,,,,,,,,,,,,,,,,,,,,,,,,,,,,
,538,,,,,,538,0.08999373018741608,0.08999373018741608,-0.0010320915607735515,0.0007263381849043071,0.08999373018741608,,,,,,,,,,,,,,,,,,,,,,,,,,,,,,,,,,,,,,,,,,,,,,,,,,,,,,,,,,,,,,,,,,,,,,,,
0.0005196747106392163,539,,,,,,,,,,,,,,,,,,,,,,,,,,,,,,,,,,,,,,,,,,,,,,,,,,,,,,,,,,,,,,,,,,,,,,,,,,,,,,,,,,,
,539,0.08730463683605194,0.07481326162815094,-0.0010422933846712112,0.0007248326437547803,0.07481326162815094,539,,,,,,,,,,,,,,,,,,,,,,,,,,,,,,,,,,,,,,,,,,,,,,,,,,,,,,,,,,,,,,,,,,,,,,,,,,,,,
,539,,,,,,539,0.08730463683605194,0.07481326162815094,-0.0010422933846712112,0.0007248326437547803,0.07481326162815094,,,,,,,,,,,,,,,,,,,,,,,,,,,,,,,,,,,,,,,,,,,,,,,,,,,,,,,,,,,,,,,,,,,,,,,,
0.0005179322986028993,540,,,,,,,,,,,,,,,,,,,,,,,,,,,,,,,,,,,,,,,,,,,,,,,,,,,,,,,,,,,,,,,,,,,,,,,,,,,,,,,,,,,
,540,0.14513197541236877,0.14513197541236877,-0.0010523595847189426,0.0007617202354595065,0.14513197541236877,540,,,,,,,,,,,,,,,,,,,,,,,,,,,,,,,,,,,,,,,,,,,,,,,,,,,,,,,,,,,,,,,,,,,,,,,,,,,,,
,540,,,,,,540,0.14513197541236877,0.14513197541236877,-0.0010523595847189426,0.0007617202354595065,0.14513197541236877,,,,,,,,,,,,,,,,,,,,,,,,,,,,,,,,,,,,,,,,,,,,,,,,,,,,,,,,,,,,,,,,,,,,,,,,
0.0005161896741595251,541,,,,,,,,,,,,,,,,,,,,,,,,,,,,,,,,,,,,,,,,,,,,,,,,,,,,,,,,,,,,,,,,,,,,,,,,,,,,,,,,,,,
,541,0.4154601991176605,0.4154601991176605,-0.00106245803181082,0.004812799394130707,0.4154601991176605,541,,,,,,,,,,,,,,,,,,,,,,,,,,,,,,,,,,,,,,,,,,,,,,,,,,,,,,,,,,,,,,,,,,,,,,,,,,,,,
,541,,,,,,541,0.4154601991176605,0.4154601991176605,-0.00106245803181082,0.004812799394130707,0.4154601991176605,,,,,,,,,,,,,,,,,,,,,,,,,,,,,,,,,,,,,,,,,,,,,,,,,,,,,,,,,,,,,,,,,,,,,,,,
0.0005144468585424227,542,,,,,,,,,,,,,,,,,,,,,,,,,,,,,,,,,,,,,,,,,,,,,,,,,,,,,,,,,,,,,,,,,,,,,,,,,,,,,,,,,,,
,542,0.12429764866828918,0.13673008978366852,-0.0010725822066888213,0.0006650630966760218,0.13673008978366852,542,,,,,,,,,,,,,,,,,,,,,,,,,,,,,,,,,,,,,,,,,,,,,,,,,,,,,,,,,,,,,,,,,,,,,,,,,,,,,
,542,,,,,,542,0.12429764866828918,0.13673008978366852,-0.0010725822066888213,0.0006650630966760218,0.13673008978366852,,,,,,,,,,,,,,,,,,,,,,,,,,,,,,,,,,,,,,,,,,,,,,,,,,,,,,,,,,,,,,,,,,,,,,,,
0.0005127038729872503,543,,,,,,,,,,,,,,,,,,,,,,,,,,,,,,,,,,,,,,,,,,,,,,,,,,,,,,,,,,,,,,,,,,,,,,,,,,,,,,,,,,,
,543,0.15984603762626648,0.1478586494922638,-0.0010827267542481422,0.0008624358451925218,0.1478586494922638,543,,,,,,,,,,,,,,,,,,,,,,,,,,,,,,,,,,,,,,,,,,,,,,,,,,,,,,,,,,,,,,,,,,,,,,,,,,,,,
,543,,,,,,543,0.15984603762626648,0.1478586494922638,-0.0010827267542481422,0.0008624358451925218,0.1478586494922638,,,,,,,,,,,,,,,,,,,,,,,,,,,,,,,,,,,,,,,,,,,,,,,,,,,,,,,,,,,,,,,,,,,,,,,,
0.0005109607387317368,544,,,,,,,,,,,,,,,,,,,,,,,,,,,,,,,,,,,,,,,,,,,,,,,,,,,,,,,,,,,,,,,,,,,,,,,,,,,,,,,,,,,
,544,0.107339046895504,0.11968362331390381,-0.0010928852716460824,0.0004566717252600938,0.11968362331390381,544,,,,,,,,,,,,,,,,,,,,,,,,,,,,,,,,,,,,,,,,,,,,,,,,,,,,,,,,,,,,,,,,,,,,,,,,,,,,,
,544,,,,,,544,0.107339046895504,0.11968362331390381,-0.0010928852716460824,0.0004566717252600938,0.11968362331390381,,,,,,,,,,,,,,,,,,,,,,,,,,,,,,,,,,,,,,,,,,,,,,,,,,,,,,,,,,,,,,,,,,,,,,,,
0.0005092174770154231,545,,,,,,,,,,,,,,,,,,,,,,,,,,,,,,,,,,,,,,,,,,,,,,,,,,,,,,,,,,,,,,,,,,,,,,,,,,,,,,,,,,,
,545,0.6995436549186707,0.6995436549186707,-0.0011030546156689525,0.018338913097977638,0.6995436549186707,545,,,,,,,,,,,,,,,,,,,,,,,,,,,,,,,,,,,,,,,,,,,,,,,,,,,,,,,,,,,,,,,,,,,,,,,,,,,,,
,545,,,,,,545,0.6995436549186707,0.6995436549186707,-0.0011030546156689525,0.018338913097977638,0.6995436549186707,,,,,,,,,,,,,,,,,,,,,,,,,,,,,,,,,,,,,,,,,,,,,,,,,,,,,,,,,,,,,,,,,,,,,,,,
0.0005074741090794031,546,,,,,,,,,,,,,,,,,,,,,,,,,,,,,,,,,,,,,,,,,,,,,,,,,,,,,,,,,,,,,,,,,,,,,,,,,,,,,,,,,,,
,546,0.09873707592487335,0.0780612900853157,-0.0011132307117804885,0.000793685030657798,0.0780612900853157,546,,,,,,,,,,,,,,,,,,,,,,,,,,,,,,,,,,,,,,,,,,,,,,,,,,,,,,,,,,,,,,,,,,,,,,,,,,,,,
,546,,,,,,546,0.09873707592487335,0.0780612900853157,-0.0011132307117804885,0.000793685030657798,0.0780612900853157,,,,,,,,,,,,,,,,,,,,,,,,,,,,,,,,,,,,,,,,,,,,,,,,,,,,,,,,,,,,,,,,,,,,,,,,
0.0005057306561660648,547,,,,,,,,,,,,,,,,,,,,,,,,,,,,,,,,,,,,,,,,,,,,,,,,,,,,,,,,,,,,,,,,,,,,,,,,,,,,,,,,,,,
,547,0.09693925082683563,0.09693925082683563,-0.001123008318245411,0.0008427489083260298,0.09693925082683563,547,,,,,,,,,,,,,,,,,,,,,,,,,,,,,,,,,,,,,,,,,,,,,,,,,,,,,,,,,,,,,,,,,,,,,,,,,,,,,
,547,,,,,,547,0.09693925082683563,0.09693925082683563,-0.001123008318245411,0.0008427489083260298,0.09693925082683563,,,,,,,,,,,,,,,,,,,,,,,,,,,,,,,,,,,,,,,,,,,,,,,,,,,,,,,,,,,,,,,,,,,,,,,,
0.0005039871395188317,548,,,,,,,,,,,,,,,,,,,,,,,,,,,,,,,,,,,,,,,,,,,,,,,,,,,,,,,,,,,,,,,,,,,,,,,,,,,,,,,,,,,
,548,0.24846884608268738,0.25901055335998535,-0.0011328266700729728,0.0018581177573651075,0.25901055335998535,548,,,,,,,,,,,,,,,,,,,,,,,,,,,,,,,,,,,,,,,,,,,,,,,,,,,,,,,,,,,,,,,,,,,,,,,,,,,,,
,548,,,,,,548,0.24846884608268738,0.25901055335998535,-0.0011328266700729728,0.0018581177573651075,0.25901055335998535,,,,,,,,,,,,,,,,,,,,,,,,,,,,,,,,,,,,,,,,,,,,,,,,,,,,,,,,,,,,,,,,,,,,,,,,
0.0005022435803819041,549,,,,,,,,,,,,,,,,,,,,,,,,,,,,,,,,,,,,,,,,,,,,,,,,,,,,,,,,,,,,,,,,,,,,,,,,,,,,,,,,,,,
,549,0.11862856149673462,0.11862856149673462,-0.0011426778510212898,0.0005074568907730281,0.11862856149673462,549,,,,,,,,,,,,,,,,,,,,,,,,,,,,,,,,,,,,,,,,,,,,,,,,,,,,,,,,,,,,,,,,,,,,,,,,,,,,,
,549,,,,,,549,,,,,,0.10594503581523895,0.11749042570590973,-0.0011525562731549144,0.0005188723444007337,0.11749042570590973,0.07213009893894196,0.07213009893894196,-0.0011525562731549144,0.0003181536740157753,0.07213009893894196,-0.08898641169071198,0.1446707397699356,0.2213282734155655,0.1840958446264267,0.14458440244197845,0.09040635079145432,0.06540607661008835,0.044119082391262054,0.0053066955879330635,0.08898641169071198,0.6001664400100708,0.3794279098510742,0.26924455165863037,0.23009814321994781,0.2048957347869873,0.14107877016067505,0.3041519224643707,0.2098306119441986,0.1893642097711563,0.11980245262384415,0.08373016119003296,0.0532328337430954,0.0054838708601891994,0.11024069041013718,17.027652740478516,8.356257438659668,10.512633323669434,15.718515396118164,30.835834503173828,1377.520263671875,243.32852172851562,-0.07316585630178452,0.17906922101974487,0.25131258368492126,0.17786380648612976,0.11888501048088074,0.06787443161010742,0.04310895502567291,0.02652733027935028,0.004735596012324095,0.07316585630178452,0.6254310011863708,0.3643682599067688,0.24346581101417542,0.18402399122714996,0.14959202706813812,0.14937752485275269,0.28604310750961304,0.199069082736969,0.1499921977519989,0.08601606637239456,0.05329648777842522,0.031238166615366936,0.004866837989538908,0.08741313964128494,20.544721603393555,12.282668113708496,16.675003051757812,24.814228057861328,47.73037338256836,1960.7662353515625,347.1355285644531
,549,,,,,,549,0.11862856149673462,0.11862856149673462,-0.0011426778510212898,0.0005074568907730281,0.11862856149673462,,,,,,,,,,,,,,,,,,,,,,,,,,,,,,,,,,,,,,,,,,,,,,,,,,,,,,,,,,,,,,,,,,,,,,,,
0.0005005,550,,,,,,,,,,,,,,,,,,,,,,,,,,,,,,,,,,,,,,,,,,,,,,,,,,,,,,,,,,,,,,,,,,,,,,,,,,,,,,,,,,,
,550,0.36492836475372314,0.357338011264801,-0.0011525562731549144,0.0038726225029677153,0.357338011264801,550,,,,,,,,,,,,,,,,,,,,,,,,,,,,,,,,,,,,,,,,,,,,,,,,,,,,,,,,,,,,,,,,,,,,,,,,,,,,,
,550,,,,,,550,0.36492836475372314,0.357338011264801,-0.0011525562731549144,0.0038726225029677153,0.357338011264801,,,,,,,,,,,,,,,,,,,,,,,,,,,,,,,,,,,,,,,,,,,,,,,,,,,,,,,,,,,,,,,,,,,,,,,,
0.0004987564196180957,551,,,,,,,,,,,,,,,,,,,,,,,,,,,,,,,,,,,,,,,,,,,,,,,,,,,,,,,,,,,,,,,,,,,,,,,,,,,,,,,,,,,
,551,0.10370154678821564,0.10370154678821564,-0.0011623440077528358,0.0006091315299272537,0.10370154678821564,551,,,,,,,,,,,,,,,,,,,,,,,,,,,,,,,,,,,,,,,,,,,,,,,,,,,,,,,,,,,,,,,,,,,,,,,,,,,,,
,551,,,,,,551,0.10370154678821564,0.10370154678821564,-0.0011623440077528358,0.0006091315299272537,0.10370154678821564,,,,,,,,,,,,,,,,,,,,,,,,,,,,,,,,,,,,,,,,,,,,,,,,,,,,,,,,,,,,,,,,,,,,,,,,
0.0004970128604811681,552,,,,,,,,,,,,,,,,,,,,,,,,,,,,,,,,,,,,,,,,,,,,,,,,,,,,,,,,,,,,,,,,,,,,,,,,,,,,,,,,,,,
,552,0.6831026077270508,0.6876697540283203,-0.0011721595656126738,0.016846703365445137,0.6876697540283203,552,,,,,,,,,,,,,,,,,,,,,,,,,,,,,,,,,,,,,,,,,,,,,,,,,,,,,,,,,,,,,,,,,,,,,,,,,,,,,
,552,,,,,,552,0.6831026077270508,0.6876697540283203,-0.0011721595656126738,0.016846703365445137,0.6876697540283203,,,,,,,,,,,,,,,,,,,,,,,,,,,,,,,,,,,,,,,,,,,,,,,,,,,,,,,,,,,,,,,,,,,,,,,,
0.0004952693438339352,553,,,,,,,,,,,,,,,,,,,,,,,,,,,,,,,,,,,,,,,,,,,,,,,,,,,,,,,,,,,,,,,,,,,,,,,,,,,,,,,,,,,
,553,0.1539226770401001,0.13613541424274445,-0.0011819835053756833,0.0008304768125526607,0.13613541424274445,553,,,,,,,,,,,,,,,,,,,,,,,,,,,,,,,,,,,,,,,,,,,,,,,,,,,,,,,,,,,,,,,,,,,,,,,,,,,,,
,553,,,,,,553,0.1539226770401001,0.13613541424274445,-0.0011819835053756833,0.0008304768125526607,0.13613541424274445,,,,,,,,,,,,,,,,,,,,,,,,,,,,,,,,,,,,,,,,,,,,,,,,,,,,,,,,,,,,,,,,,,,,,,,,
0.0004935258909205969,554,,,,,,,,,,,,,,,,,,,,,,,,,,,,,,,,,,,,,,,,,,,,,,,,,,,,,,,,,,,,,,,,,,,,,,,,,,,,,,,,,,,
,554,0.09878118336200714,0.08758033812046051,-0.0011914718197658658,0.0006199744530022144,0.08758033812046051,554,,,,,,,,,,,,,,,,,,,,,,,,,,,,,,,,,,,,,,,,,,,,,,,,,,,,,,,,,,,,,,,,,,,,,,,,,,,,,
,554,,,,,,554,0.09878118336200714,0.08758033812046051,-0.0011914718197658658,0.0006199744530022144,0.08758033812046051,,,,,,,,,,,,,,,,,,,,,,,,,,,,,,,,,,,,,,,,,,,,,,,,,,,,,,,,,,,,,,,,,,,,,,,,
0.0004917825229845768,555,,,,,,,,,,,,,,,,,,,,,,,,,,,,,,,,,,,,,,,,,,,,,,,,,,,,,,,,,,,,,,,,,,,,,,,,,,,,,,,,,,,
,555,0.10303251445293427,0.10303251445293427,-0.0012007459299638867,0.0004551262245513499,0.10303251445293427,555,,,,,,,,,,,,,,,,,,,,,,,,,,,,,,,,,,,,,,,,,,,,,,,,,,,,,,,,,,,,,,,,,,,,,,,,,,,,,
,555,,,,,,555,0.10303251445293427,0.10303251445293427,-0.0012007459299638867,0.0004551262245513499,0.10303251445293427,,,,,,,,,,,,,,,,,,,,,,,,,,,,,,,,,,,,,,,,,,,,,,,,,,,,,,,,,,,,,,,,,,,,,,,,
0.0004900392612682633,556,,,,,,,,,,,,,,,,,,,,,,,,,,,,,,,,,,,,,,,,,,,,,,,,,,,,,,,,,,,,,,,,,,,,,,,,,,,,,,,,,,,
,556,0.09997779130935669,0.08960627019405365,-0.0012100880267098546,0.0004481240175664425,0.08960627019405365,556,,,,,,,,,,,,,,,,,,,,,,,,,,,,,,,,,,,,,,,,,,,,,,,,,,,,,,,,,,,,,,,,,,,,,,,,,,,,,
,556,,,,,,556,0.09997779130935669,0.08960627019405365,-0.0012100880267098546,0.0004481240175664425,0.08960627019405365,,,,,,,,,,,,,,,,,,,,,,,,,,,,,,,,,,,,,,,,,,,,,,,,,,,,,,,,,,,,,,,,,,,,,,,,
0.0004882961270127496,557,,,,,,,,,,,,,,,,,,,,,,,,,,,,,,,,,,,,,,,,,,,,,,,,,,,,,,,,,,,,,,,,,,,,,,,,,,,,,,,,,,,
,557,0.9064302444458008,0.9078586101531982,-0.001219205791130662,0.03846828266978264,0.9078586101531982,557,,,,,,,,,,,,,,,,,,,,,,,,,,,,,,,,,,,,,,,,,,,,,,,,,,,,,,,,,,,,,,,,,,,,,,,,,,,,,
,557,,,,,,557,0.9064302444458008,0.9078586101531982,-0.001219205791130662,0.03846828266978264,0.9078586101531982,,,,,,,,,,,,,,,,,,,,,,,,,,,,,,,,,,,,,,,,,,,,,,,,,,,,,,,,,,,,,,,,,,,,,,,,
0.0004865531414575773,558,,,,,,,,,,,,,,,,,,,,,,,,,,,,,,,,,,,,,,,,,,,,,,,,,,,,,,,,,,,,,,,,,,,,,,,,,,,,,,,,,,,
,558,0.10142658650875092,0.10142658650875092,-0.0012282207608222961,0.0007454307051375508,0.10142658650875092,558,,,,,,,,,,,,,,,,,,,,,,,,,,,,,,,,,,,,,,,,,,,,,,,,,,,,,,,,,,,,,,,,,,,,,,,,,,,,,
,558,,,,,,558,0.10142658650875092,0.10142658650875092,-0.0012282207608222961,0.0007454307051375508,0.10142658650875092,,,,,,,,,,,,,,,,,,,,,,,,,,,,,,,,,,,,,,,,,,,,,,,,,,,,,,,,,,,,,,,,,,,,,,,,
0.0004848103258404748,559,,,,,,,,,,,,,,,,,,,,,,,,,,,,,,,,,,,,,,,,,,,,,,,,,,,,,,,,,,,,,,,,,,,,,,,,,,,,,,,,,,,
,559,0.09960572421550751,0.09960572421550751,-0.0012373209465295076,0.00045147910714149475,0.09960572421550751,559,,,,,,,,,,,,,,,,,,,,,,,,,,,,,,,,,,,,,,,,,,,,,,,,,,,,,,,,,,,,,,,,,,,,,,,,,,,,,
,559,,,,,,559,0.09960572421550751,0.09960572421550751,-0.0012373209465295076,0.00045147910714149475,0.09960572421550751,,,,,,,,,,,,,,,,,,,,,,,,,,,,,,,,,,,,,,,,,,,,,,,,,,,,,,,,,,,,,,,,,,,,,,,,
0.0004830677013971006,560,,,,,,,,,,,,,,,,,,,,,,,,,,,,,,,,,,,,,,,,,,,,,,,,,,,,,,,,,,,,,,,,,,,,,,,,,,,,,,,,,,,
,560,0.10269086062908173,0.10269086062908173,-0.0012464949395507574,0.00043908890802413225,0.10269086062908173,560,,,,,,,,,,,,,,,,,,,,,,,,,,,,,,,,,,,,,,,,,,,,,,,,,,,,,,,,,,,,,,,,,,,,,,,,,,,,,
,560,,,,,,560,0.10269086062908173,0.10269086062908173,-0.0012464949395507574,0.00043908890802413225,0.10269086062908173,,,,,,,,,,,,,,,,,,,,,,,,,,,,,,,,,,,,,,,,,,,,,,,,,,,,,,,,,,,,,,,,,,,,,,,,
0.0004813252893607836,561,,,,,,,,,,,,,,,,,,,,,,,,,,,,,,,,,,,,,,,,,,,,,,,,,,,,,,,,,,,,,,,,,,,,,,,,,,,,,,,,,,,
,561,0.09092450141906738,0.07607042789459229,-0.0012557319132611156,0.0005706640658900142,0.07607042789459229,561,,,,,,,,,,,,,,,,,,,,,,,,,,,,,,,,,,,,,,,,,,,,,,,,,,,,,,,,,,,,,,,,,,,,,,,,,,,,,
,561,,,,,,561,0.09092450141906738,0.07607042789459229,-0.0012557319132611156,0.0005706640658900142,0.07607042789459229,,,,,,,,,,,,,,,,,,,,,,,,,,,,,,,,,,,,,,,,,,,,,,,,,,,,,,,,,,,,,,,,,,,,,,,,
0.00047958311096226456,562,,,,,,,,,,,,,,,,,,,,,,,,,,,,,,,,,,,,,,,,,,,,,,,,,,,,,,,,,,,,,,,,,,,,,,,,,,,,,,,,,,,
,562,0.10623262822628021,0.11073095351457596,-0.0012645535171031952,0.0004519644717220217,0.11073095351457596,562,,,,,,,,,,,,,,,,,,,,,,,,,,,,,,,,,,,,,,,,,,,,,,,,,,,,,,,,,,,,,,,,,,,,,,,,,,,,,
,562,,,,,,562,0.10623262822628021,0.11073095351457596,-0.0012645535171031952,0.0004519644717220217,0.11073095351457596,,,,,,,,,,,,,,,,,,,,,,,,,,,,,,,,,,,,,,,,,,,,,,,,,,,,,,,,,,,,,,,,,,,,,,,,
0.00047784118742943765,563,,,,,,,,,,,,,,,,,,,,,,,,,,,,,,,,,,,,,,,,,,,,,,,,,,,,,,,,,,,,,,,,,,,,,,,,,,,,,,,,,,,
,563,0.0872977003455162,0.07549891620874405,-0.0012731385650113225,0.000430087762651965,0.07549891620874405,563,,,,,,,,,,,,,,,,,,,,,,,,,,,,,,,,,,,,,,,,,,,,,,,,,,,,,,,,,,,,,,,,,,,,,,,,,,,,,
,563,,,,,,563,0.0872977003455162,0.07549891620874405,-0.0012731385650113225,0.000430087762651965,0.07549891620874405,,,,,,,,,,,,,,,,,,,,,,,,,,,,,,,,,,,,,,,,,,,,,,,,,,,,,,,,,,,,,,,,,,,,,,,,
0.00047609953998709097,564,,,,,,,,,,,,,,,,,,,,,,,,,,,,,,,,,,,,,,,,,,,,,,,,,,,,,,,,,,,,,,,,,,,,,,,,,,,,,,,,,,,
,564,0.5401146411895752,0.5401146411895752,-0.001281640725210309,0.0071584125980734825,0.5401146411895752,564,,,,,,,,,,,,,,,,,,,,,,,,,,,,,,,,,,,,,,,,,,,,,,,,,,,,,,,,,,,,,,,,,,,,,,,,,,,,,
,564,,,,,,564,0.5401146411895752,0.5401146411895752,-0.001281640725210309,0.0071584125980734825,0.5401146411895752,,,,,,,,,,,,,,,,,,,,,,,,,,,,,,,,,,,,,,,,,,,,,,,,,,,,,,,,,,,,,,,,,,,,,,,,
0.00047435818985664947,565,,,,,,,,,,,,,,,,,,,,,,,,,,,,,,,,,,,,,,,,,,,,,,,,,,,,,,,,,,,,,,,,,,,,,,,,,,,,,,,,,,,
,565,0.08961158990859985,0.0958479568362236,-0.00129026232752949,0.000581832486204803,0.0958479568362236,565,,,,,,,,,,,,,,,,,,,,,,,,,,,,,,,,,,,,,,,,,,,,,,,,,,,,,,,,,,,,,,,,,,,,,,,,,,,,,
,565,,,,,,565,0.08961158990859985,0.0958479568362236,-0.00129026232752949,0.000581832486204803,0.0958479568362236,,,,,,,,,,,,,,,,,,,,,,,,,,,,,,,,,,,,,,,,,,,,,,,,,,,,,,,,,,,,,,,,,,,,,,,,
0.0004726171582559145,566,,,,,,,,,,,,,,,,,,,,,,,,,,,,,,,,,,,,,,,,,,,,,,,,,,,,,,,,,,,,,,,,,,,,,,,,,,,,,,,,,,,
,566,0.0874510258436203,0.0874510258436203,-0.0012989871902391315,0.000605789537075907,0.0874510258436203,566,,,,,,,,,,,,,,,,,,,,,,,,,,,,,,,,,,,,,,,,,,,,,,,,,,,,,,,,,,,,,,,,,,,,,,,,,,,,,
,566,,,,,,566,0.0874510258436203,0.0874510258436203,-0.0012989871902391315,0.000605789537075907,0.0874510258436203,,,,,,,,,,,,,,,,,,,,,,,,,,,,,,,,,,,,,,,,,,,,,,,,,,,,,,,,,,,,,,,,,,,,,,,,
0.00047087646639880706,567,,,,,,,,,,,,,,,,,,,,,,,,,,,,,,,,,,,,,,,,,,,,,,,,,,,,,,,,,,,,,,,,,,,,,,,,,,,,,,,,,,,
,567,0.08286727964878082,0.06259553134441376,-0.0013078025076538324,0.000687992200255394,0.06259553134441376,567,,,,,,,,,,,,,,,,,,,,,,,,,,,,,,,,,,,,,,,,,,,,,,,,,,,,,,,,,,,,,,,,,,,,,,,,,,,,,
,567,,,,,,567,0.08286727964878082,0.06259553134441376,-0.0013078025076538324,0.000687992200255394,0.06259553134441376,,,,,,,,,,,,,,,,,,,,,,,,,,,,,,,,,,,,,,,,,,,,,,,,,,,,,,,,,,,,,,,,,,,,,,,,
0.0004691361354951078,568,,,,,,,,,,,,,,,,,,,,,,,,,,,,,,,,,,,,,,,,,,,,,,,,,,,,,,,,,,,,,,,,,,,,,,,,,,,,,,,,,,,
,568,0.16573821008205414,0.16573821008205414,-0.001316351001150906,0.0009688865393400192,0.16573821008205414,568,,,,,,,,,,,,,,,,,,,,,,,,,,,,,,,,,,,,,,,,,,,,,,,,,,,,,,,,,,,,,,,,,,,,,,,,,,,,,
,568,,,,,,568,0.16573821008205414,0.16573821008205414,-0.001316351001150906,0.0009688865393400192,0.16573821008205414,,,,,,,,,,,,,,,,,,,,,,,,,,,,,,,,,,,,,,,,,,,,,,,,,,,,,,,,,,,,,,,,,,,,,,,,
0.00046739618675019985,569,,,,,,,,,,,,,,,,,,,,,,,,,,,,,,,,,,,,,,,,,,,,,,,,,,,,,,,,,,,,,,,,,,,,,,,,,,,,,,,,,,,
,569,0.17608503997325897,0.16496002674102783,-0.0013250017073005438,0.0011336447205394506,0.16496002674102783,569,,,,,,,,,,,,,,,,,,,,,,,,,,,,,,,,,,,,,,,,,,,,,,,,,,,,,,,,,,,,,,,,,,,,,,,,,,,,,
,569,,,,,,569,0.17608503997325897,0.16496002674102783,-0.0013250017073005438,0.0011336447205394506,0.16496002674102783,,,,,,,,,,,,,,,,,,,,,,,,,,,,,,,,,,,,,,,,,,,,,,,,,,,,,,,,,,,,,,,,,,,,,,,,
0.00046565664136480925,570,,,,,,,,,,,,,,,,,,,,,,,,,,,,,,,,,,,,,,,,,,,,,,,,,,,,,,,,,,,,,,,,,,,,,,,,,,,,,,,,,,,
,570,0.1037827879190445,0.1041054055094719,-0.0013336373958736658,0.0004418996977619827,0.1041054055094719,570,,,,,,,,,,,,,,,,,,,,,,,,,,,,,,,,,,,,,,,,,,,,,,,,,,,,,,,,,,,,,,,,,,,,,,,,,,,,,
,570,,,,,,570,0.1037827879190445,0.1041054055094719,-0.0013336373958736658,0.0004418996977619827,0.1041054055094719,,,,,,,,,,,,,,,,,,,,,,,,,,,,,,,,,,,,,,,,,,,,,,,,,,,,,,,,,,,,,,,,,,,,,,,,
0.0004639175205347478,571,,,,,,,,,,,,,,,,,,,,,,,,,,,,,,,,,,,,,,,,,,,,,,,,,,,,,,,,,,,,,,,,,,,,,,,,,,,,,,,,,,,
,571,0.08601256459951401,0.0827644020318985,-0.0013423551572486758,0.00047772814286872745,0.0827644020318985,571,,,,,,,,,,,,,,,,,,,,,,,,,,,,,,,,,,,,,,,,,,,,,,,,,,,,,,,,,,,,,,,,,,,,,,,,,,,,,
,571,,,,,,571,0.08601256459951401,0.0827644020318985,-0.0013423551572486758,0.00047772814286872745,0.0827644020318985,,,,,,,,,,,,,,,,,,,,,,,,,,,,,,,,,,,,,,,,,,,,,,,,,,,,,,,,,,,,,,,,,,,,,,,,
0.00046217884545065403,572,,,,,,,,,,,,,,,,,,,,,,,,,,,,,,,,,,,,,,,,,,,,,,,,,,,,,,,,,,,,,,,,,,,,,,,,,,,,,,,,,,,
,572,0.10843928903341293,0.10843928903341293,-0.0013511477736756206,0.0004909805138595402,0.10843928903341293,572,,,,,,,,,,,,,,,,,,,,,,,,,,,,,,,,,,,,,,,,,,,,,,,,,,,,,,,,,,,,,,,,,,,,,,,,,,,,,
,572,,,,,,572,0.10843928903341293,0.10843928903341293,-0.0013511477736756206,0.0004909805138595402,0.10843928903341293,,,,,,,,,,,,,,,,,,,,,,,,,,,,,,,,,,,,,,,,,,,,,,,,,,,,,,,,,,,,,,,,,,,,,,,,
0.00046044063729773477,573,,,,,,,,,,,,,,,,,,,,,,,,,,,,,,,,,,,,,,,,,,,,,,,,,,,,,,,,,,,,,,,,,,,,,,,,,,,,,,,,,,,
,573,0.09103123843669891,0.08253329992294312,-0.0013600050006061792,0.00038940395461395383,0.08253329992294312,573,,,,,,,,,,,,,,,,,,,,,,,,,,,,,,,,,,,,,,,,,,,,,,,,,,,,,,,,,,,,,,,,,,,,,,,,,,,,,
,573,,,,,,573,0.09103123843669891,0.08253329992294312,-0.0013600050006061792,0.00038940395461395383,0.08253329992294312,,,,,,,,,,,,,,,,,,,,,,,,,,,,,,,,,,,,,,,,,,,,,,,,,,,,,,,,,,,,,,,,,,,,,,,,
0.0004587029172555084,574,,,,,,,,,,,,,,,,,,,,,,,,,,,,,,,,,,,,,,,,,,,,,,,,,,,,,,,,,,,,,,,,,,,,,,,,,,,,,,,,,,,
,574,0.25475090742111206,0.25475090742111206,-0.0013686338206753135,0.002365289954468608,0.25475090742111206,574,,,,,,,,,,,,,,,,,,,,,,,,,,,,,,,,,,,,,,,,,,,,,,,,,,,,,,,,,,,,,,,,,,,,,,,,,,,,,
,574,,,,,,574,0.25475090742111206,0.25475090742111206,-0.0013686338206753135,0.002365289954468608,0.25475090742111206,,,,,,,,,,,,,,,,,,,,,,,,,,,,,,,,,,,,,,,,,,,,,,,,,,,,,,,,,,,,,,,,,,,,,,,,
0.0004569657064975446,575,,,,,,,,,,,,,,,,,,,,,,,,,,,,,,,,,,,,,,,,,,,,,,,,,,,,,,,,,,,,,,,,,,,,,,,,,,,,,,,,,,,
,575,0.08114489167928696,0.08114489167928696,-0.0013773379614576697,0.0007124854018911719,0.08114489167928696,575,,,,,,,,,,,,,,,,,,,,,,,,,,,,,,,,,,,,,,,,,,,,,,,,,,,,,,,,,,,,,,,,,,,,,,,,,,,,,
,575,,,,,,575,0.08114489167928696,0.08114489167928696,-0.0013773379614576697,0.0007124854018911719,0.08114489167928696,,,,,,,,,,,,,,,,,,,,,,,,,,,,,,,,,,,,,,,,,,,,,,,,,,,,,,,,,,,,,,,,,,,,,,,,
0.0004552290261912088,576,,,,,,,,,,,,,,,,,,,,,,,,,,,,,,,,,,,,,,,,,,,,,,,,,,,,,,,,,,,,,,,,,,,,,,,,,,,,,,,,,,,
,576,0.09654702991247177,0.10816868394613266,-0.0013861065963283181,0.0004095167387276888,0.10816868394613266,576,,,,,,,,,,,,,,,,,,,,,,,,,,,,,,,,,,,,,,,,,,,,,,,,,,,,,,,,,,,,,,,,,,,,,,,,,,,,,
,576,,,,,,576,0.09654702991247177,0.10816868394613266,-0.0013861065963283181,0.0004095167387276888,0.10816868394613266,,,,,,,,,,,,,,,,,,,,,,,,,,,,,,,,,,,,,,,,,,,,,,,,,,,,,,,,,,,,,,,,,,,,,,,,
0.00045349289749740203,577,,,,,,,,,,,,,,,,,,,,,,,,,,,,,,,,,,,,,,,,,,,,,,,,,,,,,,,,,,,,,,,,,,,,,,,,,,,,,,,,,,,
,577,0.07676240056753159,0.07676240056753159,-0.0013949299464002252,0.0005295873852446675,0.07676240056753159,577,,,,,,,,,,,,,,,,,,,,,,,,,,,,,,,,,,,,,,,,,,,,,,,,,,,,,,,,,,,,,,,,,,,,,,,,,,,,,
,577,,,,,,577,0.07676240056753159,0.07676240056753159,-0.0013949299464002252,0.0005295873852446675,0.07676240056753159,,,,,,,,,,,,,,,,,,,,,,,,,,,,,,,,,,,,,,,,,,,,,,,,,,,,,,,,,,,,,,,,,,,,,,,,
0.0004517573415703048,578,,,,,,,,,,,,,,,,,,,,,,,,,,,,,,,,,,,,,,,,,,,,,,,,,,,,,,,,,,,,,,,,,,,,,,,,,,,,,,,,,,,
,578,0.07326632738113403,0.07326632738113403,-0.001403799164108932,0.000699850672390312,0.07326632738113403,578,,,,,,,,,,,,,,,,,,,,,,,,,,,,,,,,,,,,,,,,,,,,,,,,,,,,,,,,,,,,,,,,,,,,,,,,,,,,,
,578,,,,,,578,0.07326632738113403,0.07326632738113403,-0.001403799164108932,0.000699850672390312,0.07326632738113403,,,,,,,,,,,,,,,,,,,,,,,,,,,,,,,,,,,,,,,,,,,,,,,,,,,,,,,,,,,,,,,,,,,,,,,,
0.00045002237955711833,579,,,,,,,,,,,,,,,,,,,,,,,,,,,,,,,,,,,,,,,,,,,,,,,,,,,,,,,,,,,,,,,,,,,,,,,,,,,,,,,,,,,
,579,0.07353084534406662,0.07353084534406662,-0.0014127065660431981,0.00034091901034116745,0.07353084534406662,579,,,,,,,,,,,,,,,,,,,,,,,,,,,,,,,,,,,,,,,,,,,,,,,,,,,,,,,,,,,,,,,,,,,,,,,,,,,,,
,579,,,,,,579,0.07353084534406662,0.07353084534406662,-0.0014127065660431981,0.00034091901034116745,0.07353084534406662,,,,,,,,,,,,,,,,,,,,,,,,,,,,,,,,,,,,,,,,,,,,,,,,,,,,,,,,,,,,,,,,,,,,,,,,
0.00044828803259780713,580,,,,,,,,,,,,,,,,,,,,,,,,,,,,,,,,,,,,,,,,,,,,,,,,,,,,,,,,,,,,,,,,,,,,,,,,,,,,,,,,,,,
,580,0.06994691491127014,0.06994691491127014,-0.0014216452836990356,0.0006668532732874155,0.06994691491127014,580,,,,,,,,,,,,,,,,,,,,,,,,,,,,,,,,,,,,,,,,,,,,,,,,,,,,,,,,,,,,,,,,,,,,,,,,,,,,,
,580,,,,,,580,0.06994691491127014,0.06994691491127014,-0.0014216452836990356,0.0006668532732874155,0.06994691491127014,,,,,,,,,,,,,,,,,,,,,,,,,,,,,,,,,,,,,,,,,,,,,,,,,,,,,,,,,,,,,,,,,,,,,,,,
0.0004465543218248416,581,,,,,,,,,,,,,,,,,,,,,,,,,,,,,,,,,,,,,,,,,,,,,,,,,,,,,,,,,,,,,,,,,,,,,,,,,,,,,,,,,,,
,581,0.15905171632766724,0.15905171632766724,-0.0014306085649877787,0.0010357743594795465,0.15905171632766724,581,,,,,,,,,,,,,,,,,,,,,,,,,,,,,,,,,,,,,,,,,,,,,,,,,,,,,,,,,,,,,,,,,,,,,,,,,,,,,
,581,,,,,,581,0.15905171632766724,0.15905171632766724,-0.0014306085649877787,0.0010357743594795465,0.15905171632766724,,,,,,,,,,,,,,,,,,,,,,,,,,,,,,,,,,,,,,,,,,,,,,,,,,,,,,,,,,,,,,,,,,,,,,,,
0.00044482126836294035,582,,,,,,,,,,,,,,,,,,,,,,,,,,,,,,,,,,,,,,,,,,,,,,,,,,,,,,,,,,,,,,,,,,,,,,,,,,,,,,,,,,,
,582,0.07130424678325653,0.07130424678325653,-0.0014395910548046231,0.0003712651086971164,0.07130424678325653,582,,,,,,,,,,,,,,,,,,,,,,,,,,,,,,,,,,,,,,,,,,,,,,,,,,,,,,,,,,,,,,,,,,,,,,,,,,,,,
,582,,,,,,582,0.07130424678325653,0.07130424678325653,-0.0014395910548046231,0.0003712651086971164,0.07130424678325653,,,,,,,,,,,,,,,,,,,,,,,,,,,,,,,,,,,,,,,,,,,,,,,,,,,,,,,,,,,,,,,,,,,,,,,,
0.0004430888933288132,583,,,,,,,,,,,,,,,,,,,,,,,,,,,,,,,,,,,,,,,,,,,,,,,,,,,,,,,,,,,,,,,,,,,,,,,,,,,,,,,,,,,
,583,0.07282903790473938,0.08484022319316864,-0.0014485875144600868,0.0006743873818777502,0.08484022319316864,583,,,,,,,,,,,,,,,,,,,,,,,,,,,,,,,,,,,,,,,,,,,,,,,,,,,,,,,,,,,,,,,,,,,,,,,,,,,,,
,583,,,,,,583,0.07282903790473938,0.08484022319316864,-0.0014485875144600868,0.0006743873818777502,0.08484022319316864,,,,,,,,,,,,,,,,,,,,,,,,,,,,,,,,,,,,,,,,,,,,,,,,,,,,,,,,,,,,,,,,,,,,,,,,
0.00044135721783090275,584,,,,,,,,,,,,,,,,,,,,,,,,,,,,,,,,,,,,,,,,,,,,,,,,,,,,,,,,,,,,,,,,,,,,,,,,,,,,,,,,,,,
,584,0.07468236982822418,0.07468236982822418,-0.0014575928216800094,0.0003208950802218169,0.07468236982822418,584,,,,,,,,,,,,,,,,,,,,,,,,,,,,,,,,,,,,,,,,,,,,,,,,,,,,,,,,,,,,,,,,,,,,,,,,,,,,,
,584,,,,,,584,0.07468236982822418,0.07468236982822418,-0.0014575928216800094,0.0003208950802218169,0.07468236982822418,,,,,,,,,,,,,,,,,,,,,,,,,,,,,,,,,,,,,,,,,,,,,,,,,,,,,,,,,,,,,,,,,,,,,,,,
0.00043962626296912893,585,,,,,,,,,,,,,,,,,,,,,,,,,,,,,,,,,,,,,,,,,,,,,,,,,,,,,,,,,,,,,,,,,,,,,,,,,,,,,,,,,,,
,585,0.06727321445941925,0.06727321445941925,-0.001466603484004736,0.0005744369118474424,0.06727321445941925,585,,,,,,,,,,,,,,,,,,,,,,,,,,,,,,,,,,,,,,,,,,,,,,,,,,,,,,,,,,,,,,,,,,,,,,,,,,,,,
,585,,,,,,585,0.06727321445941925,0.06727321445941925,-0.001466603484004736,0.0005744369118474424,0.06727321445941925,,,,,,,,,,,,,,,,,,,,,,,,,,,,,,,,,,,,,,,,,,,,,,,,,,,,,,,,,,,,,,,,,,,,,,,,
0.0004378960498346301,586,,,,,,,,,,,,,,,,,,,,,,,,,,,,,,,,,,,,,,,,,,,,,,,,,,,,,,,,,,,,,,,,,,,,,,,,,,,,,,,,,,,
,586,0.07606368511915207,0.07606368511915207,-0.0014756155433133245,0.00032270574592985213,0.07606368511915207,586,,,,,,,,,,,,,,,,,,,,,,,,,,,,,,,,,,,,,,,,,,,,,,,,,,,,,,,,,,,,,,,,,,,,,,,,,,,,,
,586,,,,,,586,0.07606368511915207,0.07606368511915207,-0.0014756155433133245,0.00032270574592985213,0.07606368511915207,,,,,,,,,,,,,,,,,,,,,,,,,,,,,,,,,,,,,,,,,,,,,,,,,,,,,,,,,,,,,,,,,,,,,,,,
0.00043616659950950745,587,,,,,,,,,,,,,,,,,,,,,,,,,,,,,,,,,,,,,,,,,,,,,,,,,,,,,,,,,,,,,,,,,,,,,,,,,,,,,,,,,,,
,587,0.07294416427612305,0.07294416427612305,-0.0014846258563920856,0.00031154174939729273,0.07294416427612305,587,,,,,,,,,,,,,,,,,,,,,,,,,,,,,,,,,,,,,,,,,,,,,,,,,,,,,,,,,,,,,,,,,,,,,,,,,,,,,
,587,,,,,,587,0.07294416427612305,0.07294416427612305,-0.0014846258563920856,0.00031154174939729273,0.07294416427612305,,,,,,,,,,,,,,,,,,,,,,,,,,,,,,,,,,,,,,,,,,,,,,,,,,,,,,,,,,,,,,,,,,,,,,,,
0.0004344379330665674,588,,,,,,,,,,,,,,,,,,,,,,,,,,,,,,,,,,,,,,,,,,,,,,,,,,,,,,,,,,,,,,,,,,,,,,,,,,,,,,,,,,,
,588,0.06786595284938812,0.06786595284938812,-0.00149363128002733,0.00030135767883621156,0.06786595284938812,588,,,,,,,,,,,,,,,,,,,,,,,,,,,,,,,,,,,,,,,,,,,,,,,,,,,,,,,,,,,,,,,,,,,,,,,,,,,,,
,588,,,,,,588,0.06786595284938812,0.06786595284938812,-0.00149363128002733,0.00030135767883621156,0.06786595284938812,,,,,,,,,,,,,,,,,,,,,,,,,,,,,,,,,,,,,,,,,,,,,,,,,,,,,,,,,,,,,,,,,,,,,,,,
0.000432710071569065,589,,,,,,,,,,,,,,,,,,,,,,,,,,,,,,,,,,,,,,,,,,,,,,,,,,,,,,,,,,,,,,,,,,,,,,,,,,,,,,,,,,,
,589,0.3826082646846771,0.3912968635559082,-0.0015026292530819774,0.00545392045751214,0.3912968635559082,589,,,,,,,,,,,,,,,,,,,,,,,,,,,,,,,,,,,,,,,,,,,,,,,,,,,,,,,,,,,,,,,,,,,,,,,,,,,,,
,589,,,,,,589,0.3826082646846771,0.3912968635559082,-0.0015026292530819774,0.00545392045751214,0.3912968635559082,,,,,,,,,,,,,,,,,,,,,,,,,,,,,,,,,,,,,,,,,,,,,,,,,,,,,,,,,,,,,,,,,,,,,,,,
0.0004309830360704474,590,,,,,,,,,,,,,,,,,,,,,,,,,,,,,,,,,,,,,,,,,,,,,,,,,,,,,,,,,,,,,,,,,,,,,,,,,,,,,,,,,,,
,590,0.09030792117118835,0.07783685624599457,-0.0015116152353584766,0.00040067994268611073,0.07783685624599457,590,,,,,,,,,,,,,,,,,,,,,,,,,,,,,,,,,,,,,,,,,,,,,,,,,,,,,,,,,,,,,,,,,,,,,,,,,,,,,
,590,,,,,,590,0.09030792117118835,0.07783685624599457,-0.0015116152353584766,0.00040067994268611073,0.07783685624599457,,,,,,,,,,,,,,,,,,,,,,,,,,,,,,,,,,,,,,,,,,,,,,,,,,,,,,,,,,,,,,,,,,,,,,,,
0.0004292568476140969,591,,,,,,,,,,,,,,,,,,,,,,,,,,,,,,,,,,,,,,,,,,,,,,,,,,,,,,,,,,,,,,,,,,,,,,,,,,,,,,,,,,,
,591,0.3512962758541107,0.3512962758541107,-0.0015205282252281904,0.00455193966627121,0.3512962758541107,591,,,,,,,,,,,,,,,,,,,,,,,,,,,,,,,,,,,,,,,,,,,,,,,,,,,,,,,,,,,,,,,,,,,,,,,,,,,,,
,591,,,,,,591,0.3512962758541107,0.3512962758541107,-0.0015205282252281904,0.00455193966627121,0.3512962758541107,,,,,,,,,,,,,,,,,,,,,,,,,,,,,,,,,,,,,,,,,,,,,,,,,,,,,,,,,,,,,,,,,,,,,,,,
0.0004275315272330755,592,,,,,,,,,,,,,,,,,,,,,,,,,,,,,,,,,,,,,,,,,,,,,,,,,,,,,,,,,,,,,,,,,,,,,,,,,,,,,,,,,,,
,592,0.672221839427948,0.672221839427948,-0.0015294335316866636,0.025449752807617188,0.672221839427948,592,,,,,,,,,,,,,,,,,,,,,,,,,,,,,,,,,,,,,,,,,,,,,,,,,,,,,,,,,,,,,,,,,,,,,,,,,,,,,
,592,,,,,,592,0.672221839427948,0.672221839427948,-0.0015294335316866636,0.025449752807617188,0.672221839427948,,,,,,,,,,,,,,,,,,,,,,,,,,,,,,,,,,,,,,,,,,,,,,,,,,,,,,,,,,,,,,,,,,,,,,,,
0.0004258070959498672,593,,,,,,,,,,,,,,,,,,,,,,,,,,,,,,,,,,,,,,,,,,,,,,,,,,,,,,,,,,,,,,,,,,,,,,,,,,,,,,,,,,,
,593,0.07179797440767288,0.0696270763874054,-0.0015383287100121379,0.0003980545443482697,0.0696270763874054,593,,,,,,,,,,,,,,,,,,,,,,,,,,,,,,,,,,,,,,,,,,,,,,,,,,,,,,,,,,,,,,,,,,,,,,,,,,,,,
,593,,,,,,593,0.07179797440767288,0.0696270763874054,-0.0015383287100121379,0.0003980545443482697,0.0696270763874054,,,,,,,,,,,,,,,,,,,,,,,,,,,,,,,,,,,,,,,,,,,,,,,,,,,,,,,,,,,,,,,,,,,,,,,,
0.00042408357477612314,594,,,,,,,,,,,,,,,,,,,,,,,,,,,,,,,,,,,,,,,,,,,,,,,,,,,,,,,,,,,,,,,,,,,,,,,,,,,,,,,,,,,
,594,0.07205933332443237,0.07205933332443237,-0.0015472116647288203,0.0006990109104663134,0.07205933332443237,594,,,,,,,,,,,,,,,,,,,,,,,,,,,,,,,,,,,,,,,,,,,,,,,,,,,,,,,,,,,,,,,,,,,,,,,,,,,,,
,594,,,,,,594,0.07205933332443237,0.07205933332443237,-0.0015472116647288203,0.0006990109104663134,0.07205933332443237,,,,,,,,,,,,,,,,,,,,,,,,,,,,,,,,,,,,,,,,,,,,,,,,,,,,,,,,,,,,,,,,,,,,,,,,
0.00042236098471240476,595,,,,,,,,,,,,,,,,,,,,,,,,,,,,,,,,,,,,,,,,,,,,,,,,,,,,,,,,,,,,,,,,,,,,,,,,,,,,,,,,,,,
,595,0.07038231939077377,0.07038231939077377,-0.0015560804167762399,0.00043056238791905344,0.07038231939077377,595,,,,,,,,,,,,,,,,,,,,,,,,,,,,,,,,,,,,,,,,,,,,,,,,,,,,,,,,,,,,,,,,,,,,,,,,,,,,,
,595,,,,,,595,0.07038231939077377,0.07038231939077377,-0.0015560804167762399,0.00043056238791905344,0.07038231939077377,,,,,,,,,,,,,,,,,,,,,,,,,,,,,,,,,,,,,,,,,,,,,,,,,,,,,,,,,,,,,,,,,,,,,,,,
0.00042063934674792854,596,,,,,,,,,,,,,,,,,,,,,,,,,,,,,,,,,,,,,,,,,,,,,,,,,,,,,,,,,,,,,,,,,,,,,,,,,,,,,,,,,,,
,596,0.06997136771678925,0.0597807839512825,-0.0015649331035092473,0.00047882518265396357,0.0597807839512825,596,,,,,,,,,,,,,,,,,,,,,,,,,,,,,,,,,,,,,,,,,,,,,,,,,,,,,,,,,,,,,,,,,,,,,,,,,,,,,
,596,,,,,,596,0.06997136771678925,0.0597807839512825,-0.0015649331035092473,0.00047882518265396357,0.0597807839512825,,,,,,,,,,,,,,,,,,,,,,,,,,,,,,,,,,,,,,,,,,,,,,,,,,,,,,,,,,,,,,,,,,,,,,,,
0.0004189186818603097,597,,,,,,,,,,,,,,,,,,,,,,,,,,,,,,,,,,,,,,,,,,,,,,,,,,,,,,,,,,,,,,,,,,,,,,,,,,,,,,,,,,,
,597,0.07619252800941467,0.0977102741599083,-0.00157355354167521,0.0003371424973011017,0.0977102741599083,597,,,,,,,,,,,,,,,,,,,,,,,,,,,,,,,,,,,,,,,,,,,,,,,,,,,,,,,,,,,,,,,,,,,,,,,,,,,,,
,597,,,,,,597,0.07619252800941467,0.0977102741599083,-0.00157355354167521,0.0003371424973011017,0.0977102741599083,,,,,,,,,,,,,,,,,,,,,,,,,,,,,,,,,,,,,,,,,,,,,,,,,,,,,,,,,,,,,,,,,,,,,,,,
0.0004171990110153069,598,,,,,,,,,,,,,,,,,,,,,,,,,,,,,,,,,,,,,,,,,,,,,,,,,,,,,,,,,,,,,,,,,,,,,,,,,,,,,,,,,,,
,598,0.27644211053848267,0.278250515460968,-0.0015821759589016438,0.0021972577087581158,0.278250515460968,598,,,,,,,,,,,,,,,,,,,,,,,,,,,,,,,,,,,,,,,,,,,,,,,,,,,,,,,,,,,,,,,,,,,,,,,,,,,,,
,598,,,,,,598,0.27644211053848267,0.278250515460968,-0.0015821759589016438,0.0021972577087581158,0.278250515460968,,,,,,,,,,,,,,,,,,,,,,,,,,,,,,,,,,,,,,,,,,,,,,,,,,,,,,,,,,,,,,,,,,,,,,,,
0.0004154803551665667,599,,,,,,,,,,,,,,,,,,,,,,,,,,,,,,,,,,,,,,,,,,,,,,,,,,,,,,,,,,,,,,,,,,,,,,,,,,,,,,,,,,,
,599,0.09891723096370697,0.09891723096370697,-0.001590798026882112,0.0004436290473677218,0.09891723096370697,599,,,,,,,,,,,,,,,,,,,,,,,,,,,,,,,,,,,,,,,,,,,,,,,,,,,,,,,,,,,,,,,,,,,,,,,,,,,,,
,599,,,,,,599,,,,,,0.052275341004133224,0.052275341004133224,-0.0015994164859876037,0.00028773234225809574,0.052275341004133224,0.06216363236308098,0.07525084912776947,-0.0015994164859876037,0.00027816748479381204,0.07525084912776947,-0.08175991475582123,0.07706841081380844,0.15685878694057465,0.19554273784160614,0.12865284085273743,0.06760415434837341,0.050642386078834534,0.03779583051800728,0.010321556590497494,0.08175991475582123,0.5241944789886475,0.26728546619415283,0.1385606825351715,0.1106870248913765,0.09700816124677658,0.1078837662935257,0.20760326087474823,0.23773960769176483,0.19874638319015503,0.11661895364522934,0.0853838101029396,0.058310627937316895,0.01128472201526165,0.11801401525735855,10.118844032287598,3.7644476890563965,2.9382643699645996,3.497771739959717,5.760632038116455,190.230224609375,36.05169677734375,-0.09292818605899811,0.09892392158508301,0.18183894455432892,0.21527479588985443,0.15542100369930267,0.08782491832971573,0.05683593824505806,0.03609625622630119,0.006116208154708147,0.09292818605899811,0.6543217301368713,0.38899412751197815,0.22198353707790375,0.158669576048851,0.12239347398281097,0.09128626435995102,0.2729414403438568,0.24289970099925995,0.20561730861663818,0.12688018381595612,0.0813530907034874,0.048701297491788864,0.006512729451060295,0.11866071820259094,15.103506088256836,7.449306488037109,6.3709330558776855,7.917503356933594,13.145723342895508,408.9158020019531,76.48379516601562
,599,,,,,,599,0.09891723096370697,0.09891723096370697,-0.001590798026882112,0.0004436290473677218,0.09891723096370697,,,,,,,,,,,,,,,,,,,,,,,,,,,,,,,,,,,,,,,,,,,,,,,,,,,,,,,,,,,,,,,,,,,,,,,,
0.0004137627352553684,600,,,,,,,,,,,,,,,,,,,,,,,,,,,,,,,,,,,,,,,,,,,,,,,,,,,,,,,,,,,,,,,,,,,,,,,,,,,,,,,,,,,
,600,0.1551651656627655,0.16714489459991455,-0.0015994164859876037,0.000963121245149523,0.16714489459991455,600,,,,,,,,,,,,,,,,,,,,,,,,,,,,,,,,,,,,,,,,,,,,,,,,,,,,,,,,,,,,,,,,,,,,,,,,,,,,,
,600,,,,,,600,0.1551651656627655,0.16714489459991455,-0.0015994164859876037,0.000963121245149523,0.16714489459991455,,,,,,,,,,,,,,,,,,,,,,,,,,,,,,,,,,,,,,,,,,,,,,,,,,,,,,,,,,,,,,,,,,,,,,,,
0.00041204617221036815,601,,,,,,,,,,,,,,,,,,,,,,,,,,,,,,,,,,,,,,,,,,,,,,,,,,,,,,,,,,,,,,,,,,,,,,,,,,,,,,,,,,,
,601,0.0760398656129837,0.0760398656129837,-0.0016080281930044293,0.00043908809311687946,0.0760398656129837,601,,,,,,,,,,,,,,,,,,,,,,,,,,,,,,,,,,,,,,,,,,,,,,,,,,,,,,,,,,,,,,,,,,,,,,,,,,,,,
,601,,,,,,601,0.0760398656129837,0.0760398656129837,-0.0016080281930044293,0.00043908809311687946,0.0760398656129837,,,,,,,,,,,,,,,,,,,,,,,,,,,,,,,,,,,,,,,,,,,,,,,,,,,,,,,,,,,,,,,,,,,,,,,,
0.0004103306869473453,602,,,,,,,,,,,,,,,,,,,,,,,,,,,,,,,,,,,,,,,,,,,,,,,,,,,,,,,,,,,,,,,,,,,,,,,,,,,,,,,,,,,
,602,1.1029646396636963,1.1014748811721802,-0.0016166310524567962,0.5660962462425232,1.1014748811721802,602,,,,,,,,,,,,,,,,,,,,,,,,,,,,,,,,,,,,,,,,,,,,,,,,,,,,,,,,,,,,,,,,,,,,,,,,,,,,,
,602,,,,,,602,1.1029646396636963,1.1014748811721802,-0.0016166310524567962,0.5660962462425232,1.1014748811721802,,,,,,,,,,,,,,,,,,,,,,,,,,,,,,,,,,,,,,,,,,,,,,,,,,,,,,,,,,,,,,,,,,,,,,,,
0.00040861630036894623,603,,,,,,,,,,,,,,,,,,,,,,,,,,,,,,,,,,,,,,,,,,,,,,,,,,,,,,,,,,,,,,,,,,,,,,,,,,,,,,,,,,,
,603,0.07532697916030884,0.05257250368595123,-0.0016238366952165961,0.00038897781632840633,0.05257250368595123,603,,,,,,,,,,,,,,,,,,,,,,,,,,,,,,,,,,,,,,,,,,,,,,,,,,,,,,,,,,,,,,,,,,,,,,,,,,,,,
,603,,,,,,603,0.07532697916030884,0.05257250368595123,-0.0016238366952165961,0.00038897781632840633,0.05257250368595123,,,,,,,,,,,,,,,,,,,,,,,,,,,,,,,,,,,,,,,,,,,,,,,,,,,,,,,,,,,,,,,,,,,,,,,,
0.0004069030333644305,604,,,,,,,,,,,,,,,,,,,,,,,,,,,,,,,,,,,,,,,,,,,,,,,,,,,,,,,,,,,,,,,,,,,,,,,,,,,,,,,,,,,
,604,0.13044403493404388,0.13044403493404388,-0.0016309380298480392,0.000709378276951611,0.13044403493404388,604,,,,,,,,,,,,,,,,,,,,,,,,,,,,,,,,,,,,,,,,,,,,,,,,,,,,,,,,,,,,,,,,,,,,,,,,,,,,,
,604,,,,,,604,0.13044403493404388,0.13044403493404388,-0.0016309380298480392,0.000709378276951611,0.13044403493404388,,,,,,,,,,,,,,,,,,,,,,,,,,,,,,,,,,,,,,,,,,,,,,,,,,,,,,,,,,,,,,,,,,,,,,,,
0.0004051909068094158,605,,,,,,,,,,,,,,,,,,,,,,,,,,,,,,,,,,,,,,,,,,,,,,,,,,,,,,,,,,,,,,,,,,,,,,,,,,,,,,,,,,,
,605,0.07556761056184769,0.07556761056184769,-0.0016381758032366633,0.0003380572306923568,0.07556761056184769,605,,,,,,,,,,,,,,,,,,,,,,,,,,,,,,,,,,,,,,,,,,,,,,,,,,,,,,,,,,,,,,,,,,,,,,,,,,,,,
,605,,,,,,605,0.07556761056184769,0.07556761056184769,-0.0016381758032366633,0.0003380572306923568,0.07556761056184769,,,,,,,,,,,,,,,,,,,,,,,,,,,,,,,,,,,,,,,,,,,,,,,,,,,,,,,,,,,,,,,,,,,,,,,,
0.0004034799415656239,606,,,,,,,,,,,,,,,,,,,,,,,,,,,,,,,,,,,,,,,,,,,,,,,,,,,,,,,,,,,,,,,,,,,,,,,,,,,,,,,,,,,
,606,0.07797126471996307,0.07797126471996307,-0.0016455329023301601,0.00033571498352102935,0.07797126471996307,606,,,,,,,,,,,,,,,,,,,,,,,,,,,,,,,,,,,,,,,,,,,,,,,,,,,,,,,,,,,,,,,,,,,,,,,,,,,,,
,606,,,,,,606,0.07797126471996307,0.07797126471996307,-0.0016455329023301601,0.00033571498352102935,0.07797126471996307,,,,,,,,,,,,,,,,,,,,,,,,,,,,,,,,,,,,,,,,,,,,,,,,,,,,,,,,,,,,,,,,,,,,,,,,
0.00040177015848062654,607,,,,,,,,,,,,,,,,,,,,,,,,,,,,,,,,,,,,,,,,,,,,,,,,,,,,,,,,,,,,,,,,,,,,,,,,,,,,,,,,,,,
,607,0.0733795017004013,0.08451204001903534,-0.0016529937274754047,0.0005135168903507292,0.08451204001903534,607,,,,,,,,,,,,,,,,,,,,,,,,,,,,,,,,,,,,,,,,,,,,,,,,,,,,,,,,,,,,,,,,,,,,,,,,,,,,,
,607,,,,,,607,0.0733795017004013,0.08451204001903534,-0.0016529937274754047,0.0005135168903507292,0.08451204001903534,,,,,,,,,,,,,,,,,,,,,,,,,,,,,,,,,,,,,,,,,,,,,,,,,,,,,,,,,,,,,,,,,,,,,,,,
0.0004000615783875906,608,,,,,,,,,,,,,,,,,,,,,,,,,,,,,,,,,,,,,,,,,,,,,,,,,,,,,,,,,,,,,,,,,,,,,,,,,,,,,,,,,,,
,608,0.07523277401924133,0.07523277401924133,-0.001660544192418456,0.0003294047783128917,0.07523277401924133,608,,,,,,,,,,,,,,,,,,,,,,,,,,,,,,,,,,,,,,,,,,,,,,,,,,,,,,,,,,,,,,,,,,,,,,,,,,,,,
,608,,,,,,608,0.07523277401924133,0.07523277401924133,-0.001660544192418456,0.0003294047783128917,0.07523277401924133,,,,,,,,,,,,,,,,,,,,,,,,,,,,,,,,,,,,,,,,,,,,,,,,,,,,,,,,,,,,,,,,,,,,,,,,
0.0003983542221050258,609,,,,,,,,,,,,,,,,,,,,,,,,,,,,,,,,,,,,,,,,,,,,,,,,,,,,,,,,,,,,,,,,,,,,,,,,,,,,,,,,,,,
,609,0.06977858394384384,0.0810389518737793,-0.0016681719571352005,0.0005014422349631786,0.0810389518737793,609,,,,,,,,,,,,,,,,,,,,,,,,,,,,,,,,,,,,,,,,,,,,,,,,,,,,,,,,,,,,,,,,,,,,,,,,,,,,,
,609,,,,,,609,0.06977858394384384,0.0810389518737793,-0.0016681719571352005,0.0005014422349631786,0.0810389518737793,,,,,,,,,,,,,,,,,,,,,,,,,,,,,,,,,,,,,,,,,,,,,,,,,,,,,,,,,,,,,,,,,,,,,,,,
0.0003966481104365291,610,,,,,,,,,,,,,,,,,,,,,,,,,,,,,,,,,,,,,,,,,,,,,,,,,,,,,,,,,,,,,,,,,,,,,,,,,,,,,,,,,,,
,610,0.06748317182064056,0.06748317182064056,-0.0016758654965087771,0.0004506965633481741,0.06748317182064056,610,,,,,,,,,,,,,,,,,,,,,,,,,,,,,,,,,,,,,,,,,,,,,,,,,,,,,,,,,,,,,,,,,,,,,,,,,,,,,
,610,,,,,,610,0.06748317182064056,0.06748317182064056,-0.0016758654965087771,0.0004506965633481741,0.06748317182064056,,,,,,,,,,,,,,,,,,,,,,,,,,,,,,,,,,,,,,,,,,,,,,,,,,,,,,,,,,,,,,,,,,,,,,,,
0.0003949432641705334,611,,,,,,,,,,,,,,,,,,,,,,,,,,,,,,,,,,,,,,,,,,,,,,,,,,,,,,,,,,,,,,,,,,,,,,,,,,,,,,,,,,,
,611,0.085269033908844,0.085269033908844,-0.0016836150316521525,0.0003659455105662346,0.085269033908844,611,,,,,,,,,,,,,,,,,,,,,,,,,,,,,,,,,,,,,,,,,,,,,,,,,,,,,,,,,,,,,,,,,,,,,,,,,,,,,
,611,,,,,,611,0.085269033908844,0.085269033908844,-0.0016836150316521525,0.0003659455105662346,0.085269033908844,,,,,,,,,,,,,,,,,,,,,,,,,,,,,,,,,,,,,,,,,,,,,,,,,,,,,,,,,,,,,,,,,,,,,,,,
0.0003932397040800518,612,,,,,,,,,,,,,,,,,,,,,,,,,,,,,,,,,,,,,,,,,,,,,,,,,,,,,,,,,,,,,,,,,,,,,,,,,,,,,,,,,,,
,612,0.06489522755146027,0.06489522755146027,-0.0016914120642468333,0.0005652954569086432,0.06489522755146027,612,,,,,,,,,,,,,,,,,,,,,,,,,,,,,,,,,,,,,,,,,,,,,,,,,,,,,,,,,,,,,,,,,,,,,,,,,,,,,
,612,,,,,,612,0.06489522755146027,0.06489522755146027,-0.0016914120642468333,0.0005652954569086432,0.06489522755146027,,,,,,,,,,,,,,,,,,,,,,,,,,,,,,,,,,,,,,,,,,,,,,,,,,,,,,,,,,,,,,,,,,,,,,,,
0.00039153745092242685,613,,,,,,,,,,,,,,,,,,,,,,,,,,,,,,,,,,,,,,,,,,,,,,,,,,,,,,,,,,,,,,,,,,,,,,,,,,,,,,,,,,,
,613,0.06871158629655838,0.05555049329996109,-0.0016992476303130388,0.0003053875407204032,0.05555049329996109,613,,,,,,,,,,,,,,,,,,,,,,,,,,,,,,,,,,,,,,,,,,,,,,,,,,,,,,,,,,,,,,,,,,,,,,,,,,,,,
,613,,,,,,613,0.06871158629655838,0.05555049329996109,-0.0016992476303130388,0.0003053875407204032,0.05555049329996109,,,,,,,,,,,,,,,,,,,,,,,,,,,,,,,,,,,,,,,,,,,,,,,,,,,,,,,,,,,,,,,,,,,,,,,,
0.00038983652543907605,614,,,,,,,,,,,,,,,,,,,,,,,,,,,,,,,,,,,,,,,,,,,,,,,,,,,,,,,,,,,,,,,,,,,,,,,,,,,,,,,,,,,
,614,0.061346542090177536,0.061346542090177536,-0.0017070985632017255,0.00038123608101159334,0.061346542090177536,614,,,,,,,,,,,,,,,,,,,,,,,,,,,,,,,,,,,,,,,,,,,,,,,,,,,,,,,,,,,,,,,,,,,,,,,,,,,,,
,614,,,,,,614,0.061346542090177536,0.061346542090177536,-0.0017070985632017255,0.00038123608101159334,0.061346542090177536,,,,,,,,,,,,,,,,,,,,,,,,,,,,,,,,,,,,,,,,,,,,,,,,,,,,,,,,,,,,,,,,,,,,,,,,
0.0003881369483552392,615,,,,,,,,,,,,,,,,,,,,,,,,,,,,,,,,,,,,,,,,,,,,,,,,,,,,,,,,,,,,,,,,,,,,,,,,,,,,,,,,,,,
,615,0.06092509627342224,0.06092509627342224,-0.0017149763880297542,0.0005652607651427388,0.06092509627342224,615,,,,,,,,,,,,,,,,,,,,,,,,,,,,,,,,,,,,,,,,,,,,,,,,,,,,,,,,,,,,,,,,,,,,,,,,,,,,,
,615,,,,,,615,0.06092509627342224,0.06092509627342224,-0.0017149763880297542,0.0005652607651427388,0.06092509627342224,,,,,,,,,,,,,,,,,,,,,,,,,,,,,,,,,,,,,,,,,,,,,,,,,,,,,,,,,,,,,,,,,,,,,,,,
0.0003864387403797274,616,,,,,,,,,,,,,,,,,,,,,,,,,,,,,,,,,,,,,,,,,,,,,,,,,,,,,,,,,,,,,,,,,,,,,,,,,,,,,,,,,,,
,616,0.06595766544342041,0.07768597453832626,-0.0017228751676157117,0.0002901522384490818,0.07768597453832626,616,,,,,,,,,,,,,,,,,,,,,,,,,,,,,,,,,,,,,,,,,,,,,,,,,,,,,,,,,,,,,,,,,,,,,,,,,,,,,
,616,,,,,,616,0.06595766544342041,0.07768597453832626,-0.0017228751676157117,0.0002901522384490818,0.07768597453832626,,,,,,,,,,,,,,,,,,,,,,,,,,,,,,,,,,,,,,,,,,,,,,,,,,,,,,,,,,,,,,,,,,,,,,,,
0.00038474192220466823,617,,,,,,,,,,,,,,,,,,,,,,,,,,,,,,,,,,,,,,,,,,,,,,,,,,,,,,,,,,,,,,,,,,,,,,,,,,,,,,,,,,,
,617,0.06272748112678528,0.05628114193677902,-0.0017307890811935067,0.00029153467039577663,0.05628114193677902,617,,,,,,,,,,,,,,,,,,,,,,,,,,,,,,,,,,,,,,,,,,,,,,,,,,,,,,,,,,,,,,,,,,,,,,,,,,,,,
,617,,,,,,617,0.06272748112678528,0.05628114193677902,-0.0017307890811935067,0.00029153467039577663,0.05628114193677902,,,,,,,,,,,,,,,,,,,,,,,,,,,,,,,,,,,,,,,,,,,,,,,,,,,,,,,,,,,,,,,,,,,,,,,,
0.0003830465145052563,618,,,,,,,,,,,,,,,,,,,,,,,,,,,,,,,,,,,,,,,,,,,,,,,,,,,,,,,,,,,,,,,,,,,,,,,,,,,,,,,,,,,
,618,0.3441261947154999,0.3529343903064728,-0.001738712890073657,0.0033310011494904757,0.3529343903064728,618,,,,,,,,,,,,,,,,,,,,,,,,,,,,,,,,,,,,,,,,,,,,,,,,,,,,,,,,,,,,,,,,,,,,,,,,,,,,,
,618,,,,,,618,0.3441261947154999,0.3529343903064728,-0.001738712890073657,0.0033310011494904757,0.3529343903064728,,,,,,,,,,,,,,,,,,,,,,,,,,,,,,,,,,,,,,,,,,,,,,,,,,,,,,,,,,,,,,,,,,,,,,,,
0.0003813525379394987,619,,,,,,,,,,,,,,,,,,,,,,,,,,,,,,,,,,,,,,,,,,,,,,,,,,,,,,,,,,,,,,,,,,,,,,,,,,,,,,,,,,,
,619,0.08709748834371567,0.10255572199821472,-0.0017466414719820023,0.0003872309171129018,0.10255572199821472,619,,,,,,,,,,,,,,,,,,,,,,,,,,,,,,,,,,,,,,,,,,,,,,,,,,,,,,,,,,,,,,,,,,,,,,,,,,,,,
,619,,,,,,619,0.08709748834371567,0.10255572199821472,-0.0017466414719820023,0.0003872309171129018,0.10255572199821472,,,,,,,,,,,,,,,,,,,,,,,,,,,,,,,,,,,,,,,,,,,,,,,,,,,,,,,,,,,,,,,,,,,,,,,,
0.00037966001314796593,620,,,,,,,,,,,,,,,,,,,,,,,,,,,,,,,,,,,,,,,,,,,,,,,,,,,,,,,,,,,,,,,,,,,,,,,,,,,,,,,,,,,
,620,0.06341361999511719,0.07570985704660416,-0.0017545722657814622,0.0003541409969329834,0.07570985704660416,620,,,,,,,,,,,,,,,,,,,,,,,,,,,,,,,,,,,,,,,,,,,,,,,,,,,,,,,,,,,,,,,,,,,,,,,,,,,,,
,620,,,,,,620,0.06341361999511719,0.07570985704660416,-0.0017545722657814622,0.0003541409969329834,0.07570985704660416,,,,,,,,,,,,,,,,,,,,,,,,,,,,,,,,,,,,,,,,,,,,,,,,,,,,,,,,,,,,,,,,,,,,,,,,
0.000377968960753538,621,,,,,,,,,,,,,,,,,,,,,,,,,,,,,,,,,,,,,,,,,,,,,,,,,,,,,,,,,,,,,,,,,,,,,,,,,,,,,,,,,,,
,621,0.2473689317703247,0.2473689317703247,-0.0017625018954277039,0.0023774353321641684,0.2473689317703247,621,,,,,,,,,,,,,,,,,,,,,,,,,,,,,,,,,,,,,,,,,,,,,,,,,,,,,,,,,,,,,,,,,,,,,,,,,,,,,
,621,,,,,,621,0.2473689317703247,0.2473689317703247,-0.0017625018954277039,0.0023774353321641684,0.2473689317703247,,,,,,,,,,,,,,,,,,,,,,,,,,,,,,,,,,,,,,,,,,,,,,,,,,,,,,,,,,,,,,,,,,,,,,,,
0.000376279401361155,622,,,,,,,,,,,,,,,,,,,,,,,,,,,,,,,,,,,,,,,,,,,,,,,,,,,,,,,,,,,,,,,,,,,,,,,,,,,,,,,,,,,
,622,0.13154301047325134,0.13154301047325134,-0.0017704275669530034,0.0007970029837451875,0.13154301047325134,622,,,,,,,,,,,,,,,,,,,,,,,,,,,,,,,,,,,,,,,,,,,,,,,,,,,,,,,,,,,,,,,,,,,,,,,,,,,,,
,622,,,,,,622,0.13154301047325134,0.13154301047325134,-0.0017704275669530034,0.0007970029837451875,0.13154301047325134,,,,,,,,,,,,,,,,,,,,,,,,,,,,,,,,,,,,,,,,,,,,,,,,,,,,,,,,,,,,,,,,,,,,,,,,
0.00037459135555756475,623,,,,,,,,,,,,,,,,,,,,,,,,,,,,,,,,,,,,,,,,,,,,,,,,,,,,,,,,,,,,,,,,,,,,,,,,,,,,,,,,,,,
,623,0.10532768815755844,0.10532768815755844,-0.0017783459043130279,0.0005364480894058943,0.10532768815755844,623,,,,,,,,,,,,,,,,,,,,,,,,,,,,,,,,,,,,,,,,,,,,,,,,,,,,,,,,,,,,,,,,,,,,,,,,,,,,,
,623,,,,,,623,0.10532768815755844,0.10532768815755844,-0.0017783459043130279,0.0005364480894058943,0.10532768815755844,,,,,,,,,,,,,,,,,,,,,,,,,,,,,,,,,,,,,,,,,,,,,,,,,,,,,,,,,,,,,,,,,,,,,,,,
0.0003729048439110725,624,,,,,,,,,,,,,,,,,,,,,,,,,,,,,,,,,,,,,,,,,,,,,,,,,,,,,,,,,,,,,,,,,,,,,,,,,,,,,,,,,,,
,624,0.06390430778265,0.06390430778265,-0.0017862546956166625,0.0005987051990814507,0.06390430778265,624,,,,,,,,,,,,,,,,,,,,,,,,,,,,,,,,,,,,,,,,,,,,,,,,,,,,,,,,,,,,,,,,,,,,,,,,,,,,,
,624,,,,,,624,0.06390430778265,0.06390430778265,-0.0017862546956166625,0.0005987051990814507,0.06390430778265,,,,,,,,,,,,,,,,,,,,,,,,,,,,,,,,,,,,,,,,,,,,,,,,,,,,,,,,,,,,,,,,,,,,,,,,
0.00037121988697129085,625,,,,,,,,,,,,,,,,,,,,,,,,,,,,,,,,,,,,,,,,,,,,,,,,,,,,,,,,,,,,,,,,,,,,,,,,,,,,,,,,,,,
,625,0.06245068833231926,0.06245068833231926,-0.001794151496142149,0.0003347283345647156,0.06245068833231926,625,,,,,,,,,,,,,,,,,,,,,,,,,,,,,,,,,,,,,,,,,,,,,,,,,,,,,,,,,,,,,,,,,,,,,,,,,,,,,
,625,,,,,,625,0.06245068833231926,0.06245068833231926,-0.001794151496142149,0.0003347283345647156,0.06245068833231926,,,,,,,,,,,,,,,,,,,,,,,,,,,,,,,,,,,,,,,,,,,,,,,,,,,,,,,,,,,,,,,,,,,,,,,,
0.00036953650526888793,626,,,,,,,,,,,,,,,,,,,,,,,,,,,,,,,,,,,,,,,,,,,,,,,,,,,,,,,,,,,,,,,,,,,,,,,,,,,,,,,,,,,
,626,0.062043197453022,0.07386911660432816,-0.0018020343268290162,0.00037880579475313425,0.07386911660432816,626,,,,,,,,,,,,,,,,,,,,,,,,,,,,,,,,,,,,,,,,,,,,,,,,,,,,,,,,,,,,,,,,,,,,,,,,,,,,,
,626,,,,,,626,0.062043197453022,0.07386911660432816,-0.0018020343268290162,0.00037880579475313425,0.07386911660432816,,,,,,,,,,,,,,,,,,,,,,,,,,,,,,,,,,,,,,,,,,,,,,,,,,,,,,,,,,,,,,,,,,,,,,,,
0.000367854719315339,627,,,,,,,,,,,,,,,,,,,,,,,,,,,,,,,,,,,,,,,,,,,,,,,,,,,,,,,,,,,,,,,,,,,,,,,,,,,,,,,,,,,
,627,0.09282949566841125,0.09186196327209473,-0.001809901325032115,0.00043597008334472775,0.09186196327209473,627,,,,,,,,,,,,,,,,,,,,,,,,,,,,,,,,,,,,,,,,,,,,,,,,,,,,,,,,,,,,,,,,,,,,,,,,,,,,,
,627,,,,,,627,0.09282949566841125,0.09186196327209473,-0.001809901325032115,0.00043597008334472775,0.09186196327209473,,,,,,,,,,,,,,,,,,,,,,,,,,,,,,,,,,,,,,,,,,,,,,,,,,,,,,,,,,,,,,,,,,,,,,,,
0.0003661745496026746,628,,,,,,,,,,,,,,,,,,,,,,,,,,,,,,,,,,,,,,,,,,,,,,,,,,,,,,,,,,,,,,,,,,,,,,,,,,,,,,,,,,,
,628,0.25594791769981384,0.25594791769981384,-0.0018177505116909742,0.0027616757433861494,0.25594791769981384,628,,,,,,,,,,,,,,,,,,,,,,,,,,,,,,,,,,,,,,,,,,,,,,,,,,,,,,,,,,,,,,,,,,,,,,,,,,,,,
,628,,,,,,628,0.25594791769981384,0.25594791769981384,-0.0018177505116909742,0.0027616757433861494,0.25594791769981384,,,,,,,,,,,,,,,,,,,,,,,,,,,,,,,,,,,,,,,,,,,,,,,,,,,,,,,,,,,,,,,,,,,,,,,,
0.00036449601660323307,629,,,,,,,,,,,,,,,,,,,,,,,,,,,,,,,,,,,,,,,,,,,,,,,,,,,,,,,,,,,,,,,,,,,,,,,,,,,,,,,,,,,
,629,0.07390166819095612,0.0607147216796875,-0.0018255809554830194,0.0003134539001621306,0.0607147216796875,629,,,,,,,,,,,,,,,,,,,,,,,,,,,,,,,,,,,,,,,,,,,,,,,,,,,,,,,,,,,,,,,,,,,,,,,,,,,,,
,629,,,,,,629,0.07390166819095612,0.0607147216796875,-0.0018255809554830194,0.0003134539001621306,0.0607147216796875,,,,,,,,,,,,,,,,,,,,,,,,,,,,,,,,,,,,,,,,,,,,,,,,,,,,,,,,,,,,,,,,,,,,,,,,
0.0003628191407694089,630,,,,,,,,,,,,,,,,,,,,,,,,,,,,,,,,,,,,,,,,,,,,,,,,,,,,,,,,,,,,,,,,,,,,,,,,,,,,,,,,,,,
,630,0.08949103951454163,0.08927777409553528,-0.0018333903281018138,0.00040830549551174045,0.08927777409553528,630,,,,,,,,,,,,,,,,,,,,,,,,,,,,,,,,,,,,,,,,,,,,,,,,,,,,,,,,,,,,,,,,,,,,,,,,,,,,,
,630,,,,,,630,0.08949103951454163,0.08927777409553528,-0.0018333903281018138,0.00040830549551174045,0.08927777409553528,,,,,,,,,,,,,,,,,,,,,,,,,,,,,,,,,,,,,,,,,,,,,,,,,,,,,,,,,,,,,,,,,,,,,,,,
0.00036114394253340497,631,,,,,,,,,,,,,,,,,,,,,,,,,,,,,,,,,,,,,,,,,,,,,,,,,,,,,,,,,,,,,,,,,,,,,,,,,,,,,,,,,,,
,631,0.06189894676208496,0.05267227441072464,-0.0018409958574920893,0.0004549238656181842,0.05267227441072464,631,,,,,,,,,,,,,,,,,,,,,,,,,,,,,,,,,,,,,,,,,,,,,,,,,,,,,,,,,,,,,,,,,,,,,,,,,,,,,
,631,,,,,,631,0.06189894676208496,0.05267227441072464,-0.0018409958574920893,0.0004549238656181842,0.05267227441072464,,,,,,,,,,,,,,,,,,,,,,,,,,,,,,,,,,,,,,,,,,,,,,,,,,,,,,,,,,,,,,,,,,,,,,,,
0.0003594704423069832,632,,,,,,,,,,,,,,,,,,,,,,,,,,,,,,,,,,,,,,,,,,,,,,,,,,,,,,,,,,,,,,,,,,,,,,,,,,,,,,,,,,,
,632,0.0823916345834732,0.0823916345834732,-0.0018483997555449605,0.000369096000213176,0.0823916345834732,632,,,,,,,,,,,,,,,,,,,,,,,,,,,,,,,,,,,,,,,,,,,,,,,,,,,,,,,,,,,,,,,,,,,,,,,,,,,,,
,632,,,,,,632,0.0823916345834732,0.0823916345834732,-0.0018483997555449605,0.000369096000213176,0.0823916345834732,,,,,,,,,,,,,,,,,,,,,,,,,,,,,,,,,,,,,,,,,,,,,,,,,,,,,,,,,,,,,,,,,,,,,,,,
0.0003577986604812157,633,,,,,,,,,,,,,,,,,,,,,,,,,,,,,,,,,,,,,,,,,,,,,,,,,,,,,,,,,,,,,,,,,,,,,,,,,,,,,,,,,,,
,633,0.6862022280693054,0.6890103816986084,-0.0018558173906058073,0.022491691634058952,0.6890103816986084,633,,,,,,,,,,,,,,,,,,,,,,,,,,,,,,,,,,,,,,,,,,,,,,,,,,,,,,,,,,,,,,,,,,,,,,,,,,,,,
,633,,,,,,633,0.6862022280693054,0.6890103816986084,-0.0018558173906058073,0.022491691634058952,0.6890103816986084,,,,,,,,,,,,,,,,,,,,,,,,,,,,,,,,,,,,,,,,,,,,,,,,,,,,,,,,,,,,,,,,,,,,,,,,
0.00035612861742623643,634,,,,,,,,,,,,,,,,,,,,,,,,,,,,,,,,,,,,,,,,,,,,,,,,,,,,,,,,,,,,,,,,,,,,,,,,,,,,,,,,,,,
,634,0.06461326032876968,0.06461326032876968,-0.0018632372375577688,0.0005162372253835201,0.06461326032876968,634,,,,,,,,,,,,,,,,,,,,,,,,,,,,,,,,,,,,,,,,,,,,,,,,,,,,,,,,,,,,,,,,,,,,,,,,,,,,,
,634,,,,,,634,0.06461326032876968,0.06461326032876968,-0.0018632372375577688,0.0005162372253835201,0.06461326032876968,,,,,,,,,,,,,,,,,,,,,,,,,,,,,,,,,,,,,,,,,,,,,,,,,,,,,,,,,,,,,,,,,,,,,,,,
0.000354460333490993,635,,,,,,,,,,,,,,,,,,,,,,,,,,,,,,,,,,,,,,,,,,,,,,,,,,,,,,,,,,,,,,,,,,,,,,,,,,,,,,,,,,,
,635,0.14934469759464264,0.14854128658771515,-0.0018706625560298562,0.0010121571831405163,0.14854128658771515,635,,,,,,,,,,,,,,,,,,,,,,,,,,,,,,,,,,,,,,,,,,,,,,,,,,,,,,,,,,,,,,,,,,,,,,,,,,,,,
,635,,,,,,635,0.14934469759464264,0.14854128658771515,-0.0018706625560298562,0.0010121571831405163,0.14854128658771515,,,,,,,,,,,,,,,,,,,,,,,,,,,,,,,,,,,,,,,,,,,,,,,,,,,,,,,,,,,,,,,,,,,,,,,,
0.00035279382900299874,636,,,,,,,,,,,,,,,,,,,,,,,,,,,,,,,,,,,,,,,,,,,,,,,,,,,,,,,,,,,,,,,,,,,,,,,,,,,,,,,,,,,
,636,0.06540116667747498,0.0732588991522789,-0.0018780877580866218,0.000411288405302912,0.0732588991522789,636,,,,,,,,,,,,,,,,,,,,,,,,,,,,,,,,,,,,,,,,,,,,,,,,,,,,,,,,,,,,,,,,,,,,,,,,,,,,,
,636,,,,,,636,0.06540116667747498,0.0732588991522789,-0.0018780877580866218,0.000411288405302912,0.0732588991522789,,,,,,,,,,,,,,,,,,,,,,,,,,,,,,,,,,,,,,,,,,,,,,,,,,,,,,,,,,,,,,,,,,,,,,,,
0.00035112912426808475,637,,,,,,,,,,,,,,,,,,,,,,,,,,,,,,,,,,,,,,,,,,,,,,,,,,,,,,,,,,,,,,,,,,,,,,,,,,,,,,,,,,,
,637,0.06141529232263565,0.06141529232263565,-0.00188551121391356,0.0005969036719761789,0.06141529232263565,637,,,,,,,,,,,,,,,,,,,,,,,,,,,,,,,,,,,,,,,,,,,,,,,,,,,,,,,,,,,,,,,,,,,,,,,,,,,,,
,637,,,,,,637,0.06141529232263565,0.06141529232263565,-0.00188551121391356,0.0005969036719761789,0.06141529232263565,,,,,,,,,,,,,,,,,,,,,,,,,,,,,,,,,,,,,,,,,,,,,,,,,,,,,,,,,,,,,,,,,,,,,,,,
0.00034946623957015304,638,,,,,,,,,,,,,,,,,,,,,,,,,,,,,,,,,,,,,,,,,,,,,,,,,,,,,,,,,,,,,,,,,,,,,,,,,,,,,,,,,,,
,638,0.14300474524497986,0.14300474524497986,-0.0018929298967123032,0.0009814025834202766,0.14300474524497986,638,,,,,,,,,,,,,,,,,,,,,,,,,,,,,,,,,,,,,,,,,,,,,,,,,,,,,,,,,,,,,,,,,,,,,,,,,,,,,
,638,,,,,,638,0.14300474524497986,0.14300474524497986,-0.0018929298967123032,0.0009814025834202766,0.14300474524497986,,,,,,,,,,,,,,,,,,,,,,,,,,,,,,,,,,,,,,,,,,,,,,,,,,,,,,,,,,,,,,,,,,,,,,,,
0.00034780519517092876,639,,,,,,,,,,,,,,,,,,,,,,,,,,,,,,,,,,,,,,,,,,,,,,,,,,,,,,,,,,,,,,,,,,,,,,,,,,,,,,,,,,,
,639,0.11249779164791107,0.11249779164791107,-0.0019003408960998058,0.0006417672848328948,0.11249779164791107,639,,,,,,,,,,,,,,,,,,,,,,,,,,,,,,,,,,,,,,,,,,,,,,,,,,,,,,,,,,,,,,,,,,,,,,,,,,,,,
,639,,,,,,639,0.11249779164791107,0.11249779164791107,-0.0019003408960998058,0.0006417672848328948,0.11249779164791107,,,,,,,,,,,,,,,,,,,,,,,,,,,,,,,,,,,,,,,,,,,,,,,,,,,,,,,,,,,,,,,,,,,,,,,,
0.0003461460113097138,640,,,,,,,,,,,,,,,,,,,,,,,,,,,,,,,,,,,,,,,,,,,,,,,,,,,,,,,,,,,,,,,,,,,,,,,,,,,,,,,,,,,
,640,0.10789476335048676,0.1190272718667984,-0.0019077420001849532,0.0006048266077414155,0.1190272718667984,640,,,,,,,,,,,,,,,,,,,,,,,,,,,,,,,,,,,,,,,,,,,,,,,,,,,,,,,,,,,,,,,,,,,,,,,,,,,,,
,640,,,,,,640,0.10789476335048676,0.1190272718667984,-0.0019077420001849532,0.0006048266077414155,0.1190272718667984,,,,,,,,,,,,,,,,,,,,,,,,,,,,,,,,,,,,,,,,,,,,,,,,,,,,,,,,,,,,,,,,,,,,,,,,
0.00034448870820313985,641,,,,,,,,,,,,,,,,,,,,,,,,,,,,,,,,,,,,,,,,,,,,,,,,,,,,,,,,,,,,,,,,,,,,,,,,,,,,,,,,,,,
,641,0.10019417852163315,0.09086788445711136,-0.0019151302985846996,0.0005258657620288432,0.09086788445711136,641,,,,,,,,,,,,,,,,,,,,,,,,,,,,,,,,,,,,,,,,,,,,,,,,,,,,,,,,,,,,,,,,,,,,,,,,,,,,,
,641,,,,,,641,0.10019417852163315,0.09086788445711136,-0.0019151302985846996,0.0005258657620288432,0.09086788445711136,,,,,,,,,,,,,,,,,,,,,,,,,,,,,,,,,,,,,,,,,,,,,,,,,,,,,,,,,,,,,,,,,,,,,,,,
0.00034283330604492244,642,,,,,,,,,,,,,,,,,,,,,,,,,,,,,,,,,,,,,,,,,,,,,,,,,,,,,,,,,,,,,,,,,,,,,,,,,,,,,,,,,,,
,642,0.24176695942878723,0.24176695942878723,-0.0019223176641389728,0.0026308682281523943,0.24176695942878723,642,,,,,,,,,,,,,,,,,,,,,,,,,,,,,,,,,,,,,,,,,,,,,,,,,,,,,,,,,,,,,,,,,,,,,,,,,,,,,
,642,,,,,,642,0.24176695942878723,0.24176695942878723,-0.0019223176641389728,0.0026308682281523943,0.24176695942878723,,,,,,,,,,,,,,,,,,,,,,,,,,,,,,,,,,,,,,,,,,,,,,,,,,,,,,,,,,,,,,,,,,,,,,,,
0.000341179825005614,643,,,,,,,,,,,,,,,,,,,,,,,,,,,,,,,,,,,,,,,,,,,,,,,,,,,,,,,,,,,,,,,,,,,,,,,,,,,,,,,,,,,
,643,0.06485886871814728,0.08330485969781876,-0.001929508289322257,0.0006064671906642616,0.08330485969781876,643,,,,,,,,,,,,,,,,,,,,,,,,,,,,,,,,,,,,,,,,,,,,,,,,,,,,,,,,,,,,,,,,,,,,,,,,,,,,,
,643,,,,,,643,0.06485886871814728,0.08330485969781876,-0.001929508289322257,0.0006064671906642616,0.08330485969781876,,,,,,,,,,,,,,,,,,,,,,,,,,,,,,,,,,,,,,,,,,,,,,,,,,,,,,,,,,,,,,,,,,,,,,,,
0.0003395282852323597,644,,,,,,,,,,,,,,,,,,,,,,,,,,,,,,,,,,,,,,,,,,,,,,,,,,,,,,,,,,,,,,,,,,,,,,,,,,,,,,,,,,,
,644,0.15682727098464966,0.15682727098464966,-0.0019366983324289322,0.0012082254979759455,0.15682727098464966,644,,,,,,,,,,,,,,,,,,,,,,,,,,,,,,,,,,,,,,,,,,,,,,,,,,,,,,,,,,,,,,,,,,,,,,,,,,,,,
,644,,,,,,644,0.15682727098464966,0.15682727098464966,-0.0019366983324289322,0.0012082254979759455,0.15682727098464966,,,,,,,,,,,,,,,,,,,,,,,,,,,,,,,,,,,,,,,,,,,,,,,,,,,,,,,,,,,,,,,,,,,,,,,,
0.00033787870684865015,645,,,,,,,,,,,,,,,,,,,,,,,,,,,,,,,,,,,,,,,,,,,,,,,,,,,,,,,,,,,,,,,,,,,,,,,,,,,,,,,,,,,
,645,0.09418739378452301,0.09418739378452301,-0.0019438843009993434,0.0004776115238200873,0.09418739378452301,645,,,,,,,,,,,,,,,,,,,,,,,,,,,,,,,,,,,,,,,,,,,,,,,,,,,,,,,,,,,,,,,,,,,,,,,,,,,,,
,645,,,,,,645,0.09418739378452301,0.09418739378452301,-0.0019438843009993434,0.0004776115238200873,0.09418739378452301,,,,,,,,,,,,,,,,,,,,,,,,,,,,,,,,,,,,,,,,,,,,,,,,,,,,,,,,,,,,,,,,,,,,,,,,
0.0003362311099540776,646,,,,,,,,,,,,,,,,,,,,,,,,,,,,,,,,,,,,,,,,,,,,,,,,,,,,,,,,,,,,,,,,,,,,,,,,,,,,,,,,,,,
,646,0.09416281431913376,0.07568420469760895,-0.0019510636338964105,0.0004838970780838281,0.07568420469760895,646,,,,,,,,,,,,,,,,,,,,,,,,,,,,,,,,,,,,,,,,,,,,,,,,,,,,,,,,,,,,,,,,,,,,,,,,,,,,,
,646,,,,,,646,0.09416281431913376,0.07568420469760895,-0.0019510636338964105,0.0004838970780838281,0.07568420469760895,,,,,,,,,,,,,,,,,,,,,,,,,,,,,,,,,,,,,,,,,,,,,,,,,,,,,,,,,,,,,,,,,,,,,,,,
0.0003345855146240902,647,,,,,,,,,,,,,,,,,,,,,,,,,,,,,,,,,,,,,,,,,,,,,,,,,,,,,,,,,,,,,,,,,,,,,,,,,,,,,,,,,,,
,647,0.06362880021333694,0.06889444589614868,-0.0019581480883061886,0.00035534269409254193,0.06889444589614868,647,,,,,,,,,,,,,,,,,,,,,,,,,,,,,,,,,,,,,,,,,,,,,,,,,,,,,,,,,,,,,,,,,,,,,,,,,,,,,
,647,,,,,,647,0.06362880021333694,0.06889444589614868,-0.0019581480883061886,0.00035534269409254193,0.06889444589614868,,,,,,,,,,,,,,,,,,,,,,,,,,,,,,,,,,,,,,,,,,,,,,,,,,,,,,,,,,,,,,,,,,,,,,,,
0.0003329419409097476,648,,,,,,,,,,,,,,,,,,,,,,,,,,,,,,,,,,,,,,,,,,,,,,,,,,,,,,,,,,,,,,,,,,,,,,,,,,,,,,,,,,,
,648,0.5127805471420288,0.5148812532424927,-0.001965005649253726,0.012646214105188847,0.5148812532424927,648,,,,,,,,,,,,,,,,,,,,,,,,,,,,,,,,,,,,,,,,,,,,,,,,,,,,,,,,,,,,,,,,,,,,,,,,,,,,,
,648,,,,,,648,0.5127805471420288,0.5148812532424927,-0.001965005649253726,0.012646214105188847,0.5148812532424927,,,,,,,,,,,,,,,,,,,,,,,,,,,,,,,,,,,,,,,,,,,,,,,,,,,,,,,,,,,,,,,,,,,,,,,,
0.00033130040883747687,649,,,,,,,,,,,,,,,,,,,,,,,,,,,,,,,,,,,,,,,,,,,,,,,,,,,,,,,,,,,,,,,,,,,,,,,,,,,,,,,,,,,
,649,0.27078309655189514,0.27078309655189514,-0.001971812453120947,0.0035481760278344154,0.27078309655189514,649,,,,,,,,,,,,,,,,,,,,,,,,,,,,,,,,,,,,,,,,,,,,,,,,,,,,,,,,,,,,,,,,,,,,,,,,,,,,,
,649,,,,,,649,,,,,,0.038574058562517166,0.038574058562517166,-0.00197863788343966,0.000267754279775545,0.038574058562517166,0.03410284221172333,0.025873005390167236,-0.00197863788343966,0.000248090858804062,0.025873005390167236,-0.0985790267586708,0.1543235182762146,0.25760671496391296,0.2062755823135376,0.14937824010849,0.10017072409391403,0.07457853853702545,0.052737753838300705,0.008333333767950535,0.0985790267586708,0.7878373265266418,0.549535870552063,0.4201575219631195,0.3642311990261078,0.33182230591773987,0.2655600607395172,0.45319071412086487,0.21840804815292358,0.1702215075492859,0.11623990535736084,0.08573995530605316,0.05900370702147484,0.008529921062290668,0.10969050973653793,27.08226203918457,21.692636489868164,27.193357467651367,37.56097412109375,65.82662963867188,2017.365234375,366.12017822265625,-0.07940356433391571,0.14557479321956635,0.2452307790517807,0.20312075316905975,0.13040481507778168,0.07174377143383026,0.044169049710035324,0.023660751059651375,0.003322259057313204,0.07940356433391571,0.7544881701469421,0.4479067921638489,0.27067670226097107,0.18947654962539673,0.12873980402946472,0.09128626435995102,0.313762366771698,0.2174963653087616,0.15538032352924347,0.08893594145774841,0.05445854738354683,0.028171807527542114,0.0034358894918113947,0.09131314605474472,25.04666519165039,17.29547119140625,19.279518127441406,25.195785522460938,43.465553283691406,1469.2021484375,266.58087158203125
,649,,,,,,649,0.27078309655189514,0.27078309655189514,-0.001971812453120947,0.0035481760278344154,0.27078309655189514,,,,,,,,,,,,,,,,,,,,,,,,,,,,,,,,,,,,,,,,,,,,,,,,,,,,,,,,,,,,,,,,,,,,,,,,
0.0003296609384088284,650,,,,,,,,,,,,,,,,,,,,,,,,,,,,,,,,,,,,,,,,,,,,,,,,,,,,,,,,,,,,,,,,,,,,,,,,,,,,,,,,,,,
,650,0.06916984915733337,0.05915028974413872,-0.00197863788343966,0.00029830625862814486,0.05915028974413872,650,,,,,,,,,,,,,,,,,,,,,,,,,,,,,,,,,,,,,,,,,,,,,,,,,,,,,,,,,,,,,,,,,,,,,,,,,,,,,
,650,,,,,,650,0.06916984915733337,0.05915028974413872,-0.00197863788343966,0.00029830625862814486,0.05915028974413872,,,,,,,,,,,,,,,,,,,,,,,,,,,,,,,,,,,,,,,,,,,,,,,,,,,,,,,,,,,,,,,,,,,,,,,,
0.00032802354960023196,651,,,,,,,,,,,,,,,,,,,,,,,,,,,,,,,,,,,,,,,,,,,,,,,,,,,,,,,,,,,,,,,,,,,,,,,,,,,,,,,,,,,
,651,0.1116558238863945,0.11821458488702774,-0.001985287992283702,0.0006259100628085434,0.11821458488702774,651,,,,,,,,,,,,,,,,,,,,,,,,,,,,,,,,,,,,,,,,,,,,,,,,,,,,,,,,,,,,,,,,,,,,,,,,,,,,,
,651,,,,,,651,0.1116558238863945,0.11821458488702774,-0.001985287992283702,0.0006259100628085434,0.11821458488702774,,,,,,,,,,,,,,,,,,,,,,,,,,,,,,,,,,,,,,,,,,,,,,,,,,,,,,,,,,,,,,,,,,,,,,,,
0.0003263882623627532,652,,,,,,,,,,,,,,,,,,,,,,,,,,,,,,,,,,,,,,,,,,,,,,,,,,,,,,,,,,,,,,,,,,,,,,,,,,,,,,,,,,,
,652,0.06170886382460594,0.06170886382460594,-0.0019916906021535397,0.0005504819564521313,0.06170886382460594,652,,,,,,,,,,,,,,,,,,,,,,,,,,,,,,,,,,,,,,,,,,,,,,,,,,,,,,,,,,,,,,,,,,,,,,,,,,,,,
,652,,,,,,652,0.06170886382460594,0.06170886382460594,-0.0019916906021535397,0.0005504819564521313,0.06170886382460594,,,,,,,,,,,,,,,,,,,,,,,,,,,,,,,,,,,,,,,,,,,,,,,,,,,,,,,,,,,,,,,,,,,,,,,,
0.0003247550966218515,653,,,,,,,,,,,,,,,,,,,,,,,,,,,,,,,,,,,,,,,,,,,,,,,,,,,,,,,,,,,,,,,,,,,,,,,,,,,,,,,,,,,
,653,0.09318091720342636,0.10488498210906982,-0.0019981442019343376,0.00045635929564014077,0.10488498210906982,653,,,,,,,,,,,,,,,,,,,,,,,,,,,,,,,,,,,,,,,,,,,,,,,,,,,,,,,,,,,,,,,,,,,,,,,,,,,,,
,653,,,,,,653,0.09318091720342636,0.10488498210906982,-0.0019981442019343376,0.00045635929564014077,0.10488498210906982,,,,,,,,,,,,,,,,,,,,,,,,,,,,,,,,,,,,,,,,,,,,,,,,,,,,,,,,,,,,,,,,,,,,,,,,
0.00032312407227713544,654,,,,,,,,,,,,,,,,,,,,,,,,,,,,,,,,,,,,,,,,,,,,,,,,,,,,,,,,,,,,,,,,,,,,,,,,,,,,,,,,,,,
,654,0.13387152552604675,0.13799135386943817,-0.0020046401768922806,0.0008820436778478324,0.13799135386943817,654,,,,,,,,,,,,,,,,,,,,,,,,,,,,,,,,,,,,,,,,,,,,,,,,,,,,,,,,,,,,,,,,,,,,,,,,,,,,,
,654,,,,,,654,0.13387152552604675,0.13799135386943817,-0.0020046401768922806,0.0008820436778478324,0.13799135386943817,,,,,,,,,,,,,,,,,,,,,,,,,,,,,,,,,,,,,,,,,,,,,,,,,,,,,,,,,,,,,,,,,,,,,,,,
0.00032149520920212246,655,,,,,,,,,,,,,,,,,,,,,,,,,,,,,,,,,,,,,,,,,,,,,,,,,,,,,,,,,,,,,,,,,,,,,,,,,,,,,,,,,,,
,655,0.06228020042181015,0.06228020042181015,-0.0020111713092774153,0.0003397459804546088,0.06228020042181015,655,,,,,,,,,,,,,,,,,,,,,,,,,,,,,,,,,,,,,,,,,,,,,,,,,,,,,,,,,,,,,,,,,,,,,,,,,,,,,
,655,,,,,,655,0.06228020042181015,0.06228020042181015,-0.0020111713092774153,0.0003397459804546088,0.06228020042181015,,,,,,,,,,,,,,,,,,,,,,,,,,,,,,,,,,,,,,,,,,,,,,,,,,,,,,,,,,,,,,,,,,,,,,,,
0.0003198685272439948,656,,,,,,,,,,,,,,,,,,,,,,,,,,,,,,,,,,,,,,,,,,,,,,,,,,,,,,,,,,,,,,,,,,,,,,,,,,,,,,,,,,,
,656,0.06285636872053146,0.06285636872053146,-0.002017729915678501,0.0003143990761600435,0.06285636872053146,656,,,,,,,,,,,,,,,,,,,,,,,,,,,,,,,,,,,,,,,,,,,,,,,,,,,,,,,,,,,,,,,,,,,,,,,,,,,,,
,656,,,,,,656,0.06285636872053146,0.06285636872053146,-0.002017729915678501,0.0003143990761600435,0.06285636872053146,,,,,,,,,,,,,,,,,,,,,,,,,,,,,,,,,,,,,,,,,,,,,,,,,,,,,,,,,,,,,,,,,,,,,,,,
0.0003182440462233589,657,,,,,,,,,,,,,,,,,,,,,,,,,,,,,,,,,,,,,,,,,,,,,,,,,,,,,,,,,,,,,,,,,,,,,,,,,,,,,,,,,,,
,657,0.06027653440833092,0.0701833963394165,-0.002024310640990734,0.00047575990902259946,0.0701833963394165,657,,,,,,,,,,,,,,,,,,,,,,,,,,,,,,,,,,,,,,,,,,,,,,,,,,,,,,,,,,,,,,,,,,,,,,,,,,,,,
,657,,,,,,657,0.06027653440833092,0.0701833963394165,-0.002024310640990734,0.00047575990902259946,0.0701833963394165,,,,,,,,,,,,,,,,,,,,,,,,,,,,,,,,,,,,,,,,,,,,,,,,,,,,,,,,,,,,,,,,,,,,,,,,
0.00031662178593400343,658,,,,,,,,,,,,,,,,,,,,,,,,,,,,,,,,,,,,,,,,,,,,,,,,,,,,,,,,,,,,,,,,,,,,,,,,,,,,,,,,,,,
,658,0.05884435772895813,0.05884435772895813,-0.0020309071987867355,0.000473971595056355,0.05884435772895813,658,,,,,,,,,,,,,,,,,,,,,,,,,,,,,,,,,,,,,,,,,,,,,,,,,,,,,,,,,,,,,,,,,,,,,,,,,,,,,
,658,,,,,,658,0.05884435772895813,0.05884435772895813,-0.0020309071987867355,0.000473971595056355,0.05884435772895813,,,,,,,,,,,,,,,,,,,,,,,,,,,,,,,,,,,,,,,,,,,,,,,,,,,,,,,,,,,,,,,,,,,,,,,,
0.00031500176614265765,659,,,,,,,,,,,,,,,,,,,,,,,,,,,,,,,,,,,,,,,,,,,,,,,,,,,,,,,,,,,,,,,,,,,,,,,,,,,,,,,,,,,
,659,0.05839294195175171,0.05839294195175171,-0.0020375149324536324,0.00048090677591972053,0.05839294195175171,659,,,,,,,,,,,,,,,,,,,,,,,,,,,,,,,,,,,,,,,,,,,,,,,,,,,,,,,,,,,,,,,,,,,,,,,,,,,,,
,659,,,,,,659,0.05839294195175171,0.05839294195175171,-0.0020375149324536324,0.00048090677591972053,0.05839294195175171,,,,,,,,,,,,,,,,,,,,,,,,,,,,,,,,,,,,,,,,,,,,,,,,,,,,,,,,,,,,,,,,,,,,,,,,
0.00031338400658875194,660,,,,,,,,,,,,,,,,,,,,,,,,,,,,,,,,,,,,,,,,,,,,,,,,,,,,,,,,,,,,,,,,,,,,,,,,,,,,,,,,,,,
,660,0.06473323702812195,0.057642508298158646,-0.002044129651039839,0.00027574817067943513,0.057642508298158646,660,,,,,,,,,,,,,,,,,,,,,,,,,,,,,,,,,,,,,,,,,,,,,,,,,,,,,,,,,,,,,,,,,,,,,,,,,,,,,
,660,,,,,,660,0.06473323702812195,0.057642508298158646,-0.002044129651039839,0.00027574817067943513,0.057642508298158646,,,,,,,,,,,,,,,,,,,,,,,,,,,,,,,,,,,,,,,,,,,,,,,,,,,,,,,,,,,,,,,,,,,,,,,,
0.00031176852698417556,661,,,,,,,,,,,,,,,,,,,,,,,,,,,,,,,,,,,,,,,,,,,,,,,,,,,,,,,,,,,,,,,,,,,,,,,,,,,,,,,,,,,
,661,0.10390019416809082,0.10390019416809082,-0.0020507469307631254,0.0005695978179574013,0.10390019416809082,661,,,,,,,,,,,,,,,,,,,,,,,,,,,,,,,,,,,,,,,,,,,,,,,,,,,,,,,,,,,,,,,,,,,,,,,,,,,,,
,661,,,,,,661,0.10390019416809082,0.10390019416809082,-0.0020507469307631254,0.0005695978179574013,0.10390019416809082,,,,,,,,,,,,,,,,,,,,,,,,,,,,,,,,,,,,,,,,,,,,,,,,,,,,,,,,,,,,,,,,,,,,,,,,
0.00031015534701303815,662,,,,,,,,,,,,,,,,,,,,,,,,,,,,,,,,,,,,,,,,,,,,,,,,,,,,,,,,,,,,,,,,,,,,,,,,,,,,,,,,,,,
,662,0.21083512902259827,0.21083512902259827,-0.002057363511994481,0.002012077486142516,0.21083512902259827,662,,,,,,,,,,,,,,,,,,,,,,,,,,,,,,,,,,,,,,,,,,,,,,,,,,,,,,,,,,,,,,,,,,,,,,,,,,,,,
,662,,,,,,662,0.21083512902259827,0.21083512902259827,-0.002057363511994481,0.002012077486142516,0.21083512902259827,,,,,,,,,,,,,,,,,,,,,,,,,,,,,,,,,,,,,,,,,,,,,,,,,,,,,,,,,,,,,,,,,,,,,,,,
0.00030854448633142793,663,,,,,,,,,,,,,,,,,,,,,,,,,,,,,,,,,,,,,,,,,,,,,,,,,,,,,,,,,,,,,,,,,,,,,,,,,,,,,,,,,,,
,663,0.057889483869075775,0.057889483869075775,-0.0020639761351048946,0.0005647983052767813,0.057889483869075775,663,,,,,,,,,,,,,,,,,,,,,,,,,,,,,,,,,,,,,,,,,,,,,,,,,,,,,,,,,,,,,,,,,,,,,,,,,,,,,
,663,,,,,,663,0.057889483869075775,0.057889483869075775,-0.0020639761351048946,0.0005647983052767813,0.057889483869075775,,,,,,,,,,,,,,,,,,,,,,,,,,,,,,,,,,,,,,,,,,,,,,,,,,,,,,,,,,,,,,,,,,,,,,,,
0.00030693596456717455,664,,,,,,,,,,,,,,,,,,,,,,,,,,,,,,,,,,,,,,,,,,,,,,,,,,,,,,,,,,,,,,,,,,,,,,,,,,,,,,,,,,,
,664,0.05941622704267502,0.05941622704267502,-0.002070581540465355,0.0005083624855615199,0.05941622704267502,664,,,,,,,,,,,,,,,,,,,,,,,,,,,,,,,,,,,,,,,,,,,,,,,,,,,,,,,,,,,,,,,,,,,,,,,,,,,,,
,664,,,,,,664,0.05941622704267502,0.05941622704267502,-0.002070581540465355,0.0005083624855615199,0.05941622704267502,,,,,,,,,,,,,,,,,,,,,,,,,,,,,,,,,,,,,,,,,,,,,,,,,,,,,,,,,,,,,,,,,,,,,,,,
0.00030532980131960774,665,,,,,,,,,,,,,,,,,,,,,,,,,,,,,,,,,,,,,,,,,,,,,,,,,,,,,,,,,,,,,,,,,,,,,,,,,,,,,,,,,,,
,665,0.06538394093513489,0.06538394093513489,-0.002077177632600069,0.0002826289855875075,0.06538394093513489,665,,,,,,,,,,,,,,,,,,,,,,,,,,,,,,,,,,,,,,,,,,,,,,,,,,,,,,,,,,,,,,,,,,,,,,,,,,,,,
,665,,,,,,665,0.06538394093513489,0.06538394093513489,-0.002077177632600069,0.0002826289855875075,0.06538394093513489,,,,,,,,,,,,,,,,,,,,,,,,,,,,,,,,,,,,,,,,,,,,,,,,,,,,,,,,,,,,,,,,,,,,,,,,
0.00030372601615931985,666,,,,,,,,,,,,,,,,,,,,,,,,,,,,,,,,,,,,,,,,,,,,,,,,,,,,,,,,,,,,,,,,,,,,,,,,,,,,,,,,,,,
,666,0.056903671473264694,0.056903671473264694,-0.0020837620832026005,0.0003003057499881834,0.056903671473264694,666,,,,,,,,,,,,,,,,,,,,,,,,,,,,,,,,,,,,,,,,,,,,,,,,,,,,,,,,,,,,,,,,,,,,,,,,,,,,,
,666,,,,,,666,0.056903671473264694,0.056903671473264694,-0.0020837620832026005,0.0003003057499881834,0.056903671473264694,,,,,,,,,,,,,,,,,,,,,,,,,,,,,,,,,,,,,,,,,,,,,,,,,,,,,,,,,,,,,,,,,,,,,,,,
0.0003021246286279271,667,,,,,,,,,,,,,,,,,,,,,,,,,,,,,,,,,,,,,,,,,,,,,,,,,,,,,,,,,,,,,,,,,,,,,,,,,,,,,,,,,,,
,667,0.05365818738937378,0.04202454164624214,-0.0020903325639665127,0.00043395173270255327,0.04202454164624214,667,,,,,,,,,,,,,,,,,,,,,,,,,,,,,,,,,,,,,,,,,,,,,,,,,,,,,,,,,,,,,,,,,,,,,,,,,,,,,
,667,,,,,,667,0.05365818738937378,0.04202454164624214,-0.0020903325639665127,0.00043395173270255327,0.04202454164624214,,,,,,,,,,,,,,,,,,,,,,,,,,,,,,,,,,,,,,,,,,,,,,,,,,,,,,,,,,,,,,,,,,,,,,,,
0.0003005256582378309,668,,,,,,,,,,,,,,,,,,,,,,,,,,,,,,,,,,,,,,,,,,,,,,,,,,,,,,,,,,,,,,,,,,,,,,,,,,,,,,,,,,,
,668,0.05817706510424614,0.05028464272618294,-0.0020967270247638226,0.0002602593449410051,0.05028464272618294,668,,,,,,,,,,,,,,,,,,,,,,,,,,,,,,,,,,,,,,,,,,,,,,,,,,,,,,,,,,,,,,,,,,,,,,,,,,,,,
,668,,,,,,668,0.05817706510424614,0.05028464272618294,-0.0020967270247638226,0.0002602593449410051,0.05028464272618294,,,,,,,,,,,,,,,,,,,,,,,,,,,,,,,,,,,,,,,,,,,,,,,,,,,,,,,,,,,,,,,,,,,,,,,,
0.0002989291244719812,669,,,,,,,,,,,,,,,,,,,,,,,,,,,,,,,,,,,,,,,,,,,,,,,,,,,,,,,,,,,,,,,,,,,,,,,,,,,,,,,,,,,
,669,0.20019571483135223,0.1927211433649063,-0.0021029373165220022,0.0018587603699415922,0.1927211433649063,669,,,,,,,,,,,,,,,,,,,,,,,,,,,,,,,,,,,,,,,,,,,,,,,,,,,,,,,,,,,,,,,,,,,,,,,,,,,,,
,669,,,,,,669,0.20019571483135223,0.1927211433649063,-0.0021029373165220022,0.0018587603699415922,0.1927211433649063,,,,,,,,,,,,,,,,,,,,,,,,,,,,,,,,,,,,,,,,,,,,,,,,,,,,,,,,,,,,,,,,,,,,,,,,
0.00029733504678363775,670,,,,,,,,,,,,,,,,,,,,,,,,,,,,,,,,,,,,,,,,,,,,,,,,,,,,,,,,,,,,,,,,,,,,,,,,,,,,,,,,,,,
,670,0.1957702487707138,0.1957702487707138,-0.002108959946781397,0.0019810206722468138,0.1957702487707138,670,,,,,,,,,,,,,,,,,,,,,,,,,,,,,,,,,,,,,,,,,,,,,,,,,,,,,,,,,,,,,,,,,,,,,,,,,,,,,
,670,,,,,,670,0.1957702487707138,0.1957702487707138,-0.002108959946781397,0.0019810206722468138,0.1957702487707138,,,,,,,,,,,,,,,,,,,,,,,,,,,,,,,,,,,,,,,,,,,,,,,,,,,,,,,,,,,,,,,,,,,,,,,,
0.00029574344459613443,671,,,,,,,,,,,,,,,,,,,,,,,,,,,,,,,,,,,,,,,,,,,,,,,,,,,,,,,,,,,,,,,,,,,,,,,,,,,,,,,,,,,
,671,0.06725060939788818,0.06725060939788818,-0.0021150142420083284,0.0002919706457760185,0.06725060939788818,671,,,,,,,,,,,,,,,,,,,,,,,,,,,,,,,,,,,,,,,,,,,,,,,,,,,,,,,,,,,,,,,,,,,,,,,,,,,,,
,671,,,,,,671,0.06725060939788818,0.06725060939788818,-0.0021150142420083284,0.0002919706457760185,0.06725060939788818,,,,,,,,,,,,,,,,,,,,,,,,,,,,,,,,,,,,,,,,,,,,,,,,,,,,,,,,,,,,,,,,,,,,,,,,
0.00029415433730264136,672,,,,,,,,,,,,,,,,,,,,,,,,,,,,,,,,,,,,,,,,,,,,,,,,,,,,,,,,,,,,,,,,,,,,,,,,,,,,,,,,,,,
,672,0.06491147726774216,0.06491147726774216,-0.0021210927516222,0.0005905711441300809,0.06491147726774216,672,,,,,,,,,,,,,,,,,,,,,,,,,,,,,,,,,,,,,,,,,,,,,,,,,,,,,,,,,,,,,,,,,,,,,,,,,,,,,
,672,,,,,,672,0.06491147726774216,0.06491147726774216,-0.0021210927516222,0.0005905711441300809,0.06491147726774216,,,,,,,,,,,,,,,,,,,,,,,,,,,,,,,,,,,,,,,,,,,,,,,,,,,,,,,,,,,,,,,,,,,,,,,,
0.0002925677442659297,673,,,,,,,,,,,,,,,,,,,,,,,,,,,,,,,,,,,,,,,,,,,,,,,,,,,,,,,,,,,,,,,,,,,,,,,,,,,,,,,,,,,
,673,0.18154555559158325,0.16071976721286774,-0.0021271901205182076,0.001641688053496182,0.16071976721286774,673,,,,,,,,,,,,,,,,,,,,,,,,,,,,,,,,,,,,,,,,,,,,,,,,,,,,,,,,,,,,,,,,,,,,,,,,,,,,,
,673,,,,,,673,0.18154555559158325,0.16071976721286774,-0.0021271901205182076,0.001641688053496182,0.16071976721286774,,,,,,,,,,,,,,,,,,,,,,,,,,,,,,,,,,,,,,,,,,,,,,,,,,,,,,,,,,,,,,,,,,,,,,,,
0.0002909836848181345,674,,,,,,,,,,,,,,,,,,,,,,,,,,,,,,,,,,,,,,,,,,,,,,,,,,,,,,,,,,,,,,,,,,,,,,,,,,,,,,,,,,,
,674,0.06001231074333191,0.06001231074333191,-0.002133272821083665,0.00028170456062071025,0.06001231074333191,674,,,,,,,,,,,,,,,,,,,,,,,,,,,,,,,,,,,,,,,,,,,,,,,,,,,,,,,,,,,,,,,,,,,,,,,,,,,,,
,674,,,,,,674,0.06001231074333191,0.06001231074333191,-0.002133272821083665,0.00028170456062071025,0.06001231074333191,,,,,,,,,,,,,,,,,,,,,,,,,,,,,,,,,,,,,,,,,,,,,,,,,,,,,,,,,,,,,,,,,,,,,,,,
0.00028940217826052073,675,,,,,,,,,,,,,,,,,,,,,,,,,,,,,,,,,,,,,,,,,,,,,,,,,,,,,,,,,,,,,,,,,,,,,,,,,,,,,,,,,,,
,675,0.2277824878692627,0.2277824878692627,-0.0021393673960119486,0.0026637117844074965,0.2277824878692627,675,,,,,,,,,,,,,,,,,,,,,,,,,,,,,,,,,,,,,,,,,,,,,,,,,,,,,,,,,,,,,,,,,,,,,,,,,,,,,
,675,,,,,,675,0.2277824878692627,0.2277824878692627,-0.0021393673960119486,0.0026637117844074965,0.2277824878692627,,,,,,,,,,,,,,,,,,,,,,,,,,,,,,,,,,,,,,,,,,,,,,,,,,,,,,,,,,,,,,,,,,,,,,,,
0.0002878232438632462,676,,,,,,,,,,,,,,,,,,,,,,,,,,,,,,,,,,,,,,,,,,,,,,,,,,,,,,,,,,,,,,,,,,,,,,,,,,,,,,,,,,,
,676,0.12474928796291351,0.11842872202396393,-0.0021454691886901855,0.0008561203139834106,0.11842872202396393,676,,,,,,,,,,,,,,,,,,,,,,,,,,,,,,,,,,,,,,,,,,,,,,,,,,,,,,,,,,,,,,,,,,,,,,,,,,,,,
,676,,,,,,676,0.12474928796291351,0.11842872202396393,-0.0021454691886901855,0.0008561203139834106,0.11842872202396393,,,,,,,,,,,,,,,,,,,,,,,,,,,,,,,,,,,,,,,,,,,,,,,,,,,,,,,,,,,,,,,,,,,,,,,,
0.0002862469008651287,677,,,,,,,,,,,,,,,,,,,,,,,,,,,,,,,,,,,,,,,,,,,,,,,,,,,,,,,,,,,,,,,,,,,,,,,,,,,,,,,,,,,
,677,0.058898281306028366,0.04554096236824989,-0.0021513921674340963,0.0002876256767194718,0.04554096236824989,677,,,,,,,,,,,,,,,,,,,,,,,,,,,,,,,,,,,,,,,,,,,,,,,,,,,,,,,,,,,,,,,,,,,,,,,,,,,,,
,677,,,,,,677,0.058898281306028366,0.04554096236824989,-0.0021513921674340963,0.0002876256767194718,0.04554096236824989,,,,,,,,,,,,,,,,,,,,,,,,,,,,,,,,,,,,,,,,,,,,,,,,,,,,,,,,,,,,,,,,,,,,,,,,
0.00028467316847340975,678,,,,,,,,,,,,,,,,,,,,,,,,,,,,,,,,,,,,,,,,,,,,,,,,,,,,,,,,,,,,,,,,,,,,,,,,,,,,,,,,,,,
,678,0.06009986996650696,0.06009986996650696,-0.002157334005460143,0.00027700114878825843,0.06009986996650696,678,,,,,,,,,,,,,,,,,,,,,,,,,,,,,,,,,,,,,,,,,,,,,,,,,,,,,,,,,,,,,,,,,,,,,,,,,,,,,
,678,,,,,,678,0.06009986996650696,0.06009986996650696,-0.002157334005460143,0.00027700114878825843,0.06009986996650696,,,,,,,,,,,,,,,,,,,,,,,,,,,,,,,,,,,,,,,,,,,,,,,,,,,,,,,,,,,,,,,,,,,,,,,,
0.00028310206586352245,679,,,,,,,,,,,,,,,,,,,,,,,,,,,,,,,,,,,,,,,,,,,,,,,,,,,,,,,,,,,,,,,,,,,,,,,,,,,,,,,,,,,
,679,0.08791007846593857,0.08791007846593857,-0.002163289114832878,0.0004265129391569644,0.08791007846593857,679,,,,,,,,,,,,,,,,,,,,,,,,,,,,,,,,,,,,,,,,,,,,,,,,,,,,,,,,,,,,,,,,,,,,,,,,,,,,,
,679,,,,,,679,0.08791007846593857,0.08791007846593857,-0.002163289114832878,0.0004265129391569644,0.08791007846593857,,,,,,,,,,,,,,,,,,,,,,,,,,,,,,,,,,,,,,,,,,,,,,,,,,,,,,,,,,,,,,,,,,,,,,,,
0.00028153361217885594,680,,,,,,,,,,,,,,,,,,,,,,,,,,,,,,,,,,,,,,,,,,,,,,,,,,,,,,,,,,,,,,,,,,,,,,,,,,,,,,,,,,,
,680,0.1663888543844223,0.1775960624217987,-0.0021692528389394283,0.0014669002266600728,0.1775960624217987,680,,,,,,,,,,,,,,,,,,,,,,,,,,,,,,,,,,,,,,,,,,,,,,,,,,,,,,,,,,,,,,,,,,,,,,,,,,,,,
,680,,,,,,680,0.1663888543844223,0.1775960624217987,-0.0021692528389394283,0.0014669002266600728,0.1775960624217987,,,,,,,,,,,,,,,,,,,,,,,,,,,,,,,,,,,,,,,,,,,,,,,,,,,,,,,,,,,,,,,,,,,,,,,,
0.0002799678265305233,681,,,,,,,,,,,,,,,,,,,,,,,,,,,,,,,,,,,,,,,,,,,,,,,,,,,,,,,,,,,,,,,,,,,,,,,,,,,,,,,,,,,
,681,0.08593159914016724,0.08723033219575882,-0.002175214933231473,0.0004311171651352197,0.08723033219575882,681,,,,,,,,,,,,,,,,,,,,,,,,,,,,,,,,,,,,,,,,,,,,,,,,,,,,,,,,,,,,,,,,,,,,,,,,,,,,,
,681,,,,,,681,0.08593159914016724,0.08723033219575882,-0.002175214933231473,0.0004311171651352197,0.08723033219575882,,,,,,,,,,,,,,,,,,,,,,,,,,,,,,,,,,,,,,,,,,,,,,,,,,,,,,,,,,,,,,,,,,,,,,,,
0.00027840472799712883,682,,,,,,,,,,,,,,,,,,,,,,,,,,,,,,,,,,,,,,,,,,,,,,,,,,,,,,,,,,,,,,,,,,,,,,,,,,,,,,,,,,,
,682,0.06173165887594223,0.05066623538732529,-0.0021811772603541613,0.0002780747599899769,0.05066623538732529,682,,,,,,,,,,,,,,,,,,,,,,,,,,,,,,,,,,,,,,,,,,,,,,,,,,,,,,,,,,,,,,,,,,,,,,,,,,,,,
,682,,,,,,682,0.06173165887594223,0.05066623538732529,-0.0021811772603541613,0.0002780747599899769,0.05066623538732529,,,,,,,,,,,,,,,,,,,,,,,,,,,,,,,,,,,,,,,,,,,,,,,,,,,,,,,,,,,,,,,,,,,,,,,,
0.00027684433562453456,683,,,,,,,,,,,,,,,,,,,,,,,,,,,,,,,,,,,,,,,,,,,,,,,,,,,,,,,,,,,,,,,,,,,,,,,,,,,,,,,,,,,
,683,0.0589221827685833,0.05090555548667908,-0.002186986617743969,0.000428646249929443,0.05090555548667908,683,,,,,,,,,,,,,,,,,,,,,,,,,,,,,,,,,,,,,,,,,,,,,,,,,,,,,,,,,,,,,,,,,,,,,,,,,,,,,
,683,,,,,,683,0.0589221827685833,0.05090555548667908,-0.002186986617743969,0.000428646249929443,0.05090555548667908,,,,,,,,,,,,,,,,,,,,,,,,,,,,,,,,,,,,,,,,,,,,,,,,,,,,,,,,,,,,,,,,,,,,,,,,
0.00027528666842562943,684,,,,,,,,,,,,,,,,,,,,,,,,,,,,,,,,,,,,,,,,,,,,,,,,,,,,,,,,,,,,,,,,,,,,,,,,,,,,,,,,,,,
,684,0.05936175212264061,0.05936175212264061,-0.002192806452512741,0.0003589158004615456,0.05936175212264061,684,,,,,,,,,,,,,,,,,,,,,,,,,,,,,,,,,,,,,,,,,,,,,,,,,,,,,,,,,,,,,,,,,,,,,,,,,,,,,
,684,,,,,,684,0.05936175212264061,0.05936175212264061,-0.002192806452512741,0.0003589158004615456,0.05936175212264061,,,,,,,,,,,,,,,,,,,,,,,,,,,,,,,,,,,,,,,,,,,,,,,,,,,,,,,,,,,,,,,,,,,,,,,,
0.0002737317453800964,685,,,,,,,,,,,,,,,,,,,,,,,,,,,,,,,,,,,,,,,,,,,,,,,,,,,,,,,,,,,,,,,,,,,,,,,,,,,,,,,,,,,
,685,0.055318884551525116,0.055318884551525116,-0.002198632573708892,0.0003808719338849187,0.055318884551525116,685,,,,,,,,,,,,,,,,,,,,,,,,,,,,,,,,,,,,,,,,,,,,,,,,,,,,,,,,,,,,,,,,,,,,,,,,,,,,,
,685,,,,,,685,0.055318884551525116,0.055318884551525116,-0.002198632573708892,0.0003808719338849187,0.055318884551525116,,,,,,,,,,,,,,,,,,,,,,,,,,,,,,,,,,,,,,,,,,,,,,,,,,,,,,,,,,,,,,,,,,,,,,,,
0.00027217958543418236,686,,,,,,,,,,,,,,,,,,,,,,,,,,,,,,,,,,,,,,,,,,,,,,,,,,,,,,,,,,,,,,,,,,,,,,,,,,,,,,,,,,,
,686,0.11608415096998215,0.11608415096998215,-0.002204461023211479,0.0007417676970362663,0.11608415096998215,686,,,,,,,,,,,,,,,,,,,,,,,,,,,,,,,,,,,,,,,,,,,,,,,,,,,,,,,,,,,,,,,,,,,,,,,,,,,,,
,686,,,,,,686,0.11608415096998215,0.11608415096998215,-0.002204461023211479,0.0007417676970362663,0.11608415096998215,,,,,,,,,,,,,,,,,,,,,,,,,,,,,,,,,,,,,,,,,,,,,,,,,,,,,,,,,,,,,,,,,,,,,,,,
0.0002706302075004661,687,,,,,,,,,,,,,,,,,,,,,,,,,,,,,,,,,,,,,,,,,,,,,,,,,,,,,,,,,,,,,,,,,,,,,,,,,,,,,,,,,,,
,687,0.05419611185789108,0.05419611185789108,-0.002210288541391492,0.00035759672755375504,0.05419611185789108,687,,,,,,,,,,,,,,,,,,,,,,,,,,,,,,,,,,,,,,,,,,,,,,,,,,,,,,,,,,,,,,,,,,,,,,,,,,,,,
,687,,,,,,687,0.05419611185789108,0.05419611185789108,-0.002210288541391492,0.00035759672755375504,0.05419611185789108,,,,,,,,,,,,,,,,,,,,,,,,,,,,,,,,,,,,,,,,,,,,,,,,,,,,,,,,,,,,,,,,,,,,,,,,
0.00026908363045762896,688,,,,,,,,,,,,,,,,,,,,,,,,,,,,,,,,,,,,,,,,,,,,,,,,,,,,,,,,,,,,,,,,,,,,,,,,,,,,,,,,,,,
,688,0.06794574111700058,0.06794574111700058,-0.002216111868619919,0.0002932378847617656,0.06794574111700058,688,,,,,,,,,,,,,,,,,,,,,,,,,,,,,,,,,,,,,,,,,,,,,,,,,,,,,,,,,,,,,,,,,,,,,,,,,,,,,
,688,,,,,,688,0.06794574111700058,0.06794574111700058,-0.002216111868619919,0.0002932378847617656,0.06794574111700058,,,,,,,,,,,,,,,,,,,,,,,,,,,,,,,,,,,,,,,,,,,,,,,,,,,,,,,,,,,,,,,,,,,,,,,,
0.00026753987315022434,689,,,,,,,,,,,,,,,,,,,,,,,,,,,,,,,,,,,,,,,,,,,,,,,,,,,,,,,,,,,,,,,,,,,,,,,,,,,,,,,,,,,
,689,0.055461667478084564,0.055461667478084564,-0.002221927745267749,0.0002692872076295316,0.055461667478084564,689,,,,,,,,,,,,,,,,,,,,,,,,,,,,,,,,,,,,,,,,,,,,,,,,,,,,,,,,,,,,,,,,,,,,,,,,,,,,,
,689,,,,,,689,0.055461667478084564,0.055461667478084564,-0.002221927745267749,0.0002692872076295316,0.055461667478084564,,,,,,,,,,,,,,,,,,,,,,,,,,,,,,,,,,,,,,,,,,,,,,,,,,,,,,,,,,,,,,,,,,,,,,,,
0.0002659989543884474,690,,,,,,,,,,,,,,,,,,,,,,,,,,,,,,,,,,,,,,,,,,,,,,,,,,,,,,,,,,,,,,,,,,,,,,,,,,,,,,,,,,,
,690,0.09991967678070068,0.09991967678070068,-0.0022277345415204763,0.0005954411462880671,0.09991967678070068,690,,,,,,,,,,,,,,,,,,,,,,,,,,,,,,,,,,,,,,,,,,,,,,,,,,,,,,,,,,,,,,,,,,,,,,,,,,,,,
,690,,,,,,690,0.09991967678070068,0.09991967678070068,-0.0022277345415204763,0.0005954411462880671,0.09991967678070068,,,,,,,,,,,,,,,,,,,,,,,,,,,,,,,,,,,,,,,,,,,,,,,,,,,,,,,,,,,,,,,,,,,,,,,,
0.0002644608929479075,691,,,,,,,,,,,,,,,,,,,,,,,,,,,,,,,,,,,,,,,,,,,,,,,,,,,,,,,,,,,,,,,,,,,,,,,,,,,,,,,,,,,
,691,0.07953094691038132,0.08977560698986053,-0.002233529230579734,0.0003880276344716549,0.08977560698986053,691,,,,,,,,,,,,,,,,,,,,,,,,,,,,,,,,,,,,,,,,,,,,,,,,,,,,,,,,,,,,,,,,,,,,,,,,,,,,,
,691,,,,,,691,0.07953094691038132,0.08977560698986053,-0.002233529230579734,0.0003880276344716549,0.08977560698986053,,,,,,,,,,,,,,,,,,,,,,,,,,,,,,,,,,,,,,,,,,,,,,,,,,,,,,,,,,,,,,,,,,,,,,,,
0.0002629257075693974,692,,,,,,,,,,,,,,,,,,,,,,,,,,,,,,,,,,,,,,,,,,,,,,,,,,,,,,,,,,,,,,,,,,,,,,,,,,,,,,,,,,,
,692,0.0523982048034668,0.0523982048034668,-0.002239309484139085,0.00028945051599293947,0.0523982048034668,692,,,,,,,,,,,,,,,,,,,,,,,,,,,,,,,,,,,,,,,,,,,,,,,,,,,,,,,,,,,,,,,,,,,,,,,,,,,,,
,692,,,,,,692,0.0523982048034668,0.0523982048034668,-0.002239309484139085,0.00028945051599293947,0.0523982048034668,,,,,,,,,,,,,,,,,,,,,,,,,,,,,,,,,,,,,,,,,,,,,,,,,,,,,,,,,,,,,,,,,,,,,,,,
0.0002613934169586669,693,,,,,,,,,,,,,,,,,,,,,,,,,,,,,,,,,,,,,,,,,,,,,,,,,,,,,,,,,,,,,,,,,,,,,,,,,,,,,,,,,,,
,693,0.42188018560409546,0.4240623712539673,-0.0022450743708759546,0.009579873643815517,0.4240623712539673,693,,,,,,,,,,,,,,,,,,,,,,,,,,,,,,,,,,,,,,,,,,,,,,,,,,,,,,,,,,,,,,,,,,,,,,,,,,,,,
,693,,,,,,693,0.42188018560409546,0.4240623712539673,-0.0022450743708759546,0.009579873643815517,0.4240623712539673,,,,,,,,,,,,,,,,,,,,,,,,,,,,,,,,,,,,,,,,,,,,,,,,,,,,,,,,,,,,,,,,,,,,,,,,
0.00025986403978619333,694,,,,,,,,,,,,,,,,,,,,,,,,,,,,,,,,,,,,,,,,,,,,,,,,,,,,,,,,,,,,,,,,,,,,,,,,,,,,,,,,,,,
,694,0.054544851183891296,0.054544851183891296,-0.0022507517132908106,0.00027452551876194775,0.054544851183891296,694,,,,,,,,,,,,,,,,,,,,,,,,,,,,,,,,,,,,,,,,,,,,,,,,,,,,,,,,,,,,,,,,,,,,,,,,,,,,,
,694,,,,,,694,0.054544851183891296,0.054544851183891296,-0.0022507517132908106,0.00027452551876194775,0.054544851183891296,,,,,,,,,,,,,,,,,,,,,,,,,,,,,,,,,,,,,,,,,,,,,,,,,,,,,,,,,,,,,,,,,,,,,,,,
0.00025833759468695466,695,,,,,,,,,,,,,,,,,,,,,,,,,,,,,,,,,,,,,,,,,,,,,,,,,,,,,,,,,,,,,,,,,,,,,,,,,,,,,,,,,,,
,695,0.07297028601169586,0.06937955319881439,-0.002256417414173484,0.00032545370049774647,0.06937955319881439,695,,,,,,,,,,,,,,,,,,,,,,,,,,,,,,,,,,,,,,,,,,,,,,,,,,,,,,,,,,,,,,,,,,,,,,,,,,,,,
,695,,,,,,695,0.07297028601169586,0.06937955319881439,-0.002256417414173484,0.00032545370049774647,0.06937955319881439,,,,,,,,,,,,,,,,,,,,,,,,,,,,,,,,,,,,,,,,,,,,,,,,,,,,,,,,,,,,,,,,,,,,,,,,
0.0002568141002602031,696,,,,,,,,,,,,,,,,,,,,,,,,,,,,,,,,,,,,,,,,,,,,,,,,,,,,,,,,,,,,,,,,,,,,,,,,,,,,,,,,,,,
,696,0.05615505576133728,0.06908838450908661,-0.002262067049741745,0.00025321196881122887,0.06908838450908661,696,,,,,,,,,,,,,,,,,,,,,,,,,,,,,,,,,,,,,,,,,,,,,,,,,,,,,,,,,,,,,,,,,,,,,,,,,,,,,
,696,,,,,,696,0.05615505576133728,0.06908838450908661,-0.002262067049741745,0.00025321196881122887,0.06908838450908661,,,,,,,,,,,,,,,,,,,,,,,,,,,,,,,,,,,,,,,,,,,,,,,,,,,,,,,,,,,,,,,,,,,,,,,,
0.00025529357506923715,697,,,,,,,,,,,,,,,,,,,,,,,,,,,,,,,,,,,,,,,,,,,,,,,,,,,,,,,,,,,,,,,,,,,,,,,,,,,,,,,,,,,
,697,0.05575784295797348,0.04638459533452988,-0.0022677008528262377,0.0002462994889356196,0.04638459533452988,697,,,,,,,,,,,,,,,,,,,,,,,,,,,,,,,,,,,,,,,,,,,,,,,,,,,,,,,,,,,,,,,,,,,,,,,,,,,,,
,697,,,,,,697,0.05575784295797348,0.04638459533452988,-0.0022677008528262377,0.0002462994889356196,0.04638459533452988,,,,,,,,,,,,,,,,,,,,,,,,,,,,,,,,,,,,,,,,,,,,,,,,,,,,,,,,,,,,,,,,,,,,,,,,
0.00025377603764117673,698,,,,,,,,,,,,,,,,,,,,,,,,,,,,,,,,,,,,,,,,,,,,,,,,,,,,,,,,,,,,,,,,,,,,,,,,,,,,,,,,,,,
,698,0.05124875158071518,0.04254935681819916,-0.00227317470125854,0.0004885905073024333,0.04254935681819916,698,,,,,,,,,,,,,,,,,,,,,,,,,,,,,,,,,,,,,,,,,,,,,,,,,,,,,,,,,,,,,,,,,,,,,,,,,,,,,
,698,,,,,,698,0.05124875158071518,0.04254935681819916,-0.00227317470125854,0.0004885905073024333,0.04254935681819916,,,,,,,,,,,,,,,,,,,,,,,,,,,,,,,,,,,,,,,,,,,,,,,,,,,,,,,,,,,,,,,,,,,,,,,,
0.00025226150646673616,699,,,,,,,,,,,,,,,,,,,,,,,,,,,,,,,,,,,,,,,,,,,,,,,,,,,,,,,,,,,,,,,,,,,,,,,,,,,,,,,,,,,
,699,0.05065041035413742,0.04111383855342865,-0.0022784939501434565,0.00029751495458185673,0.04111383855342865,699,,,,,,,,,,,,,,,,,,,,,,,,,,,,,,,,,,,,,,,,,,,,,,,,,,,,,,,,,,,,,,,,,,,,,,,,,,,,,
,699,,,,,,699,,,,,,0.06269493699073792,0.06269493699073792,-0.0022836909629404545,0.00033738819183781743,0.06269493699073792,0.02898956835269928,0.02898956835269928,-0.0022836909629404545,0.0001445569796487689,0.02898956835269928,-0.09499504417181015,0.07692842930555344,0.1617698222398758,0.20277510583400726,0.16605375707149506,0.10203054547309875,0.06362586468458176,0.03447180241346359,0.0010131712770089507,0.09499504417181015,0.6254904270172119,0.3592536449432373,0.21768707036972046,0.15021809935569763,0.0983680859208107,0.012448127381503582,0.24391090869903564,0.2307962328195572,0.23592710494995117,0.1611022800207138,0.09940465539693832,0.050394799560308456,0.0011017260840162635,0.12978780269622803,15.28737735748291,4.826093673706055,3.8002400398254395,4.7531352043151855,7.930235862731934,265.711181640625,50.38471221923828,-0.0953635722398758,0.14742469787597656,0.21052908897399902,0.24575775861740112,0.15465471148490906,0.07782695442438126,0.054666753858327866,0.034818507730960846,0.004456757567822933,0.0953635722398758,0.7008084654808044,0.41807159781455994,0.2644110321998596,0.23009814321994781,0.2026291936635971,0.1535269021987915,0.32825756072998047,0.27456507086753845,0.19707997143268585,0.09933418780565262,0.0669044777750969,0.040346600115299225,0.004569029435515404,0.11379989236593246,13.559922218322754,9.366243362426758,14.747238159179688,24.618688583374023,52.497562408447266,2350.0126953125,410.8003845214844
,699,,,,,,699,0.05065041035413742,0.04111383855342865,-0.0022784939501434565,0.00029751495458185673,0.04111383855342865,,,,,,,,,,,,,,,,,,,,,,,,,,,,,,,,,,,,,,,,,,,,,,,,,,,,,,,,,,,,,,,,,,,,,,,,
0.00025075000000000016,700,,,,,,,,,,,,,,,,,,,,,,,,,,,,,,,,,,,,,,,,,,,,,,,,,,,,,,,,,,,,,,,,,,,,,,,,,,,,,,,,,,,
,700,0.055706799030303955,0.055706799030303955,-0.0022836909629404545,0.0002433666813885793,0.055706799030303955,700,,,,,,,,,,,,,,,,,,,,,,,,,,,,,,,,,,,,,,,,,,,,,,,,,,,,,,,,,,,,,,,,,,,,,,,,,,,,,
,700,,,,,,700,0.055706799030303955,0.055706799030303955,-0.0022836909629404545,0.0002433666813885793,0.055706799030303955,,,,,,,,,,,,,,,,,,,,,,,,,,,,,,,,,,,,,,,,,,,,,,,,,,,,,,,,,,,,,,,,,,,,,,,,
0.0002492415366581976,701,,,,,,,,,,,,,,,,,,,,,,,,,,,,,,,,,,,,,,,,,,,,,,,,,,,,,,,,,,,,,,,,,,,,,,,,,,,,,,,,,,,
,701,0.2146509289741516,0.2146509289741516,-0.0022889075335115194,0.0019285985035821795,0.2146509289741516,701,,,,,,,,,,,,,,,,,,,,,,,,,,,,,,,,,,,,,,,,,,,,,,,,,,,,,,,,,,,,,,,,,,,,,,,,,,,,,
,701,,,,,,701,0.2146509289741516,0.2146509289741516,-0.0022889075335115194,0.0019285985035821795,0.2146509289741516,,,,,,,,,,,,,,,,,,,,,,,,,,,,,,,,,,,,,,,,,,,,,,,,,,,,,,,,,,,,,,,,,,,,,,,,
0.0002477361348214788,702,,,,,,,,,,,,,,,,,,,,,,,,,,,,,,,,,,,,,,,,,,,,,,,,,,,,,,,,,,,,,,,,,,,,,,,,,,,,,,,,,,,
,702,0.05713340640068054,0.06942664831876755,-0.0022941380739212036,0.00025439218734391034,0.06942664831876755,702,,,,,,,,,,,,,,,,,,,,,,,,,,,,,,,,,,,,,,,,,,,,,,,,,,,,,,,,,,,,,,,,,,,,,,,,,,,,,
,702,,,,,,702,0.05713340640068054,0.06942664831876755,-0.0022941380739212036,0.00025439218734391034,0.06942664831876755,,,,,,,,,,,,,,,,,,,,,,,,,,,,,,,,,,,,,,,,,,,,,,,,,,,,,,,,,,,,,,,,,,,,,,,,
0.0002462338128326896,703,,,,,,,,,,,,,,,,,,,,,,,,,,,,,,,,,,,,,,,,,,,,,,,,,,,,,,,,,,,,,,,,,,,,,,,,,,,,,,,,,,,
,703,0.06941567361354828,0.06794475018978119,-0.0022993774618953466,0.0003001517034135759,0.06794475018978119,703,,,,,,,,,,,,,,,,,,,,,,,,,,,,,,,,,,,,,,,,,,,,,,,,,,,,,,,,,,,,,,,,,,,,,,,,,,,,,
,703,,,,,,703,0.06941567361354828,0.06794475018978119,-0.0022993774618953466,0.0003001517034135759,0.06794475018978119,,,,,,,,,,,,,,,,,,,,,,,,,,,,,,,,,,,,,,,,,,,,,,,,,,,,,,,,,,,,,,,,,,,,,,,,
0.0002447345889971497,704,,,,,,,,,,,,,,,,,,,,,,,,,,,,,,,,,,,,,,,,,,,,,,,,,,,,,,,,,,,,,,,,,,,,,,,,,,,,,,,,,,,
,704,0.05579450726509094,0.05540694296360016,-0.0023045626003295183,0.00034468891681171954,0.05540694296360016,704,,,,,,,,,,,,,,,,,,,,,,,,,,,,,,,,,,,,,,,,,,,,,,,,,,,,,,,,,,,,,,,,,,,,,,,,,,,,,
,704,,,,,,704,0.05579450726509094,0.05540694296360016,-0.0023045626003295183,0.00034468891681171954,0.05540694296360016,,,,,,,,,,,,,,,,,,,,,,,,,,,,,,,,,,,,,,,,,,,,,,,,,,,,,,,,,,,,,,,,,,,,,,,,
0.000243238481582428,705,,,,,,,,,,,,,,,,,,,,,,,,,,,,,,,,,,,,,,,,,,,,,,,,,,,,,,,,,,,,,,,,,,,,,,,,,,,,,,,,,,,
,705,0.0542624294757843,0.06399215757846832,-0.0023097468074411154,0.00045141251757740974,0.06399215757846832,705,,,,,,,,,,,,,,,,,,,,,,,,,,,,,,,,,,,,,,,,,,,,,,,,,,,,,,,,,,,,,,,,,,,,,,,,,,,,,
,705,,,,,,705,0.0542624294757843,0.06399215757846832,-0.0023097468074411154,0.00045141251757740974,0.06399215757846832,,,,,,,,,,,,,,,,,,,,,,,,,,,,,,,,,,,,,,,,,,,,,,,,,,,,,,,,,,,,,,,,,,,,,,,,
0.00024174550881812164,706,,,,,,,,,,,,,,,,,,,,,,,,,,,,,,,,,,,,,,,,,,,,,,,,,,,,,,,,,,,,,,,,,,,,,,,,,,,,,,,,,,,
,706,0.33877795934677124,0.33877795934677124,-0.0023149356711655855,0.0050246273167431355,0.33877795934677124,706,,,,,,,,,,,,,,,,,,,,,,,,,,,,,,,,,,,,,,,,,,,,,,,,,,,,,,,,,,,,,,,,,,,,,,,,,,,,,
,706,,,,,,706,0.33877795934677124,0.33877795934677124,-0.0023149356711655855,0.0050246273167431355,0.33877795934677124,,,,,,,,,,,,,,,,,,,,,,,,,,,,,,,,,,,,,,,,,,,,,,,,,,,,,,,,,,,,,,,,,,,,,,,,
0.0002402556888956322,707,,,,,,,,,,,,,,,,,,,,,,,,,,,,,,,,,,,,,,,,,,,,,,,,,,,,,,,,,,,,,,,,,,,,,,,,,,,,,,,,,,,
,707,0.052786700427532196,0.039491333067417145,-0.002320125000551343,0.0003855838440358639,0.039491333067417145,707,,,,,,,,,,,,,,,,,,,,,,,,,,,,,,,,,,,,,,,,,,,,,,,,,,,,,,,,,,,,,,,,,,,,,,,,,,,,,
,707,,,,,,707,0.052786700427532196,0.039491333067417145,-0.002320125000551343,0.0003855838440358639,0.039491333067417145,,,,,,,,,,,,,,,,,,,,,,,,,,,,,,,,,,,,,,,,,,,,,,,,,,,,,,,,,,,,,,,,,,,,,,,,
0.00023876903996794562,708,,,,,,,,,,,,,,,,,,,,,,,,,,,,,,,,,,,,,,,,,,,,,,,,,,,,,,,,,,,,,,,,,,,,,,,,,,,,,,,,,,,
,708,0.15551334619522095,0.15551334619522095,-0.0023253110703080893,0.0012844507582485676,0.15551334619522095,708,,,,,,,,,,,,,,,,,,,,,,,,,,,,,,,,,,,,,,,,,,,,,,,,,,,,,,,,,,,,,,,,,,,,,,,,,,,,,
,708,,,,,,708,0.15551334619522095,0.15551334619522095,-0.0023253110703080893,0.0012844507582485676,0.15551334619522095,,,,,,,,,,,,,,,,,,,,,,,,,,,,,,,,,,,,,,,,,,,,,,,,,,,,,,,,,,,,,,,,,,,,,,,,
0.00023728558014940963,709,,,,,,,,,,,,,,,,,,,,,,,,,,,,,,,,,,,,,,,,,,,,,,,,,,,,,,,,,,,,,,,,,,,,,,,,,,,,,,,,,,,
,709,0.14964613318443298,0.14964613318443298,-0.002330491552129388,0.0012430200586095452,0.14964613318443298,709,,,,,,,,,,,,,,,,,,,,,,,,,,,,,,,,,,,,,,,,,,,,,,,,,,,,,,,,,,,,,,,,,,,,,,,,,,,,,
,709,,,,,,709,0.14964613318443298,0.14964613318443298,-0.002330491552129388,0.0012430200586095452,0.14964613318443298,,,,,,,,,,,,,,,,,,,,,,,,,,,,,,,,,,,,,,,,,,,,,,,,,,,,,,,,,,,,,,,,,,,,,,,,
0.00023580532751551428,710,,,,,,,,,,,,,,,,,,,,,,,,,,,,,,,,,,,,,,,,,,,,,,,,,,,,,,,,,,,,,,,,,,,,,,,,,,,,,,,,,,,
,710,0.05447155982255936,0.05447155982255936,-0.002335664350539446,0.00032491140882484615,0.05447155982255936,710,,,,,,,,,,,,,,,,,,,,,,,,,,,,,,,,,,,,,,,,,,,,,,,,,,,,,,,,,,,,,,,,,,,,,,,,,,,,,
,710,,,,,,710,0.05447155982255936,0.05447155982255936,-0.002335664350539446,0.00032491140882484615,0.05447155982255936,,,,,,,,,,,,,,,,,,,,,,,,,,,,,,,,,,,,,,,,,,,,,,,,,,,,,,,,,,,,,,,,,,,,,,,,
0.0002343283001026704,711,,,,,,,,,,,,,,,,,,,,,,,,,,,,,,,,,,,,,,,,,,,,,,,,,,,,,,,,,,,,,,,,,,,,,,,,,,,,,,,,,,,
,711,0.054378461092710495,0.06694431602954865,-0.0023408266715705395,0.0003481541061773896,0.06694431602954865,711,,,,,,,,,,,,,,,,,,,,,,,,,,,,,,,,,,,,,,,,,,,,,,,,,,,,,,,,,,,,,,,,,,,,,,,,,,,,,
,711,,,,,,711,0.054378461092710495,0.06694431602954865,-0.0023408266715705395,0.0003481541061773896,0.06694431602954865,,,,,,,,,,,,,,,,,,,,,,,,,,,,,,,,,,,,,,,,,,,,,,,,,,,,,,,,,,,,,,,,,,,,,,,,
0.00023285451590799135,712,,,,,,,,,,,,,,,,,,,,,,,,,,,,,,,,,,,,,,,,,,,,,,,,,,,,,,,,,,,,,,,,,,,,,,,,,,,,,,,,,,,
,712,0.05500029772520065,0.05500029772520065,-0.0023459764197468758,0.0003472569223958999,0.05500029772520065,712,,,,,,,,,,,,,,,,,,,,,,,,,,,,,,,,,,,,,,,,,,,,,,,,,,,,,,,,,,,,,,,,,,,,,,,,,,,,,
,712,,,,,,712,0.05500029772520065,0.05500029772520065,-0.0023459764197468758,0.0003472569223958999,0.05500029772520065,,,,,,,,,,,,,,,,,,,,,,,,,,,,,,,,,,,,,,,,,,,,,,,,,,,,,,,,,,,,,,,,,,,,,,,,
0.00023138399288907195,713,,,,,,,,,,,,,,,,,,,,,,,,,,,,,,,,,,,,,,,,,,,,,,,,,,,,,,,,,,,,,,,,,,,,,,,,,,,,,,,,,,,
,713,0.05433010309934616,0.06670080870389938,-0.002351112198084593,0.00040257227374240756,0.06670080870389938,713,,,,,,,,,,,,,,,,,,,,,,,,,,,,,,,,,,,,,,,,,,,,,,,,,,,,,,,,,,,,,,,,,,,,,,,,,,,,,
,713,,,,,,713,0.05433010309934616,0.06670080870389938,-0.002351112198084593,0.00040257227374240756,0.06670080870389938,,,,,,,,,,,,,,,,,,,,,,,,,,,,,,,,,,,,,,,,,,,,,,,,,,,,,,,,,,,,,,,,,,,,,,,,
0.0002299167489637716,714,,,,,,,,,,,,,,,,,,,,,,,,,,,,,,,,,,,,,,,,,,,,,,,,,,,,,,,,,,,,,,,,,,,,,,,,,,,,,,,,,,,
,714,0.42568716406822205,0.42568716406822205,-0.002356231678277254,0.009925278834998608,0.42568716406822205,714,,,,,,,,,,,,,,,,,,,,,,,,,,,,,,,,,,,,,,,,,,,,,,,,,,,,,,,,,,,,,,,,,,,,,,,,,,,,,
,714,,,,,,714,0.42568716406822205,0.42568716406822205,-0.002356231678277254,0.009925278834998608,0.42568716406822205,,,,,,,,,,,,,,,,,,,,,,,,,,,,,,,,,,,,,,,,,,,,,,,,,,,,,,,,,,,,,,,,,,,,,,,,
0.00022845280200999422,715,,,,,,,,,,,,,,,,,,,,,,,,,,,,,,,,,,,,,,,,,,,,,,,,,,,,,,,,,,,,,,,,,,,,,,,,,,,,,,,,,,,
,715,0.11039312928915024,0.1113191545009613,-0.0023613336961716413,0.0006666139233857393,0.1113191545009613,715,,,,,,,,,,,,,,,,,,,,,,,,,,,,,,,,,,,,,,,,,,,,,,,,,,,,,,,,,,,,,,,,,,,,,,,,,,,,,
,715,,,,,,715,0.11039312928915024,0.1113191545009613,-0.0023613336961716413,0.0006666139233857393,0.1113191545009613,,,,,,,,,,,,,,,,,,,,,,,,,,,,,,,,,,,,,,,,,,,,,,,,,,,,,,,,,,,,,,,,,,,,,,,,
0.00022699216986547127,716,,,,,,,,,,,,,,,,,,,,,,,,,,,,,,,,,,,,,,,,,,,,,,,,,,,,,,,,,,,,,,,,,,,,,,,,,,,,,,,,,,,
,716,0.05275198817253113,0.04194217175245285,-0.0023664170876145363,0.0004146806022617966,0.04194217175245285,716,,,,,,,,,,,,,,,,,,,,,,,,,,,,,,,,,,,,,,,,,,,,,,,,,,,,,,,,,,,,,,,,,,,,,,,,,,,,,
,716,,,,,,716,0.05275198817253113,0.04194217175245285,-0.0023664170876145363,0.0004146806022617966,0.04194217175245285,,,,,,,,,,,,,,,,,,,,,,,,,,,,,,,,,,,,,,,,,,,,,,,,,,,,,,,,,,,,,,,,,,,,,,,,
0.00022553487032754495,717,,,,,,,,,,,,,,,,,,,,,,,,,,,,,,,,,,,,,,,,,,,,,,,,,,,,,,,,,,,,,,,,,,,,,,,,,,,,,,,,,,,
,717,0.1604764759540558,0.1604764759540558,-0.002371355425566435,0.0013642485719174147,0.1604764759540558,717,,,,,,,,,,,,,,,,,,,,,,,,,,,,,,,,,,,,,,,,,,,,,,,,,,,,,,,,,,,,,,,,,,,,,,,,,,,,,
,717,,,,,,717,0.1604764759540558,0.1604764759540558,-0.002371355425566435,0.0013642485719174147,0.1604764759540558,,,,,,,,,,,,,,,,,,,,,,,,,,,,,,,,,,,,,,,,,,,,,,,,,,,,,,,,,,,,,,,,,,,,,,,,
0.00022408092115294977,718,,,,,,,,,,,,,,,,,,,,,,,,,,,,,,,,,,,,,,,,,,,,,,,,,,,,,,,,,,,,,,,,,,,,,,,,,,,,,,,,,,,
,718,0.056523751467466354,0.056523751467466354,-0.0023762856144458055,0.00026144125149585307,0.056523751467466354,718,,,,,,,,,,,,,,,,,,,,,,,,,,,,,,,,,,,,,,,,,,,,,,,,,,,,,,,,,,,,,,,,,,,,,,,,,,,,,
,718,,,,,,718,0.056523751467466354,0.056523751467466354,-0.0023762856144458055,0.00026144125149585307,0.056523751467466354,,,,,,,,,,,,,,,,,,,,,,,,,,,,,,,,,,,,,,,,,,,,,,,,,,,,,,,,,,,,,,,,,,,,,,,,
0.00022263034005759786,719,,,,,,,,,,,,,,,,,,,,,,,,,,,,,,,,,,,,,,,,,,,,,,,,,,,,,,,,,,,,,,,,,,,,,,,,,,,,,,,,,,,
,719,0.29631030559539795,0.29631030559539795,-0.0023812055587768555,0.004455748945474625,0.29631030559539795,719,,,,,,,,,,,,,,,,,,,,,,,,,,,,,,,,,,,,,,,,,,,,,,,,,,,,,,,,,,,,,,,,,,,,,,,,,,,,,
,719,,,,,,719,0.29631030559539795,0.29631030559539795,-0.0023812055587768555,0.004455748945474625,0.29631030559539795,,,,,,,,,,,,,,,,,,,,,,,,,,,,,,,,,,,,,,,,,,,,,,,,,,,,,,,,,,,,,,,,,,,,,,,,
0.00022118314471636214,720,,,,,,,,,,,,,,,,,,,,,,,,,,,,,,,,,,,,,,,,,,,,,,,,,,,,,,,,,,,,,,,,,,,,,,,,,,,,,,,,,,,
,720,0.05428013205528259,0.05428013205528259,-0.0023861133959144354,0.0003767749003600329,0.05428013205528259,720,,,,,,,,,,,,,,,,,,,,,,,,,,,,,,,,,,,,,,,,,,,,,,,,,,,,,,,,,,,,,,,,,,,,,,,,,,,,,
,720,,,,,,720,0.05428013205528259,0.05428013205528259,-0.0023861133959144354,0.0003767749003600329,0.05428013205528259,,,,,,,,,,,,,,,,,,,,,,,,,,,,,,,,,,,,,,,,,,,,,,,,,,,,,,,,,,,,,,,,,,,,,,,,
0.00021973935276286082,721,,,,,,,,,,,,,,,,,,,,,,,,,,,,,,,,,,,,,,,,,,,,,,,,,,,,,,,,,,,,,,,,,,,,,,,,,,,,,,,,,,,
,721,0.062108736485242844,0.062108736485242844,-0.002391006564721465,0.00026713780243881047,0.062108736485242844,721,,,,,,,,,,,,,,,,,,,,,,,,,,,,,,,,,,,,,,,,,,,,,,,,,,,,,,,,,,,,,,,,,,,,,,,,,,,,,
,721,,,,,,721,0.062108736485242844,0.062108736485242844,-0.002391006564721465,0.00026713780243881047,0.062108736485242844,,,,,,,,,,,,,,,,,,,,,,,,,,,,,,,,,,,,,,,,,,,,,,,,,,,,,,,,,,,,,,,,,,,,,,,,
0.00021829898178924364,722,,,,,,,,,,,,,,,,,,,,,,,,,,,,,,,,,,,,,,,,,,,,,,,,,,,,,,,,,,,,,,,,,,,,,,,,,,,,,,,,,,,
,722,0.060944296419620514,0.04921465739607811,-0.00239588413387537,0.000264419533777982,0.04921465739607811,722,,,,,,,,,,,,,,,,,,,,,,,,,,,,,,,,,,,,,,,,,,,,,,,,,,,,,,,,,,,,,,,,,,,,,,,,,,,,,
,722,,,,,,722,0.060944296419620514,0.04921465739607811,-0.00239588413387537,0.000264419533777982,0.04921465739607811,,,,,,,,,,,,,,,,,,,,,,,,,,,,,,,,,,,,,,,,,,,,,,,,,,,,,,,,,,,,,,,,,,,,,,,,
0.00021686204934597602,723,,,,,,,,,,,,,,,,,,,,,,,,,,,,,,,,,,,,,,,,,,,,,,,,,,,,,,,,,,,,,,,,,,,,,,,,,,,,,,,,,,,
,723,0.05390746518969536,0.05390746518969536,-0.0024006685707718134,0.0003465216141194105,0.05390746518969536,723,,,,,,,,,,,,,,,,,,,,,,,,,,,,,,,,,,,,,,,,,,,,,,,,,,,,,,,,,,,,,,,,,,,,,,,,,,,,,
,723,,,,,,723,0.05390746518969536,0.05390746518969536,-0.0024006685707718134,0.0003465216141194105,0.05390746518969536,,,,,,,,,,,,,,,,,,,,,,,,,,,,,,,,,,,,,,,,,,,,,,,,,,,,,,,,,,,,,,,,,,,,,,,,
0.00021542857294162653,724,,,,,,,,,,,,,,,,,,,,,,,,,,,,,,,,,,,,,,,,,,,,,,,,,,,,,,,,,,,,,,,,,,,,,,,,,,,,,,,,,,,
,724,0.08962129801511765,0.08962129801511765,-0.0024054422974586487,0.0004450208507478237,0.08962129801511765,724,,,,,,,,,,,,,,,,,,,,,,,,,,,,,,,,,,,,,,,,,,,,,,,,,,,,,,,,,,,,,,,,,,,,,,,,,,,,,
,724,,,,,,724,0.08962129801511765,0.08962129801511765,-0.0024054422974586487,0.0004450208507478237,0.08962129801511765,,,,,,,,,,,,,,,,,,,,,,,,,,,,,,,,,,,,,,,,,,,,,,,,,,,,,,,,,,,,,,,,,,,,,,,,
0.00021399857004265256,725,,,,,,,,,,,,,,,,,,,,,,,,,,,,,,,,,,,,,,,,,,,,,,,,,,,,,,,,,,,,,,,,,,,,,,,,,,,,,,,,,,,
,725,0.22104164958000183,0.21626779437065125,-0.0024102029856294394,0.0025848837103694677,0.21626779437065125,725,,,,,,,,,,,,,,,,,,,,,,,,,,,,,,,,,,,,,,,,,,,,,,,,,,,,,,,,,,,,,,,,,,,,,,,,,,,,,
,725,,,,,,725,0.22104164958000183,0.21626779437065125,-0.0024102029856294394,0.0025848837103694677,0.21626779437065125,,,,,,,,,,,,,,,,,,,,,,,,,,,,,,,,,,,,,,,,,,,,,,,,,,,,,,,,,,,,,,,,,,,,,,,,
0.00021257205807318844,726,,,,,,,,,,,,,,,,,,,,,,,,,,,,,,,,,,,,,,,,,,,,,,,,,,,,,,,,,,,,,,,,,,,,,,,,,,,,,,,,,,,
,726,0.20175322890281677,0.20175322890281677,-0.0024147937074303627,0.0023155149538069963,0.20175322890281677,726,,,,,,,,,,,,,,,,,,,,,,,,,,,,,,,,,,,,,,,,,,,,,,,,,,,,,,,,,,,,,,,,,,,,,,,,,,,,,
,726,,,,,,726,0.20175322890281677,0.20175322890281677,-0.0024147937074303627,0.0023155149538069963,0.20175322890281677,,,,,,,,,,,,,,,,,,,,,,,,,,,,,,,,,,,,,,,,,,,,,,,,,,,,,,,,,,,,,,,,,,,,,,,,
0.000211149054414832,727,,,,,,,,,,,,,,,,,,,,,,,,,,,,,,,,,,,,,,,,,,,,,,,,,,,,,,,,,,,,,,,,,,,,,,,,,,,,,,,,,,,
,727,0.058147259056568146,0.058147259056568146,-0.002419384429231286,0.0003127522359136492,0.058147259056568146,727,,,,,,,,,,,,,,,,,,,,,,,,,,,,,,,,,,,,,,,,,,,,,,,,,,,,,,,,,,,,,,,,,,,,,,,,,,,,,
,727,,,,,,727,0.058147259056568146,0.058147259056568146,-0.002419384429231286,0.0003127522359136492,0.058147259056568146,,,,,,,,,,,,,,,,,,,,,,,,,,,,,,,,,,,,,,,,,,,,,,,,,,,,,,,,,,,,,,,,,,,,,,,,
0.00020972957640643414,728,,,,,,,,,,,,,,,,,,,,,,,,,,,,,,,,,,,,,,,,,,,,,,,,,,,,,,,,,,,,,,,,,,,,,,,,,,,,,,,,,,,
,728,0.061329226940870285,0.06724219769239426,-0.0024239723570644855,0.0002776915789581835,0.06724219769239426,728,,,,,,,,,,,,,,,,,,,,,,,,,,,,,,,,,,,,,,,,,,,,,,,,,,,,,,,,,,,,,,,,,,,,,,,,,,,,,
,728,,,,,,728,0.061329226940870285,0.06724219769239426,-0.0024239723570644855,0.0002776915789581835,0.06724219769239426,,,,,,,,,,,,,,,,,,,,,,,,,,,,,,,,,,,,,,,,,,,,,,,,,,,,,,,,,,,,,,,,,,,,,,,,
0.000208313641343886,729,,,,,,,,,,,,,,,,,,,,,,,,,,,,,,,,,,,,,,,,,,,,,,,,,,,,,,,,,,,,,,,,,,,,,,,,,,,,,,,,,,,
,729,0.06410843133926392,0.06410843133926392,-0.00242855423130095,0.00027333624893799424,0.06410843133926392,729,,,,,,,,,,,,,,,,,,,,,,,,,,,,,,,,,,,,,,,,,,,,,,,,,,,,,,,,,,,,,,,,,,,,,,,,,,,,,
,729,,,,,,729,0.06410843133926392,0.06410843133926392,-0.00242855423130095,0.00027333624893799424,0.06410843133926392,,,,,,,,,,,,,,,,,,,,,,,,,,,,,,,,,,,,,,,,,,,,,,,,,,,,,,,,,,,,,,,,,,,,,,,,
0.00020690126647990986,730,,,,,,,,,,,,,,,,,,,,,,,,,,,,,,,,,,,,,,,,,,,,,,,,,,,,,,,,,,,,,,,,,,,,,,,,,,,,,,,,,,,
,730,0.19508403539657593,0.18620817363262177,-0.002433127723634243,0.0020368993282318115,0.18620817363262177,730,,,,,,,,,,,,,,,,,,,,,,,,,,,,,,,,,,,,,,,,,,,,,,,,,,,,,,,,,,,,,,,,,,,,,,,,,,,,,
,730,,,,,,730,0.19508403539657593,0.18620817363262177,-0.002433127723634243,0.0020368993282318115,0.18620817363262177,,,,,,,,,,,,,,,,,,,,,,,,,,,,,,,,,,,,,,,,,,,,,,,,,,,,,,,,,,,,,,,,,,,,,,,,
0.0002054924690238475,731,,,,,,,,,,,,,,,,,,,,,,,,,,,,,,,,,,,,,,,,,,,,,,,,,,,,,,,,,,,,,,,,,,,,,,,,,,,,,,,,,,,
,731,0.06951533257961273,0.06951533257961273,-0.002437617862597108,0.0002986436593346298,0.06951533257961273,731,,,,,,,,,,,,,,,,,,,,,,,,,,,,,,,,,,,,,,,,,,,,,,,,,,,,,,,,,,,,,,,,,,,,,,,,,,,,,
,731,,,,,,731,0.06951533257961273,0.06951533257961273,-0.002437617862597108,0.0002986436593346298,0.06951533257961273,,,,,,,,,,,,,,,,,,,,,,,,,,,,,,,,,,,,,,,,,,,,,,,,,,,,,,,,,,,,,,,,,,,,,,,,
0.0002040872661414513,732,,,,,,,,,,,,,,,,,,,,,,,,,,,,,,,,,,,,,,,,,,,,,,,,,,,,,,,,,,,,,,,,,,,,,,,,,,,,,,,,,,,
,732,0.0587482675909996,0.06314435601234436,-0.002442103112116456,0.0002660052850842476,0.06314435601234436,732,,,,,,,,,,,,,,,,,,,,,,,,,,,,,,,,,,,,,,,,,,,,,,,,,,,,,,,,,,,,,,,,,,,,,,,,,,,,,
,732,,,,,,732,0.0587482675909996,0.06314435601234436,-0.002442103112116456,0.0002660052850842476,0.06314435601234436,,,,,,,,,,,,,,,,,,,,,,,,,,,,,,,,,,,,,,,,,,,,,,,,,,,,,,,,,,,,,,,,,,,,,,,,
0.00020268567495467516,733,,,,,,,,,,,,,,,,,,,,,,,,,,,,,,,,,,,,,,,,,,,,,,,,,,,,,,,,,,,,,,,,,,,,,,,,,,,,,,,,,,,
,733,0.056572671979665756,0.056572671979665756,-0.0024463555309921503,0.00039832989568822086,0.056572671979665756,733,,,,,,,,,,,,,,,,,,,,,,,,,,,,,,,,,,,,,,,,,,,,,,,,,,,,,,,,,,,,,,,,,,,,,,,,,,,,,
,733,,,,,,733,0.056572671979665756,0.056572671979665756,-0.0024463555309921503,0.00039832989568822086,0.056572671979665756,,,,,,,,,,,,,,,,,,,,,,,,,,,,,,,,,,,,,,,,,,,,,,,,,,,,,,,,,,,,,,,,,,,,,,,,
0.00020128771254146507,734,,,,,,,,,,,,,,,,,,,,,,,,,,,,,,,,,,,,,,,,,,,,,,,,,,,,,,,,,,,,,,,,,,,,,,,,,,,,,,,,,,,
,734,0.08837010711431503,0.08188728988170624,-0.0024506214540451765,0.0004481128416955471,0.08188728988170624,734,,,,,,,,,,,,,,,,,,,,,,,,,,,,,,,,,,,,,,,,,,,,,,,,,,,,,,,,,,,,,,,,,,,,,,,,,,,,,
,734,,,,,,734,0.08837010711431503,0.08188728988170624,-0.0024506214540451765,0.0004481128416955471,0.08188728988170624,,,,,,,,,,,,,,,,,,,,,,,,,,,,,,,,,,,,,,,,,,,,,,,,,,,,,,,,,,,,,,,,,,,,,,,,
0.00019989339593555214,735,,,,,,,,,,,,,,,,,,,,,,,,,,,,,,,,,,,,,,,,,,,,,,,,,,,,,,,,,,,,,,,,,,,,,,,,,,,,,,,,,,,
,735,0.09648346155881882,0.09855092316865921,-0.002454770263284445,0.0005362824886105955,0.09855092316865921,735,,,,,,,,,,,,,,,,,,,,,,,,,,,,,,,,,,,,,,,,,,,,,,,,,,,,,,,,,,,,,,,,,,,,,,,,,,,,,
,735,,,,,,735,0.09648346155881882,0.09855092316865921,-0.002454770263284445,0.0005362824886105955,0.09855092316865921,,,,,,,,,,,,,,,,,,,,,,,,,,,,,,,,,,,,,,,,,,,,,,,,,,,,,,,,,,,,,,,,,,,,,,,,
0.00019850274212624393,736,,,,,,,,,,,,,,,,,,,,,,,,,,,,,,,,,,,,,,,,,,,,,,,,,,,,,,,,,,,,,,,,,,,,,,,,,,,,,,,,,,,
,736,0.05316264554858208,0.05316264554858208,-0.0024589374661445618,0.00031956692691892385,0.05316264554858208,736,,,,,,,,,,,,,,,,,,,,,,,,,,,,,,,,,,,,,,,,,,,,,,,,,,,,,,,,,,,,,,,,,,,,,,,,,,,,,
,736,,,,,,736,0.05316264554858208,0.05316264554858208,-0.0024589374661445618,0.00031956692691892385,0.05316264554858208,,,,,,,,,,,,,,,,,,,,,,,,,,,,,,,,,,,,,,,,,,,,,,,,,,,,,,,,,,,,,,,,,,,,,,,,
0.00019711576805821857,737,,,,,,,,,,,,,,,,,,,,,,,,,,,,,,,,,,,,,,,,,,,,,,,,,,,,,,,,,,,,,,,,,,,,,,,,,,,,,,,,,,,
,737,0.052069928497076035,0.052069928497076035,-0.0024631184060126543,0.00031605648109689355,0.052069928497076035,737,,,,,,,,,,,,,,,,,,,,,,,,,,,,,,,,,,,,,,,,,,,,,,,,,,,,,,,,,,,,,,,,,,,,,,,,,,,,,
,737,,,,,,737,0.052069928497076035,0.052069928497076035,-0.0024631184060126543,0.00031605648109689355,0.052069928497076035,,,,,,,,,,,,,,,,,,,,,,,,,,,,,,,,,,,,,,,,,,,,,,,,,,,,,,,,,,,,,,,,,,,,,,,,
0.000195732490631317,738,,,,,,,,,,,,,,,,,,,,,,,,,,,,,,,,,,,,,,,,,,,,,,,,,,,,,,,,,,,,,,,,,,,,,,,,,,,,,,,,,,,
,738,0.05361701175570488,0.044911034405231476,-0.0024673081934452057,0.00024859036784619093,0.044911034405231476,738,,,,,,,,,,,,,,,,,,,,,,,,,,,,,,,,,,,,,,,,,,,,,,,,,,,,,,,,,,,,,,,,,,,,,,,,,,,,,
,738,,,,,,738,0.05361701175570488,0.044911034405231476,-0.0024673081934452057,0.00024859036784619093,0.044911034405231476,,,,,,,,,,,,,,,,,,,,,,,,,,,,,,,,,,,,,,,,,,,,,,,,,,,,,,,,,,,,,,,,,,,,,,,,
0.00019435292670033852,739,,,,,,,,,,,,,,,,,,,,,,,,,,,,,,,,,,,,,,,,,,,,,,,,,,,,,,,,,,,,,,,,,,,,,,,,,,,,,,,,,,,
,739,0.05410413071513176,0.05410413071513176,-0.002471387851983309,0.00024446635507047176,0.05410413071513176,739,,,,,,,,,,,,,,,,,,,,,,,,,,,,,,,,,,,,,,,,,,,,,,,,,,,,,,,,,,,,,,,,,,,,,,,,,,,,,
,739,,,,,,739,0.05410413071513176,0.05410413071513176,-0.002471387851983309,0.00024446635507047176,0.05410413071513176,,,,,,,,,,,,,,,,,,,,,,,,,,,,,,,,,,,,,,,,,,,,,,,,,,,,,,,,,,,,,,,,,,,,,,,,
0.00019297709307483383,740,,,,,,,,,,,,,,,,,,,,,,,,,,,,,,,,,,,,,,,,,,,,,,,,,,,,,,,,,,,,,,,,,,,,,,,,,,,,,,,,,,,
,740,0.049990564584732056,0.049990564584732056,-0.0024754807818681,0.0003291832690592855,0.049990564584732056,740,,,,,,,,,,,,,,,,,,,,,,,,,,,,,,,,,,,,,,,,,,,,,,,,,,,,,,,,,,,,,,,,,,,,,,,,,,,,,
,740,,,,,,740,0.049990564584732056,0.049990564584732056,-0.0024754807818681,0.0003291832690592855,0.049990564584732056,,,,,,,,,,,,,,,,,,,,,,,,,,,,,,,,,,,,,,,,,,,,,,,,,,,,,,,,,,,,,,,,,,,,,,,,
0.00019160500651890176,741,,,,,,,,,,,,,,,,,,,,,,,,,,,,,,,,,,,,,,,,,,,,,,,,,,,,,,,,,,,,,,,,,,,,,,,,,,,,,,,,,,,
,741,0.05014116317033768,0.05014116317033768,-0.002479582792147994,0.00048546012840233743,0.05014116317033768,741,,,,,,,,,,,,,,,,,,,,,,,,,,,,,,,,,,,,,,,,,,,,,,,,,,,,,,,,,,,,,,,,,,,,,,,,,,,,,
,741,,,,,,741,0.05014116317033768,0.05014116317033768,-0.002479582792147994,0.00048546012840233743,0.05014116317033768,,,,,,,,,,,,,,,,,,,,,,,,,,,,,,,,,,,,,,,,,,,,,,,,,,,,,,,,,,,,,,,,,,,,,,,,
0.00019023668375098415,742,,,,,,,,,,,,,,,,,,,,,,,,,,,,,,,,,,,,,,,,,,,,,,,,,,,,,,,,,,,,,,,,,,,,,,,,,,,,,,,,,,,
,742,0.049206268042325974,0.036723751574754715,-0.0024836903903633356,0.00046911806566640735,0.036723751574754715,742,,,,,,,,,,,,,,,,,,,,,,,,,,,,,,,,,,,,,,,,,,,,,,,,,,,,,,,,,,,,,,,,,,,,,,,,,,,,,
,742,,,,,,742,0.049206268042325974,0.036723751574754715,-0.0024836903903633356,0.00046911806566640735,0.036723751574754715,,,,,,,,,,,,,,,,,,,,,,,,,,,,,,,,,,,,,,,,,,,,,,,,,,,,,,,,,,,,,,,,,,,,,,,,
0.0001888721414436617,743,,,,,,,,,,,,,,,,,,,,,,,,,,,,,,,,,,,,,,,,,,,,,,,,,,,,,,,,,,,,,,,,,,,,,,,,,,,,,,,,,,,
,743,0.07461042702198029,0.07461042702198029,-0.0024876247625797987,0.0003482351603452116,0.07461042702198029,743,,,,,,,,,,,,,,,,,,,,,,,,,,,,,,,,,,,,,,,,,,,,,,,,,,,,,,,,,,,,,,,,,,,,,,,,,,,,,
,743,,,,,,743,0.07461042702198029,0.07461042702198029,-0.0024876247625797987,0.0003482351603452116,0.07461042702198029,,,,,,,,,,,,,,,,,,,,,,,,,,,,,,,,,,,,,,,,,,,,,,,,,,,,,,,,,,,,,,,,,,,,,,,,
0.00018751139622345212,744,,,,,,,,,,,,,,,,,,,,,,,,,,,,,,,,,,,,,,,,,,,,,,,,,,,,,,,,,,,,,,,,,,,,,,,,,,,,,,,,,,,
,744,0.09765036404132843,0.10807910561561584,-0.002491576364263892,0.000583826273214072,0.10807910561561584,744,,,,,,,,,,,,,,,,,,,,,,,,,,,,,,,,,,,,,,,,,,,,,,,,,,,,,,,,,,,,,,,,,,,,,,,,,,,,,
,744,,,,,,744,0.09765036404132843,0.10807910561561584,-0.002491576364263892,0.000583826273214072,0.10807910561561584,,,,,,,,,,,,,,,,,,,,,,,,,,,,,,,,,,,,,,,,,,,,,,,,,,,,,,,,,,,,,,,,,,,,,,,,
0.00018615446467060642,745,,,,,,,,,,,,,,,,,,,,,,,,,,,,,,,,,,,,,,,,,,,,,,,,,,,,,,,,,,,,,,,,,,,,,,,,,,,,,,,,,,,
,745,0.04815855622291565,0.04815855622291565,-0.0024955393746495247,0.0003432621306274086,0.04815855622291565,745,,,,,,,,,,,,,,,,,,,,,,,,,,,,,,,,,,,,,,,,,,,,,,,,,,,,,,,,,,,,,,,,,,,,,,,,,,,,,
,745,,,,,,745,0.04815855622291565,0.04815855622291565,-0.0024955393746495247,0.0003432621306274086,0.04815855622291565,,,,,,,,,,,,,,,,,,,,,,,,,,,,,,,,,,,,,,,,,,,,,,,,,,,,,,,,,,,,,,,,,,,,,,,,
0.0001848013633189071,746,,,,,,,,,,,,,,,,,,,,,,,,,,,,,,,,,,,,,,,,,,,,,,,,,,,,,,,,,,,,,,,,,,,,,,,,,,,,,,,,,,,
,746,0.09765434265136719,0.08807221055030823,-0.0024995103012770414,0.0005877242074348032,0.08807221055030823,746,,,,,,,,,,,,,,,,,,,,,,,,,,,,,,,,,,,,,,,,,,,,,,,,,,,,,,,,,,,,,,,,,,,,,,,,,,,,,
,746,,,,,,746,0.09765434265136719,0.08807221055030823,-0.0024995103012770414,0.0005877242074348032,0.08807221055030823,,,,,,,,,,,,,,,,,,,,,,,,,,,,,,,,,,,,,,,,,,,,,,,,,,,,,,,,,,,,,,,,,,,,,,,,
0.00018345210865546754,747,,,,,,,,,,,,,,,,,,,,,,,,,,,,,,,,,,,,,,,,,,,,,,,,,,,,,,,,,,,,,,,,,,,,,,,,,,,,,,,,,,,
,747,0.04733995348215103,0.04733995348215103,-0.0025033829733729362,0.0003193845332134515,0.04733995348215103,747,,,,,,,,,,,,,,,,,,,,,,,,,,,,,,,,,,,,,,,,,,,,,,,,,,,,,,,,,,,,,,,,,,,,,,,,,,,,,
,747,,,,,,747,0.04733995348215103,0.04733995348215103,-0.0025033829733729362,0.0003193845332134515,0.04733995348215103,,,,,,,,,,,,,,,,,,,,,,,,,,,,,,,,,,,,,,,,,,,,,,,,,,,,,,,,,,,,,,,,,,,,,,,,
0.00018210671712052962,748,,,,,,,,,,,,,,,,,,,,,,,,,,,,,,,,,,,,,,,,,,,,,,,,,,,,,,,,,,,,,,,,,,,,,,,,,,,,,,,,,,,
,748,0.04780372232198715,0.04780372232198715,-0.002507266588509083,0.00031733419746160507,0.04780372232198715,748,,,,,,,,,,,,,,,,,,,,,,,,,,,,,,,,,,,,,,,,,,,,,,,,,,,,,,,,,,,,,,,,,,,,,,,,,,,,,
,748,,,,,,748,0.04780372232198715,0.04780372232198715,-0.002507266588509083,0.00031733419746160507,0.04780372232198715,,,,,,,,,,,,,,,,,,,,,,,,,,,,,,,,,,,,,,,,,,,,,,,,,,,,,,,,,,,,,,,,,,,,,,,,
0.00018076520510726496,749,,,,,,,,,,,,,,,,,,,,,,,,,,,,,,,,,,,,,,,,,,,,,,,,,,,,,,,,,,,,,,,,,,,,,,,,,,,,,,,,,,,
,749,0.04962031543254852,0.06228490546345711,-0.002511157188564539,0.00024161745386663824,0.06228490546345711,749,,,,,,,,,,,,,,,,,,,,,,,,,,,,,,,,,,,,,,,,,,,,,,,,,,,,,,,,,,,,,,,,,,,,,,,,,,,,,
,749,,,,,,749,,,,,,0.09523320198059082,0.09523320198059082,-0.0025150515139102936,0.0008192947716452181,0.09523320198059082,0.046174876391887665,0.05140211805701256,-0.0025150515139102936,0.00022528499539475888,0.05140211805701256,-0.08330570161342621,0.04964527115225792,0.1238846555352211,0.21251535415649414,0.14602619409561157,0.06757862865924835,0.04360056295990944,0.028301887214183807,0.0018115940038114786,0.08330570161342621,0.5555819869041443,0.24502746760845184,0.10347297042608261,0.06761177629232407,0.04759746044874191,0.008298751898109913,0.17126506567001343,0.2560407519340515,0.2654694616794586,0.16304653882980347,0.10934744030237198,0.06525792181491852,0.002312138443812728,0.14357903599739075,9.80002498626709,1.7731660604476929,0.8382617831230164,0.7957496643066406,1.1072611808776855,26.813085556030273,6.854591369628906,-0.12222982943058014,0.07681217044591904,0.15803800523281097,0.2700040638446808,0.2106408178806305,0.1164298728108406,0.08067698031663895,0.04743311554193497,0.008194138295948505,0.12222982943058014,0.7919391393661499,0.504356861114502,0.286072313785553,0.21183206140995026,0.14868541061878204,0.1078837662935257,0.3417949378490448,0.29061955213546753,0.2656257748603821,0.1641162633895874,0.11528190225362778,0.06511812657117844,0.008789722807705402,0.15159189701080322,15.455499649047852,7.503856182098389,6.324082851409912,7.027651786804199,10.851305961608887,313.5530090332031,60.11923599243164
,749,,,,,,749,0.04962031543254852,0.06228490546345711,-0.002511157188564539,0.00024161745386663824,0.06228490546345711,,,,,,,,,,,,,,,,,,,,,,,,,,,,,,,,,,,,,,,,,,,,,,,,,,,,,,,,,,,,,,,,,,,,,,,,
0.00017942758896157373,750,,,,,,,,,,,,,,,,,,,,,,,,,,,,,,,,,,,,,,,,,,,,,,,,,,,,,,,,,,,,,,,,,,,,,,,,,,,,,,,,,,,
,750,0.046579547226428986,0.05026766285300255,-0.0025150515139102936,0.0004313205135986209,0.05026766285300255,750,,,,,,,,,,,,,,,,,,,,,,,,,,,,,,,,,,,,,,,,,,,,,,,,,,,,,,,,,,,,,,,,,,,,,,,,,,,,,
,750,,,,,,750,0.046579547226428986,0.05026766285300255,-0.0025150515139102936,0.0004313205135986209,0.05026766285300255,,,,,,,,,,,,,,,,,,,,,,,,,,,,,,,,,,,,,,,,,,,,,,,,,,,,,,,,,,,,,,,,,,,,,,,,
0.00017809388498188692,751,,,,,,,,,,,,,,,,,,,,,,,,,,,,,,,,,,,,,,,,,,,,,,,,,,,,,,,,,,,,,,,,,,,,,,,,,,,,,,,,,,,
,751,0.06804779171943665,0.06804779171943665,-0.0025188401341438293,0.0003066078061237931,0.06804779171943665,751,,,,,,,,,,,,,,,,,,,,,,,,,,,,,,,,,,,,,,,,,,,,,,,,,,,,,,,,,,,,,,,,,,,,,,,,,,,,,
,751,,,,,,751,0.06804779171943665,0.06804779171943665,-0.0025188401341438293,0.0003066078061237931,0.06804779171943665,,,,,,,,,,,,,,,,,,,,,,,,,,,,,,,,,,,,,,,,,,,,,,,,,,,,,,,,,,,,,,,,,,,,,,,,
0.00017676410941896642,752,,,,,,,,,,,,,,,,,,,,,,,,,,,,,,,,,,,,,,,,,,,,,,,,,,,,,,,,,,,,,,,,,,,,,,,,,,,,,,,,,,,
,752,0.10408787429332733,0.10408787429332733,-0.002522636903449893,0.0006726682768203318,0.10408787429332733,752,,,,,,,,,,,,,,,,,,,,,,,,,,,,,,,,,,,,,,,,,,,,,,,,,,,,,,,,,,,,,,,,,,,,,,,,,,,,,
,752,,,,,,752,0.10408787429332733,0.10408787429332733,-0.002522636903449893,0.0006726682768203318,0.10408787429332733,,,,,,,,,,,,,,,,,,,,,,,,,,,,,,,,,,,,,,,,,,,,,,,,,,,,,,,,,,,,,,,,,,,,,,,,
0.00017543827847570748,753,,,,,,,,,,,,,,,,,,,,,,,,,,,,,,,,,,,,,,,,,,,,,,,,,,,,,,,,,,,,,,,,,,,,,,,,,,,,,,,,,,,
,753,0.054577331990003586,0.041090864688158035,-0.0025264378637075424,0.00023223434982355684,0.041090864688158035,753,,,,,,,,,,,,,,,,,,,,,,,,,,,,,,,,,,,,,,,,,,,,,,,,,,,,,,,,,,,,,,,,,,,,,,,,,,,,,
,753,,,,,,753,0.054577331990003586,0.041090864688158035,-0.0025264378637075424,0.00023223434982355684,0.041090864688158035,,,,,,,,,,,,,,,,,,,,,,,,,,,,,,,,,,,,,,,,,,,,,,,,,,,,,,,,,,,,,,,,,,,,,,,,
0.00017411640830694244,754,,,,,,,,,,,,,,,,,,,,,,,,,,,,,,,,,,,,,,,,,,,,,,,,,,,,,,,,,,,,,,,,,,,,,,,,,,,,,,,,,,,
,754,0.06820809841156006,0.06820809841156006,-0.002530239289626479,0.0003099934838246554,0.06820809841156006,754,,,,,,,,,,,,,,,,,,,,,,,,,,,,,,,,,,,,,,,,,,,,,,,,,,,,,,,,,,,,,,,,,,,,,,,,,,,,,
,754,,,,,,754,0.06820809841156006,0.06820809841156006,-0.002530239289626479,0.0003099934838246554,0.06820809841156006,,,,,,,,,,,,,,,,,,,,,,,,,,,,,,,,,,,,,,,,,,,,,,,,,,,,,,,,,,,,,,,,,,,,,,,,
0.0001727985150192418,755,,,,,,,,,,,,,,,,,,,,,,,,,,,,,,,,,,,,,,,,,,,,,,,,,,,,,,,,,,,,,,,,,,,,,,,,,,,,,,,,,,,
,755,0.0734059140086174,0.0734059140086174,-0.0025340381544083357,0.0003523117338772863,0.0734059140086174,755,,,,,,,,,,,,,,,,,,,,,,,,,,,,,,,,,,,,,,,,,,,,,,,,,,,,,,,,,,,,,,,,,,,,,,,,,,,,,
,755,,,,,,755,0.0734059140086174,0.0734059140086174,-0.0025340381544083357,0.0003523117338772863,0.0734059140086174,,,,,,,,,,,,,,,,,,,,,,,,,,,,,,,,,,,,,,,,,,,,,,,,,,,,,,,,,,,,,,,,,,,,,,,,
0.00017148461467071934,756,,,,,,,,,,,,,,,,,,,,,,,,,,,,,,,,,,,,,,,,,,,,,,,,,,,,,,,,,,,,,,,,,,,,,,,,,,,,,,,,,,,
,756,0.08773303031921387,0.09731201082468033,-0.002537831896916032,0.0004932192387059331,0.09731201082468033,756,,,,,,,,,,,,,,,,,,,,,,,,,,,,,,,,,,,,,,,,,,,,,,,,,,,,,,,,,,,,,,,,,,,,,,,,,,,,,
,756,,,,,,756,0.08773303031921387,0.09731201082468033,-0.002537831896916032,0.0004932192387059331,0.09731201082468033,,,,,,,,,,,,,,,,,,,,,,,,,,,,,,,,,,,,,,,,,,,,,,,,,,,,,,,,,,,,,,,,,,,,,,,,
0.00017017472327083592,757,,,,,,,,,,,,,,,,,,,,,,,,,,,,,,,,,,,,,,,,,,,,,,,,,,,,,,,,,,,,,,,,,,,,,,,,,,,,,,,,,,,
,757,0.05853347107768059,0.07047175616025925,-0.0025416184216737747,0.00024937940179370344,0.07047175616025925,757,,,,,,,,,,,,,,,,,,,,,,,,,,,,,,,,,,,,,,,,,,,,,,,,,,,,,,,,,,,,,,,,,,,,,,,,,,,,,
,757,,,,,,757,0.05853347107768059,0.07047175616025925,-0.0025416184216737747,0.00024937940179370344,0.07047175616025925,,,,,,,,,,,,,,,,,,,,,,,,,,,,,,,,,,,,,,,,,,,,,,,,,,,,,,,,,,,,,,,,,,,,,,,,
0.00016886885678020543,758,,,,,,,,,,,,,,,,,,,,,,,,,,,,,,,,,,,,,,,,,,,,,,,,,,,,,,,,,,,,,,,,,,,,,,,,,,,,,,,,,,,
,758,0.04609861224889755,0.04609861224889755,-0.002545395400375128,0.0004252023354638368,0.04609861224889755,758,,,,,,,,,,,,,,,,,,,,,,,,,,,,,,,,,,,,,,,,,,,,,,,,,,,,,,,,,,,,,,,,,,,,,,,,,,,,,
,758,,,,,,758,0.04609861224889755,0.04609861224889755,-0.002545395400375128,0.0004252023354638368,0.04609861224889755,,,,,,,,,,,,,,,,,,,,,,,,,,,,,,,,,,,,,,,,,,,,,,,,,,,,,,,,,,,,,,,,,,,,,,,,
0.00016756703111039866,759,,,,,,,,,,,,,,,,,,,,,,,,,,,,,,,,,,,,,,,,,,,,,,,,,,,,,,,,,,,,,,,,,,,,,,,,,,,,,,,,,,,
,759,0.04604506120085716,0.04604506120085716,-0.002549160737544298,0.00039003705023787916,0.04604506120085716,759,,,,,,,,,,,,,,,,,,,,,,,,,,,,,,,,,,,,,,,,,,,,,,,,,,,,,,,,,,,,,,,,,,,,,,,,,,,,,
,759,,,,,,759,0.04604506120085716,0.04604506120085716,-0.002549160737544298,0.00039003705023787916,0.04604506120085716,,,,,,,,,,,,,,,,,,,,,,,,,,,,,,,,,,,,,,,,,,,,,,,,,,,,,,,,,,,,,,,,,,,,,,,,
0.0001662692621237506,760,,,,,,,,,,,,,,,,,,,,,,,,,,,,,,,,,,,,,,,,,,,,,,,,,,,,,,,,,,,,,,,,,,,,,,,,,,,,,,,,,,,
,760,0.046160828322172165,0.046160828322172165,-0.0025529128033667803,0.0003139668551739305,0.046160828322172165,760,,,,,,,,,,,,,,,,,,,,,,,,,,,,,,,,,,,,,,,,,,,,,,,,,,,,,,,,,,,,,,,,,,,,,,,,,,,,,
,760,,,,,,760,0.046160828322172165,0.046160828322172165,-0.0025529128033667803,0.0003139668551739305,0.046160828322172165,,,,,,,,,,,,,,,,,,,,,,,,,,,,,,,,,,,,,,,,,,,,,,,,,,,,,,,,,,,,,,,,,,,,,,,,
0.0001649755656331666,761,,,,,,,,,,,,,,,,,,,,,,,,,,,,,,,,,,,,,,,,,,,,,,,,,,,,,,,,,,,,,,,,,,,,,,,,,,,,,,,,,,,
,761,0.10595840215682983,0.0984874814748764,-0.002556650200858712,0.0007181143155321479,0.0984874814748764,761,,,,,,,,,,,,,,,,,,,,,,,,,,,,,,,,,,,,,,,,,,,,,,,,,,,,,,,,,,,,,,,,,,,,,,,,,,,,,
,761,,,,,,761,0.10595840215682983,0.0984874814748764,-0.002556650200858712,0.0007181143155321479,0.0984874814748764,,,,,,,,,,,,,,,,,,,,,,,,,,,,,,,,,,,,,,,,,,,,,,,,,,,,,,,,,,,,,,,,,,,,,,,,
0.00016368595740193028,762,,,,,,,,,,,,,,,,,,,,,,,,,,,,,,,,,,,,,,,,,,,,,,,,,,,,,,,,,,,,,,,,,,,,,,,,,,,,,,,,,,,
,762,0.04608644172549248,0.04608644172549248,-0.0025602830573916435,0.0002903997083194554,0.04608644172549248,762,,,,,,,,,,,,,,,,,,,,,,,,,,,,,,,,,,,,,,,,,,,,,,,,,,,,,,,,,,,,,,,,,,,,,,,,,,,,,
,762,,,,,,762,0.04608644172549248,0.04608644172549248,-0.0025602830573916435,0.0002903997083194554,0.04608644172549248,,,,,,,,,,,,,,,,,,,,,,,,,,,,,,,,,,,,,,,,,,,,,,,,,,,,,,,,,,,,,,,,,,,,,,,,
0.00016240045314351115,763,,,,,,,,,,,,,,,,,,,,,,,,,,,,,,,,,,,,,,,,,,,,,,,,,,,,,,,,,,,,,,,,,,,,,,,,,,,,,,,,,,,
,763,0.044886983931064606,0.04954677075147629,-0.0025639082305133343,0.0002740582567639649,0.04954677075147629,763,,,,,,,,,,,,,,,,,,,,,,,,,,,,,,,,,,,,,,,,,,,,,,,,,,,,,,,,,,,,,,,,,,,,,,,,,,,,,
,763,,,,,,763,0.044886983931064606,0.04954677075147629,-0.0025639082305133343,0.0002740582567639649,0.04954677075147629,,,,,,,,,,,,,,,,,,,,,,,,,,,,,,,,,,,,,,,,,,,,,,,,,,,,,,,,,,,,,,,,,,,,,,,,
0.0001611190685213726,764,,,,,,,,,,,,,,,,,,,,,,,,,,,,,,,,,,,,,,,,,,,,,,,,,,,,,,,,,,,,,,,,,,,,,,,,,,,,,,,,,,,
,764,0.04535219818353653,0.04535219818353653,-0.002567424438893795,0.00038648248300887644,0.04535219818353653,764,,,,,,,,,,,,,,,,,,,,,,,,,,,,,,,,,,,,,,,,,,,,,,,,,,,,,,,,,,,,,,,,,,,,,,,,,,,,,
,764,,,,,,764,0.04535219818353653,0.04535219818353653,-0.002567424438893795,0.00038648248300887644,0.04535219818353653,,,,,,,,,,,,,,,,,,,,,,,,,,,,,,,,,,,,,,,,,,,,,,,,,,,,,,,,,,,,,,,,,,,,,,,,
0.0001598418191487822,765,,,,,,,,,,,,,,,,,,,,,,,,,,,,,,,,,,,,,,,,,,,,,,,,,,,,,,,,,,,,,,,,,,,,,,,,,,,,,,,,,,,
,765,0.04647637531161308,0.04647637531161308,-0.002570939250290394,0.00022931552666705102,0.04647637531161308,765,,,,,,,,,,,,,,,,,,,,,,,,,,,,,,,,,,,,,,,,,,,,,,,,,,,,,,,,,,,,,,,,,,,,,,,,,,,,,
,765,,,,,,765,0.04647637531161308,0.04647637531161308,-0.002570939250290394,0.00022931552666705102,0.04647637531161308,,,,,,,,,,,,,,,,,,,,,,,,,,,,,,,,,,,,,,,,,,,,,,,,,,,,,,,,,,,,,,,,,,,,,,,,
0.00015856872058862028,766,,,,,,,,,,,,,,,,,,,,,,,,,,,,,,,,,,,,,,,,,,,,,,,,,,,,,,,,,,,,,,,,,,,,,,,,,,,,,,,,,,,
,766,0.06543143838644028,0.06281910836696625,-0.0025744496379047632,0.0002973740629386157,0.06281910836696625,766,,,,,,,,,,,,,,,,,,,,,,,,,,,,,,,,,,,,,,,,,,,,,,,,,,,,,,,,,,,,,,,,,,,,,,,,,,,,,
,766,,,,,,766,0.06543143838644028,0.06281910836696625,-0.0025744496379047632,0.0002973740629386157,0.06281910836696625,,,,,,,,,,,,,,,,,,,,,,,,,,,,,,,,,,,,,,,,,,,,,,,,,,,,,,,,,,,,,,,,,,,,,,,,
0.0001572997883531909,767,,,,,,,,,,,,,,,,,,,,,,,,,,,,,,,,,,,,,,,,,,,,,,,,,,,,,,,,,,,,,,,,,,,,,,,,,,,,,,,,,,,
,767,0.063492551445961,0.042926009744405746,-0.0025778161361813545,0.00028170496807433665,0.042926009744405746,767,,,,,,,,,,,,,,,,,,,,,,,,,,,,,,,,,,,,,,,,,,,,,,,,,,,,,,,,,,,,,,,,,,,,,,,,,,,,,
,767,,,,,,767,0.063492551445961,0.042926009744405746,-0.0025778161361813545,0.00028170496807433665,0.042926009744405746,,,,,,,,,,,,,,,,,,,,,,,,,,,,,,,,,,,,,,,,,,,,,,,,,,,,,,,,,,,,,,,,,,,,,,,,
0.00015603503790403305,768,,,,,,,,,,,,,,,,,,,,,,,,,,,,,,,,,,,,,,,,,,,,,,,,,,,,,,,,,,,,,,,,,,,,,,,,,,,,,,,,,,,
,768,0.06096182391047478,0.06096182391047478,-0.0025810885708779097,0.0002650701208040118,0.06096182391047478,768,,,,,,,,,,,,,,,,,,,,,,,,,,,,,,,,,,,,,,,,,,,,,,,,,,,,,,,,,,,,,,,,,,,,,,,,,,,,,
,768,,,,,,768,0.06096182391047478,0.06096182391047478,-0.0025810885708779097,0.0002650701208040118,0.06096182391047478,,,,,,,,,,,,,,,,,,,,,,,,,,,,,,,,,,,,,,,,,,,,,,,,,,,,,,,,,,,,,,,,,,,,,,,,
0.000154774484651732,769,,,,,,,,,,,,,,,,,,,,,,,,,,,,,,,,,,,,,,,,,,,,,,,,,,,,,,,,,,,,,,,,,,,,,,,,,,,,,,,,,,,
,769,0.04451526701450348,0.03987286984920502,-0.0025843740440905094,0.0004268611373845488,0.03987286984920502,769,,,,,,,,,,,,,,,,,,,,,,,,,,,,,,,,,,,,,,,,,,,,,,,,,,,,,,,,,,,,,,,,,,,,,,,,,,,,,
,769,,,,,,769,0.04451526701450348,0.03987286984920502,-0.0025843740440905094,0.0004268611373845488,0.03987286984920502,,,,,,,,,,,,,,,,,,,,,,,,,,,,,,,,,,,,,,,,,,,,,,,,,,,,,,,,,,,,,,,,,,,,,,,,
0.0001535181439557311,770,,,,,,,,,,,,,,,,,,,,,,,,,,,,,,,,,,,,,,,,,,,,,,,,,,,,,,,,,,,,,,,,,,,,,,,,,,,,,,,,,,,
,770,0.18865518271923065,0.18027696013450623,-0.0025876678992062807,0.002185430843383074,0.18027696013450623,770,,,,,,,,,,,,,,,,,,,,,,,,,,,,,,,,,,,,,,,,,,,,,,,,,,,,,,,,,,,,,,,,,,,,,,,,,,,,,
,770,,,,,,770,0.18865518271923065,0.18027696013450623,-0.0025876678992062807,0.002185430843383074,0.18027696013450623,,,,,,,,,,,,,,,,,,,,,,,,,,,,,,,,,,,,,,,,,,,,,,,,,,,,,,,,,,,,,,,,,,,,,,,,
0.00015226603112414517,771,,,,,,,,,,,,,,,,,,,,,,,,,,,,,,,,,,,,,,,,,,,,,,,,,,,,,,,,,,,,,,,,,,,,,,,,,,,,,,,,,,,
,771,0.04480484127998352,0.02794843167066574,-0.002590922638773918,0.00043046713108196855,0.02794843167066574,771,,,,,,,,,,,,,,,,,,,,,,,,,,,,,,,,,,,,,,,,,,,,,,,,,,,,,,,,,,,,,,,,,,,,,,,,,,,,,
,771,,,,,,771,0.04480484127998352,0.02794843167066574,-0.002590922638773918,0.00043046713108196855,0.02794843167066574,,,,,,,,,,,,,,,,,,,,,,,,,,,,,,,,,,,,,,,,,,,,,,,,,,,,,,,,,,,,,,,,,,,,,,,,
0.00015101816141357402,772,,,,,,,,,,,,,,,,,,,,,,,,,,,,,,,,,,,,,,,,,,,,,,,,,,,,,,,,,,,,,,,,,,,,,,,,,,,,,,,,,,,
,772,0.04835325479507446,0.04793466255068779,-0.0025941459462046623,0.0002189378865296021,0.04793466255068779,772,,,,,,,,,,,,,,,,,,,,,,,,,,,,,,,,,,,,,,,,,,,,,,,,,,,,,,,,,,,,,,,,,,,,,,,,,,,,,
,772,,,,,,772,0.04835325479507446,0.04793466255068779,-0.0025941459462046623,0.0002189378865296021,0.04793466255068779,,,,,,,,,,,,,,,,,,,,,,,,,,,,,,,,,,,,,,,,,,,,,,,,,,,,,,,,,,,,,,,,,,,,,,,,
0.0001497745500289165,773,,,,,,,,,,,,,,,,,,,,,,,,,,,,,,,,,,,,,,,,,,,,,,,,,,,,,,,,,,,,,,,,,,,,,,,,,,,,,,,,,,,
,773,0.2607918977737427,0.2730312943458557,-0.002597230952233076,0.004221247509121895,0.2730312943458557,773,,,,,,,,,,,,,,,,,,,,,,,,,,,,,,,,,,,,,,,,,,,,,,,,,,,,,,,,,,,,,,,,,,,,,,,,,,,,,
,773,,,,,,773,0.2607918977737427,0.2730312943458557,-0.002597230952233076,0.004221247509121895,0.2730312943458557,,,,,,,,,,,,,,,,,,,,,,,,,,,,,,,,,,,,,,,,,,,,,,,,,,,,,,,,,,,,,,,,,,,,,,,,
0.00014853521212318467,774,,,,,,,,,,,,,,,,,,,,,,,,,,,,,,,,,,,,,,,,,,,,,,,,,,,,,,,,,,,,,,,,,,,,,,,,,,,,,,,,,,,
,774,0.04468318819999695,0.03789125010371208,-0.0026003343518823385,0.00039546069456264377,0.03789125010371208,774,,,,,,,,,,,,,,,,,,,,,,,,,,,,,,,,,,,,,,,,,,,,,,,,,,,,,,,,,,,,,,,,,,,,,,,,,,,,,
,774,,,,,,774,0.04468318819999695,0.03789125010371208,-0.0026003343518823385,0.00039546069456264377,0.03789125010371208,,,,,,,,,,,,,,,,,,,,,,,,,,,,,,,,,,,,,,,,,,,,,,,,,,,,,,,,,,,,,,,,,,,,,,,,
0.00014730016279731965,775,,,,,,,,,,,,,,,,,,,,,,,,,,,,,,,,,,,,,,,,,,,,,,,,,,,,,,,,,,,,,,,,,,,,,,,,,,,,,,,,,,,
,775,0.0473010390996933,0.041243042796850204,-0.0026034510228782892,0.00022175519552547485,0.041243042796850204,775,,,,,,,,,,,,,,,,,,,,,,,,,,,,,,,,,,,,,,,,,,,,,,,,,,,,,,,,,,,,,,,,,,,,,,,,,,,,,
,775,,,,,,775,0.0473010390996933,0.041243042796850204,-0.0026034510228782892,0.00022175519552547485,0.041243042796850204,,,,,,,,,,,,,,,,,,,,,,,,,,,,,,,,,,,,,,,,,,,,,,,,,,,,,,,,,,,,,,,,,,,,,,,,
0.00014606941710000785,776,,,,,,,,,,,,,,,,,,,,,,,,,,,,,,,,,,,,,,,,,,,,,,,,,,,,,,,,,,,,,,,,,,,,,,,,,,,,,,,,,,,
,776,0.047389328479766846,0.041608553379774094,-0.0026065038982778788,0.00022658865782432258,0.041608553379774094,776,,,,,,,,,,,,,,,,,,,,,,,,,,,,,,,,,,,,,,,,,,,,,,,,,,,,,,,,,,,,,,,,,,,,,,,,,,,,,
,776,,,,,,776,0.047389328479766846,0.041608553379774094,-0.0026065038982778788,0.00022658865782432258,0.041608553379774094,,,,,,,,,,,,,,,,,,,,,,,,,,,,,,,,,,,,,,,,,,,,,,,,,,,,,,,,,,,,,,,,,,,,,,,,
0.0001448429900274974,777,,,,,,,,,,,,,,,,,,,,,,,,,,,,,,,,,,,,,,,,,,,,,,,,,,,,,,,,,,,,,,,,,,,,,,,,,,,,,,,,,,,
,777,0.05147958919405937,0.05147958919405937,-0.0026095700450241566,0.00022189129958860576,0.05147958919405937,777,,,,,,,,,,,,,,,,,,,,,,,,,,,,,,,,,,,,,,,,,,,,,,,,,,,,,,,,,,,,,,,,,,,,,,,,,,,,,
,777,,,,,,777,0.05147958919405937,0.05147958919405937,-0.0026095700450241566,0.00022189129958860576,0.05147958919405937,,,,,,,,,,,,,,,,,,,,,,,,,,,,,,,,,,,,,,,,,,,,,,,,,,,,,,,,,,,,,,,,,,,,,,,,
0.00014362089652341495,778,,,,,,,,,,,,,,,,,,,,,,,,,,,,,,,,,,,,,,,,,,,,,,,,,,,,,,,,,,,,,,,,,,,,,,,,,,,,,,,,,,,
,778,0.0718570202589035,0.07987318933010101,-0.002612645737826824,0.00033965028706006706,0.07987318933010101,778,,,,,,,,,,,,,,,,,,,,,,,,,,,,,,,,,,,,,,,,,,,,,,,,,,,,,,,,,,,,,,,,,,,,,,,,,,,,,
,778,,,,,,778,0.0718570202589035,0.07987318933010101,-0.002612645737826824,0.00033965028706006706,0.07987318933010101,,,,,,,,,,,,,,,,,,,,,,,,,,,,,,,,,,,,,,,,,,,,,,,,,,,,,,,,,,,,,,,,,,,,,,,,
0.00014240315147858397,779,,,,,,,,,,,,,,,,,,,,,,,,,,,,,,,,,,,,,,,,,,,,,,,,,,,,,,,,,,,,,,,,,,,,,,,,,,,,,,,,,,,
,779,0.04481237381696701,0.03329380601644516,-0.002615726552903652,0.0003437682753428817,0.03329380601644516,779,,,,,,,,,,,,,,,,,,,,,,,,,,,,,,,,,,,,,,,,,,,,,,,,,,,,,,,,,,,,,,,,,,,,,,,,,,,,,
,779,,,,,,779,0.04481237381696701,0.03329380601644516,-0.002615726552903652,0.0003437682753428817,0.03329380601644516,,,,,,,,,,,,,,,,,,,,,,,,,,,,,,,,,,,,,,,,,,,,,,,,,,,,,,,,,,,,,,,,,,,,,,,,
0.00014118976973084385,780,,,,,,,,,,,,,,,,,,,,,,,,,,,,,,,,,,,,,,,,,,,,,,,,,,,,,,,,,,,,,,,,,,,,,,,,,,,,,,,,,,,
,780,0.0434487983584404,0.0434487983584404,-0.002618734957650304,0.000310959032503888,0.0434487983584404,780,,,,,,,,,,,,,,,,,,,,,,,,,,,,,,,,,,,,,,,,,,,,,,,,,,,,,,,,,,,,,,,,,,,,,,,,,,,,,
,780,,,,,,780,0.0434487983584404,0.0434487983584404,-0.002618734957650304,0.000310959032503888,0.0434487983584404,,,,,,,,,,,,,,,,,,,,,,,,,,,,,,,,,,,,,,,,,,,,,,,,,,,,,,,,,,,,,,,,,,,,,,,,
0.00013998076606486822,781,,,,,,,,,,,,,,,,,,,,,,,,,,,,,,,,,,,,,,,,,,,,,,,,,,,,,,,,,,,,,,,,,,,,,,,,,,,,,,,,,,,
,781,0.06745382398366928,0.06745382398366928,-0.0026217505801469088,0.00030857883393764496,0.06745382398366928,781,,,,,,,,,,,,,,,,,,,,,,,,,,,,,,,,,,,,,,,,,,,,,,,,,,,,,,,,,,,,,,,,,,,,,,,,,,,,,
,781,,,,,,781,0.06745382398366928,0.06745382398366928,-0.0026217505801469088,0.00030857883393764496,0.06745382398366928,,,,,,,,,,,,,,,,,,,,,,,,,,,,,,,,,,,,,,,,,,,,,,,,,,,,,,,,,,,,,,,,,,,,,,,,
0.0001387761552119852,782,,,,,,,,,,,,,,,,,,,,,,,,,,,,,,,,,,,,,,,,,,,,,,,,,,,,,,,,,,,,,,,,,,,,,,,,,,,,,,,,,,,
,782,0.05334953963756561,0.05334953963756561,-0.002624769229441881,0.00022645299031864852,0.05334953963756561,782,,,,,,,,,,,,,,,,,,,,,,,,,,,,,,,,,,,,,,,,,,,,,,,,,,,,,,,,,,,,,,,,,,,,,,,,,,,,,
,782,,,,,,782,0.05334953963756561,0.05334953963756561,-0.002624769229441881,0.00022645299031864852,0.05334953963756561,,,,,,,,,,,,,,,,,,,,,,,,,,,,,,,,,,,,,,,,,,,,,,,,,,,,,,,,,,,,,,,,,,,,,,,,
0.00013757595184999766,783,,,,,,,,,,,,,,,,,,,,,,,,,,,,,,,,,,,,,,,,,,,,,,,,,,,,,,,,,,,,,,,,,,,,,,,,,,,,,,,,,,,
,783,0.044253408908843994,0.04101486876606941,-0.0026277885772287846,0.0003457583661656827,0.04101486876606941,783,,,,,,,,,,,,,,,,,,,,,,,,,,,,,,,,,,,,,,,,,,,,,,,,,,,,,,,,,,,,,,,,,,,,,,,,,,,,,
,783,,,,,,783,0.044253408908843994,0.04101486876606941,-0.0026277885772287846,0.0003457583661656827,0.04101486876606941,,,,,,,,,,,,,,,,,,,,,,,,,,,,,,,,,,,,,,,,,,,,,,,,,,,,,,,,,,,,,,,,,,,,,,,,
0.00013638017060300513,784,,,,,,,,,,,,,,,,,,,,,,,,,,,,,,,,,,,,,,,,,,,,,,,,,,,,,,,,,,,,,,,,,,,,,,,,,,,,,,,,,,,
,784,0.10632594674825668,0.11825668066740036,-0.002630805131047964,0.0007118231733329594,0.11825668066740036,784,,,,,,,,,,,,,,,,,,,,,,,,,,,,,,,,,,,,,,,,,,,,,,,,,,,,,,,,,,,,,,,,,,,,,,,,,,,,,
,784,,,,,,784,0.10632594674825668,0.11825668066740036,-0.002630805131047964,0.0007118231733329594,0.11825668066740036,,,,,,,,,,,,,,,,,,,,,,,,,,,,,,,,,,,,,,,,,,,,,,,,,,,,,,,,,,,,,,,,,,,,,,,,
0.00013518882604122444,785,,,,,,,,,,,,,,,,,,,,,,,,,,,,,,,,,,,,,,,,,,,,,,,,,,,,,,,,,,,,,,,,,,,,,,,,,,,,,,,,,,,
,785,0.05263295769691467,0.05263295769691467,-0.0026338165625929832,0.00022375235857907683,0.05263295769691467,785,,,,,,,,,,,,,,,,,,,,,,,,,,,,,,,,,,,,,,,,,,,,,,,,,,,,,,,,,,,,,,,,,,,,,,,,,,,,,
,785,,,,,,785,0.05263295769691467,0.05263295769691467,-0.0026338165625929832,0.00022375235857907683,0.05263295769691467,,,,,,,,,,,,,,,,,,,,,,,,,,,,,,,,,,,,,,,,,,,,,,,,,,,,,,,,,,,,,,,,,,,,,,,,
0.00013400193268081327,786,,,,,,,,,,,,,,,,,,,,,,,,,,,,,,,,,,,,,,,,,,,,,,,,,,,,,,,,,,,,,,,,,,,,,,,,,,,,,,,,,,,
,786,0.044984202831983566,0.0253060944378376,-0.002636820776388049,0.0003443838213570416,0.0253060944378376,786,,,,,,,,,,,,,,,,,,,,,,,,,,,,,,,,,,,,,,,,,,,,,,,,,,,,,,,,,,,,,,,,,,,,,,,,,,,,,
,786,,,,,,786,0.044984202831983566,0.0253060944378376,-0.002636820776388049,0.0003443838213570416,0.0253060944378376,,,,,,,,,,,,,,,,,,,,,,,,,,,,,,,,,,,,,,,,,,,,,,,,,,,,,,,,,,,,,,,,,,,,,,,,
0.00013281950498369278,787,,,,,,,,,,,,,,,,,,,,,,,,,,,,,,,,,,,,,,,,,,,,,,,,,,,,,,,,,,,,,,,,,,,,,,,,,,,,,,,,,,,
,787,0.04549127817153931,0.0379180908203125,-0.0026397479232400656,0.00040822126902639866,0.0379180908203125,787,,,,,,,,,,,,,,,,,,,,,,,,,,,,,,,,,,,,,,,,,,,,,,,,,,,,,,,,,,,,,,,,,,,,,,,,,,,,,
,787,,,,,,787,0.04549127817153931,0.0379180908203125,-0.0026397479232400656,0.00040822126902639866,0.0379180908203125,,,,,,,,,,,,,,,,,,,,,,,,,,,,,,,,,,,,,,,,,,,,,,,,,,,,,,,,,,,,,,,,,,,,,,,,
0.00013164155735737122,788,,,,,,,,,,,,,,,,,,,,,,,,,,,,,,,,,,,,,,,,,,,,,,,,,,,,,,,,,,,,,,,,,,,,,,,,,,,,,,,,,,,
,788,0.049611881375312805,0.049611881375312805,-0.0026426708791404963,0.0002147110499208793,0.049611881375312805,788,,,,,,,,,,,,,,,,,,,,,,,,,,,,,,,,,,,,,,,,,,,,,,,,,,,,,,,,,,,,,,,,,,,,,,,,,,,,,
,788,,,,,,788,0.049611881375312805,0.049611881375312805,-0.0026426708791404963,0.0002147110499208793,0.049611881375312805,,,,,,,,,,,,,,,,,,,,,,,,,,,,,,,,,,,,,,,,,,,,,,,,,,,,,,,,,,,,,,,,,,,,,,,,
0.00013046810415476856,789,,,,,,,,,,,,,,,,,,,,,,,,,,,,,,,,,,,,,,,,,,,,,,,,,,,,,,,,,,,,,,,,,,,,,,,,,,,,,,,,,,,
,789,0.09114408493041992,0.09114408493041992,-0.0026455875486135483,0.0005379061913117766,0.09114408493041992,789,,,,,,,,,,,,,,,,,,,,,,,,,,,,,,,,,,,,,,,,,,,,,,,,,,,,,,,,,,,,,,,,,,,,,,,,,,,,,
,789,,,,,,789,0.09114408493041992,0.09114408493041992,-0.0026455875486135483,0.0005379061913117766,0.09114408493041992,,,,,,,,,,,,,,,,,,,,,,,,,,,,,,,,,,,,,,,,,,,,,,,,,,,,,,,,,,,,,,,,,,,,,,,,
0.00012929915967404158,790,,,,,,,,,,,,,,,,,,,,,,,,,,,,,,,,,,,,,,,,,,,,,,,,,,,,,,,,,,,,,,,,,,,,,,,,,,,,,,,,,,,
,790,0.04422902688384056,0.030629094690084457,-0.002648496301844716,0.0002438828960293904,0.030629094690084457,790,,,,,,,,,,,,,,,,,,,,,,,,,,,,,,,,,,,,,,,,,,,,,,,,,,,,,,,,,,,,,,,,,,,,,,,,,,,,,
,790,,,,,,790,0.04422902688384056,0.030629094690084457,-0.002648496301844716,0.0002438828960293904,0.030629094690084457,,,,,,,,,,,,,,,,,,,,,,,,,,,,,,,,,,,,,,,,,,,,,,,,,,,,,,,,,,,,,,,,,,,,,,,,
0.00012813473815841042,791,,,,,,,,,,,,,,,,,,,,,,,,,,,,,,,,,,,,,,,,,,,,,,,,,,,,,,,,,,,,,,,,,,,,,,,,,,,,,,,,,,,
,791,0.0458429753780365,0.0458429753780365,-0.002651394112035632,0.00022195247584022582,0.0458429753780365,791,,,,,,,,,,,,,,,,,,,,,,,,,,,,,,,,,,,,,,,,,,,,,,,,,,,,,,,,,,,,,,,,,,,,,,,,,,,,,
,791,,,,,,791,0.0458429753780365,0.0458429753780365,-0.002651394112035632,0.00022195247584022582,0.0458429753780365,,,,,,,,,,,,,,,,,,,,,,,,,,,,,,,,,,,,,,,,,,,,,,,,,,,,,,,,,,,,,,,,,,,,,,,,
0.00012697485379598345,792,,,,,,,,,,,,,,,,,,,,,,,,,,,,,,,,,,,,,,,,,,,,,,,,,,,,,,,,,,,,,,,,,,,,,,,,,,,,,,,,,,,
,792,0.042865436524152756,0.042865436524152756,-0.002654280513525009,0.00041741516906768084,0.042865436524152756,792,,,,,,,,,,,,,,,,,,,,,,,,,,,,,,,,,,,,,,,,,,,,,,,,,,,,,,,,,,,,,,,,,,,,,,,,,,,,,
,792,,,,,,792,0.042865436524152756,0.042865436524152756,-0.002654280513525009,0.00041741516906768084,0.042865436524152756,,,,,,,,,,,,,,,,,,,,,,,,,,,,,,,,,,,,,,,,,,,,,,,,,,,,,,,,,,,,,,,,,,,,,,,,
0.00012581952071958566,793,,,,,,,,,,,,,,,,,,,,,,,,,,,,,,,,,,,,,,,,,,,,,,,,,,,,,,,,,,,,,,,,,,,,,,,,,,,,,,,,,,,
,793,0.043169207870960236,0.043169207870960236,-0.002657154109328985,0.00027805124409496784,0.043169207870960236,793,,,,,,,,,,,,,,,,,,,,,,,,,,,,,,,,,,,,,,,,,,,,,,,,,,,,,,,,,,,,,,,,,,,,,,,,,,,,,
,793,,,,,,793,0.043169207870960236,0.043169207870960236,-0.002657154109328985,0.00027805124409496784,0.043169207870960236,,,,,,,,,,,,,,,,,,,,,,,,,,,,,,,,,,,,,,,,,,,,,,,,,,,,,,,,,,,,,,,,,,,,,,,,
0.0001246687530065857,794,,,,,,,,,,,,,,,,,,,,,,,,,,,,,,,,,,,,,,,,,,,,,,,,,,,,,,,,,,,,,,,,,,,,,,,,,,,,,,,,,,,
,794,0.042848628014326096,0.022724833339452744,-0.002660013036802411,0.00026733559207059443,0.022724833339452744,794,,,,,,,,,,,,,,,,,,,,,,,,,,,,,,,,,,,,,,,,,,,,,,,,,,,,,,,,,,,,,,,,,,,,,,,,,,,,,
,794,,,,,,794,0.042848628014326096,0.022724833339452744,-0.002660013036802411,0.00026733559207059443,0.022724833339452744,,,,,,,,,,,,,,,,,,,,,,,,,,,,,,,,,,,,,,,,,,,,,,,,,,,,,,,,,,,,,,,,,,,,,,,,
0.00012352256467872545,795,,,,,,,,,,,,,,,,,,,,,,,,,,,,,,,,,,,,,,,,,,,,,,,,,,,,,,,,,,,,,,,,,,,,,,,,,,,,,,,,,,,
,795,0.04376935958862305,0.04376935958862305,-0.0026628051418811083,0.00040688333683647215,0.04376935958862305,795,,,,,,,,,,,,,,,,,,,,,,,,,,,,,,,,,,,,,,,,,,,,,,,,,,,,,,,,,,,,,,,,,,,,,,,,,,,,,
,795,,,,,,795,0.04376935958862305,0.04376935958862305,-0.0026628051418811083,0.00040688333683647215,0.04376935958862305,,,,,,,,,,,,,,,,,,,,,,,,,,,,,,,,,,,,,,,,,,,,,,,,,,,,,,,,,,,,,,,,,,,,,,,,
0.0001223809697019478,796,,,,,,,,,,,,,,,,,,,,,,,,,,,,,,,,,,,,,,,,,,,,,,,,,,,,,,,,,,,,,,,,,,,,,,,,,,,,,,,,,,,
,796,0.1599610447883606,0.1599610447883606,-0.00266558607108891,0.0015595469158142805,0.1599610447883606,796,,,,,,,,,,,,,,,,,,,,,,,,,,,,,,,,,,,,,,,,,,,,,,,,,,,,,,,,,,,,,,,,,,,,,,,,,,,,,
,796,,,,,,796,0.1599610447883606,0.1599610447883606,-0.00266558607108891,0.0015595469158142805,0.1599610447883606,,,,,,,,,,,,,,,,,,,,,,,,,,,,,,,,,,,,,,,,,,,,,,,,,,,,,,,,,,,,,,,,,,,,,,,,
0.00012124398198622712,797,,,,,,,,,,,,,,,,,,,,,,,,,,,,,,,,,,,,,,,,,,,,,,,,,,,,,,,,,,,,,,,,,,,,,,,,,,,,,,,,,,,
,797,0.08374522626399994,0.08374522626399994,-0.0026683546602725983,0.0004641806590370834,0.08374522626399994,797,,,,,,,,,,,,,,,,,,,,,,,,,,,,,,,,,,,,,,,,,,,,,,,,,,,,,,,,,,,,,,,,,,,,,,,,,,,,,
,797,,,,,,797,0.08374522626399994,0.08374522626399994,-0.0026683546602725983,0.0004641806590370834,0.08374522626399994,,,,,,,,,,,,,,,,,,,,,,,,,,,,,,,,,,,,,,,,,,,,,,,,,,,,,,,,,,,,,,,,,,,,,,,,
0.00012011161538540017,798,,,,,,,,,,,,,,,,,,,,,,,,,,,,,,,,,,,,,,,,,,,,,,,,,,,,,,,,,,,,,,,,,,,,,,,,,,,,,,,,,,,
,798,0.08492794632911682,0.08307656645774841,-0.002671109512448311,0.00047205365262925625,0.08307656645774841,798,,,,,,,,,,,,,,,,,,,,,,,,,,,,,,,,,,,,,,,,,,,,,,,,,,,,,,,,,,,,,,,,,,,,,,,,,,,,,
,798,,,,,,798,0.08492794632911682,0.08307656645774841,-0.002671109512448311,0.00047205365262925625,0.08307656645774841,,,,,,,,,,,,,,,,,,,,,,,,,,,,,,,,,,,,,,,,,,,,,,,,,,,,,,,,,,,,,,,,,,,,,,,,
0.00011898388369699628,799,,,,,,,,,,,,,,,,,,,,,,,,,,,,,,,,,,,,,,,,,,,,,,,,,,,,,,,,,,,,,,,,,,,,,,,,,,,,,,,,,,,
,799,0.12223991006612778,0.12223991006612778,-0.0026737709995359182,0.0009613917791284621,0.12223991006612778,799,,,,,,,,,,,,,,,,,,,,,,,,,,,,,,,,,,,,,,,,,,,,,,,,,,,,,,,,,,,,,,,,,,,,,,,,,,,,,
,799,,,,,,799,,,,,,0.019580893218517303,0.019580893218517303,-0.002676424803212285,0.00010643718269420788,0.019580893218517303,0.05002668499946594,0.04202961549162865,-0.002676424803212285,0.0002720541669987142,0.04202961549162865,-0.12304476648569107,0.041864920407533646,0.10704639554023743,0.25856950879096985,0.19446341693401337,0.1172739714384079,0.08230754733085632,0.06186726689338684,0.023786867037415504,0.12304476648569107,0.5851860642433167,0.2967418134212494,0.16881489753723145,0.1221374049782753,0.09972801804542542,0.10373439639806747,0.22939042747020721,0.3165985941886902,0.36069536209106445,0.2775161862373352,0.20152945816516876,0.14012737572193146,0.02994011528789997,0.22106784582138062,7.110810279846191,1.4087222814559937,0.7701830267906189,0.7644856572151184,1.0542348623275757,24.9854736328125,6.015651702880859,-0.13894023001194,0.05830584466457367,0.13076694309711456,0.31737300753593445,0.25855112075805664,0.12531590461730957,0.08020585030317307,0.04874129593372345,0.0034542314242571592,0.13894023001194,0.8471644520759583,0.5340973734855652,0.257429301738739,0.1742093712091446,0.12375339865684509,0.03319500759243965,0.3283081650733948,0.3366484045982361,0.33384642004966736,0.19626040756702423,0.12940461933612823,0.07442747801542282,0.003840614575892687,0.1790713220834732,13.180485725402832,5.327169418334961,3.580961227416992,3.772181749343872,5.754355430603027,155.48666381835938,31.183635711669922
,799,,,,,,799,0.12223991006612778,0.12223991006612778,-0.0026737709995359182,0.0009613917791284621,0.12223991006612778,,,,,,,,,,,,,,,,,,,,,,,,,,,,,,,,,,,,,,,,,,,,,,,,,,,,,,,,,,,,,,,,,,,,,,,,
0.00011786080066207062,800,,,,,,,,,,,,,,,,,,,,,,,,,,,,,,,,,,,,,,,,,,,,,,,,,,,,,,,,,,,,,,,,,,,,,,,,,,,,,,,,,,,
,800,0.042998164892196655,0.042998164892196655,-0.002676424803212285,0.00031344196759164333,0.042998164892196655,800,,,,,,,,,,,,,,,,,,,,,,,,,,,,,,,,,,,,,,,,,,,,,,,,,,,,,,,,,,,,,,,,,,,,,,,,,,,,,
,800,,,,,,800,0.042998164892196655,0.042998164892196655,-0.002676424803212285,0.00031344196759164333,0.042998164892196655,,,,,,,,,,,,,,,,,,,,,,,,,,,,,,,,,,,,,,,,,,,,,,,,,,,,,,,,,,,,,,,,,,,,,,,,
0.00011674237996503516,801,,,,,,,,,,,,,,,,,,,,,,,,,,,,,,,,,,,,,,,,,,,,,,,,,,,,,,,,,,,,,,,,,,,,,,,,,,,,,,,,,,,
,801,0.04301400110125542,0.034388355910778046,-0.002679069060832262,0.0003672907769214362,0.034388355910778046,801,,,,,,,,,,,,,,,,,,,,,,,,,,,,,,,,,,,,,,,,,,,,,,,,,,,,,,,,,,,,,,,,,,,,,,,,,,,,,
,801,,,,,,801,0.04301400110125542,0.034388355910778046,-0.002679069060832262,0.0003672907769214362,0.034388355910778046,,,,,,,,,,,,,,,,,,,,,,,,,,,,,,,,,,,,,,,,,,,,,,,,,,,,,,,,,,,,,,,,,,,,,,,,
0.00011562863523349341,802,,,,,,,,,,,,,,,,,,,,,,,,,,,,,,,,,,,,,,,,,,,,,,,,,,,,,,,,,,,,,,,,,,,,,,,,,,,,,,,,,,,
,802,0.04291301220655441,0.04291301220655441,-0.0026816350873559713,0.00043246173299849033,0.04291301220655441,802,,,,,,,,,,,,,,,,,,,,,,,,,,,,,,,,,,,,,,,,,,,,,,,,,,,,,,,,,,,,,,,,,,,,,,,,,,,,,
,802,,,,,,802,0.04291301220655441,0.04291301220655441,-0.0026816350873559713,0.00043246173299849033,0.04291301220655441,,,,,,,,,,,,,,,,,,,,,,,,,,,,,,,,,,,,,,,,,,,,,,,,,,,,,,,,,,,,,,,,,,,,,,,,
0.00011451958003807339,803,,,,,,,,,,,,,,,,,,,,,,,,,,,,,,,,,,,,,,,,,,,,,,,,,,,,,,,,,,,,,,,,,,,,,,,,,,,,,,,,,,,
,803,0.04405929893255234,0.042840179055929184,-0.0026841952931135893,0.00023992155911400914,0.042840179055929184,803,,,,,,,,,,,,,,,,,,,,,,,,,,,,,,,,,,,,,,,,,,,,,,,,,,,,,,,,,,,,,,,,,,,,,,,,,,,,,
,803,,,,,,803,0.04405929893255234,0.042840179055929184,-0.0026841952931135893,0.00023992155911400914,0.042840179055929184,,,,,,,,,,,,,,,,,,,,,,,,,,,,,,,,,,,,,,,,,,,,,,,,,,,,,,,,,,,,,,,,,,,,,,,,
0.0001134152278922624,804,,,,,,,,,,,,,,,,,,,,,,,,,,,,,,,,,,,,,,,,,,,,,,,,,,,,,,,,,,,,,,,,,,,,,,,,,,,,,,,,,,,
,804,0.04477410018444061,0.029049450531601906,-0.0026867296546697617,0.00024688849225640297,0.029049450531601906,804,,,,,,,,,,,,,,,,,,,,,,,,,,,,,,,,,,,,,,,,,,,,,,,,,,,,,,,,,,,,,,,,,,,,,,,,,,,,,
,804,,,,,,804,0.04477410018444061,0.029049450531601906,-0.0026867296546697617,0.00024688849225640297,0.029049450531601906,,,,,,,,,,,,,,,,,,,,,,,,,,,,,,,,,,,,,,,,,,,,,,,,,,,,,,,,,,,,,,,,,,,,,,,,
0.00011231559225224312,805,,,,,,,,,,,,,,,,,,,,,,,,,,,,,,,,,,,,,,,,,,,,,,,,,,,,,,,,,,,,,,,,,,,,,,,,,,,,,,,,,,,
,805,0.047135960310697556,0.047135960310697556,-0.0026891608722507954,0.00021457075490616262,0.047135960310697556,805,,,,,,,,,,,,,,,,,,,,,,,,,,,,,,,,,,,,,,,,,,,,,,,,,,,,,,,,,,,,,,,,,,,,,,,,,,,,,
,805,,,,,,805,0.047135960310697556,0.047135960310697556,-0.0026891608722507954,0.00021457075490616262,0.047135960310697556,,,,,,,,,,,,,,,,,,,,,,,,,,,,,,,,,,,,,,,,,,,,,,,,,,,,,,,,,,,,,,,,,,,,,,,,
0.00011122068651672882,806,,,,,,,,,,,,,,,,,,,,,,,,,,,,,,,,,,,,,,,,,,,,,,,,,,,,,,,,,,,,,,,,,,,,,,,,,,,,,,,,,,,
,806,0.04308834671974182,0.03024992346763611,-0.0026915937196463346,0.00043013010872527957,0.03024992346763611,806,,,,,,,,,,,,,,,,,,,,,,,,,,,,,,,,,,,,,,,,,,,,,,,,,,,,,,,,,,,,,,,,,,,,,,,,,,,,,
,806,,,,,,806,0.04308834671974182,0.03024992346763611,-0.0026915937196463346,0.00043013010872527957,0.03024992346763611,,,,,,,,,,,,,,,,,,,,,,,,,,,,,,,,,,,,,,,,,,,,,,,,,,,,,,,,,,,,,,,,,,,,,,,,
0.00011013052402680024,807,,,,,,,,,,,,,,,,,,,,,,,,,,,,,,,,,,,,,,,,,,,,,,,,,,,,,,,,,,,,,,,,,,,,,,,,,,,,,,,,,,,
,807,0.08340632915496826,0.08340632915496826,-0.0026939893141388893,0.0004610205360222608,0.08340632915496826,807,,,,,,,,,,,,,,,,,,,,,,,,,,,,,,,,,,,,,,,,,,,,,,,,,,,,,,,,,,,,,,,,,,,,,,,,,,,,,
,807,,,,,,807,0.08340632915496826,0.08340632915496826,-0.0026939893141388893,0.0004610205360222608,0.08340632915496826,,,,,,,,,,,,,,,,,,,,,,,,,,,,,,,,,,,,,,,,,,,,,,,,,,,,,,,,,,,,,,,,,,,,,,,,
0.00010904511806574302,808,,,,,,,,,,,,,,,,,,,,,,,,,,,,,,,,,,,,,,,,,,,,,,,,,,,,,,,,,,,,,,,,,,,,,,,,,,,,,,,,,,,
,808,0.05657617375254631,0.05657617375254631,-0.002696385607123375,0.00024268451670650393,0.05657617375254631,808,,,,,,,,,,,,,,,,,,,,,,,,,,,,,,,,,,,,,,,,,,,,,,,,,,,,,,,,,,,,,,,,,,,,,,,,,,,,,
,808,,,,,,808,0.05657617375254631,0.05657617375254631,-0.002696385607123375,0.00024268451670650393,0.05657617375254631,,,,,,,,,,,,,,,,,,,,,,,,,,,,,,,,,,,,,,,,,,,,,,,,,,,,,,,,,,,,,,,,,,,,,,,,
0.00010796448185888679,809,,,,,,,,,,,,,,,,,,,,,,,,,,,,,,,,,,,,,,,,,,,,,,,,,,,,,,,,,,,,,,,,,,,,,,,,,,,,,,,,,,,
,809,0.3583216667175293,0.3583216667175293,-0.0026987793389707804,0.008587466552853584,0.3583216667175293,809,,,,,,,,,,,,,,,,,,,,,,,,,,,,,,,,,,,,,,,,,,,,,,,,,,,,,,,,,,,,,,,,,,,,,,,,,,,,,
,809,,,,,,809,0.3583216667175293,0.3583216667175293,-0.0026987793389707804,0.008587466552853584,0.3583216667175293,,,,,,,,,,,,,,,,,,,,,,,,,,,,,,,,,,,,,,,,,,,,,,,,,,,,,,,,,,,,,,,,,,,,,,,,
0.00010688862857344248,810,,,,,,,,,,,,,,,,,,,,,,,,,,,,,,,,,,,,,,,,,,,,,,,,,,,,,,,,,,,,,,,,,,,,,,,,,,,,,,,,,,,
,810,0.04338725656270981,0.029865441843867302,-0.002701168181374669,0.00025148491840809584,0.029865441843867302,810,,,,,,,,,,,,,,,,,,,,,,,,,,,,,,,,,,,,,,,,,,,,,,,,,,,,,,,,,,,,,,,,,,,,,,,,,,,,,
,810,,,,,,810,0.04338725656270981,0.029865441843867302,-0.002701168181374669,0.00025148491840809584,0.029865441843867302,,,,,,,,,,,,,,,,,,,,,,,,,,,,,,,,,,,,,,,,,,,,,,,,,,,,,,,,,,,,,,,,,,,,,,,,
0.00010581757131834282,811,,,,,,,,,,,,,,,,,,,,,,,,,,,,,,,,,,,,,,,,,,,,,,,,,,,,,,,,,,,,,,,,,,,,,,,,,,,,,,,,,,,
,811,0.04422770440578461,0.04422770440578461,-0.0027035479433834553,0.00023183274606708437,0.04422770440578461,811,,,,,,,,,,,,,,,,,,,,,,,,,,,,,,,,,,,,,,,,,,,,,,,,,,,,,,,,,,,,,,,,,,,,,,,,,,,,,
,811,,,,,,811,0.04422770440578461,0.04422770440578461,-0.0027035479433834553,0.00023183274606708437,0.04422770440578461,,,,,,,,,,,,,,,,,,,,,,,,,,,,,,,,,,,,,,,,,,,,,,,,,,,,,,,,,,,,,,,,,,,,,,,,
0.00010475132314408238,812,,,,,,,,,,,,,,,,,,,,,,,,,,,,,,,,,,,,,,,,,,,,,,,,,,,,,,,,,,,,,,,,,,,,,,,,,,,,,,,,,,,
,812,0.051447927951812744,0.051447927951812744,-0.0027059188578277826,0.00022044195793569088,0.051447927951812744,812,,,,,,,,,,,,,,,,,,,,,,,,,,,,,,,,,,,,,,,,,,,,,,,,,,,,,,,,,,,,,,,,,,,,,,,,,,,,,
,812,,,,,,812,0.051447927951812744,0.051447927951812744,-0.0027059188578277826,0.00022044195793569088,0.051447927951812744,,,,,,,,,,,,,,,,,,,,,,,,,,,,,,,,,,,,,,,,,,,,,,,,,,,,,,,,,,,,,,,,,,,,,,,,
0.00010368989704255866,813,,,,,,,,,,,,,,,,,,,,,,,,,,,,,,,,,,,,,,,,,,,,,,,,,,,,,,,,,,,,,,,,,,,,,,,,,,,,,,,,,,,
,813,0.04470638558268547,0.018025625497102737,-0.00270828022621572,0.0002282439381815493,0.018025625497102737,813,,,,,,,,,,,,,,,,,,,,,,,,,,,,,,,,,,,,,,,,,,,,,,,,,,,,,,,,,,,,,,,,,,,,,,,,,,,,,
,813,,,,,,813,0.04470638558268547,0.018025625497102737,-0.00270828022621572,0.0002282439381815493,0.018025625497102737,,,,,,,,,,,,,,,,,,,,,,,,,,,,,,,,,,,,,,,,,,,,,,,,,,,,,,,,,,,,,,,,,,,,,,,,
0.00010263330594691402,814,,,,,,,,,,,,,,,,,,,,,,,,,,,,,,,,,,,,,,,,,,,,,,,,,,,,,,,,,,,,,,,,,,,,,,,,,,,,,,,,,,,
,814,0.08591970801353455,0.08591970801353455,-0.0027106215711683035,0.0004588309384416789,0.08591970801353455,814,,,,,,,,,,,,,,,,,,,,,,,,,,,,,,,,,,,,,,,,,,,,,,,,,,,,,,,,,,,,,,,,,,,,,,,,,,,,,
,814,,,,,,814,0.08591970801353455,0.08591970801353455,-0.0027106215711683035,0.0004588309384416789,0.08591970801353455,,,,,,,,,,,,,,,,,,,,,,,,,,,,,,,,,,,,,,,,,,,,,,,,,,,,,,,,,,,,,,,,,,,,,,,,
0.00010158156273137723,815,,,,,,,,,,,,,,,,,,,,,,,,,,,,,,,,,,,,,,,,,,,,,,,,,,,,,,,,,,,,,,,,,,,,,,,,,,,,,,,,,,,
,815,0.24428372085094452,0.2369963824748993,-0.0027129510417580605,0.003237615805119276,0.2369963824748993,815,,,,,,,,,,,,,,,,,,,,,,,,,,,,,,,,,,,,,,,,,,,,,,,,,,,,,,,,,,,,,,,,,,,,,,,,,,,,,
,815,,,,,,815,0.24428372085094452,0.2369963824748993,-0.0027129510417580605,0.003237615805119276,0.2369963824748993,,,,,,,,,,,,,,,,,,,,,,,,,,,,,,,,,,,,,,,,,,,,,,,,,,,,,,,,,,,,,,,,,,,,,,,,
0.00010053468021110775,816,,,,,,,,,,,,,,,,,,,,,,,,,,,,,,,,,,,,,,,,,,,,,,,,,,,,,,,,,,,,,,,,,,,,,,,,,,,,,,,,,,,
,816,0.04351584240794182,0.04351584240794182,-0.002715236274525523,0.0002443594275973737,0.04351584240794182,816,,,,,,,,,,,,,,,,,,,,,,,,,,,,,,,,,,,,,,,,,,,,,,,,,,,,,,,,,,,,,,,,,,,,,,,,,,,,,
,816,,,,,,816,0.04351584240794182,0.04351584240794182,-0.002715236274525523,0.0002443594275973737,0.04351584240794182,,,,,,,,,,,,,,,,,,,,,,,,,,,,,,,,,,,,,,,,,,,,,,,,,,,,,,,,,,,,,,,,,,,,,,,,
9.949267114203844e-05,817,,,,,,,,,,,,,,,,,,,,,,,,,,,,,,,,,,,,,,,,,,,,,,,,,,,,,,,,,,,,,,,,,,,,,,,,,,,,,,,,,,,
,817,0.06604303419589996,0.06604303419589996,-0.002717510797083378,0.00030420758412219584,0.06604303419589996,817,,,,,,,,,,,,,,,,,,,,,,,,,,,,,,,,,,,,,,,,,,,,,,,,,,,,,,,,,,,,,,,,,,,,,,,,,,,,,
,817,,,,,,817,0.06604303419589996,0.06604303419589996,-0.002717510797083378,0.00030420758412219584,0.06604303419589996,,,,,,,,,,,,,,,,,,,,,,,,,,,,,,,,,,,,,,,,,,,,,,,,,,,,,,,,,,,,,,,,,,,,,,,,
9.8455548220721e-05,818,,,,,,,,,,,,,,,,,,,,,,,,,,,,,,,,,,,,,,,,,,,,,,,,,,,,,,,,,,,,,,,,,,,,,,,,,,,,,,,,,,,
,818,0.16969728469848633,0.1637158989906311,-0.0027197739109396935,0.0018466179026290774,0.1637158989906311,818,,,,,,,,,,,,,,,,,,,,,,,,,,,,,,,,,,,,,,,,,,,,,,,,,,,,,,,,,,,,,,,,,,,,,,,,,,,,,
,818,,,,,,818,0.16969728469848633,0.1637158989906311,-0.0027197739109396935,0.0018466179026290774,0.1637158989906311,,,,,,,,,,,,,,,,,,,,,,,,,,,,,,,,,,,,,,,,,,,,,,,,,,,,,,,,,,,,,,,,,,,,,,,,
9.742332408417094e-05,819,,,,,,,,,,,,,,,,,,,,,,,,,,,,,,,,,,,,,,,,,,,,,,,,,,,,,,,,,,,,,,,,,,,,,,,,,,,,,,,,,,,
,819,0.1332593560218811,0.14194746315479279,-0.002721969736739993,0.0011396007612347603,0.14194746315479279,819,,,,,,,,,,,,,,,,,,,,,,,,,,,,,,,,,,,,,,,,,,,,,,,,,,,,,,,,,,,,,,,,,,,,,,,,,,,,,
,819,,,,,,819,0.1332593560218811,0.14194746315479279,-0.002721969736739993,0.0011396007612347603,0.14194746315479279,,,,,,,,,,,,,,,,,,,,,,,,,,,,,,,,,,,,,,,,,,,,,,,,,,,,,,,,,,,,,,,,,,,,,,,,
9.639601130971386e-05,820,,,,,,,,,,,,,,,,,,,,,,,,,,,,,,,,,,,,,,,,,,,,,,,,,,,,,,,,,,,,,,,,,,,,,,,,,,,,,,,,,,,
,820,0.13203629851341248,0.12782427668571472,-0.002724157413467765,0.0011224718764424324,0.12782427668571472,820,,,,,,,,,,,,,,,,,,,,,,,,,,,,,,,,,,,,,,,,,,,,,,,,,,,,,,,,,,,,,,,,,,,,,,,,,,,,,
,820,,,,,,820,0.13203629851341248,0.12782427668571472,-0.002724157413467765,0.0011224718764424324,0.12782427668571472,,,,,,,,,,,,,,,,,,,,,,,,,,,,,,,,,,,,,,,,,,,,,,,,,,,,,,,,,,,,,,,,,,,,,,,,
9.537362241483149e-05,821,,,,,,,,,,,,,,,,,,,,,,,,,,,,,,,,,,,,,,,,,,,,,,,,,,,,,,,,,,,,,,,,,,,,,,,,,,,,,,,,,,,
,821,0.08495642989873886,0.07891711592674255,-0.002726280130445957,0.0004657450190279633,0.07891711592674255,821,,,,,,,,,,,,,,,,,,,,,,,,,,,,,,,,,,,,,,,,,,,,,,,,,,,,,,,,,,,,,,,,,,,,,,,,,,,,,
,821,,,,,,821,0.08495642989873886,0.07891711592674255,-0.002726280130445957,0.0004657450190279633,0.07891711592674255,,,,,,,,,,,,,,,,,,,,,,,,,,,,,,,,,,,,,,,,,,,,,,,,,,,,,,,,,,,,,,,,,,,,,,,,
9.435616985700989e-05,822,,,,,,,,,,,,,,,,,,,,,,,,,,,,,,,,,,,,,,,,,,,,,,,,,,,,,,,,,,,,,,,,,,,,,,,,,,,,,,,,,,,
,822,0.04787781089544296,0.04787781089544296,-0.002728339284658432,0.00023213359236251563,0.04787781089544296,822,,,,,,,,,,,,,,,,,,,,,,,,,,,,,,,,,,,,,,,,,,,,,,,,,,,,,,,,,,,,,,,,,,,,,,,,,,,,,
,822,,,,,,822,0.04787781089544296,0.04787781089544296,-0.002728339284658432,0.00023213359236251563,0.04787781089544296,,,,,,,,,,,,,,,,,,,,,,,,,,,,,,,,,,,,,,,,,,,,,,,,,,,,,,,,,,,,,,,,,,,,,,,,
9.334366603358716e-05,823,,,,,,,,,,,,,,,,,,,,,,,,,,,,,,,,,,,,,,,,,,,,,,,,,,,,,,,,,,,,,,,,,,,,,,,,,,,,,,,,,,,
,823,0.05885229632258415,0.043122485280036926,-0.0027303972747176886,0.00025175223709084094,0.043122485280036926,823,,,,,,,,,,,,,,,,,,,,,,,,,,,,,,,,,,,,,,,,,,,,,,,,,,,,,,,,,,,,,,,,,,,,,,,,,,,,,
,823,,,,,,823,0.05885229632258415,0.043122485280036926,-0.0027303972747176886,0.00025175223709084094,0.043122485280036926,,,,,,,,,,,,,,,,,,,,,,,,,,,,,,,,,,,,,,,,,,,,,,,,,,,,,,,,,,,,,,,,,,,,,,,,
9.233612328160336e-05,824,,,,,,,,,,,,,,,,,,,,,,,,,,,,,,,,,,,,,,,,,,,,,,,,,,,,,,,,,,,,,,,,,,,,,,,,,,,,,,,,,,,
,824,0.049398284405469894,0.049398284405469894,-0.0027323749382048845,0.00022163157700560987,0.049398284405469894,824,,,,,,,,,,,,,,,,,,,,,,,,,,,,,,,,,,,,,,,,,,,,,,,,,,,,,,,,,,,,,,,,,,,,,,,,,,,,,
,824,,,,,,824,0.049398284405469894,0.049398284405469894,-0.0027323749382048845,0.00022163157700560987,0.049398284405469894,,,,,,,,,,,,,,,,,,,,,,,,,,,,,,,,,,,,,,,,,,,,,,,,,,,,,,,,,,,,,,,,,,,,,,,,
9.133355387764874e-05,825,,,,,,,,,,,,,,,,,,,,,,,,,,,,,,,,,,,,,,,,,,,,,,,,,,,,,,,,,,,,,,,,,,,,,,,,,,,,,,,,,,,
,825,0.04903765767812729,0.04903765767812729,-0.002734356326982379,0.00021755673515144736,0.04903765767812729,825,,,,,,,,,,,,,,,,,,,,,,,,,,,,,,,,,,,,,,,,,,,,,,,,,,,,,,,,,,,,,,,,,,,,,,,,,,,,,
,825,,,,,,825,0.04903765767812729,0.04903765767812729,-0.002734356326982379,0.00021755673515144736,0.04903765767812729,,,,,,,,,,,,,,,,,,,,,,,,,,,,,,,,,,,,,,,,,,,,,,,,,,,,,,,,,,,,,,,,,,,,,,,,
9.033597003771486e-05,826,,,,,,,,,,,,,,,,,,,,,,,,,,,,,,,,,,,,,,,,,,,,,,,,,,,,,,,,,,,,,,,,,,,,,,,,,,,,,,,,,,,
,826,0.04402175545692444,0.03021334484219551,-0.0027363377157598734,0.0003377032116986811,0.03021334484219551,826,,,,,,,,,,,,,,,,,,,,,,,,,,,,,,,,,,,,,,,,,,,,,,,,,,,,,,,,,,,,,,,,,,,,,,,,,,,,,
,826,,,,,,826,0.04402175545692444,0.03021334484219551,-0.0027363377157598734,0.0003377032116986811,0.03021334484219551,,,,,,,,,,,,,,,,,,,,,,,,,,,,,,,,,,,,,,,,,,,,,,,,,,,,,,,,,,,,,,,,,,,,,,,,
8.934338391704628e-05,827,,,,,,,,,,,,,,,,,,,,,,,,,,,,,,,,,,,,,,,,,,,,,,,,,,,,,,,,,,,,,,,,,,,,,,,,,,,,,,,,,,,
,827,0.11785503476858139,0.11785503476858139,-0.0027382359839975834,0.0008856509812176228,0.11785503476858139,827,,,,,,,,,,,,,,,,,,,,,,,,,,,,,,,,,,,,,,,,,,,,,,,,,,,,,,,,,,,,,,,,,,,,,,,,,,,,,
,827,,,,,,827,0.11785503476858139,0.11785503476858139,-0.0027382359839975834,0.0008856509812176228,0.11785503476858139,,,,,,,,,,,,,,,,,,,,,,,,,,,,,,,,,,,,,,,,,,,,,,,,,,,,,,,,,,,,,,,,,,,,,,,,
8.835580760999165e-05,828,,,,,,,,,,,,,,,,,,,,,,,,,,,,,,,,,,,,,,,,,,,,,,,,,,,,,,,,,,,,,,,,,,,,,,,,,,,,,,,,,,,
,828,0.20322835445404053,0.20231948792934418,-0.00274013914167881,0.0026045162230730057,0.20231948792934418,828,,,,,,,,,,,,,,,,,,,,,,,,,,,,,,,,,,,,,,,,,,,,,,,,,,,,,,,,,,,,,,,,,,,,,,,,,,,,,
,828,,,,,,828,0.20322835445404053,0.20231948792934418,-0.00274013914167881,0.0026045162230730057,0.20231948792934418,,,,,,,,,,,,,,,,,,,,,,,,,,,,,,,,,,,,,,,,,,,,,,,,,,,,,,,,,,,,,,,,,,,,,,,,
8.737325314985646e-05,829,,,,,,,,,,,,,,,,,,,,,,,,,,,,,,,,,,,,,,,,,,,,,,,,,,,,,,,,,,,,,,,,,,,,,,,,,,,,,,,,,,,
,829,0.21976825594902039,0.22377608716487885,-0.0027420439291745424,0.0031327044125646353,0.22377608716487885,829,,,,,,,,,,,,,,,,,,,,,,,,,,,,,,,,,,,,,,,,,,,,,,,,,,,,,,,,,,,,,,,,,,,,,,,,,,,,,
,829,,,,,,829,0.21976825594902039,0.22377608716487885,-0.0027420439291745424,0.0031327044125646353,0.22377608716487885,,,,,,,,,,,,,,,,,,,,,,,,,,,,,,,,,,,,,,,,,,,,,,,,,,,,,,,,,,,,,,,,,,,,,,,,
8.639573250875674e-05,830,,,,,,,,,,,,,,,,,,,,,,,,,,,,,,,,,,,,,,,,,,,,,,,,,,,,,,,,,,,,,,,,,,,,,,,,,,,,,,,,,,,
,830,0.09247398376464844,0.0853542760014534,-0.0027439200785011053,0.0005602885503321886,0.0853542760014534,830,,,,,,,,,,,,,,,,,,,,,,,,,,,,,,,,,,,,,,,,,,,,,,,,,,,,,,,,,,,,,,,,,,,,,,,,,,,,,
,830,,,,,,830,0.09247398376464844,0.0853542760014534,-0.0027439200785011053,0.0005602885503321886,0.0853542760014534,,,,,,,,,,,,,,,,,,,,,,,,,,,,,,,,,,,,,,,,,,,,,,,,,,,,,,,,,,,,,,,,,,,,,,,,
8.542325759747303e-05,831,,,,,,,,,,,,,,,,,,,,,,,,,,,,,,,,,,,,,,,,,,,,,,,,,,,,,,,,,,,,,,,,,,,,,,,,,,,,,,,,,,,
,831,0.06684258580207825,0.06401549279689789,-0.0027457464020699263,0.00030578262521885335,0.06401549279689789,831,,,,,,,,,,,,,,,,,,,,,,,,,,,,,,,,,,,,,,,,,,,,,,,,,,,,,,,,,,,,,,,,,,,,,,,,,,,,,
,831,,,,,,831,0.06684258580207825,0.06401549279689789,-0.0027457464020699263,0.00030578262521885335,0.06401549279689789,,,,,,,,,,,,,,,,,,,,,,,,,,,,,,,,,,,,,,,,,,,,,,,,,,,,,,,,,,,,,,,,,,,,,,,,
8.445584026530536e-05,832,,,,,,,,,,,,,,,,,,,,,,,,,,,,,,,,,,,,,,,,,,,,,,,,,,,,,,,,,,,,,,,,,,,,,,,,,,,,,,,,,,,
,832,0.05938848853111267,0.05521635711193085,-0.002747518243268132,0.0002551379147917032,0.05521635711193085,832,,,,,,,,,,,,,,,,,,,,,,,,,,,,,,,,,,,,,,,,,,,,,,,,,,,,,,,,,,,,,,,,,,,,,,,,,,,,,
,832,,,,,,832,0.05938848853111267,0.05521635711193085,-0.002747518243268132,0.0002551379147917032,0.05521635711193085,,,,,,,,,,,,,,,,,,,,,,,,,,,,,,,,,,,,,,,,,,,,,,,,,,,,,,,,,,,,,,,,,,,,,,,,
8.349349229992852e-05,833,,,,,,,,,,,,,,,,,,,,,,,,,,,,,,,,,,,,,,,,,,,,,,,,,,,,,,,,,,,,,,,,,,,,,,,,,,,,,,,,,,,
,833,0.32467448711395264,0.3334558606147766,-0.002749241888523102,0.006548274774104357,0.3334558606147766,833,,,,,,,,,,,,,,,,,,,,,,,,,,,,,,,,,,,,,,,,,,,,,,,,,,,,,,,,,,,,,,,,,,,,,,,,,,,,,
,833,,,,,,833,0.32467448711395264,0.3334558606147766,-0.002749241888523102,0.006548274774104357,0.3334558606147766,,,,,,,,,,,,,,,,,,,,,,,,,,,,,,,,,,,,,,,,,,,,,,,,,,,,,,,,,,,,,,,,,,,,,,,,
8.25362254272487e-05,834,,,,,,,,,,,,,,,,,,,,,,,,,,,,,,,,,,,,,,,,,,,,,,,,,,,,,,,,,,,,,,,,,,,,,,,,,,,,,,,,,,,
,834,0.5280441641807556,0.5346402525901794,-0.002750975312665105,0.023894043639302254,0.5346402525901794,834,,,,,,,,,,,,,,,,,,,,,,,,,,,,,,,,,,,,,,,,,,,,,,,,,,,,,,,,,,,,,,,,,,,,,,,,,,,,,
,834,,,,,,834,0.5280441641807556,0.5346402525901794,-0.002750975312665105,0.023894043639302254,0.5346402525901794,,,,,,,,,,,,,,,,,,,,,,,,,,,,,,,,,,,,,,,,,,,,,,,,,,,,,,,,,,,,,,,,,,,,,,,,
8.158405131126077e-05,835,,,,,,,,,,,,,,,,,,,,,,,,,,,,,,,,,,,,,,,,,,,,,,,,,,,,,,,,,,,,,,,,,,,,,,,,,,,,,,,,,,,
,835,0.059542201459407806,0.059542201459407806,-0.0027527138590812683,0.0002581535081844777,0.059542201459407806,835,,,,,,,,,,,,,,,,,,,,,,,,,,,,,,,,,,,,,,,,,,,,,,,,,,,,,,,,,,,,,,,,,,,,,,,,,,,,,
,835,,,,,,835,0.059542201459407806,0.059542201459407806,-0.0027527138590812683,0.0002581535081844777,0.059542201459407806,,,,,,,,,,,,,,,,,,,,,,,,,,,,,,,,,,,,,,,,,,,,,,,,,,,,,,,,,,,,,,,,,,,,,,,,
8.063698155390575e-05,836,,,,,,,,,,,,,,,,,,,,,,,,,,,,,,,,,,,,,,,,,,,,,,,,,,,,,,,,,,,,,,,,,,,,,,,,,,,,,,,,,,,
,836,0.052000947296619415,0.052000947296619415,-0.0027544558979570866,0.00022178588551469147,0.052000947296619415,836,,,,,,,,,,,,,,,,,,,,,,,,,,,,,,,,,,,,,,,,,,,,,,,,,,,,,,,,,,,,,,,,,,,,,,,,,,,,,
,836,,,,,,836,0.052000947296619415,0.052000947296619415,-0.0027544558979570866,0.00022178588551469147,0.052000947296619415,,,,,,,,,,,,,,,,,,,,,,,,,,,,,,,,,,,,,,,,,,,,,,,,,,,,,,,,,,,,,,,,,,,,,,,,
7.969502769492975e-05,837,,,,,,,,,,,,,,,,,,,,,,,,,,,,,,,,,,,,,,,,,,,,,,,,,,,,,,,,,,,,,,,,,,,,,,,,,,,,,,,,,,,
,837,0.07254073023796082,0.04977943003177643,-0.0027561986353248358,0.0003506587818264961,0.04977943003177643,837,,,,,,,,,,,,,,,,,,,,,,,,,,,,,,,,,,,,,,,,,,,,,,,,,,,,,,,,,,,,,,,,,,,,,,,,,,,,,
,837,,,,,,837,0.07254073023796082,0.04977943003177643,-0.0027561986353248358,0.0003506587818264961,0.04977943003177643,,,,,,,,,,,,,,,,,,,,,,,,,,,,,,,,,,,,,,,,,,,,,,,,,,,,,,,,,,,,,,,,,,,,,,,,
7.87582012117435e-05,838,,,,,,,,,,,,,,,,,,,,,,,,,,,,,,,,,,,,,,,,,,,,,,,,,,,,,,,,,,,,,,,,,,,,,,,,,,,,,,,,,,,
,838,0.04424087330698967,0.04424087330698967,-0.0027578992303460836,0.0002628724614623934,0.04424087330698967,838,,,,,,,,,,,,,,,,,,,,,,,,,,,,,,,,,,,,,,,,,,,,,,,,,,,,,,,,,,,,,,,,,,,,,,,,,,,,,
,838,,,,,,838,0.04424087330698967,0.04424087330698967,-0.0027578992303460836,0.0002628724614623934,0.04424087330698967,,,,,,,,,,,,,,,,,,,,,,,,,,,,,,,,,,,,,,,,,,,,,,,,,,,,,,,,,,,,,,,,,,,,,,,,
7.782651351928186e-05,839,,,,,,,,,,,,,,,,,,,,,,,,,,,,,,,,,,,,,,,,,,,,,,,,,,,,,,,,,,,,,,,,,,,,,,,,,,,,,,,,,,,
,839,0.08966457098722458,0.055541329085826874,-0.0027596005238592625,0.0004997852956876159,0.055541329085826874,839,,,,,,,,,,,,,,,,,,,,,,,,,,,,,,,,,,,,,,,,,,,,,,,,,,,,,,,,,,,,,,,,,,,,,,,,,,,,,
,839,,,,,,839,0.08966457098722458,0.055541329085826874,-0.0027596005238592625,0.0004997852956876159,0.055541329085826874,,,,,,,,,,,,,,,,,,,,,,,,,,,,,,,,,,,,,,,,,,,,,,,,,,,,,,,,,,,,,,,,,,,,,,,,
7.689997596986537e-05,840,,,,,,,,,,,,,,,,,,,,,,,,,,,,,,,,,,,,,,,,,,,,,,,,,,,,,,,,,,,,,,,,,,,,,,,,,,,,,,,,,,,
,840,0.055637653917074203,0.055637653917074203,-0.002761299256235361,0.00023611194046679884,0.055637653917074203,840,,,,,,,,,,,,,,,,,,,,,,,,,,,,,,,,,,,,,,,,,,,,,,,,,,,,,,,,,,,,,,,,,,,,,,,,,,,,,
,840,,,,,,840,0.055637653917074203,0.055637653917074203,-0.002761299256235361,0.00023611194046679884,0.055637653917074203,,,,,,,,,,,,,,,,,,,,,,,,,,,,,,,,,,,,,,,,,,,,,,,,,,,,,,,,,,,,,,,,,,,,,,,,
7.597859985306141e-05,841,,,,,,,,,,,,,,,,,,,,,,,,,,,,,,,,,,,,,,,,,,,,,,,,,,,,,,,,,,,,,,,,,,,,,,,,,,,,,,,,,,,
,841,0.04486481472849846,0.056949712336063385,-0.0027629947289824486,0.0002907153975684196,0.056949712336063385,841,,,,,,,,,,,,,,,,,,,,,,,,,,,,,,,,,,,,,,,,,,,,,,,,,,,,,,,,,,,,,,,,,,,,,,,,,,,,,
,841,,,,,,841,0.04486481472849846,0.056949712336063385,-0.0027629947289824486,0.0002907153975684196,0.056949712336063385,,,,,,,,,,,,,,,,,,,,,,,,,,,,,,,,,,,,,,,,,,,,,,,,,,,,,,,,,,,,,,,,,,,,,,,,
7.506239639554771e-05,842,,,,,,,,,,,,,,,,,,,,,,,,,,,,,,,,,,,,,,,,,,,,,,,,,,,,,,,,,,,,,,,,,,,,,,,,,,,,,,,,,,,
,842,0.046586811542510986,0.046586811542510986,-0.002764684148132801,0.00022397885913960636,0.046586811542510986,842,,,,,,,,,,,,,,,,,,,,,,,,,,,,,,,,,,,,,,,,,,,,,,,,,,,,,,,,,,,,,,,,,,,,,,,,,,,,,
,842,,,,,,842,0.046586811542510986,0.046586811542510986,-0.002764684148132801,0.00022397885913960636,0.046586811542510986,,,,,,,,,,,,,,,,,,,,,,,,,,,,,,,,,,,,,,,,,,,,,,,,,,,,,,,,,,,,,,,,,,,,,,,,
7.415137676097401e-05,843,,,,,,,,,,,,,,,,,,,,,,,,,,,,,,,,,,,,,,,,,,,,,,,,,,,,,,,,,,,,,,,,,,,,,,,,,,,,,,,,,,,
,843,0.048352569341659546,0.045740582048892975,-0.0027663670480251312,0.00021651724819093943,0.045740582048892975,843,,,,,,,,,,,,,,,,,,,,,,,,,,,,,,,,,,,,,,,,,,,,,,,,,,,,,,,,,,,,,,,,,,,,,,,,,,,,,
,843,,,,,,843,0.048352569341659546,0.045740582048892975,-0.0027663670480251312,0.00021651724819093943,0.045740582048892975,,,,,,,,,,,,,,,,,,,,,,,,,,,,,,,,,,,,,,,,,,,,,,,,,,,,,,,,,,,,,,,,,,,,,,,,
7.324555204982708e-05,844,,,,,,,,,,,,,,,,,,,,,,,,,,,,,,,,,,,,,,,,,,,,,,,,,,,,,,,,,,,,,,,,,,,,,,,,,,,,,,,,,,,
,844,0.15369850397109985,0.15369850397109985,-0.002768041333183646,0.0013302750885486603,0.15369850397109985,844,,,,,,,,,,,,,,,,,,,,,,,,,,,,,,,,,,,,,,,,,,,,,,,,,,,,,,,,,,,,,,,,,,,,,,,,,,,,,
,844,,,,,,844,0.15369850397109985,0.15369850397109985,-0.002768041333183646,0.0013302750885486603,0.15369850397109985,,,,,,,,,,,,,,,,,,,,,,,,,,,,,,,,,,,,,,,,,,,,,,,,,,,,,,,,,,,,,,,,,,,,,,,,
7.234493329929485e-05,845,,,,,,,,,,,,,,,,,,,,,,,,,,,,,,,,,,,,,,,,,,,,,,,,,,,,,,,,,,,,,,,,,,,,,,,,,,,,,,,,,,,
,845,0.04443749785423279,0.026679586619138718,-0.002769705606624484,0.00024503242457285523,0.026679586619138718,845,,,,,,,,,,,,,,,,,,,,,,,,,,,,,,,,,,,,,,,,,,,,,,,,,,,,,,,,,,,,,,,,,,,,,,,,,,,,,
,845,,,,,,845,0.04443749785423279,0.026679586619138718,-0.002769705606624484,0.00024503242457285523,0.026679586619138718,,,,,,,,,,,,,,,,,,,,,,,,,,,,,,,,,,,,,,,,,,,,,,,,,,,,,,,,,,,,,,,,,,,,,,,,
7.144953148313312e-05,846,,,,,,,,,,,,,,,,,,,,,,,,,,,,,,,,,,,,,,,,,,,,,,,,,,,,,,,,,,,,,,,,,,,,,,,,,,,,,,,,,,,
,846,0.8097702860832214,0.8125469088554382,-0.002771287225186825,0.07362653315067291,0.8125469088554382,846,,,,,,,,,,,,,,,,,,,,,,,,,,,,,,,,,,,,,,,,,,,,,,,,,,,,,,,,,,,,,,,,,,,,,,,,,,,,,
,846,,,,,,846,0.8097702860832214,0.8125469088554382,-0.002771287225186825,0.07362653315067291,0.8125469088554382,,,,,,,,,,,,,,,,,,,,,,,,,,,,,,,,,,,,,,,,,,,,,,,,,,,,,,,,,,,,,,,,,,,,,,,,
7.055935751153021e-05,847,,,,,,,,,,,,,,,,,,,,,,,,,,,,,,,,,,,,,,,,,,,,,,,,,,,,,,,,,,,,,,,,,,,,,,,,,,,,,,,,,,,
,847,0.04539022967219353,0.04907746985554695,-0.0027728539425879717,0.00024286354891955853,0.04907746985554695,847,,,,,,,,,,,,,,,,,,,,,,,,,,,,,,,,,,,,,,,,,,,,,,,,,,,,,,,,,,,,,,,,,,,,,,,,,,,,,
,847,,,,,,847,0.04539022967219353,0.04907746985554695,-0.0027728539425879717,0.00024286354891955853,0.04907746985554695,,,,,,,,,,,,,,,,,,,,,,,,,,,,,,,,,,,,,,,,,,,,,,,,,,,,,,,,,,,,,,,,,,,,,,,,
6.96744222309749e-05,848,,,,,,,,,,,,,,,,,,,,,,,,,,,,,,,,,,,,,,,,,,,,,,,,,,,,,,,,,,,,,,,,,,,,,,,,,,,,,,,,,,,
,848,0.08869441598653793,0.0820397138595581,-0.0027743985410779715,0.0005059759714640677,0.0820397138595581,848,,,,,,,,,,,,,,,,,,,,,,,,,,,,,,,,,,,,,,,,,,,,,,,,,,,,,,,,,,,,,,,,,,,,,,,,,,,,,
,848,,,,,,848,0.08869441598653793,0.0820397138595581,-0.0027743985410779715,0.0005059759714640677,0.0820397138595581,,,,,,,,,,,,,,,,,,,,,,,,,,,,,,,,,,,,,,,,,,,,,,,,,,,,,,,,,,,,,,,,,,,,,,,,
6.879473642412453e-05,849,,,,,,,,,,,,,,,,,,,,,,,,,,,,,,,,,,,,,,,,,,,,,,,,,,,,,,,,,,,,,,,,,,,,,,,,,,,,,,,,,,,
,849,0.04890140891075134,0.03653494268655777,-0.0027758972719311714,0.00021876402024645358,0.03653494268655777,849,,,,,,,,,,,,,,,,,,,,,,,,,,,,,,,,,,,,,,,,,,,,,,,,,,,,,,,,,,,,,,,,,,,,,,,,,,,,,
,849,,,,,,849,,,,,,0.050468575209379196,0.050468575209379196,-0.0027773326728492975,0.00027743098326027393,0.050468575209379196,0.03539339452981949,0.03539339452981949,-0.0027773326728492975,0.00016325966862495989,0.03539339452981949,-0.07640930265188217,0.10589703172445297,0.1999644637107849,0.1908981204032898,0.12519052624702454,0.06798189133405685,0.04448883235454559,0.027078086510300636,0.002818344859406352,0.07640930265188217,0.6775056719779968,0.3422996699810028,0.18814894556999207,0.1335877925157547,0.09746146947145462,0.04564313217997551,0.2474411129951477,0.20997844636440277,0.16484218835830688,0.09620137512683868,0.06253190338611603,0.036140527576208115,0.002994827227666974,0.09544821083545685,21.6683349609375,8.974812507629395,7.961411476135254,9.499031066894531,15.136517524719238,483.4554138183594,91.11592102050781,-0.10412004590034485,0.05690872669219971,0.13462932407855988,0.22939851880073547,0.17283689975738525,0.10020530223846436,0.0705251544713974,0.04425814002752304,0.007496251258999109,0.10412004590034485,0.6543217301368713,0.31085431575775146,0.1834944486618042,0.13985823094844818,0.10290117561817169,0.062240637838840485,0.24227842688560486,0.2610335052013397,0.2802014946937561,0.18083980679512024,0.12454479187726974,0.07206349074840546,0.00845070369541645,0.15452229976654053,13.077935218811035,2.5616631507873535,2.1429245471954346,2.6246657371520996,4.243841171264648,112.90451049804688,22.92592430114746
,849,,,,,,849,0.04890140891075134,0.03653494268655777,-0.0027758972719311714,0.00021876402024645358,0.03653494268655777,,,,,,,,,,,,,,,,,,,,,,,,,,,,,,,,,,,,,,,,,,,,,,,,,,,,,,,,,,,,,,,,,,,,,,,,
6.792031080967287e-05,850,,,,,,,,,,,,,,,,,,,,,,,,,,,,,,,,,,,,,,,,,,,,,,,,,,,,,,,,,,,,,,,,,,,,,,,,,,,,,,,,,,,
,850,0.04686922952532768,0.039869263768196106,-0.0027773326728492975,0.0004365501517895609,0.039869263768196106,850,,,,,,,,,,,,,,,,,,,,,,,,,,,,,,,,,,,,,,,,,,,,,,,,,,,,,,,,,,,,,,,,,,,,,,,,,,,,,
,850,,,,,,850,0.04686922952532768,0.039869263768196106,-0.0027773326728492975,0.0004365501517895609,0.039869263768196106,,,,,,,,,,,,,,,,,,,,,,,,,,,,,,,,,,,,,,,,,,,,,,,,,,,,,,,,,,,,,,,,,,,,,,,,
6.705115604222032e-05,851,,,,,,,,,,,,,,,,,,,,,,,,,,,,,,,,,,,,,,,,,,,,,,,,,,,,,,,,,,,,,,,,,,,,,,,,,,,,,,,,,,,
,851,0.08373802900314331,0.08172644674777985,-0.0027787715662270784,0.000447180267656222,0.08172644674777985,851,,,,,,,,,,,,,,,,,,,,,,,,,,,,,,,,,,,,,,,,,,,,,,,,,,,,,,,,,,,,,,,,,,,,,,,,,,,,,
,851,,,,,,851,0.08373802900314331,0.08172644674777985,-0.0027787715662270784,0.000447180267656222,0.08172644674777985,,,,,,,,,,,,,,,,,,,,,,,,,,,,,,,,,,,,,,,,,,,,,,,,,,,,,,,,,,,,,,,,,,,,,,,,
6.61872827121431e-05,852,,,,,,,,,,,,,,,,,,,,,,,,,,,,,,,,,,,,,,,,,,,,,,,,,,,,,,,,,,,,,,,,,,,,,,,,,,,,,,,,,,,
,852,0.058825843036174774,0.058825843036174774,-0.002780164824798703,0.0002529926714487374,0.058825843036174774,852,,,,,,,,,,,,,,,,,,,,,,,,,,,,,,,,,,,,,,,,,,,,,,,,,,,,,,,,,,,,,,,,,,,,,,,,,,,,,
,852,,,,,,852,0.058825843036174774,0.058825843036174774,-0.002780164824798703,0.0002529926714487374,0.058825843036174774,,,,,,,,,,,,,,,,,,,,,,,,,,,,,,,,,,,,,,,,,,,,,,,,,,,,,,,,,,,,,,,,,,,,,,,,
6.532870134546541e-05,853,,,,,,,,,,,,,,,,,,,,,,,,,,,,,,,,,,,,,,,,,,,,,,,,,,,,,,,,,,,,,,,,,,,,,,,,,,,,,,,,,,,
,853,0.06656090915203094,0.06656090915203094,-0.00278156204149127,0.00030408785096369684,0.06656090915203094,853,,,,,,,,,,,,,,,,,,,,,,,,,,,,,,,,,,,,,,,,,,,,,,,,,,,,,,,,,,,,,,,,,,,,,,,,,,,,,
,853,,,,,,853,0.06656090915203094,0.06656090915203094,-0.00278156204149127,0.00030408785096369684,0.06656090915203094,,,,,,,,,,,,,,,,,,,,,,,,,,,,,,,,,,,,,,,,,,,,,,,,,,,,,,,,,,,,,,,,,,,,,,,,
6.447542240373014e-05,854,,,,,,,,,,,,,,,,,,,,,,,,,,,,,,,,,,,,,,,,,,,,,,,,,,,,,,,,,,,,,,,,,,,,,,,,,,,,,,,,,,,
,854,0.047158949077129364,0.043855346739292145,-0.002782960655167699,0.00023268336371984333,0.043855346739292145,854,,,,,,,,,,,,,,,,,,,,,,,,,,,,,,,,,,,,,,,,,,,,,,,,,,,,,,,,,,,,,,,,,,,,,,,,,,,,,
,854,,,,,,854,0.047158949077129364,0.043855346739292145,-0.002782960655167699,0.00023268336371984333,0.043855346739292145,,,,,,,,,,,,,,,,,,,,,,,,,,,,,,,,,,,,,,,,,,,,,,,,,,,,,,,,,,,,,,,,,,,,,,,,
6.362745628387183e-05,855,,,,,,,,,,,,,,,,,,,,,,,,,,,,,,,,,,,,,,,,,,,,,,,,,,,,,,,,,,,,,,,,,,,,,,,,,,,,,,,,,,,
,855,0.04626994580030441,0.042856764048337936,-0.0027843154966831207,0.00022829700901638716,0.042856764048337936,855,,,,,,,,,,,,,,,,,,,,,,,,,,,,,,,,,,,,,,,,,,,,,,,,,,,,,,,,,,,,,,,,,,,,,,,,,,,,,
,855,,,,,,855,0.04626994580030441,0.042856764048337936,-0.0027843154966831207,0.00022829700901638716,0.042856764048337936,,,,,,,,,,,,,,,,,,,,,,,,,,,,,,,,,,,,,,,,,,,,,,,,,,,,,,,,,,,,,,,,,,,,,,,,
6.278481331809015e-05,856,,,,,,,,,,,,,,,,,,,,,,,,,,,,,,,,,,,,,,,,,,,,,,,,,,,,,,,,,,,,,,,,,,,,,,,,,,,,,,,,,,,
,856,0.046720534563064575,0.03520346060395241,-0.0027855902444571257,0.00023700605379417539,0.03520346060395241,856,,,,,,,,,,,,,,,,,,,,,,,,,,,,,,,,,,,,,,,,,,,,,,,,,,,,,,,,,,,,,,,,,,,,,,,,,,,,,
,856,,,,,,856,0.046720534563064575,0.03520346060395241,-0.0027855902444571257,0.00023700605379417539,0.03520346060395241,,,,,,,,,,,,,,,,,,,,,,,,,,,,,,,,,,,,,,,,,,,,,,,,,,,,,,,,,,,,,,,,,,,,,,,,
6.194750377372373e-05,857,,,,,,,,,,,,,,,,,,,,,,,,,,,,,,,,,,,,,,,,,,,,,,,,,,,,,,,,,,,,,,,,,,,,,,,,,,,,,,,,,,,
,857,0.04595709964632988,0.04292133077979088,-0.002786841941997409,0.00022777661797590554,0.04292133077979088,857,,,,,,,,,,,,,,,,,,,,,,,,,,,,,,,,,,,,,,,,,,,,,,,,,,,,,,,,,,,,,,,,,,,,,,,,,,,,,
,857,,,,,,857,0.04595709964632988,0.04292133077979088,-0.002786841941997409,0.00022777661797590554,0.04292133077979088,,,,,,,,,,,,,,,,,,,,,,,,,,,,,,,,,,,,,,,,,,,,,,,,,,,,,,,,,,,,,,,,,,,,,,,,
6.111553785312514e-05,858,,,,,,,,,,,,,,,,,,,,,,,,,,,,,,,,,,,,,,,,,,,,,,,,,,,,,,,,,,,,,,,,,,,,,,,,,,,,,,,,,,,
,858,0.051640450954437256,0.051640450954437256,-0.0027881027199327946,0.00022047471429686993,0.051640450954437256,858,,,,,,,,,,,,,,,,,,,,,,,,,,,,,,,,,,,,,,,,,,,,,,,,,,,,,,,,,,,,,,,,,,,,,,,,,,,,,
,858,,,,,,858,0.051640450954437256,0.051640450954437256,-0.0027881027199327946,0.00022047471429686993,0.051640450954437256,,,,,,,,,,,,,,,,,,,,,,,,,,,,,,,,,,,,,,,,,,,,,,,,,,,,,,,,,,,,,,,,,,,,,,,,
6.028892569353631e-05,859,,,,,,,,,,,,,,,,,,,,,,,,,,,,,,,,,,,,,,,,,,,,,,,,,,,,,,,,,,,,,,,,,,,,,,,,,,,,,,,,,,,
,859,0.13773123919963837,0.14418578147888184,-0.0027893702499568462,0.0012142519699409604,0.14418578147888184,859,,,,,,,,,,,,,,,,,,,,,,,,,,,,,,,,,,,,,,,,,,,,,,,,,,,,,,,,,,,,,,,,,,,,,,,,,,,,,
,859,,,,,,859,0.13773123919963837,0.14418578147888184,-0.0027893702499568462,0.0012142519699409604,0.14418578147888184,,,,,,,,,,,,,,,,,,,,,,,,,,,,,,,,,,,,,,,,,,,,,,,,,,,,,,,,,,,,,,,,,,,,,,,,
5.9467677366965976e-05,860,,,,,,,,,,,,,,,,,,,,,,,,,,,,,,,,,,,,,,,,,,,,,,,,,,,,,,,,,,,,,,,,,,,,,,,,,,,,,,,,,,,
,860,0.044425368309020996,0.044425368309020996,-0.0027906042523682117,0.00030093902023509145,0.044425368309020996,860,,,,,,,,,,,,,,,,,,,,,,,,,,,,,,,,,,,,,,,,,,,,,,,,,,,,,,,,,,,,,,,,,,,,,,,,,,,,,
,860,,,,,,860,0.044425368309020996,0.044425368309020996,-0.0027906042523682117,0.00030093902023509145,0.044425368309020996,,,,,,,,,,,,,,,,,,,,,,,,,,,,,,,,,,,,,,,,,,,,,,,,,,,,,,,,,,,,,,,,,,,,,,,,
5.865180288006558e-05,861,,,,,,,,,,,,,,,,,,,,,,,,,,,,,,,,,,,,,,,,,,,,,,,,,,,,,,,,,,,,,,,,,,,,,,,,,,,,,,,,,,,
,861,0.044481273740530014,0.057975754141807556,-0.0027918433770537376,0.00025588992866687477,0.057975754141807556,861,,,,,,,,,,,,,,,,,,,,,,,,,,,,,,,,,,,,,,,,,,,,,,,,,,,,,,,,,,,,,,,,,,,,,,,,,,,,,
,861,,,,,,861,0.044481273740530014,0.057975754141807556,-0.0027918433770537376,0.00025588992866687477,0.057975754141807556,,,,,,,,,,,,,,,,,,,,,,,,,,,,,,,,,,,,,,,,,,,,,,,,,,,,,,,,,,,,,,,,,,,,,,,,
5.7841312174008354e-05,862,,,,,,,,,,,,,,,,,,,,,,,,,,,,,,,,,,,,,,,,,,,,,,,,,,,,,,,,,,,,,,,,,,,,,,,,,,,,,,,,,,,
,862,0.08235149085521698,0.04652257263660431,-0.0027930850628763437,0.00045902261626906693,0.04652257263660431,862,,,,,,,,,,,,,,,,,,,,,,,,,,,,,,,,,,,,,,,,,,,,,,,,,,,,,,,,,,,,,,,,,,,,,,,,,,,,,
,862,,,,,,862,0.08235149085521698,0.04652257263660431,-0.0027930850628763437,0.00045902261626906693,0.04652257263660431,,,,,,,,,,,,,,,,,,,,,,,,,,,,,,,,,,,,,,,,,,,,,,,,,,,,,,,,,,,,,,,,,,,,,,,,
5.703621512436759e-05,863,,,,,,,,,,,,,,,,,,,,,,,,,,,,,,,,,,,,,,,,,,,,,,,,,,,,,,,,,,,,,,,,,,,,,,,,,,,,,,,,,,,
,863,0.04348277300596237,0.04348277300596237,-0.002794282976537943,0.00032417612965218723,0.04348277300596237,863,,,,,,,,,,,,,,,,,,,,,,,,,,,,,,,,,,,,,,,,,,,,,,,,,,,,,,,,,,,,,,,,,,,,,,,,,,,,,
,863,,,,,,863,0.04348277300596237,0.04348277300596237,-0.002794282976537943,0.00032417612965218723,0.04348277300596237,,,,,,,,,,,,,,,,,,,,,,,,,,,,,,,,,,,,,,,,,,,,,,,,,,,,,,,,,,,,,,,,,,,,,,,,
5.6236521540996894e-05,864,,,,,,,,,,,,,,,,,,,,,,,,,,,,,,,,,,,,,,,,,,,,,,,,,,,,,,,,,,,,,,,,,,,,,,,,,,,,,,,,,,,
,864,0.04680124670267105,0.04680124670267105,-0.002795484382659197,0.00021281615772750229,0.04680124670267105,864,,,,,,,,,,,,,,,,,,,,,,,,,,,,,,,,,,,,,,,,,,,,,,,,,,,,,,,,,,,,,,,,,,,,,,,,,,,,,
,864,,,,,,864,0.04680124670267105,0.04680124670267105,-0.002795484382659197,0.00021281615772750229,0.04680124670267105,,,,,,,,,,,,,,,,,,,,,,,,,,,,,,,,,,,,,,,,,,,,,,,,,,,,,,,,,,,,,,,,,,,,,,,,
5.54422411679103e-05,865,,,,,,,,,,,,,,,,,,,,,,,,,,,,,,,,,,,,,,,,,,,,,,,,,,,,,,,,,,,,,,,,,,,,,,,,,,,,,,,,,,,
,865,0.04308374226093292,0.04308374226093292,-0.0027966867201030254,0.0003541099722497165,0.04308374226093292,865,,,,,,,,,,,,,,,,,,,,,,,,,,,,,,,,,,,,,,,,,,,,,,,,,,,,,,,,,,,,,,,,,,,,,,,,,,,,,
,865,,,,,,865,0.04308374226093292,0.04308374226093292,-0.0027966867201030254,0.0003541099722497165,0.04308374226093292,,,,,,,,,,,,,,,,,,,,,,,,,,,,,,,,,,,,,,,,,,,,,,,,,,,,,,,,,,,,,,,,,,,,,,,,
5.4653383683163386e-05,866,,,,,,,,,,,,,,,,,,,,,,,,,,,,,,,,,,,,,,,,,,,,,,,,,,,,,,,,,,,,,,,,,,,,,,,,,,,,,,,,,,,
,866,0.13816392421722412,0.1335606873035431,-0.002797887660562992,0.0012413770891726017,0.1335606873035431,866,,,,,,,,,,,,,,,,,,,,,,,,,,,,,,,,,,,,,,,,,,,,,,,,,,,,,,,,,,,,,,,,,,,,,,,,,,,,,
,866,,,,,,866,0.13816392421722412,0.1335606873035431,-0.002797887660562992,0.0012413770891726017,0.1335606873035431,,,,,,,,,,,,,,,,,,,,,,,,,,,,,,,,,,,,,,,,,,,,,,,,,,,,,,,,,,,,,,,,,,,,,,,,
5.386995869873563e-05,867,,,,,,,,,,,,,,,,,,,,,,,,,,,,,,,,,,,,,,,,,,,,,,,,,,,,,,,,,,,,,,,,,,,,,,,,,,,,,,,,,,,
,867,0.06343335658311844,0.05461848899722099,-0.0027990653179585934,0.00028720719274133444,0.05461848899722099,867,,,,,,,,,,,,,,,,,,,,,,,,,,,,,,,,,,,,,,,,,,,,,,,,,,,,,,,,,,,,,,,,,,,,,,,,,,,,,
,867,,,,,,867,0.06343335658311844,0.05461848899722099,-0.0027990653179585934,0.00028720719274133444,0.05461848899722099,,,,,,,,,,,,,,,,,,,,,,,,,,,,,,,,,,,,,,,,,,,,,,,,,,,,,,,,,,,,,,,,,,,,,,,,
5.309197576041337e-05,868,,,,,,,,,,,,,,,,,,,,,,,,,,,,,,,,,,,,,,,,,,,,,,,,,,,,,,,,,,,,,,,,,,,,,,,,,,,,,,,,,,,
,868,0.385500431060791,0.385500431060791,-0.002800210379064083,0.009795448742806911,0.385500431060791,868,,,,,,,,,,,,,,,,,,,,,,,,,,,,,,,,,,,,,,,,,,,,,,,,,,,,,,,,,,,,,,,,,,,,,,,,,,,,,
,868,,,,,,868,0.385500431060791,0.385500431060791,-0.002800210379064083,0.009795448742806911,0.385500431060791,,,,,,,,,,,,,,,,,,,,,,,,,,,,,,,,,,,,,,,,,,,,,,,,,,,,,,,,,,,,,,,,,,,,,,,,
5.231944434767298e-05,869,,,,,,,,,,,,,,,,,,,,,,,,,,,,,,,,,,,,,,,,,,,,,,,,,,,,,,,,,,,,,,,,,,,,,,,,,,,,,,,,,,,
,869,0.04632513225078583,0.04632513225078583,-0.0028013549745082855,0.00021134236885700375,0.04632513225078583,869,,,,,,,,,,,,,,,,,,,,,,,,,,,,,,,,,,,,,,,,,,,,,,,,,,,,,,,,,,,,,,,,,,,,,,,,,,,,,
,869,,,,,,869,0.04632513225078583,0.04632513225078583,-0.0028013549745082855,0.00021134236885700375,0.04632513225078583,,,,,,,,,,,,,,,,,,,,,,,,,,,,,,,,,,,,,,,,,,,,,,,,,,,,,,,,,,,,,,,,,,,,,,,,
5.155237387356606e-05,870,,,,,,,,,,,,,,,,,,,,,,,,,,,,,,,,,,,,,,,,,,,,,,,,,,,,,,,,,,,,,,,,,,,,,,,,,,,,,,,,,,,
,870,0.32111284136772156,0.32111284136772156,-0.0028024970088154078,0.006936369463801384,0.32111284136772156,870,,,,,,,,,,,,,,,,,,,,,,,,,,,,,,,,,,,,,,,,,,,,,,,,,,,,,,,,,,,,,,,,,,,,,,,,,,,,,
,870,,,,,,870,0.32111284136772156,0.32111284136772156,-0.0028024970088154078,0.006936369463801384,0.32111284136772156,,,,,,,,,,,,,,,,,,,,,,,,,,,,,,,,,,,,,,,,,,,,,,,,,,,,,,,,,,,,,,,,,,,,,,,,
5.079077368460433e-05,871,,,,,,,,,,,,,,,,,,,,,,,,,,,,,,,,,,,,,,,,,,,,,,,,,,,,,,,,,,,,,,,,,,,,,,,,,,,,,,,,,,,
,871,0.04313182458281517,0.04313182458281517,-0.002803634852170944,0.00025095275486819446,0.04313182458281517,871,,,,,,,,,,,,,,,,,,,,,,,,,,,,,,,,,,,,,,,,,,,,,,,,,,,,,,,,,,,,,,,,,,,,,,,,,,,,,
,871,,,,,,871,0.04313182458281517,0.04313182458281517,-0.002803634852170944,0.00025095275486819446,0.04313182458281517,,,,,,,,,,,,,,,,,,,,,,,,,,,,,,,,,,,,,,,,,,,,,,,,,,,,,,,,,,,,,,,,,,,,,,,,
5.0034653060645704e-05,872,,,,,,,,,,,,,,,,,,,,,,,,,,,,,,,,,,,,,,,,,,,,,,,,,,,,,,,,,,,,,,,,,,,,,,,,,,,,,,,,,,,
,872,0.04294546693563461,0.04294546693563461,-0.0028047668747603893,0.00038385807420127094,0.04294546693563461,872,,,,,,,,,,,,,,,,,,,,,,,,,,,,,,,,,,,,,,,,,,,,,,,,,,,,,,,,,,,,,,,,,,,,,,,,,,,,,
,872,,,,,,872,0.04294546693563461,0.04294546693563461,-0.0028047668747603893,0.00038385807420127094,0.04294546693563461,,,,,,,,,,,,,,,,,,,,,,,,,,,,,,,,,,,,,,,,,,,,,,,,,,,,,,,,,,,,,,,,,,,,,,,,
4.928402121478133e-05,873,,,,,,,,,,,,,,,,,,,,,,,,,,,,,,,,,,,,,,,,,,,,,,,,,,,,,,,,,,,,,,,,,,,,,,,,,,,,,,,,,,,
,873,0.045887839049100876,0.032305531203746796,-0.0028058921452611685,0.0002098127151839435,0.032305531203746796,873,,,,,,,,,,,,,,,,,,,,,,,,,,,,,,,,,,,,,,,,,,,,,,,,,,,,,,,,,,,,,,,,,,,,,,,,,,,,,
,873,,,,,,873,0.045887839049100876,0.032305531203746796,-0.0028058921452611685,0.0002098127151839435,0.032305531203746796,,,,,,,,,,,,,,,,,,,,,,,,,,,,,,,,,,,,,,,,,,,,,,,,,,,,,,,,,,,,,,,,,,,,,,,,
4.853888729322321e-05,874,,,,,,,,,,,,,,,,,,,,,,,,,,,,,,,,,,,,,,,,,,,,,,,,,,,,,,,,,,,,,,,,,,,,,,,,,,,,,,,,,,,
,874,0.042340897023677826,0.0413501113653183,-0.0028070092666894197,0.0002868187439162284,0.0413501113653183,874,,,,,,,,,,,,,,,,,,,,,,,,,,,,,,,,,,,,,,,,,,,,,,,,,,,,,,,,,,,,,,,,,,,,,,,,,,,,,
,874,,,,,,874,0.042340897023677826,0.0413501113653183,-0.0028070092666894197,0.0002868187439162284,0.0413501113653183,,,,,,,,,,,,,,,,,,,,,,,,,,,,,,,,,,,,,,,,,,,,,,,,,,,,,,,,,,,,,,,,,,,,,,,,
4.7799260375193344e-05,875,,,,,,,,,,,,,,,,,,,,,,,,,,,,,,,,,,,,,,,,,,,,,,,,,,,,,,,,,,,,,,,,,,,,,,,,,,,,,,,,,,,
,875,0.042282834649086,0.03962321951985359,-0.0028080756310373545,0.000274535093922168,0.03962321951985359,875,,,,,,,,,,,,,,,,,,,,,,,,,,,,,,,,,,,,,,,,,,,,,,,,,,,,,,,,,,,,,,,,,,,,,,,,,,,,,
,875,,,,,,875,0.042282834649086,0.03962321951985359,-0.0028080756310373545,0.000274535093922168,0.03962321951985359,,,,,,,,,,,,,,,,,,,,,,,,,,,,,,,,,,,,,,,,,,,,,,,,,,,,,,,,,,,,,,,,,,,,,,,,
4.7065149472812156e-05,876,,,,,,,,,,,,,,,,,,,,,,,,,,,,,,,,,,,,,,,,,,,,,,,,,,,,,,,,,,,,,,,,,,,,,,,,,,,,,,,,,,,
,876,0.1057177186012268,0.11836688220500946,-0.002809111727401614,0.000722468423191458,0.11836688220500946,876,,,,,,,,,,,,,,,,,,,,,,,,,,,,,,,,,,,,,,,,,,,,,,,,,,,,,,,,,,,,,,,,,,,,,,,,,,,,,
,876,,,,,,876,0.1057177186012268,0.11836688220500946,-0.002809111727401614,0.000722468423191458,0.11836688220500946,,,,,,,,,,,,,,,,,,,,,,,,,,,,,,,,,,,,,,,,,,,,,,,,,,,,,,,,,,,,,,,,,,,,,,,,
4.6336563530989374e-05,877,,,,,,,,,,,,,,,,,,,,,,,,,,,,,,,,,,,,,,,,,,,,,,,,,,,,,,,,,,,,,,,,,,,,,,,,,,,,,,,,,,,
,877,0.12652085721492767,0.11558014899492264,-0.0028101445641368628,0.0010391292162239552,0.11558014899492264,877,,,,,,,,,,,,,,,,,,,,,,,,,,,,,,,,,,,,,,,,,,,,,,,,,,,,,,,,,,,,,,,,,,,,,,,,,,,,,
,877,,,,,,877,0.12652085721492767,0.11558014899492264,-0.0028101445641368628,0.0010391292162239552,0.11558014899492264,,,,,,,,,,,,,,,,,,,,,,,,,,,,,,,,,,,,,,,,,,,,,,,,,,,,,,,,,,,,,,,,,,,,,,,,
4.561351142731452e-05,878,,,,,,,,,,,,,,,,,,,,,,,,,,,,,,,,,,,,,,,,,,,,,,,,,,,,,,,,,,,,,,,,,,,,,,,,,,,,,,,,,,,
,878,0.04215037077665329,0.05521254241466522,-0.002811166923493147,0.000387266423786059,0.05521254241466522,878,,,,,,,,,,,,,,,,,,,,,,,,,,,,,,,,,,,,,,,,,,,,,,,,,,,,,,,,,,,,,,,,,,,,,,,,,,,,,
,878,,,,,,878,0.04215037077665329,0.05521254241466522,-0.002811166923493147,0.000387266423786059,0.05521254241466522,,,,,,,,,,,,,,,,,,,,,,,,,,,,,,,,,,,,,,,,,,,,,,,,,,,,,,,,,,,,,,,,,,,,,,,,
4.4896001971949654e-05,879,,,,,,,,,,,,,,,,,,,,,,,,,,,,,,,,,,,,,,,,,,,,,,,,,,,,,,,,,,,,,,,,,,,,,,,,,,,,,,,,,,,
,879,0.043353013694286346,0.043353013694286346,-0.0028121829964220524,0.0002295755548402667,0.043353013694286346,879,,,,,,,,,,,,,,,,,,,,,,,,,,,,,,,,,,,,,,,,,,,,,,,,,,,,,,,,,,,,,,,,,,,,,,,,,,,,,
,879,,,,,,879,0.043353013694286346,0.043353013694286346,-0.0028121829964220524,0.0002295755548402667,0.043353013694286346,,,,,,,,,,,,,,,,,,,,,,,,,,,,,,,,,,,,,,,,,,,,,,,,,,,,,,,,,,,,,,,,,,,,,,,,
4.418404390752092e-05,880,,,,,,,,,,,,,,,,,,,,,,,,,,,,,,,,,,,,,,,,,,,,,,,,,,,,,,,,,,,,,,,,,,,,,,,,,,,,,,,,,,,
,880,0.041991930454969406,0.041991930454969406,-0.002813193015754223,0.0002754011075012386,0.041991930454969406,880,,,,,,,,,,,,,,,,,,,,,,,,,,,,,,,,,,,,,,,,,,,,,,,,,,,,,,,,,,,,,,,,,,,,,,,,,,,,,
,880,,,,,,880,0.041991930454969406,0.041991930454969406,-0.002813193015754223,0.0002754011075012386,0.041991930454969406,,,,,,,,,,,,,,,,,,,,,,,,,,,,,,,,,,,,,,,,,,,,,,,,,,,,,,,,,,,,,,,,,,,,,,,,
4.347764590901254e-05,881,,,,,,,,,,,,,,,,,,,,,,,,,,,,,,,,,,,,,,,,,,,,,,,,,,,,,,,,,,,,,,,,,,,,,,,,,,,,,,,,,,,
,881,0.04214281961321831,0.032050684094429016,-0.002814195118844509,0.0004214913060422987,0.032050684094429016,881,,,,,,,,,,,,,,,,,,,,,,,,,,,,,,,,,,,,,,,,,,,,,,,,,,,,,,,,,,,,,,,,,,,,,,,,,,,,,
,881,,,,,,881,0.04214281961321831,0.032050684094429016,-0.002814195118844509,0.0004214913060422987,0.032050684094429016,,,,,,,,,,,,,,,,,,,,,,,,,,,,,,,,,,,,,,,,,,,,,,,,,,,,,,,,,,,,,,,,,,,,,,,,
4.2776816583661304e-05,882,,,,,,,,,,,,,,,,,,,,,,,,,,,,,,,,,,,,,,,,,,,,,,,,,,,,,,,,,,,,,,,,,,,,,,,,,,,,,,,,,,,
,882,0.04196453094482422,0.035975608974695206,-0.0028151660226285458,0.0003817975230049342,0.035975608974695206,882,,,,,,,,,,,,,,,,,,,,,,,,,,,,,,,,,,,,,,,,,,,,,,,,,,,,,,,,,,,,,,,,,,,,,,,,,,,,,
,882,,,,,,882,0.04196453094482422,0.035975608974695206,-0.0028151660226285458,0.0003817975230049342,0.035975608974695206,,,,,,,,,,,,,,,,,,,,,,,,,,,,,,,,,,,,,,,,,,,,,,,,,,,,,,,,,,,,,,,,,,,,,,,,
4.208156447085142e-05,883,,,,,,,,,,,,,,,,,,,,,,,,,,,,,,,,,,,,,,,,,,,,,,,,,,,,,,,,,,,,,,,,,,,,,,,,,,,,,,,,,,,
,883,0.044508449733257294,0.035682354122400284,-0.002816105028614402,0.00021281394583638757,0.035682354122400284,883,,,,,,,,,,,,,,,,,,,,,,,,,,,,,,,,,,,,,,,,,,,,,,,,,,,,,,,,,,,,,,,,,,,,,,,,,,,,,
,883,,,,,,883,0.044508449733257294,0.035682354122400284,-0.002816105028614402,0.00021281394583638757,0.035682354122400284,,,,,,,,,,,,,,,,,,,,,,,,,,,,,,,,,,,,,,,,,,,,,,,,,,,,,,,,,,,,,,,,,,,,,,,,
4.139189804201042e-05,884,,,,,,,,,,,,,,,,,,,,,,,,,,,,,,,,,,,,,,,,,,,,,,,,,,,,,,,,,,,,,,,,,,,,,,,,,,,,,,,,,,,
,884,0.04159041494131088,0.0415659174323082,-0.002817010972648859,0.0004183400596957654,0.0415659174323082,884,,,,,,,,,,,,,,,,,,,,,,,,,,,,,,,,,,,,,,,,,,,,,,,,,,,,,,,,,,,,,,,,,,,,,,,,,,,,,
,884,,,,,,884,0.04159041494131088,0.0415659174323082,-0.002817010972648859,0.0004183400596957654,0.0415659174323082,,,,,,,,,,,,,,,,,,,,,,,,,,,,,,,,,,,,,,,,,,,,,,,,,,,,,,,,,,,,,,,,,,,,,,,,
4.070782570050603e-05,885,,,,,,,,,,,,,,,,,,,,,,,,,,,,,,,,,,,,,,,,,,,,,,,,,,,,,,,,,,,,,,,,,,,,,,,,,,,,,,,,,,,
,885,0.042014073580503464,0.0372188538312912,-0.0028179141227155924,0.00026526543661020696,0.0372188538312912,885,,,,,,,,,,,,,,,,,,,,,,,,,,,,,,,,,,,,,,,,,,,,,,,,,,,,,,,,,,,,,,,,,,,,,,,,,,,,,
,885,,,,,,885,0.042014073580503464,0.0372188538312912,-0.0028179141227155924,0.00026526543661020696,0.0372188538312912,,,,,,,,,,,,,,,,,,,,,,,,,,,,,,,,,,,,,,,,,,,,,,,,,,,,,,,,,,,,,,,,,,,,,,,,
4.002935578154404e-05,886,,,,,,,,,,,,,,,,,,,,,,,,,,,,,,,,,,,,,,,,,,,,,,,,,,,,,,,,,,,,,,,,,,,,,,,,,,,,,,,,,,,
,886,0.042100679129362106,0.042100679129362106,-0.0028187870047986507,0.0003488309739623219,0.042100679129362106,886,,,,,,,,,,,,,,,,,,,,,,,,,,,,,,,,,,,,,,,,,,,,,,,,,,,,,,,,,,,,,,,,,,,,,,,,,,,,,
,886,,,,,,886,0.042100679129362106,0.042100679129362106,-0.0028187870047986507,0.0003488309739623219,0.042100679129362106,,,,,,,,,,,,,,,,,,,,,,,,,,,,,,,,,,,,,,,,,,,,,,,,,,,,,,,,,,,,,,,,,,,,,,,,
3.935649655206603e-05,887,,,,,,,,,,,,,,,,,,,,,,,,,,,,,,,,,,,,,,,,,,,,,,,,,,,,,,,,,,,,,,,,,,,,,,,,,,,,,,,,,,,
,887,0.04198291152715683,0.04198291152715683,-0.0028196570929139853,0.0003327177546452731,0.04198291152715683,887,,,,,,,,,,,,,,,,,,,,,,,,,,,,,,,,,,,,,,,,,,,,,,,,,,,,,,,,,,,,,,,,,,,,,,,,,,,,,
,887,,,,,,887,0.04198291152715683,0.04198291152715683,-0.0028196570929139853,0.0003327177546452731,0.04198291152715683,,,,,,,,,,,,,,,,,,,,,,,,,,,,,,,,,,,,,,,,,,,,,,,,,,,,,,,,,,,,,,,,,,,,,,,,
3.868925621064964e-05,888,,,,,,,,,,,,,,,,,,,,,,,,,,,,,,,,,,,,,,,,,,,,,,,,,,,,,,,,,,,,,,,,,,,,,,,,,,,,,,,,,,,
,888,0.04396912455558777,0.042429156601428986,-0.0028205232229083776,0.00021139360615052283,0.042429156601428986,888,,,,,,,,,,,,,,,,,,,,,,,,,,,,,,,,,,,,,,,,,,,,,,,,,,,,,,,,,,,,,,,,,,,,,,,,,,,,,
,888,,,,,,888,0.04396912455558777,0.042429156601428986,-0.0028205232229083776,0.00021139360615052283,0.042429156601428986,,,,,,,,,,,,,,,,,,,,,,,,,,,,,,,,,,,,,,,,,,,,,,,,,,,,,,,,,,,,,,,,,,,,,,,,
3.802764288740763e-05,889,,,,,,,,,,,,,,,,,,,,,,,,,,,,,,,,,,,,,,,,,,,,,,,,,,,,,,,,,,,,,,,,,,,,,,,,,,,,,,,,,,,
,889,0.12281739711761475,0.12281739711761475,-0.002821356989443302,0.0009921174496412277,0.12281739711761475,889,,,,,,,,,,,,,,,,,,,,,,,,,,,,,,,,,,,,,,,,,,,,,,,,,,,,,,,,,,,,,,,,,,,,,,,,,,,,,
,889,,,,,,889,0.12281739711761475,0.12281739711761475,-0.002821356989443302,0.0009921174496412277,0.12281739711761475,,,,,,,,,,,,,,,,,,,,,,,,,,,,,,,,,,,,,,,,,,,,,,,,,,,,,,,,,,,,,,,,,,,,,,,,
3.7371664643889735e-05,890,,,,,,,,,,,,,,,,,,,,,,,,,,,,,,,,,,,,,,,,,,,,,,,,,,,,,,,,,,,,,,,,,,,,,,,,,,,,,,,,,,,
,890,0.04797755181789398,0.0345555916428566,-0.0028221874963492155,0.0002078955149045214,0.0345555916428566,890,,,,,,,,,,,,,,,,,,,,,,,,,,,,,,,,,,,,,,,,,,,,,,,,,,,,,,,,,,,,,,,,,,,,,,,,,,,,,
,890,,,,,,890,0.04797755181789398,0.0345555916428566,-0.0028221874963492155,0.0002078955149045214,0.0345555916428566,,,,,,,,,,,,,,,,,,,,,,,,,,,,,,,,,,,,,,,,,,,,,,,,,,,,,,,,,,,,,,,,,,,,,,,,
3.672132947298375e-05,891,,,,,,,,,,,,,,,,,,,,,,,,,,,,,,,,,,,,,,,,,,,,,,,,,,,,,,,,,,,,,,,,,,,,,,,,,,,,,,,,,,,
,891,0.041853584349155426,0.031435880810022354,-0.0028230128809809685,0.000394409173168242,0.031435880810022354,891,,,,,,,,,,,,,,,,,,,,,,,,,,,,,,,,,,,,,,,,,,,,,,,,,,,,,,,,,,,,,,,,,,,,,,,,,,,,,
,891,,,,,,891,0.041853584349155426,0.031435880810022354,-0.0028230128809809685,0.000394409173168242,0.031435880810022354,,,,,,,,,,,,,,,,,,,,,,,,,,,,,,,,,,,,,,,,,,,,,,,,,,,,,,,,,,,,,,,,,,,,,,,,
3.607664529881839e-05,892,,,,,,,,,,,,,,,,,,,,,,,,,,,,,,,,,,,,,,,,,,,,,,,,,,,,,,,,,,,,,,,,,,,,,,,,,,,,,,,,,,,
,892,0.04951995238661766,0.04951995238661766,-0.0028238152153789997,0.00021106970962136984,0.04951995238661766,892,,,,,,,,,,,,,,,,,,,,,,,,,,,,,,,,,,,,,,,,,,,,,,,,,,,,,,,,,,,,,,,,,,,,,,,,,,,,,
,892,,,,,,892,0.04951995238661766,0.04951995238661766,-0.0028238152153789997,0.00021106970962136984,0.04951995238661766,,,,,,,,,,,,,,,,,,,,,,,,,,,,,,,,,,,,,,,,,,,,,,,,,,,,,,,,,,,,,,,,,,,,,,,,
3.543761997666712e-05,893,,,,,,,,,,,,,,,,,,,,,,,,,,,,,,,,,,,,,,,,,,,,,,,,,,,,,,,,,,,,,,,,,,,,,,,,,,,,,,,,,,,
,893,0.14410391449928284,0.13848388195037842,-0.002824612660333514,0.0013752368977293372,0.13848388195037842,893,,,,,,,,,,,,,,,,,,,,,,,,,,,,,,,,,,,,,,,,,,,,,,,,,,,,,,,,,,,,,,,,,,,,,,,,,,,,,
,893,,,,,,893,0.14410391449928284,0.13848388195037842,-0.002824612660333514,0.0013752368977293372,0.13848388195037842,,,,,,,,,,,,,,,,,,,,,,,,,,,,,,,,,,,,,,,,,,,,,,,,,,,,,,,,,,,,,,,,,,,,,,,,
3.480426129285167e-05,894,,,,,,,,,,,,,,,,,,,,,,,,,,,,,,,,,,,,,,,,,,,,,,,,,,,,,,,,,,,,,,,,,,,,,,,,,,,,,,,,,,,
,894,0.05862545967102051,0.05862545967102051,-0.002825384493917227,0.00025589659344404936,0.05862545967102051,894,,,,,,,,,,,,,,,,,,,,,,,,,,,,,,,,,,,,,,,,,,,,,,,,,,,,,,,,,,,,,,,,,,,,,,,,,,,,,
,894,,,,,,894,0.05862545967102051,0.05862545967102051,-0.002825384493917227,0.00025589659344404936,0.05862545967102051,,,,,,,,,,,,,,,,,,,,,,,,,,,,,,,,,,,,,,,,,,,,,,,,,,,,,,,,,,,,,,,,,,,,,,,,
3.4176576964647783e-05,895,,,,,,,,,,,,,,,,,,,,,,,,,,,,,,,,,,,,,,,,,,,,,,,,,,,,,,,,,,,,,,,,,,,,,,,,,,,,,,,,,,,
,895,0.041490402072668076,0.027890771627426147,-0.00282615190371871,0.00029094633646309376,0.027890771627426147,895,,,,,,,,,,,,,,,,,,,,,,,,,,,,,,,,,,,,,,,,,,,,,,,,,,,,,,,,,,,,,,,,,,,,,,,,,,,,,
,895,,,,,,895,0.041490402072668076,0.027890771627426147,-0.00282615190371871,0.00029094633646309376,0.027890771627426147,,,,,,,,,,,,,,,,,,,,,,,,,,,,,,,,,,,,,,,,,,,,,,,,,,,,,,,,,,,,,,,,,,,,,,,,
3.355457464019073e-05,896,,,,,,,,,,,,,,,,,,,,,,,,,,,,,,,,,,,,,,,,,,,,,,,,,,,,,,,,,,,,,,,,,,,,,,,,,,,,,,,,,,,
,896,0.05918097496032715,0.05758940055966377,-0.002826913259923458,0.0002607927599456161,0.05758940055966377,896,,,,,,,,,,,,,,,,,,,,,,,,,,,,,,,,,,,,,,,,,,,,,,,,,,,,,,,,,,,,,,,,,,,,,,,,,,,,,
,896,,,,,,896,0.05918097496032715,0.05758940055966377,-0.002826913259923458,0.0002607927599456161,0.05758940055966377,,,,,,,,,,,,,,,,,,,,,,,,,,,,,,,,,,,,,,,,,,,,,,,,,,,,,,,,,,,,,,,,,,,,,,,,
3.2938261898382845e-05,897,,,,,,,,,,,,,,,,,,,,,,,,,,,,,,,,,,,,,,,,,,,,,,,,,,,,,,,,,,,,,,,,,,,,,,,,,,,,,,,,,,,
,897,0.041276466101408005,0.044927459210157394,-0.002827668096870184,0.0003257932548876852,0.044927459210157394,897,,,,,,,,,,,,,,,,,,,,,,,,,,,,,,,,,,,,,,,,,,,,,,,,,,,,,,,,,,,,,,,,,,,,,,,,,,,,,
,897,,,,,,897,0.041276466101408005,0.044927459210157394,-0.002827668096870184,0.0003257932548876852,0.044927459210157394,,,,,,,,,,,,,,,,,,,,,,,,,,,,,,,,,,,,,,,,,,,,,,,,,,,,,,,,,,,,,,,,,,,,,,,,
3.232764624880021e-05,898,,,,,,,,,,,,,,,,,,,,,,,,,,,,,,,,,,,,,,,,,,,,,,,,,,,,,,,,,,,,,,,,,,,,,,,,,,,,,,,,,,,
,898,0.0546206496655941,0.06740579754114151,-0.002828395925462246,0.0002337516052648425,0.06740579754114151,898,,,,,,,,,,,,,,,,,,,,,,,,,,,,,,,,,,,,,,,,,,,,,,,,,,,,,,,,,,,,,,,,,,,,,,,,,,,,,
,898,,,,,,898,0.0546206496655941,0.06740579754114151,-0.002828395925462246,0.0002337516052648425,0.06740579754114151,,,,,,,,,,,,,,,,,,,,,,,,,,,,,,,,,,,,,,,,,,,,,,,,,,,,,,,,,,,,,,,,,,,,,,,,
3.1722735131601865e-05,899,,,,,,,,,,,,,,,,,,,,,,,,,,,,,,,,,,,,,,,,,,,,,,,,,,,,,,,,,,,,,,,,,,,,,,,,,,,,,,,,,,,
,899,0.07015039026737213,0.060171376913785934,-0.0028291179332882166,0.000344228174071759,0.060171376913785934,899,,,,,,,,,,,,,,,,,,,,,,,,,,,,,,,,,,,,,,,,,,,,,,,,,,,,,,,,,,,,,,,,,,,,,,,,,,,,,
,899,,,,,,899,,,,,,0.5475225448608398,0.5539475679397583,-0.0028298168908804655,0.0381915345788002,0.5539475679397583,0.020149491727352142,0.020149491727352142,-0.0028298168908804655,0.0001818858872866258,0.020149491727352142,-0.10458365082740784,0.03949132189154625,0.11516759544610977,0.24939100444316864,0.19255509972572327,0.092549629509449,0.05786901339888573,0.028910528868436813,0.006226649042218924,0.10458365082740784,0.6755439043045044,0.30621328949928284,0.12853562831878662,0.0806979313492775,0.04306437075138092,0.020746879279613495,0.20913366973400116,0.28332793712615967,0.34157422184944153,0.2484429031610489,0.16982212662696838,0.08085105568170547,0.008818340487778187,0.18880610167980194,11.832526206970215,1.6727343797683716,0.5571125149726868,0.46998628973960876,0.5904915928840637,11.520748138427734,4.4405999183654785,-0.11007385700941086,0.04647050425410271,0.12303466349840164,0.24330592155456543,0.19551756978034973,0.10403043776750565,0.06493506580591202,0.0471646673977375,0.005489477887749672,0.11007385700941086,0.6735821962356567,0.33794277906417847,0.15664160251617432,0.09950926899909973,0.07842248678207397,0.024896254763007164,0.22849909961223602,0.27582764625549316,0.3169020414352417,0.23648647964000702,0.15746332705020905,0.10581038892269135,0.006993005983531475,0.1832471489906311,12.412368774414062,2.3669300079345703,0.9131678938865662,0.8312223553657532,1.1433351039886475,26.38087272644043,7.341316223144531
,899,,,,,,899,0.07015039026737213,0.060171376913785934,-0.0028291179332882166,0.000344228174071759,0.060171376913785934,,,,,,,,,,,,,,,,,,,,,,,,,,,,,,,,,,,,,,,,,,,,,,,,,,,,,,,,,,,,,,,,,,,,,,,,
3.112353591743879e-05,900,,,,,,,,,,,,,,,,,,,,,,,,,,,,,,,,,,,,,,,,,,,,,,,,,,,,,,,,,,,,,,,,,,,,,,,,,,,,,,,,,,,
,900,0.28202712535858154,0.2895466685295105,-0.0028298168908804655,0.005345009732991457,0.2895466685295105,900,,,,,,,,,,,,,,,,,,,,,,,,,,,,,,,,,,,,,,,,,,,,,,,,,,,,,,,,,,,,,,,,,,,,,,,,,,,,,
,900,,,,,,900,0.28202712535858154,0.2895466685295105,-0.0028298168908804655,0.005345009732991457,0.2895466685295105,,,,,,,,,,,,,,,,,,,,,,,,,,,,,,,,,,,,,,,,,,,,,,,,,,,,,,,,,,,,,,,,,,,,,,,,
3.053005590736438e-05,901,,,,,,,,,,,,,,,,,,,,,,,,,,,,,,,,,,,,,,,,,,,,,,,,,,,,,,,,,,,,,,,,,,,,,,,,,,,,,,,,,,,
,901,0.09079746901988983,0.07853394746780396,-0.0028305102605372667,0.0005557814729399979,0.07853394746780396,901,,,,,,,,,,,,,,,,,,,,,,,,,,,,,,,,,,,,,,,,,,,,,,,,,,,,,,,,,,,,,,,,,,,,,,,,,,,,,
,901,,,,,,901,0.09079746901988983,0.07853394746780396,-0.0028305102605372667,0.0005557814729399979,0.07853394746780396,,,,,,,,,,,,,,,,,,,,,,,,,,,,,,,,,,,,,,,,,,,,,,,,,,,,,,,,,,,,,,,,,,,,,,,,
2.9942302332745294e-05,902,,,,,,,,,,,,,,,,,,,,,,,,,,,,,,,,,,,,,,,,,,,,,,,,,,,,,,,,,,,,,,,,,,,,,,,,,,,,,,,,,,,
,902,0.04718396067619324,0.04718396067619324,-0.0028311964124441147,0.00020739887258969247,0.04718396067619324,902,,,,,,,,,,,,,,,,,,,,,,,,,,,,,,,,,,,,,,,,,,,,,,,,,,,,,,,,,,,,,,,,,,,,,,,,,,,,,
,902,,,,,,902,0.04718396067619324,0.04718396067619324,-0.0028311964124441147,0.00020739887258969247,0.04718396067619324,,,,,,,,,,,,,,,,,,,,,,,,,,,,,,,,,,,,,,,,,,,,,,,,,,,,,,,,,,,,,,,,,,,,,,,,
2.936028235517331e-05,903,,,,,,,,,,,,,,,,,,,,,,,,,,,,,,,,,,,,,,,,,,,,,,,,,,,,,,,,,,,,,,,,,,,,,,,,,,,,,,,,,,,
,903,0.06363783776760101,0.06232838332653046,-0.0028318753466010094,0.0002907336165662855,0.06232838332653046,903,,,,,,,,,,,,,,,,,,,,,,,,,,,,,,,,,,,,,,,,,,,,,,,,,,,,,,,,,,,,,,,,,,,,,,,,,,,,,
,903,,,,,,903,0.06363783776760101,0.06232838332653046,-0.0028318753466010094,0.0002907336165662855,0.06232838332653046,,,,,,,,,,,,,,,,,,,,,,,,,,,,,,,,,,,,,,,,,,,,,,,,,,,,,,,,,,,,,,,,,,,,,,,,
2.878400306637823e-05,904,,,,,,,,,,,,,,,,,,,,,,,,,,,,,,,,,,,,,,,,,,,,,,,,,,,,,,,,,,,,,,,,,,,,,,,,,,,,,,,,,,,
,904,0.04145226627588272,0.04145226627588272,-0.0028325263410806656,0.0003245319239795208,0.04145226627588272,904,,,,,,,,,,,,,,,,,,,,,,,,,,,,,,,,,,,,,,,,,,,,,,,,,,,,,,,,,,,,,,,,,,,,,,,,,,,,,
,904,,,,,,904,0.04145226627588272,0.04145226627588272,-0.0028325263410806656,0.0003245319239795208,0.04145226627588272,,,,,,,,,,,,,,,,,,,,,,,,,,,,,,,,,,,,,,,,,,,,,,,,,,,,,,,,,,,,,,,,,,,,,,,,
2.8213471488141283e-05,905,,,,,,,,,,,,,,,,,,,,,,,,,,,,,,,,,,,,,,,,,,,,,,,,,,,,,,,,,,,,,,,,,,,,,,,,,,,,,,,,,,,
,905,0.04225347936153412,0.030842885375022888,-0.002833171281963587,0.00021891143114771694,0.030842885375022888,905,,,,,,,,,,,,,,,,,,,,,,,,,,,,,,,,,,,,,,,,,,,,,,,,,,,,,,,,,,,,,,,,,,,,,,,,,,,,,
,905,,,,,,905,0.04225347936153412,0.030842885375022888,-0.002833171281963587,0.00021891143114771694,0.030842885375022888,,,,,,,,,,,,,,,,,,,,,,,,,,,,,,,,,,,,,,,,,,,,,,,,,,,,,,,,,,,,,,,,,,,,,,,,
2.76486945722097e-05,906,,,,,,,,,,,,,,,,,,,,,,,,,,,,,,,,,,,,,,,,,,,,,,,,,,,,,,,,,,,,,,,,,,,,,,,,,,,,,,,,,,,
,906,0.04154761880636215,0.04250667616724968,-0.0028337975963950157,0.00026128056924790144,0.04250667616724968,906,,,,,,,,,,,,,,,,,,,,,,,,,,,,,,,,,,,,,,,,,,,,,,,,,,,,,,,,,,,,,,,,,,,,,,,,,,,,,
,906,,,,,,906,0.04154761880636215,0.04250667616724968,-0.0028337975963950157,0.00026128056924790144,0.04250667616724968,,,,,,,,,,,,,,,,,,,,,,,,,,,,,,,,,,,,,,,,,,,,,,,,,,,,,,,,,,,,,,,,,,,,,,,,
2.7089679200211895e-05,907,,,,,,,,,,,,,,,,,,,,,,,,,,,,,,,,,,,,,,,,,,,,,,,,,,,,,,,,,,,,,,,,,,,,,,,,,,,,,,,,,,,
,907,0.04119868949055672,0.04119868949055672,-0.0028344017919152975,0.0003173372824676335,0.04119868949055672,907,,,,,,,,,,,,,,,,,,,,,,,,,,,,,,,,,,,,,,,,,,,,,,,,,,,,,,,,,,,,,,,,,,,,,,,,,,,,,
,907,,,,,,907,0.04119868949055672,0.04119868949055672,-0.0028344017919152975,0.0003173372824676335,0.04119868949055672,,,,,,,,,,,,,,,,,,,,,,,,,,,,,,,,,,,,,,,,,,,,,,,,,,,,,,,,,,,,,,,,,,,,,,,,
2.6536432183573978e-05,908,,,,,,,,,,,,,,,,,,,,,,,,,,,,,,,,,,,,,,,,,,,,,,,,,,,,,,,,,,,,,,,,,,,,,,,,,,,,,,,,,,,
,908,0.043512966483831406,0.043512966483831406,-0.0028350010979920626,0.0002094913797918707,0.043512966483831406,908,,,,,,,,,,,,,,,,,,,,,,,,,,,,,,,,,,,,,,,,,,,,,,,,,,,,,,,,,,,,,,,,,,,,,,,,,,,,,
,908,,,,,,908,0.043512966483831406,0.043512966483831406,-0.0028350010979920626,0.0002094913797918707,0.043512966483831406,,,,,,,,,,,,,,,,,,,,,,,,,,,,,,,,,,,,,,,,,,,,,,,,,,,,,,,,,,,,,,,,,,,,,,,,
2.598896026343614e-05,909,,,,,,,,,,,,,,,,,,,,,,,,,,,,,,,,,,,,,,,,,,,,,,,,,,,,,,,,,,,,,,,,,,,,,,,,,,,,,,,,,,,
,909,0.06124606728553772,0.0478534996509552,-0.00283559481613338,0.00027345860144123435,0.0478534996509552,909,,,,,,,,,,,,,,,,,,,,,,,,,,,,,,,,,,,,,,,,,,,,,,,,,,,,,,,,,,,,,,,,,,,,,,,,,,,,,
,909,,,,,,909,0.06124606728553772,0.0478534996509552,-0.00283559481613338,0.00027345860144123435,0.0478534996509552,,,,,,,,,,,,,,,,,,,,,,,,,,,,,,,,,,,,,,,,,,,,,,,,,,,,,,,,,,,,,,,,,,,,,,,,
2.544727011057086e-05,910,,,,,,,,,,,,,,,,,,,,,,,,,,,,,,,,,,,,,,,,,,,,,,,,,,,,,,,,,,,,,,,,,,,,,,,,,,,,,,,,,,,
,910,0.04137120395898819,0.035261120647192,-0.0028361822478473186,0.00032323927734978497,0.035261120647192,910,,,,,,,,,,,,,,,,,,,,,,,,,,,,,,,,,,,,,,,,,,,,,,,,,,,,,,,,,,,,,,,,,,,,,,,,,,,,,
,910,,,,,,910,0.04137120395898819,0.035261120647192,-0.0028361822478473186,0.00032323927734978497,0.035261120647192,,,,,,,,,,,,,,,,,,,,,,,,,,,,,,,,,,,,,,,,,,,,,,,,,,,,,,,,,,,,,,,,,,,,,,,,
2.491136832530171e-05,911,,,,,,,,,,,,,,,,,,,,,,,,,,,,,,,,,,,,,,,,,,,,,,,,,,,,,,,,,,,,,,,,,,,,,,,,,,,,,,,,,,,
,911,0.04117054492235184,0.032956562936306,-0.0028367454651743174,0.00037383861490525305,0.032956562936306,911,,,,,,,,,,,,,,,,,,,,,,,,,,,,,,,,,,,,,,,,,,,,,,,,,,,,,,,,,,,,,,,,,,,,,,,,,,,,,
,911,,,,,,911,0.04117054492235184,0.032956562936306,-0.0028367454651743174,0.00037383861490525305,0.032956562936306,,,,,,,,,,,,,,,,,,,,,,,,,,,,,,,,,,,,,,,,,,,,,,,,,,,,,,,,,,,,,,,,,,,,,,,,
2.4381261437423006e-05,912,,,,,,,,,,,,,,,,,,,,,,,,,,,,,,,,,,,,,,,,,,,,,,,,,,,,,,,,,,,,,,,,,,,,,,,,,,,,,,,,,,,
,912,0.10167711973190308,0.10325600206851959,-0.002837283769622445,0.0006834691157564521,0.10325600206851959,912,,,,,,,,,,,,,,,,,,,,,,,,,,,,,,,,,,,,,,,,,,,,,,,,,,,,,,,,,,,,,,,,,,,,,,,,,,,,,
,912,,,,,,912,0.10167711973190308,0.10325600206851959,-0.002837283769622445,0.0006834691157564521,0.10325600206851959,,,,,,,,,,,,,,,,,,,,,,,,,,,,,,,,,,,,,,,,,,,,,,,,,,,,,,,,,,,,,,,,,,,,,,,,
2.385695590611972e-05,913,,,,,,,,,,,,,,,,,,,,,,,,,,,,,,,,,,,,,,,,,,,,,,,,,,,,,,,,,,,,,,,,,,,,,,,,,,,,,,,,,,,
,913,0.04096526652574539,0.03252648934721947,-0.002837817883118987,0.00038155936636030674,0.03252648934721947,913,,,,,,,,,,,,,,,,,,,,,,,,,,,,,,,,,,,,,,,,,,,,,,,,,,,,,,,,,,,,,,,,,,,,,,,,,,,,,
,913,,,,,,913,0.04096526652574539,0.03252648934721947,-0.002837817883118987,0.00038155936636030674,0.03252648934721947,,,,,,,,,,,,,,,,,,,,,,,,,,,,,,,,,,,,,,,,,,,,,,,,,,,,,,,,,,,,,,,,,,,,,,,,
2.333845811988935e-05,914,,,,,,,,,,,,,,,,,,,,,,,,,,,,,,,,,,,,,,,,,,,,,,,,,,,,,,,,,,,,,,,,,,,,,,,,,,,,,,,,,,,
,914,0.0415249764919281,0.038043271750211716,-0.0028383303433656693,0.0003517484583426267,0.038043271750211716,914,,,,,,,,,,,,,,,,,,,,,,,,,,,,,,,,,,,,,,,,,,,,,,,,,,,,,,,,,,,,,,,,,,,,,,,,,,,,,
,914,,,,,,914,0.0415249764919281,0.038043271750211716,-0.0028383303433656693,0.0003517484583426267,0.038043271750211716,,,,,,,,,,,,,,,,,,,,,,,,,,,,,,,,,,,,,,,,,,,,,,,,,,,,,,,,,,,,,,,,,,,,,,,,
2.282577439646374e-05,915,,,,,,,,,,,,,,,,,,,,,,,,,,,,,,,,,,,,,,,,,,,,,,,,,,,,,,,,,,,,,,,,,,,,,,,,,,,,,,,,,,,
,915,0.04122456535696983,0.04122456535696983,-0.0028388239443302155,0.0004209739272482693,0.04122456535696983,915,,,,,,,,,,,,,,,,,,,,,,,,,,,,,,,,,,,,,,,,,,,,,,,,,,,,,,,,,,,,,,,,,,,,,,,,,,,,,
,915,,,,,,915,0.04122456535696983,0.04122456535696983,-0.0028388239443302155,0.0004209739272482693,0.04122456535696983,,,,,,,,,,,,,,,,,,,,,,,,,,,,,,,,,,,,,,,,,,,,,,,,,,,,,,,,,,,,,,,,,,,,,,,,
2.2318910982732407e-05,916,,,,,,,,,,,,,,,,,,,,,,,,,,,,,,,,,,,,,,,,,,,,,,,,,,,,,,,,,,,,,,,,,,,,,,,,,,,,,,,,,,,
,916,0.07581943273544312,0.07581943273544312,-0.0028393149841576815,0.00039415908395312726,0.07581943273544312,916,,,,,,,,,,,,,,,,,,,,,,,,,,,,,,,,,,,,,,,,,,,,,,,,,,,,,,,,,,,,,,,,,,,,,,,,,,,,,
,916,,,,,,916,0.07581943273544312,0.07581943273544312,-0.0028393149841576815,0.00039415908395312726,0.07581943273544312,,,,,,,,,,,,,,,,,,,,,,,,,,,,,,,,,,,,,,,,,,,,,,,,,,,,,,,,,,,,,,,,,,,,,,,,
2.1817874054665994e-05,917,,,,,,,,,,,,,,,,,,,,,,,,,,,,,,,,,,,,,,,,,,,,,,,,,,,,,,,,,,,,,,,,,,,,,,,,,,,,,,,,,,,
,917,0.0438360795378685,0.04348062723875046,-0.002839801600202918,0.00021104699408169836,0.04348062723875046,917,,,,,,,,,,,,,,,,,,,,,,,,,,,,,,,,,,,,,,,,,,,,,,,,,,,,,,,,,,,,,,,,,,,,,,,,,,,,,
,917,,,,,,917,0.0438360795378685,0.04348062723875046,-0.002839801600202918,0.00021104699408169836,0.04348062723875046,,,,,,,,,,,,,,,,,,,,,,,,,,,,,,,,,,,,,,,,,,,,,,,,,,,,,,,,,,,,,,,,,,,,,,,,
2.132266971724127e-05,918,,,,,,,,,,,,,,,,,,,,,,,,,,,,,,,,,,,,,,,,,,,,,,,,,,,,,,,,,,,,,,,,,,,,,,,,,,,,,,,,,,,
,918,0.040662262588739395,0.040662262588739395,-0.0028402621392160654,0.0003087678924202919,0.040662262588739395,918,,,,,,,,,,,,,,,,,,,,,,,,,,,,,,,,,,,,,,,,,,,,,,,,,,,,,,,,,,,,,,,,,,,,,,,,,,,,,
,918,,,,,,918,0.040662262588739395,0.040662262588739395,-0.0028402621392160654,0.0003087678924202919,0.040662262588739395,,,,,,,,,,,,,,,,,,,,,,,,,,,,,,,,,,,,,,,,,,,,,,,,,,,,,,,,,,,,,,,,,,,,,,,,
2.083330400436699e-05,919,,,,,,,,,,,,,,,,,,,,,,,,,,,,,,,,,,,,,,,,,,,,,,,,,,,,,,,,,,,,,,,,,,,,,,,,,,,,,,,,,,,
,919,0.04121337831020355,0.04121337831020355,-0.0028407196514308453,0.00025113747688010335,0.04121337831020355,919,,,,,,,,,,,,,,,,,,,,,,,,,,,,,,,,,,,,,,,,,,,,,,,,,,,,,,,,,,,,,,,,,,,,,,,,,,,,,
,919,,,,,,919,0.04121337831020355,0.04121337831020355,-0.0028407196514308453,0.00025113747688010335,0.04121337831020355,,,,,,,,,,,,,,,,,,,,,,,,,,,,,,,,,,,,,,,,,,,,,,,,,,,,,,,,,,,,,,,,,,,,,,,,
2.0349782878809707e-05,920,,,,,,,,,,,,,,,,,,,,,,,,,,,,,,,,,,,,,,,,,,,,,,,,,,,,,,,,,,,,,,,,,,,,,,,,,,,,,,,,,,,
,920,0.04500822350382805,0.04099607095122337,-0.002841173205524683,0.000203367046196945,0.04099607095122337,920,,,,,,,,,,,,,,,,,,,,,,,,,,,,,,,,,,,,,,,,,,,,,,,,,,,,,,,,,,,,,,,,,,,,,,,,,,,,,
,920,,,,,,920,0.04500822350382805,0.04099607095122337,-0.002841173205524683,0.000203367046196945,0.04099607095122337,,,,,,,,,,,,,,,,,,,,,,,,,,,,,,,,,,,,,,,,,,,,,,,,,,,,,,,,,,,,,,,,,,,,,,,,
1.9872112232122e-05,921,,,,,,,,,,,,,,,,,,,,,,,,,,,,,,,,,,,,,,,,,,,,,,,,,,,,,,,,,,,,,,,,,,,,,,,,,,,,,,,,,,,
,921,0.14918510615825653,0.14918510615825653,-0.0028416095301508904,0.0014869507867842913,0.14918510615825653,921,,,,,,,,,,,,,,,,,,,,,,,,,,,,,,,,,,,,,,,,,,,,,,,,,,,,,,,,,,,,,,,,,,,,,,,,,,,,,
,921,,,,,,921,0.14918510615825653,0.14918510615825653,-0.0028416095301508904,0.0014869507867842913,0.14918510615825653,,,,,,,,,,,,,,,,,,,,,,,,,,,,,,,,,,,,,,,,,,,,,,,,,,,,,,,,,,,,,,,,,,,,,,,,
1.940029788456977e-05,922,,,,,,,,,,,,,,,,,,,,,,,,,,,,,,,,,,,,,,,,,,,,,,,,,,,,,,,,,,,,,,,,,,,,,,,,,,,,,,,,,,,
,922,0.044365912675857544,0.031161177903413773,-0.0028420418966561556,0.00020400901848915964,0.031161177903413773,922,,,,,,,,,,,,,,,,,,,,,,,,,,,,,,,,,,,,,,,,,,,,,,,,,,,,,,,,,,,,,,,,,,,,,,,,,,,,,
,922,,,,,,922,0.044365912675857544,0.031161177903413773,-0.0028420418966561556,0.00020400901848915964,0.031161177903413773,,,,,,,,,,,,,,,,,,,,,,,,,,,,,,,,,,,,,,,,,,,,,,,,,,,,,,,,,,,,,,,,,,,,,,,,
1.893434558506205e-05,923,,,,,,,,,,,,,,,,,,,,,,,,,,,,,,,,,,,,,,,,,,,,,,,,,,,,,,,,,,,,,,,,,,,,,,,,,,,,,,,,,,,
,923,0.04155675694346428,0.04155675694346428,-0.0028424665797501802,0.000393134105252102,0.04155675694346428,923,,,,,,,,,,,,,,,,,,,,,,,,,,,,,,,,,,,,,,,,,,,,,,,,,,,,,,,,,,,,,,,,,,,,,,,,,,,,,
,923,,,,,,923,0.04155675694346428,0.04155675694346428,-0.0028424665797501802,0.000393134105252102,0.04155675694346428,,,,,,,,,,,,,,,,,,,,,,,,,,,,,,,,,,,,,,,,,,,,,,,,,,,,,,,,,,,,,,,,,,,,,,,,
1.84742610110805e-05,924,,,,,,,,,,,,,,,,,,,,,,,,,,,,,,,,,,,,,,,,,,,,,,,,,,,,,,,,,,,,,,,,,,,,,,,,,,,,,,,,,,,
,924,0.06224988028407097,0.04887911304831505,-0.002842886373400688,0.0002836453204508871,0.04887911304831505,924,,,,,,,,,,,,,,,,,,,,,,,,,,,,,,,,,,,,,,,,,,,,,,,,,,,,,,,,,,,,,,,,,,,,,,,,,,,,,
,924,,,,,,924,0.06224988028407097,0.04887911304831505,-0.002842886373400688,0.0002836453204508871,0.04887911304831505,,,,,,,,,,,,,,,,,,,,,,,,,,,,,,,,,,,,,,,,,,,,,,,,,,,,,,,,,,,,,,,,,,,,,,,,
1.8020049768610372e-05,925,,,,,,,,,,,,,,,,,,,,,,,,,,,,,,,,,,,,,,,,,,,,,,,,,,,,,,,,,,,,,,,,,,,,,,,,,,,,,,,,,,,
,925,0.040963128209114075,0.040963128209114075,-0.0028433005791157484,0.00022960285423323512,0.040963128209114075,925,,,,,,,,,,,,,,,,,,,,,,,,,,,,,,,,,,,,,,,,,,,,,,,,,,,,,,,,,,,,,,,,,,,,,,,,,,,,,
,925,,,,,,925,0.040963128209114075,0.040963128209114075,-0.0028433005791157484,0.00022960285423323512,0.040963128209114075,,,,,,,,,,,,,,,,,,,,,,,,,,,,,,,,,,,,,,,,,,,,,,,,,,,,,,,,,,,,,,,,,,,,,,,,
1.7571717392072537e-05,926,,,,,,,,,,,,,,,,,,,,,,,,,,,,,,,,,,,,,,,,,,,,,,,,,,,,,,,,,,,,,,,,,,,,,,,,,,,,,,,,,,,
,926,0.05311647802591324,0.05311647802591324,-0.0028437087312340736,0.00022587284911423922,0.05311647802591324,926,,,,,,,,,,,,,,,,,,,,,,,,,,,,,,,,,,,,,,,,,,,,,,,,,,,,,,,,,,,,,,,,,,,,,,,,,,,,,
,926,,,,,,926,0.05311647802591324,0.05311647802591324,-0.0028437087312340736,0.00022587284911423922,0.05311647802591324,,,,,,,,,,,,,,,,,,,,,,,,,,,,,,,,,,,,,,,,,,,,,,,,,,,,,,,,,,,,,,,,,,,,,,,,
1.7129269344255414e-05,927,,,,,,,,,,,,,,,,,,,,,,,,,,,,,,,,,,,,,,,,,,,,,,,,,,,,,,,,,,,,,,,,,,,,,,,,,,,,,,,,,,,
,927,0.04717904329299927,0.02292000502347946,-0.002844110131263733,0.00020358174515422434,0.02292000502347946,927,,,,,,,,,,,,,,,,,,,,,,,,,,,,,,,,,,,,,,,,,,,,,,,,,,,,,,,,,,,,,,,,,,,,,,,,,,,,,
,927,,,,,,927,0.04717904329299927,0.02292000502347946,-0.002844110131263733,0.00020358174515422434,0.02292000502347946,,,,,,,,,,,,,,,,,,,,,,,,,,,,,,,,,,,,,,,,,,,,,,,,,,,,,,,,,,,,,,,,,,,,,,,,
1.669271101624883e-05,928,,,,,,,,,,,,,,,,,,,,,,,,,,,,,,,,,,,,,,,,,,,,,,,,,,,,,,,,,,,,,,,,,,,,,,,,,,,,,,,,,,,
,928,0.07623229920864105,0.08785070478916168,-0.002844503615051508,0.0004030449199490249,0.08785070478916168,928,,,,,,,,,,,,,,,,,,,,,,,,,,,,,,,,,,,,,,,,,,,,,,,,,,,,,,,,,,,,,,,,,,,,,,,,,,,,,
,928,,,,,,928,0.07623229920864105,0.08785070478916168,-0.002844503615051508,0.0004030449199490249,0.08785070478916168,,,,,,,,,,,,,,,,,,,,,,,,,,,,,,,,,,,,,,,,,,,,,,,,,,,,,,,,,,,,,,,,,,,,,,,,
1.6262047727378078e-05,929,,,,,,,,,,,,,,,,,,,,,,,,,,,,,,,,,,,,,,,,,,,,,,,,,,,,,,,,,,,,,,,,,,,,,,,,,,,,,,,,,,,
,929,0.0749310702085495,0.08810098469257355,-0.002844889648258686,0.00038772597326897085,0.08810098469257355,929,,,,,,,,,,,,,,,,,,,,,,,,,,,,,,,,,,,,,,,,,,,,,,,,,,,,,,,,,,,,,,,,,,,,,,,,,,,,,
,929,,,,,,929,0.0749310702085495,0.08810098469257355,-0.002844889648258686,0.00038772597326897085,0.08810098469257355,,,,,,,,,,,,,,,,,,,,,,,,,,,,,,,,,,,,,,,,,,,,,,,,,,,,,,,,,,,,,,,,,,,,,,,,
1.5837284725139757e-05,930,,,,,,,,,,,,,,,,,,,,,,,,,,,,,,,,,,,,,,,,,,,,,,,,,,,,,,,,,,,,,,,,,,,,,,,,,,,,,,,,,,,
,930,0.04042861610651016,0.04042861610651016,-0.002845268463715911,0.0003383631119504571,0.04042861610651016,930,,,,,,,,,,,,,,,,,,,,,,,,,,,,,,,,,,,,,,,,,,,,,,,,,,,,,,,,,,,,,,,,,,,,,,,,,,,,,
,930,,,,,,930,0.04042861610651016,0.04042861610651016,-0.002845268463715911,0.0003383631119504571,0.04042861610651016,,,,,,,,,,,,,,,,,,,,,,,,,,,,,,,,,,,,,,,,,,,,,,,,,,,,,,,,,,,,,,,,,,,,,,,,
1.541842718513683e-05,931,,,,,,,,,,,,,,,,,,,,,,,,,,,,,,,,,,,,,,,,,,,,,,,,,,,,,,,,,,,,,,,,,,,,,,,,,,,,,,,,,,,
,931,0.046717386692762375,0.0407281368970871,-0.0028456393629312515,0.00020282500190660357,0.0407281368970871,931,,,,,,,,,,,,,,,,,,,,,,,,,,,,,,,,,,,,,,,,,,,,,,,,,,,,,,,,,,,,,,,,,,,,,,,,,,,,,
,931,,,,,,931,0.046717386692762375,0.0407281368970871,-0.0028456393629312515,0.00020282500190660357,0.0407281368970871,,,,,,,,,,,,,,,,,,,,,,,,,,,,,,,,,,,,,,,,,,,,,,,,,,,,,,,,,,,,,,,,,,,,,,,,
1.5005480211016127e-05,932,,,,,,,,,,,,,,,,,,,,,,,,,,,,,,,,,,,,,,,,,,,,,,,,,,,,,,,,,,,,,,,,,,,,,,,,,,,,,,,,,,,
,932,0.040968041867017746,0.024151688441634178,-0.0028459937311708927,0.00028035082505084574,0.024151688441634178,932,,,,,,,,,,,,,,,,,,,,,,,,,,,,,,,,,,,,,,,,,,,,,,,,,,,,,,,,,,,,,,,,,,,,,,,,,,,,,
,932,,,,,,932,0.040968041867017746,0.024151688441634178,-0.0028459937311708927,0.00028035082505084574,0.024151688441634178,,,,,,,,,,,,,,,,,,,,,,,,,,,,,,,,,,,,,,,,,,,,,,,,,,,,,,,,,,,,,,,,,,,,,,,,
1.4598448834406399e-05,933,,,,,,,,,,,,,,,,,,,,,,,,,,,,,,,,,,,,,,,,,,,,,,,,,,,,,,,,,,,,,,,,,,,,,,,,,,,,,,,,,,,
,933,0.041250646114349365,0.03725051507353783,-0.0028463290072977543,0.00027163169579580426,0.03725051507353783,933,,,,,,,,,,,,,,,,,,,,,,,,,,,,,,,,,,,,,,,,,,,,,,,,,,,,,,,,,,,,,,,,,,,,,,,,,,,,,
,933,,,,,,933,0.041250646114349365,0.03725051507353783,-0.0028463290072977543,0.00027163169579580426,0.03725051507353783,,,,,,,,,,,,,,,,,,,,,,,,,,,,,,,,,,,,,,,,,,,,,,,,,,,,,,,,,,,,,,,,,,,,,,,,
1.4197338014856432e-05,934,,,,,,,,,,,,,,,,,,,,,,,,,,,,,,,,,,,,,,,,,,,,,,,,,,,,,,,,,,,,,,,,,,,,,,,,,,,,,,,,,,,
,934,0.1096632182598114,0.1096632182598114,-0.002846650080755353,0.0008281416376121342,0.1096632182598114,934,,,,,,,,,,,,,,,,,,,,,,,,,,,,,,,,,,,,,,,,,,,,,,,,,,,,,,,,,,,,,,,,,,,,,,,,,,,,,
,934,,,,,,934,0.1096632182598114,0.1096632182598114,-0.002846650080755353,0.0008281416376121342,0.1096632182598114,,,,,,,,,,,,,,,,,,,,,,,,,,,,,,,,,,,,,,,,,,,,,,,,,,,,,,,,,,,,,,,,,,,,,,,,
1.3802152639775047e-05,935,,,,,,,,,,,,,,,,,,,,,,,,,,,,,,,,,,,,,,,,,,,,,,,,,,,,,,,,,,,,,,,,,,,,,,,,,,,,,,,,,,,
,935,0.04680490121245384,0.040725141763687134,-0.002846966264769435,0.00020320495241321623,0.040725141763687134,935,,,,,,,,,,,,,,,,,,,,,,,,,,,,,,,,,,,,,,,,,,,,,,,,,,,,,,,,,,,,,,,,,,,,,,,,,,,,,
,935,,,,,,935,0.04680490121245384,0.040725141763687134,-0.002846966264769435,0.00020320495241321623,0.040725141763687134,,,,,,,,,,,,,,,,,,,,,,,,,,,,,,,,,,,,,,,,,,,,,,,,,,,,,,,,,,,,,,,,,,,,,,,,
1.3412897524371147e-05,936,,,,,,,,,,,,,,,,,,,,,,,,,,,,,,,,,,,,,,,,,,,,,,,,,,,,,,,,,,,,,,,,,,,,,,,,,,,,,,,,,,,
,936,0.04734475910663605,0.04734475910663605,-0.002847259631380439,0.00020268607477191836,0.04734475910663605,936,,,,,,,,,,,,,,,,,,,,,,,,,,,,,,,,,,,,,,,,,,,,,,,,,,,,,,,,,,,,,,,,,,,,,,,,,,,,,
,936,,,,,,936,0.04734475910663605,0.04734475910663605,-0.002847259631380439,0.00020268607477191836,0.04734475910663605,,,,,,,,,,,,,,,,,,,,,,,,,,,,,,,,,,,,,,,,,,,,,,,,,,,,,,,,,,,,,,,,,,,,,,,,
1.302957741159571e-05,937,,,,,,,,,,,,,,,,,,,,,,,,,,,,,,,,,,,,,,,,,,,,,,,,,,,,,,,,,,,,,,,,,,,,,,,,,,,,,,,,,,,
,937,0.04132774472236633,0.03969891741871834,-0.002847549971193075,0.0002455631038174033,0.03969891741871834,937,,,,,,,,,,,,,,,,,,,,,,,,,,,,,,,,,,,,,,,,,,,,,,,,,,,,,,,,,,,,,,,,,,,,,,,,,,,,,
,937,,,,,,937,0.04132774472236633,0.03969891741871834,-0.002847549971193075,0.0002455631038174033,0.03969891741871834,,,,,,,,,,,,,,,,,,,,,,,,,,,,,,,,,,,,,,,,,,,,,,,,,,,,,,,,,,,,,,,,,,,,,,,,
1.2652196972083121e-05,938,,,,,,,,,,,,,,,,,,,,,,,,,,,,,,,,,,,,,,,,,,,,,,,,,,,,,,,,,,,,,,,,,,,,,,,,,,,,,,,,,,,
,938,0.04805725812911987,0.036534346640110016,-0.0028478275053203106,0.00020556669915094972,0.036534346640110016,938,,,,,,,,,,,,,,,,,,,,,,,,,,,,,,,,,,,,,,,,,,,,,,,,,,,,,,,,,,,,,,,,,,,,,,,,,,,,,
,938,,,,,,938,0.04805725812911987,0.036534346640110016,-0.0028478275053203106,0.00020556669915094972,0.036534346640110016,,,,,,,,,,,,,,,,,,,,,,,,,,,,,,,,,,,,,,,,,,,,,,,,,,,,,,,,,,,,,,,,,,,,,,,,
1.2280760804095107e-05,939,,,,,,,,,,,,,,,,,,,,,,,,,,,,,,,,,,,,,,,,,,,,,,,,,,,,,,,,,,,,,,,,,,,,,,,,,,,,,,,,,,,
,939,0.041460055857896805,0.03888920694589615,-0.002848095027729869,0.00038541588583029807,0.03888920694589615,939,,,,,,,,,,,,,,,,,,,,,,,,,,,,,,,,,,,,,,,,,,,,,,,,,,,,,,,,,,,,,,,,,,,,,,,,,,,,,
,939,,,,,,939,0.041460055857896805,0.03888920694589615,-0.002848095027729869,0.00038541588583029807,0.03888920694589615,,,,,,,,,,,,,,,,,,,,,,,,,,,,,,,,,,,,,,,,,,,,,,,,,,,,,,,,,,,,,,,,,,,,,,,,
1.1915273433464056e-05,940,,,,,,,,,,,,,,,,,,,,,,,,,,,,,,,,,,,,,,,,,,,,,,,,,,,,,,,,,,,,,,,,,,,,,,,,,,,,,,,,,,,
,940,0.040560606867074966,0.03793935850262642,-0.002848351141437888,0.00026124934083782136,0.03793935850262642,940,,,,,,,,,,,,,,,,,,,,,,,,,,,,,,,,,,,,,,,,,,,,,,,,,,,,,,,,,,,,,,,,,,,,,,,,,,,,,
,940,,,,,,940,0.040560606867074966,0.03793935850262642,-0.002848351141437888,0.00026124934083782136,0.03793935850262642,,,,,,,,,,,,,,,,,,,,,,,,,,,,,,,,,,,,,,,,,,,,,,,,,,,,,,,,,,,,,,,,,,,,,,,,
1.1555739313538341e-05,941,,,,,,,,,,,,,,,,,,,,,,,,,,,,,,,,,,,,,,,,,,,,,,,,,,,,,,,,,,,,,,,,,,,,,,,,,,,,,,,,,,,
,941,0.04106312617659569,0.013519465923309326,-0.0028485965449362993,0.0003409199707675725,0.013519465923309326,941,,,,,,,,,,,,,,,,,,,,,,,,,,,,,,,,,,,,,,,,,,,,,,,,,,,,,,,,,,,,,,,,,,,,,,,,,,,,,
,941,,,,,,941,0.04106312617659569,0.013519465923309326,-0.0028485965449362993,0.0003409199707675725,0.013519465923309326,,,,,,,,,,,,,,,,,,,,,,,,,,,,,,,,,,,,,,,,,,,,,,,,,,,,,,,,,,,,,,,,,,,,,,,,
1.1202162825127698e-05,942,,,,,,,,,,,,,,,,,,,,,,,,,,,,,,,,,,,,,,,,,,,,,,,,,,,,,,,,,,,,,,,,,,,,,,,,,,,,,,,,,,,
,942,0.04141848534345627,0.02803712710738182,-0.002848828909918666,0.00022921210620552301,0.02803712710738182,942,,,,,,,,,,,,,,,,,,,,,,,,,,,,,,,,,,,,,,,,,,,,,,,,,,,,,,,,,,,,,,,,,,,,,,,,,,,,,
,942,,,,,,942,0.04141848534345627,0.02803712710738182,-0.002848828909918666,0.00022921210620552301,0.02803712710738182,,,,,,,,,,,,,,,,,,,,,,,,,,,,,,,,,,,,,,,,,,,,,,,,,,,,,,,,,,,,,,,,,,,,,,,,
1.0854548276449926e-05,943,,,,,,,,,,,,,,,,,,,,,,,,,,,,,,,,,,,,,,,,,,,,,,,,,,,,,,,,,,,,,,,,,,,,,,,,,,,,,,,,,,,
,943,0.07485093921422958,0.08776962757110596,-0.002849059645086527,0.00038731133099645376,0.08776962757110596,943,,,,,,,,,,,,,,,,,,,,,,,,,,,,,,,,,,,,,,,,,,,,,,,,,,,,,,,,,,,,,,,,,,,,,,,,,,,,,
,943,,,,,,943,0.07485093921422958,0.08776962757110596,-0.002849059645086527,0.00038731133099645376,0.08776962757110596,,,,,,,,,,,,,,,,,,,,,,,,,,,,,,,,,,,,,,,,,,,,,,,,,,,,,,,,,,,,,,,,,,,,,,,,
1.0512899903078828e-05,944,,,,,,,,,,,,,,,,,,,,,,,,,,,,,,,,,,,,,,,,,,,,,,,,,,,,,,,,,,,,,,,,,,,,,,,,,,,,,,,,,,,
,944,0.041230976581573486,0.041230976581573486,-0.002849278040230274,0.00024172451230697334,0.041230976581573486,944,,,,,,,,,,,,,,,,,,,,,,,,,,,,,,,,,,,,,,,,,,,,,,,,,,,,,,,,,,,,,,,,,,,,,,,,,,,,,
,944,,,,,,944,0.041230976581573486,0.041230976581573486,-0.002849278040230274,0.00024172451230697334,0.041230976581573486,,,,,,,,,,,,,,,,,,,,,,,,,,,,,,,,,,,,,,,,,,,,,,,,,,,,,,,,,,,,,,,,,,,,,,,,
1.0177221867891842e-05,945,,,,,,,,,,,,,,,,,,,,,,,,,,,,,,,,,,,,,,,,,,,,,,,,,,,,,,,,,,,,,,,,,,,,,,,,,,,,,,,,,,,
,945,0.21485072374343872,0.21077914535999298,-0.002849494805559516,0.003186585148796439,0.21077914535999298,945,,,,,,,,,,,,,,,,,,,,,,,,,,,,,,,,,,,,,,,,,,,,,,,,,,,,,,,,,,,,,,,,,,,,,,,,,,,,,
,945,,,,,,945,0.21485072374343872,0.21077914535999298,-0.002849494805559516,0.003186585148796439,0.21077914535999298,,,,,,,,,,,,,,,,,,,,,,,,,,,,,,,,,,,,,,,,,,,,,,,,,,,,,,,,,,,,,,,,,,,,,,,,
9.847518261020038e-06,946,,,,,,,,,,,,,,,,,,,,,,,,,,,,,,,,,,,,,,,,,,,,,,,,,,,,,,,,,,,,,,,,,,,,,,,,,,,,,,,,,,,
,946,0.040657639503479004,0.040657639503479004,-0.0028497048188000917,0.0002982019796036184,0.040657639503479004,946,,,,,,,,,,,,,,,,,,,,,,,,,,,,,,,,,,,,,,,,,,,,,,,,,,,,,,,,,,,,,,,,,,,,,,,,,,,,,
,946,,,,,,946,0.040657639503479004,0.040657639503479004,-0.0028497048188000917,0.0002982019796036184,0.040657639503479004,,,,,,,,,,,,,,,,,,,,,,,,,,,,,,,,,,,,,,,,,,,,,,,,,,,,,,,,,,,,,,,,,,,,,,,,
9.52379309979764e-06,947,,,,,,,,,,,,,,,,,,,,,,,,,,,,,,,,,,,,,,,,,,,,,,,,,,,,,,,,,,,,,,,,,,,,,,,,,,,,,,,,,,,
,947,0.06882160902023315,0.06882160902023315,-0.0028499122709035873,0.00033969455398619175,0.06882160902023315,947,,,,,,,,,,,,,,,,,,,,,,,,,,,,,,,,,,,,,,,,,,,,,,,,,,,,,,,,,,,,,,,,,,,,,,,,,,,,,
,947,,,,,,947,0.06882160902023315,0.06882160902023315,-0.0028499122709035873,0.00033969455398619175,0.06882160902023315,,,,,,,,,,,,,,,,,,,,,,,,,,,,,,,,,,,,,,,,,,,,,,,,,,,,,,,,,,,,,,,,,,,,,,,,
9.206050328713732e-06,948,,,,,,,,,,,,,,,,,,,,,,,,,,,,,,,,,,,,,,,,,,,,,,,,,,,,,,,,,,,,,,,,,,,,,,,,,,,,,,,,,,,
,948,0.041094034910202026,0.041094034910202026,-0.002850116463378072,0.00022141679073683918,0.041094034910202026,948,,,,,,,,,,,,,,,,,,,,,,,,,,,,,,,,,,,,,,,,,,,,,,,,,,,,,,,,,,,,,,,,,,,,,,,,,,,,,
,948,,,,,,948,0.041094034910202026,0.041094034910202026,-0.002850116463378072,0.00022141679073683918,0.041094034910202026,,,,,,,,,,,,,,,,,,,,,,,,,,,,,,,,,,,,,,,,,,,,,,,,,,,,,,,,,,,,,,,,,,,,,,,,
8.894293819363679e-06,949,,,,,,,,,,,,,,,,,,,,,,,,,,,,,,,,,,,,,,,,,,,,,,,,,,,,,,,,,,,,,,,,,,,,,,,,,,,,,,,,,,,
,949,0.042425304651260376,0.042425304651260376,-0.0028503171633929014,0.0002068809699267149,0.042425304651260376,949,,,,,,,,,,,,,,,,,,,,,,,,,,,,,,,,,,,,,,,,,,,,,,,,,,,,,,,,,,,,,,,,,,,,,,,,,,,,,
,949,,,,,,949,,,,,,0.018930751830339432,0.018930751830339432,-0.0028505141381174326,8.766551036387682e-05,0.018930751830339432,0.047294408082962036,0.047294408082962036,-0.0028505141381174326,0.0002682102785911411,0.047294408082962036,-0.113057442009449,0.039820313453674316,0.10413526743650436,0.25534218549728394,0.19081902503967285,0.10362423211336136,0.0740247368812561,0.047986291348934174,0.006548175122588873,0.113057442009449,0.5746641159057617,0.27363136410713196,0.14178302884101868,0.10605234652757645,0.07615593820810318,0.029045630246400833,0.20022207498550415,0.3148449659347534,0.3866952359676361,0.27799227833747864,0.1968623399734497,0.11483252793550491,0.008383232168853283,0.21660175919532776,6.933998107910156,1.042181134223938,0.5414173007011414,0.6040380597114563,0.9154333472251892,24.9854736328125,5.837090492248535,-0.1254957616329193,0.05156527832150459,0.11886029690504074,0.30953267216682434,0.2312701940536499,0.11096913367509842,0.06062331050634384,0.03661327064037323,0.003966005519032478,0.1254957616329193,0.7406372427940369,0.4204394817352295,0.20211242139339447,0.11613958328962326,0.0797824114561081,0.029045630246400833,0.2646927833557129,0.3471634089946747,0.33950287103652954,0.1974812000989914,0.11254953593015671,0.063377745449543,0.00457217451184988,0.17744114995002747,9.473104476928711,3.1920464038848877,2.180135726928711,2.2162678241729736,3.298297166824341,83.99723815917969,17.39284896850586
,949,,,,,,949,0.042425304651260376,0.042425304651260376,-0.0028503171633929014,0.0002068809699267149,0.042425304651260376,,,,,,,,,,,,,,,,,,,,,,,,,,,,,,,,,,,,,,,,,,,,,,,,,,,,,,,,,,,,,,,,,,,,,,,,
8.588527370402093e-06,950,,,,,,,,,,,,,,,,,,,,,,,,,,,,,,,,,,,,,,,,,,,,,,,,,,,,,,,,,,,,,,,,,,,,,,,,,,,,,,,,,,,
,950,0.04063955321907997,0.04841046407818794,-0.0028505141381174326,0.00030112877720966935,0.04841046407818794,950,,,,,,,,,,,,,,,,,,,,,,,,,,,,,,,,,,,,,,,,,,,,,,,,,,,,,,,,,,,,,,,,,,,,,,,,,,,,,
,950,,,,,,950,0.04063955321907997,0.04841046407818794,-0.0028505141381174326,0.00030112877720966935,0.04841046407818794,,,,,,,,,,,,,,,,,,,,,,,,,,,,,,,,,,,,,,,,,,,,,,,,,,,,,,,,,,,,,,,,,,,,,,,,
8.288754707496702e-06,951,,,,,,,,,,,,,,,,,,,,,,,,,,,,,,,,,,,,,,,,,,,,,,,,,,,,,,,,,,,,,,,,,,,,,,,,,,,,,,,,,,,
,951,0.048941150307655334,0.048941150307655334,-0.0028507011011242867,0.00020789647533092648,0.048941150307655334,951,,,,,,,,,,,,,,,,,,,,,,,,,,,,,,,,,,,,,,,,,,,,,,,,,,,,,,,,,,,,,,,,,,,,,,,,,,,,,
,951,,,,,,951,0.048941150307655334,0.048941150307655334,-0.0028507011011242867,0.00020789647533092648,0.048941150307655334,,,,,,,,,,,,,,,,,,,,,,,,,,,,,,,,,,,,,,,,,,,,,,,,,,,,,,,,,,,,,,,,,,,,,,,,
7.994979483282762e-06,952,,,,,,,,,,,,,,,,,,,,,,,,,,,,,,,,,,,,,,,,,,,,,,,,,,,,,,,,,,,,,,,,,,,,,,,,,,,,,,,,,,,
,952,0.38030076026916504,0.3928039073944092,-0.0028508841060101986,0.011478697881102562,0.3928039073944092,952,,,,,,,,,,,,,,,,,,,,,,,,,,,,,,,,,,,,,,,,,,,,,,,,,,,,,,,,,,,,,,,,,,,,,,,,,,,,,
,952,,,,,,952,0.38030076026916504,0.3928039073944092,-0.0028508841060101986,0.011478697881102562,0.3928039073944092,,,,,,,,,,,,,,,,,,,,,,,,,,,,,,,,,,,,,,,,,,,,,,,,,,,,,,,,,,,,,,,,,,,,,,,,
7.707205277318802e-06,953,,,,,,,,,,,,,,,,,,,,,,,,,,,,,,,,,,,,,,,,,,,,,,,,,,,,,,,,,,,,,,,,,,,,,,,,,,,,,,,,,,,
,953,0.051837772130966187,0.03841114044189453,-0.0028510629199445248,0.00022024854843039066,0.03841114044189453,953,,,,,,,,,,,,,,,,,,,,,,,,,,,,,,,,,,,,,,,,,,,,,,,,,,,,,,,,,,,,,,,,,,,,,,,,,,,,,
,953,,,,,,953,0.051837772130966187,0.03841114044189453,-0.0028510629199445248,0.00022024854843039066,0.03841114044189453,,,,,,,,,,,,,,,,,,,,,,,,,,,,,,,,,,,,,,,,,,,,,,,,,,,,,,,,,,,,,,,,,,,,,,,,
7.4254355960425414e-06,954,,,,,,,,,,,,,,,,,,,,,,,,,,,,,,,,,,,,,,,,,,,,,,,,,,,,,,,,,,,,,,,,,,,,,,,,,,,,,,,,,,,
,954,0.04489784687757492,0.0182355847209692,-0.002851237542927265,0.0002006619470193982,0.0182355847209692,954,,,,,,,,,,,,,,,,,,,,,,,,,,,,,,,,,,,,,,,,,,,,,,,,,,,,,,,,,,,,,,,,,,,,,,,,,,,,,
,954,,,,,,954,0.04489784687757492,0.0182355847209692,-0.002851237542927265,0.0002006619470193982,0.0182355847209692,,,,,,,,,,,,,,,,,,,,,,,,,,,,,,,,,,,,,,,,,,,,,,,,,,,,,,,,,,,,,,,,,,,,,,,,
7.14967387272874e-06,955,,,,,,,,,,,,,,,,,,,,,,,,,,,,,,,,,,,,,,,,,,,,,,,,,,,,,,,,,,,,,,,,,,,,,,,,,,,,,,,,,,,
,955,0.04762249439954758,0.04762249439954758,-0.002851406577974558,0.00020472644246183336,0.04762249439954758,955,,,,,,,,,,,,,,,,,,,,,,,,,,,,,,,,,,,,,,,,,,,,,,,,,,,,,,,,,,,,,,,,,,,,,,,,,,,,,
,955,,,,,,955,0.04762249439954758,0.04762249439954758,-0.002851406577974558,0.00020472644246183336,0.04762249439954758,,,,,,,,,,,,,,,,,,,,,,,,,,,,,,,,,,,,,,,,,,,,,,,,,,,,,,,,,,,,,,,,,,,,,,,,
6.879923467446886e-06,956,,,,,,,,,,,,,,,,,,,,,,,,,,,,,,,,,,,,,,,,,,,,,,,,,,,,,,,,,,,,,,,,,,,,,,,,,,,,,,,,,,,
,956,0.05230843275785446,0.05230843275785446,-0.002851571189239621,0.00022209739836398512,0.05230843275785446,956,,,,,,,,,,,,,,,,,,,,,,,,,,,,,,,,,,,,,,,,,,,,,,,,,,,,,,,,,,,,,,,,,,,,,,,,,,,,,
,956,,,,,,956,0.05230843275785446,0.05230843275785446,-0.002851571189239621,0.00022209739836398512,0.05230843275785446,,,,,,,,,,,,,,,,,,,,,,,,,,,,,,,,,,,,,,,,,,,,,,,,,,,,,,,,,,,,,,,,,,,,,,,,
6.616187667020601e-06,957,,,,,,,,,,,,,,,,,,,,,,,,,,,,,,,,,,,,,,,,,,,,,,,,,,,,,,,,,,,,,,,,,,,,,,,,,,,,,,,,,,,
,957,0.05487395450472832,0.04942597448825836,-0.0028517304453998804,0.00023574309307150543,0.04942597448825836,957,,,,,,,,,,,,,,,,,,,,,,,,,,,,,,,,,,,,,,,,,,,,,,,,,,,,,,,,,,,,,,,,,,,,,,,,,,,,,
,957,,,,,,957,0.05487395450472832,0.04942597448825836,-0.0028517304453998804,0.00023574309307150543,0.04942597448825836,,,,,,,,,,,,,,,,,,,,,,,,,,,,,,,,,,,,,,,,,,,,,,,,,,,,,,,,,,,,,,,,,,,,,,,,
6.3584696849873295e-06,958,,,,,,,,,,,,,,,,,,,,,,,,,,,,,,,,,,,,,,,,,,,,,,,,,,,,,,,,,,,,,,,,,,,,,,,,,,,,,,,,,,,
,958,0.11053469032049179,0.100697822868824,-0.0028518792241811752,0.0008388562710024416,0.100697822868824,958,,,,,,,,,,,,,,,,,,,,,,,,,,,,,,,,,,,,,,,,,,,,,,,,,,,,,,,,,,,,,,,,,,,,,,,,,,,,,
,958,,,,,,958,0.11053469032049179,0.100697822868824,-0.0028518792241811752,0.0008388562710024416,0.100697822868824,,,,,,,,,,,,,,,,,,,,,,,,,,,,,,,,,,,,,,,,,,,,,,,,,,,,,,,,,,,,,,,,,,,,,,,,
6.106772661559401e-06,959,,,,,,,,,,,,,,,,,,,,,,,,,,,,,,,,,,,,,,,,,,,,,,,,,,,,,,,,,,,,,,,,,,,,,,,,,,,,,,,,,,,
,959,0.041285041719675064,0.041285041719675064,-0.0028520214837044477,0.00025707168970257044,0.041285041719675064,959,,,,,,,,,,,,,,,,,,,,,,,,,,,,,,,,,,,,,,,,,,,,,,,,,,,,,,,,,,,,,,,,,,,,,,,,,,,,,
,959,,,,,,959,0.041285041719675064,0.041285041719675064,-0.0028520214837044477,0.00025707168970257044,0.041285041719675064,,,,,,,,,,,,,,,,,,,,,,,,,,,,,,,,,,,,,,,,,,,,,,,,,,,,,,,,,,,,,,,,,,,,,,,,
5.861099663585661e-06,960,,,,,,,,,,,,,,,,,,,,,,,,,,,,,,,,,,,,,,,,,,,,,,,,,,,,,,,,,,,,,,,,,,,,,,,,,,,,,,,,,,,
,960,0.04079442098736763,0.040434613823890686,-0.002852160017937422,0.0003859222633764148,0.040434613823890686,960,,,,,,,,,,,,,,,,,,,,,,,,,,,,,,,,,,,,,,,,,,,,,,,,,,,,,,,,,,,,,,,,,,,,,,,,,,,,,
,960,,,,,,960,0.04079442098736763,0.040434613823890686,-0.002852160017937422,0.0003859222633764148,0.040434613823890686,,,,,,,,,,,,,,,,,,,,,,,,,,,,,,,,,,,,,,,,,,,,,,,,,,,,,,,,,,,,,,,,,,,,,,,,
5.62145368451398e-06,961,,,,,,,,,,,,,,,,,,,,,,,,,,,,,,,,,,,,,,,,,,,,,,,,,,,,,,,,,,,,,,,,,,,,,,,,,,,,,,,,,,,
,961,0.040429867804050446,0.040429867804050446,-0.002852290403097868,0.0002694714639801532,0.040429867804050446,961,,,,,,,,,,,,,,,,,,,,,,,,,,,,,,,,,,,,,,,,,,,,,,,,,,,,,,,,,,,,,,,,,,,,,,,,,,,,,
,961,,,,,,961,0.040429867804050446,0.040429867804050446,-0.002852290403097868,0.0002694714639801532,0.040429867804050446,,,,,,,,,,,,,,,,,,,,,,,,,,,,,,,,,,,,,,,,,,,,,,,,,,,,,,,,,,,,,,,,,,,,,,,,
5.3878376443548755e-06,962,,,,,,,,,,,,,,,,,,,,,,,,,,,,,,,,,,,,,,,,,,,,,,,,,,,,,,,,,,,,,,,,,,,,,,,,,,,,,,,,,,,
,962,0.042013268917798996,0.042013268917798996,-0.0028524165973067284,0.00022797018755227327,0.042013268917798996,962,,,,,,,,,,,,,,,,,,,,,,,,,,,,,,,,,,,,,,,,,,,,,,,,,,,,,,,,,,,,,,,,,,,,,,,,,,,,,
,962,,,,,,962,0.042013268917798996,0.042013268917798996,-0.0028524165973067284,0.00022797018755227327,0.042013268917798996,,,,,,,,,,,,,,,,,,,,,,,,,,,,,,,,,,,,,,,,,,,,,,,,,,,,,,,,,,,,,,,,,,,,,,,,
5.160254389646353e-06,963,,,,,,,,,,,,,,,,,,,,,,,,,,,,,,,,,,,,,,,,,,,,,,,,,,,,,,,,,,,,,,,,,,,,,,,,,,,,,,,,,,,
,963,0.04433998465538025,0.043276313692331314,-0.0028525390662252903,0.0002022858097916469,0.043276313692331314,963,,,,,,,,,,,,,,,,,,,,,,,,,,,,,,,,,,,,,,,,,,,,,,,,,,,,,,,,,,,,,,,,,,,,,,,,,,,,,
,963,,,,,,963,0.04433998465538025,0.043276313692331314,-0.0028525390662252903,0.0002022858097916469,0.043276313692331314,,,,,,,,,,,,,,,,,,,,,,,,,,,,,,,,,,,,,,,,,,,,,,,,,,,,,,,,,,,,,,,,,,,,,,,,
4.9387066934183575e-06,964,,,,,,,,,,,,,,,,,,,,,,,,,,,,,,,,,,,,,,,,,,,,,,,,,,,,,,,,,,,,,,,,,,,,,,,,,,,,,,,,,,,
,964,0.10100124776363373,0.08970033377408981,-0.002852653618901968,0.0007051078719086945,0.08970033377408981,964,,,,,,,,,,,,,,,,,,,,,,,,,,,,,,,,,,,,,,,,,,,,,,,,,,,,,,,,,,,,,,,,,,,,,,,,,,,,,
,964,,,,,,964,0.10100124776363373,0.08970033377408981,-0.002852653618901968,0.0007051078719086945,0.08970033377408981,,,,,,,,,,,,,,,,,,,,,,,,,,,,,,,,,,,,,,,,,,,,,,,,,,,,,,,,,,,,,,,,,,,,,,,,
4.723197255159671e-06,965,,,,,,,,,,,,,,,,,,,,,,,,,,,,,,,,,,,,,,,,,,,,,,,,,,,,,,,,,,,,,,,,,,,,,,,,,,,,,,,,,,,
,965,0.04046882316470146,0.02617795392870903,-0.0028527637477964163,0.00028378263232298195,0.02617795392870903,965,,,,,,,,,,,,,,,,,,,,,,,,,,,,,,,,,,,,,,,,,,,,,,,,,,,,,,,,,,,,,,,,,,,,,,,,,,,,,
,965,,,,,,965,0.04046882316470146,0.02617795392870903,-0.0028527637477964163,0.00028378263232298195,0.02617795392870903,,,,,,,,,,,,,,,,,,,,,,,,,,,,,,,,,,,,,,,,,,,,,,,,,,,,,,,,,,,,,,,,,,,,,,,,
4.513728700784799e-06,966,,,,,,,,,,,,,,,,,,,,,,,,,,,,,,,,,,,,,,,,,,,,,,,,,,,,,,,,,,,,,,,,,,,,,,,,,,,,,,,,,,,
,966,0.041373759508132935,0.041373759508132935,-0.002852866891771555,0.00029914674814790487,0.041373759508132935,966,,,,,,,,,,,,,,,,,,,,,,,,,,,,,,,,,,,,,,,,,,,,,,,,,,,,,,,,,,,,,,,,,,,,,,,,,,,,,
,966,,,,,,966,0.041373759508132935,0.041373759508132935,-0.002852866891771555,0.00029914674814790487,0.041373759508132935,,,,,,,,,,,,,,,,,,,,,,,,,,,,,,,,,,,,,,,,,,,,,,,,,,,,,,,,,,,,,,,,,,,,,,,,
4.3103035826019775e-06,967,,,,,,,,,,,,,,,,,,,,,,,,,,,,,,,,,,,,,,,,,,,,,,,,,,,,,,,,,,,,,,,,,,,,,,,,,,,,,,,,,,,
,967,0.04181249439716339,0.04181249439716339,-0.002852967008948326,0.00021843724243808538,0.04181249439716339,967,,,,,,,,,,,,,,,,,,,,,,,,,,,,,,,,,,,,,,,,,,,,,,,,,,,,,,,,,,,,,,,,,,,,,,,,,,,,,
,967,,,,,,967,0.04181249439716339,0.04181249439716339,-0.002852967008948326,0.00021843724243808538,0.04181249439716339,,,,,,,,,,,,,,,,,,,,,,,,,,,,,,,,,,,,,,,,,,,,,,,,,,,,,,,,,,,,,,,,,,,,,,,,
4.112924379282116e-06,968,,,,,,,,,,,,,,,,,,,,,,,,,,,,,,,,,,,,,,,,,,,,,,,,,,,,,,,,,,,,,,,,,,,,,,,,,,,,,,,,,,,
,968,0.19799542427062988,0.19799542427062988,-0.002853063400834799,0.0027186807710677385,0.19799542427062988,968,,,,,,,,,,,,,,,,,,,,,,,,,,,,,,,,,,,,,,,,,,,,,,,,,,,,,,,,,,,,,,,,,,,,,,,,,,,,,
,968,,,,,,968,0.19799542427062988,0.19799542427062988,-0.002853063400834799,0.0027186807710677385,0.19799542427062988,,,,,,,,,,,,,,,,,,,,,,,,,,,,,,,,,,,,,,,,,,,,,,,,,,,,,,,,,,,,,,,,,,,,,,,,
3.921593495828463e-06,969,,,,,,,,,,,,,,,,,,,,,,,,,,,,,,,,,,,,,,,,,,,,,,,,,,,,,,,,,,,,,,,,,,,,,,,,,,,,,,,,,,,
,969,0.08518942445516586,0.08506844937801361,-0.002853156765922904,0.0004964530817233026,0.08506844937801361,969,,,,,,,,,,,,,,,,,,,,,,,,,,,,,,,,,,,,,,,,,,,,,,,,,,,,,,,,,,,,,,,,,,,,,,,,,,,,,
,969,,,,,,969,0.08518942445516586,0.08506844937801361,-0.002853156765922904,0.0004964530817233026,0.08506844937801361,,,,,,,,,,,,,,,,,,,,,,,,,,,,,,,,,,,,,,,,,,,,,,,,,,,,,,,,,,,,,,,,,,,,,,,,
3.7363132635474938e-06,970,,,,,,,,,,,,,,,,,,,,,,,,,,,,,,,,,,,,,,,,,,,,,,,,,,,,,,,,,,,,,,,,,,,,,,,,,,,,,,,,,,,
,970,0.06722203642129898,0.06375183165073395,-0.0028532466385513544,0.0003220671496819705,0.06375183165073395,970,,,,,,,,,,,,,,,,,,,,,,,,,,,,,,,,,,,,,,,,,,,,,,,,,,,,,,,,,,,,,,,,,,,,,,,,,,,,,
,970,,,,,,970,0.06722203642129898,0.06375183165073395,-0.0028532466385513544,0.0003220671496819705,0.06375183165073395,,,,,,,,,,,,,,,,,,,,,,,,,,,,,,,,,,,,,,,,,,,,,,,,,,,,,,,,,,,,,,,,,,,,,,,,
3.557085940020293e-06,971,,,,,,,,,,,,,,,,,,,,,,,,,,,,,,,,,,,,,,,,,,,,,,,,,,,,,,,,,,,,,,,,,,,,,,,,,,,,,,,,,,,
,971,0.15853899717330933,0.1521010398864746,-0.00285333301872015,0.001710634445771575,0.1521010398864746,971,,,,,,,,,,,,,,,,,,,,,,,,,,,,,,,,,,,,,,,,,,,,,,,,,,,,,,,,,,,,,,,,,,,,,,,,,,,,,
,971,,,,,,971,0.15853899717330933,0.1521010398864746,-0.00285333301872015,0.001710634445771575,0.1521010398864746,,,,,,,,,,,,,,,,,,,,,,,,,,,,,,,,,,,,,,,,,,,,,,,,,,,,,,,,,,,,,,,,,,,,,,,,
3.3839137090753253e-06,972,,,,,,,,,,,,,,,,,,,,,,,,,,,,,,,,,,,,,,,,,,,,,,,,,,,,,,,,,,,,,,,,,,,,,,,,,,,,,,,,,,,
,972,0.14841854572296143,0.1430434137582779,-0.002853414276614785,0.0015018634730949998,0.1430434137582779,972,,,,,,,,,,,,,,,,,,,,,,,,,,,,,,,,,,,,,,,,,,,,,,,,,,,,,,,,,,,,,,,,,,,,,,,,,,,,,
,972,,,,,,972,0.14841854572296143,0.1430434137582779,-0.002853414276614785,0.0015018634730949998,0.1430434137582779,,,,,,,,,,,,,,,,,,,,,,,,,,,,,,,,,,,,,,,,,,,,,,,,,,,,,,,,,,,,,,,,,,,,,,,,
3.216798680761544e-06,973,,,,,,,,,,,,,,,,,,,,,,,,,,,,,,,,,,,,,,,,,,,,,,,,,,,,,,,,,,,,,,,,,,,,,,,,,,,,,,,,,,,
,973,0.12197654694318771,0.13326704502105713,-0.0028534901794046164,0.0010308793280273676,0.13326704502105713,973,,,,,,,,,,,,,,,,,,,,,,,,,,,,,,,,,,,,,,,,,,,,,,,,,,,,,,,,,,,,,,,,,,,,,,,,,,,,,
,973,,,,,,973,0.12197654694318771,0.13326704502105713,-0.0028534901794046164,0.0010308793280273676,0.13326704502105713,,,,,,,,,,,,,,,,,,,,,,,,,,,,,,,,,,,,,,,,,,,,,,,,,,,,,,,,,,,,,,,,,,,,,,,,
3.0557428913228204e-06,974,,,,,,,,,,,,,,,,,,,,,,,,,,,,,,,,,,,,,,,,,,,,,,,,,,,,,,,,,,,,,,,,,,,,,,,,,,,,,,,,,,,
,974,0.061870090663433075,0.061870090663433075,-0.0028535635210573673,0.00028154952451586723,0.061870090663433075,974,,,,,,,,,,,,,,,,,,,,,,,,,,,,,,,,,,,,,,,,,,,,,,,,,,,,,,,,,,,,,,,,,,,,,,,,,,,,,
,974,,,,,,974,0.061870090663433075,0.061870090663433075,-0.0028535635210573673,0.00028154952451586723,0.061870090663433075,,,,,,,,,,,,,,,,,,,,,,,,,,,,,,,,,,,,,,,,,,,,,,,,,,,,,,,,,,,,,,,,,,,,,,,,
2.9007483031731026e-06,975,,,,,,,,,,,,,,,,,,,,,,,,,,,,,,,,,,,,,,,,,,,,,,,,,,,,,,,,,,,,,,,,,,,,,,,,,,,,,,,,,,,
,975,0.10178976505994797,0.10178976505994797,-0.002853633603081107,0.0007045151432976127,0.10178976505994797,975,,,,,,,,,,,,,,,,,,,,,,,,,,,,,,,,,,,,,,,,,,,,,,,,,,,,,,,,,,,,,,,,,,,,,,,,,,,,,
,975,,,,,,975,0.10178976505994797,0.10178976505994797,-0.002853633603081107,0.0007045151432976127,0.10178976505994797,,,,,,,,,,,,,,,,,,,,,,,,,,,,,,,,,,,,,,,,,,,,,,,,,,,,,,,,,,,,,,,,,,,,,,,,
2.7518168048725693e-06,976,,,,,,,,,,,,,,,,,,,,,,,,,,,,,,,,,,,,,,,,,,,,,,,,,,,,,,,,,,,,,,,,,,,,,,,,,,,,,,,,,,,
,976,0.04744301363825798,0.04744301363825798,-0.0028537011239677668,0.00020375309395603836,0.04744301363825798,976,,,,,,,,,,,,,,,,,,,,,,,,,,,,,,,,,,,,,,,,,,,,,,,,,,,,,,,,,,,,,,,,,,,,,,,,,,,,,
,976,,,,,,976,0.04744301363825798,0.04744301363825798,-0.0028537011239677668,0.00020375309395603836,0.04744301363825798,,,,,,,,,,,,,,,,,,,,,,,,,,,,,,,,,,,,,,,,,,,,,,,,,,,,,,,,,,,,,,,,,,,,,,,,
2.6089502111045605e-06,977,,,,,,,,,,,,,,,,,,,,,,,,,,,,,,,,,,,,,,,,,,,,,,,,,,,,,,,,,,,,,,,,,,,,,,,,,,,,,,,,,,,
,977,0.04115942865610123,0.04379674047231674,-0.002853765618056059,0.00025278114480897784,0.04379674047231674,977,,,,,,,,,,,,,,,,,,,,,,,,,,,,,,,,,,,,,,,,,,,,,,,,,,,,,,,,,,,,,,,,,,,,,,,,,,,,,
,977,,,,,,977,0.04115942865610123,0.04379674047231674,-0.002853765618056059,0.00025278114480897784,0.04379674047231674,,,,,,,,,,,,,,,,,,,,,,,,,,,,,,,,,,,,,,,,,,,,,,,,,,,,,,,,,,,,,,,,,,,,,,,,
2.4721502626533386e-06,978,,,,,,,,,,,,,,,,,,,,,,,,,,,,,,,,,,,,,,,,,,,,,,,,,,,,,,,,,,,,,,,,,,,,,,,,,,,,,,,,,,,
,978,0.1459702104330063,0.14055605232715607,-0.002853827318176627,0.0014770885463804007,0.14055605232715607,978,,,,,,,,,,,,,,,,,,,,,,,,,,,,,,,,,,,,,,,,,,,,,,,,,,,,,,,,,,,,,,,,,,,,,,,,,,,,,
,978,,,,,,978,0.1459702104330063,0.14055605232715607,-0.002853827318176627,0.0014770885463804007,0.14055605232715607,,,,,,,,,,,,,,,,,,,,,,,,,,,,,,,,,,,,,,,,,,,,,,,,,,,,,,,,,,,,,,,,,,,,,,,,
2.341418626383183e-06,979,,,,,,,,,,,,,,,,,,,,,,,,,,,,,,,,,,,,,,,,,,,,,,,,,,,,,,,,,,,,,,,,,,,,,,,,,,,,,,,,,,,
,979,0.04167759418487549,0.038245417177677155,-0.002853883197531104,0.00022695216466672719,0.038245417177677155,979,,,,,,,,,,,,,,,,,,,,,,,,,,,,,,,,,,,,,,,,,,,,,,,,,,,,,,,,,,,,,,,,,,,,,,,,,,,,,
,979,,,,,,979,0.04167759418487549,0.038245417177677155,-0.002853883197531104,0.00022695216466672719,0.038245417177677155,,,,,,,,,,,,,,,,,,,,,,,,,,,,,,,,,,,,,,,,,,,,,,,,,,,,,,,,,,,,,,,,,,,,,,,,
2.2167568952177596e-06,980,,,,,,,,,,,,,,,,,,,,,,,,,,,,,,,,,,,,,,,,,,,,,,,,,,,,,,,,,,,,,,,,,,,,,,,,,,,,,,,,,,,
,980,0.041458867490291595,0.04129593446850777,-0.0028539348859339952,0.00022338252165354788,0.04129593446850777,980,,,,,,,,,,,,,,,,,,,,,,,,,,,,,,,,,,,,,,,,,,,,,,,,,,,,,,,,,,,,,,,,,,,,,,,,,,,,,
,980,,,,,,980,0.041458867490291595,0.04129593446850777,-0.0028539348859339952,0.00022338252165354788,0.04129593446850777,,,,,,,,,,,,,,,,,,,,,,,,,,,,,,,,,,,,,,,,,,,,,,,,,,,,,,,,,,,,,,,,,,,,,,,,
2.0981665881210444e-06,981,,,,,,,,,,,,,,,,,,,,,,,,,,,,,,,,,,,,,,,,,,,,,,,,,,,,,,,,,,,,,,,,,,,,,,,,,,,,,,,,,,,
,981,0.2724283039569855,0.2724283039569855,-0.002853982849046588,0.005267926026135683,0.2724283039569855,981,,,,,,,,,,,,,,,,,,,,,,,,,,,,,,,,,,,,,,,,,,,,,,,,,,,,,,,,,,,,,,,,,,,,,,,,,,,,,
,981,,,,,,981,0.2724283039569855,0.2724283039569855,-0.002853982849046588,0.005267926026135683,0.2724283039569855,,,,,,,,,,,,,,,,,,,,,,,,,,,,,,,,,,,,,,,,,,,,,,,,,,,,,,,,,,,,,,,,,,,,,,,,
1.985649150078358e-06,982,,,,,,,,,,,,,,,,,,,,,,,,,,,,,,,,,,,,,,,,,,,,,,,,,,,,,,,,,,,,,,,,,,,,,,,,,,,,,,,,,,,
,982,0.08402612805366516,0.07630700618028641,-0.0028540294151753187,0.0004793447151314467,0.07630700618028641,982,,,,,,,,,,,,,,,,,,,,,,,,,,,,,,,,,,,,,,,,,,,,,,,,,,,,,,,,,,,,,,,,,,,,,,,,,,,,,
,982,,,,,,982,0.08402612805366516,0.07630700618028641,-0.0028540294151753187,0.0004793447151314467,0.07630700618028641,,,,,,,,,,,,,,,,,,,,,,,,,,,,,,,,,,,,,,,,,,,,,,,,,,,,,,,,,,,,,,,,,,,,,,,,
1.8792059520792845e-06,983,,,,,,,,,,,,,,,,,,,,,,,,,,,,,,,,,,,,,,,,,,,,,,,,,,,,,,,,,,,,,,,,,,,,,,,,,,,,,,,,,,,
,983,0.040168654173612595,0.016207415610551834,-0.0028540717903524637,0.00025210814783349633,0.016207415610551834,983,,,,,,,,,,,,,,,,,,,,,,,,,,,,,,,,,,,,,,,,,,,,,,,,,,,,,,,,,,,,,,,,,,,,,,,,,,,,,
,983,,,,,,983,0.040168654173612595,0.016207415610551834,-0.0028540717903524637,0.00025210814783349633,0.016207415610551834,,,,,,,,,,,,,,,,,,,,,,,,,,,,,,,,,,,,,,,,,,,,,,,,,,,,,,,,,,,,,,,,,,,,,,,,
1.7788382911004809e-06,984,,,,,,,,,,,,,,,,,,,,,,,,,,,,,,,,,,,,,,,,,,,,,,,,,,,,,,,,,,,,,,,,,,,,,,,,,,,,,,,,,,,
,984,0.19122104346752167,0.18557655811309814,-0.0028541109059005976,0.0025056435260921717,0.18557655811309814,984,,,,,,,,,,,,,,,,,,,,,,,,,,,,,,,,,,,,,,,,,,,,,,,,,,,,,,,,,,,,,,,,,,,,,,,,,,,,,
,984,,,,,,984,0.19122104346752167,0.18557655811309814,-0.0028541109059005976,0.0025056435260921717,0.18557655811309814,,,,,,,,,,,,,,,,,,,,,,,,,,,,,,,,,,,,,,,,,,,,,,,,,,,,,,,,,,,,,,,,,,,,,,,,
1.6845473900903715e-06,985,,,,,,,,,,,,,,,,,,,,,,,,,,,,,,,,,,,,,,,,,,,,,,,,,,,,,,,,,,,,,,,,,,,,,,,,,,,,,,,,,,,
,985,0.07396358251571655,0.07525534182786942,-0.002854148158803582,0.00037838469143025577,0.07525534182786942,985,,,,,,,,,,,,,,,,,,,,,,,,,,,,,,,,,,,,,,,,,,,,,,,,,,,,,,,,,,,,,,,,,,,,,,,,,,,,,
,985,,,,,,985,0.07396358251571655,0.07525534182786942,-0.002854148158803582,0.00037838469143025577,0.07525534182786942,,,,,,,,,,,,,,,,,,,,,,,,,,,,,,,,,,,,,,,,,,,,,,,,,,,,,,,,,,,,,,,,,,,,,,,,
1.5963343979537307e-06,986,,,,,,,,,,,,,,,,,,,,,,,,,,,,,,,,,,,,,,,,,,,,,,,,,,,,,,,,,,,,,,,,,,,,,,,,,,,,,,,,,,,
,986,0.04356115311384201,0.03176442161202431,-0.002854183316230774,0.0002019672974711284,0.03176442161202431,986,,,,,,,,,,,,,,,,,,,,,,,,,,,,,,,,,,,,,,,,,,,,,,,,,,,,,,,,,,,,,,,,,,,,,,,,,,,,,
,986,,,,,,986,0.04356115311384201,0.03176442161202431,-0.002854183316230774,0.0002019672974711284,0.03176442161202431,,,,,,,,,,,,,,,,,,,,,,,,,,,,,,,,,,,,,,,,,,,,,,,,,,,,,,,,,,,,,,,,,,,,,,,,
1.5142003895379852e-06,987,,,,,,,,,,,,,,,,,,,,,,,,,,,,,,,,,,,,,,,,,,,,,,,,,,,,,,,,,,,,,,,,,,,,,,,,,,,,,,,,,,,
,987,0.040836483240127563,0.03246084600687027,-0.002854215679690242,0.0003961339534725994,0.03246084600687027,987,,,,,,,,,,,,,,,,,,,,,,,,,,,,,,,,,,,,,,,,,,,,,,,,,,,,,,,,,,,,,,,,,,,,,,,,,,,,,
,987,,,,,,987,0.040836483240127563,0.03246084600687027,-0.002854215679690242,0.0003961339534725994,0.03246084600687027,,,,,,,,,,,,,,,,,,,,,,,,,,,,,,,,,,,,,,,,,,,,,,,,,,,,,,,,,,,,,,,,,,,,,,,,
1.4381463656202384e-06,988,,,,,,,,,,,,,,,,,,,,,,,,,,,,,,,,,,,,,,,,,,,,,,,,,,,,,,,,,,,,,,,,,,,,,,,,,,,,,,,,,,,
,988,0.17475008964538574,0.17475008964538574,-0.0028542466461658478,0.00208333320915699,0.17475008964538574,988,,,,,,,,,,,,,,,,,,,,,,,,,,,,,,,,,,,,,,,,,,,,,,,,,,,,,,,,,,,,,,,,,,,,,,,,,,,,,
,988,,,,,,988,0.17475008964538574,0.17475008964538574,-0.0028542466461658478,0.00208333320915699,0.17475008964538574,,,,,,,,,,,,,,,,,,,,,,,,,,,,,,,,,,,,,,,,,,,,,,,,,,,,,,,,,,,,,,,,,,,,,,,,
1.3681732528947366e-06,989,,,,,,,,,,,,,,,,,,,,,,,,,,,,,,,,,,,,,,,,,,,,,,,,,,,,,,,,,,,,,,,,,,,,,,,,,,,,,,,,,,,
,989,0.04036137834191322,0.03158261626958847,-0.002854276681318879,0.0003759346145670861,0.03158261626958847,989,,,,,,,,,,,,,,,,,,,,,,,,,,,,,,,,,,,,,,,,,,,,,,,,,,,,,,,,,,,,,,,,,,,,,,,,,,,,,
,989,,,,,,989,0.04036137834191322,0.03158261626958847,-0.002854276681318879,0.0003759346145670861,0.03158261626958847,,,,,,,,,,,,,,,,,,,,,,,,,,,,,,,,,,,,,,,,,,,,,,,,,,,,,,,,,,,,,,,,,,,,,,,,
1.3042819039616675e-06,990,,,,,,,,,,,,,,,,,,,,,,,,,,,,,,,,,,,,,,,,,,,,,,,,,,,,,,,,,,,,,,,,,,,,,,,,,,,,,,,,,,,
,990,0.0618060901761055,0.0618060901761055,-0.002854304388165474,0.0002805407566484064,0.0618060901761055,990,,,,,,,,,,,,,,,,,,,,,,,,,,,,,,,,,,,,,,,,,,,,,,,,,,,,,,,,,,,,,,,,,,,,,,,,,,,,,
,990,,,,,,990,0.0618060901761055,0.0618060901761055,-0.002854304388165474,0.0002805407566484064,0.0618060901761055,,,,,,,,,,,,,,,,,,,,,,,,,,,,,,,,,,,,,,,,,,,,,,,,,,,,,,,,,,,,,,,,,,,,,,,,
1.2464730973170664e-06,991,,,,,,,,,,,,,,,,,,,,,,,,,,,,,,,,,,,,,,,,,,,,,,,,,,,,,,,,,,,,,,,,,,,,,,,,,,,,,,,,,,,
,991,0.08326870203018188,0.08140475302934647,-0.0028543316293507814,0.0004807882651221007,0.08140475302934647,991,,,,,,,,,,,,,,,,,,,,,,,,,,,,,,,,,,,,,,,,,,,,,,,,,,,,,,,,,,,,,,,,,,,,,,,,,,,,,
,991,,,,,,991,0.08326870203018188,0.08140475302934647,-0.0028543316293507814,0.0004807882651221007,0.08140475302934647,,,,,,,,,,,,,,,,,,,,,,,,,,,,,,,,,,,,,,,,,,,,,,,,,,,,,,,,,,,,,,,,,,,,,,,,
1.1947475373430015e-06,992,,,,,,,,,,,,,,,,,,,,,,,,,,,,,,,,,,,,,,,,,,,,,,,,,,,,,,,,,,,,,,,,,,,,,,,,,,,,,,,,,,,
,992,0.041539933532476425,0.041449520736932755,-0.0028543579392135143,0.00022540180361829698,0.041449520736932755,992,,,,,,,,,,,,,,,,,,,,,,,,,,,,,,,,,,,,,,,,,,,,,,,,,,,,,,,,,,,,,,,,,,,,,,,,,,,,,
,992,,,,,,992,0.041539933532476425,0.041449520736932755,-0.0028543579392135143,0.00022540180361829698,0.041449520736932755,,,,,,,,,,,,,,,,,,,,,,,,,,,,,,,,,,,,,,,,,,,,,,,,,,,,,,,,,,,,,,,,,,,,,,,,
1.1491058542990335e-06,993,,,,,,,,,,,,,,,,,,,,,,,,,,,,,,,,,,,,,,,,,,,,,,,,,,,,,,,,,,,,,,,,,,,,,,,,,,,,,,,,,,,
,993,0.18771450221538544,0.18055123090744019,-0.0028543828520923853,0.0024323202669620514,0.18055123090744019,993,,,,,,,,,,,,,,,,,,,,,,,,,,,,,,,,,,,,,,,,,,,,,,,,,,,,,,,,,,,,,,,,,,,,,,,,,,,,,
,993,,,,,,993,0.18771450221538544,0.18055123090744019,-0.0028543828520923853,0.0024323202669620514,0.18055123090744019,,,,,,,,,,,,,,,,,,,,,,,,,,,,,,,,,,,,,,,,,,,,,,,,,,,,,,,,,,,,,,,,,,,,,,,,
1.1095486043146732e-06,994,,,,,,,,,,,,,,,,,,,,,,,,,,,,,,,,,,,,,,,,,,,,,,,,,,,,,,,,,,,,,,,,,,,,,,,,,,,,,,,,,,,
,994,0.0681537538766861,0.0681537538766861,-0.0028544070664793253,0.00033127449569292367,0.0681537538766861,994,,,,,,,,,,,,,,,,,,,,,,,,,,,,,,,,,,,,,,,,,,,,,,,,,,,,,,,,,,,,,,,,,,,,,,,,,,,,,
,994,,,,,,994,0.0681537538766861,0.0681537538766861,-0.0028544070664793253,0.00033127449569292367,0.0681537538766861,,,,,,,,,,,,,,,,,,,,,,,,,,,,,,,,,,,,,,,,,,,,,,,,,,,,,,,,,,,,,,,,,,,,,,,,
1.0760762693825611e-06,995,,,,,,,,,,,,,,,,,,,,,,,,,,,,,,,,,,,,,,,,,,,,,,,,,,,,,,,,,,,,,,,,,,,,,,,,,,,,,,,,,,,
,995,0.04552208632230759,0.032144371420145035,-0.002854430815204978,0.00020108501485083252,0.032144371420145035,995,,,,,,,,,,,,,,,,,,,,,,,,,,,,,,,,,,,,,,,,,,,,,,,,,,,,,,,,,,,,,,,,,,,,,,,,,,,,,
,995,,,,,,995,0.04552208632230759,0.032144371420145035,-0.002854430815204978,0.00020108501485083252,0.032144371420145035,,,,,,,,,,,,,,,,,,,,,,,,,,,,,,,,,,,,,,,,,,,,,,,,,,,,,,,,,,,,,,,,,,,,,,,,
1.048689257352533e-06,996,,,,,,,,,,,,,,,,,,,,,,,,,,,,,,,,,,,,,,,,,,,,,,,,,,,,,,,,,,,,,,,,,,,,,,,,,,,,,,,,,,,
,996,0.04276783764362335,0.04276783764362335,-0.002854453632608056,0.00021261275105644017,0.04276783764362335,996,,,,,,,,,,,,,,,,,,,,,,,,,,,,,,,,,,,,,,,,,,,,,,,,,,,,,,,,,,,,,,,,,,,,,,,,,,,,,
,996,,,,,,996,0.04276783764362335,0.04276783764362335,-0.002854453632608056,0.00021261275105644017,0.04276783764362335,,,,,,,,,,,,,,,,,,,,,,,,,,,,,,,,,,,,,,,,,,,,,,,,,,,,,,,,,,,,,,,,,,,,,,,,
1.0273879019266845e-06,997,,,,,,,,,,,,,,,,,,,,,,,,,,,,,,,,,,,,,,,,,,,,,,,,,,,,,,,,,,,,,,,,,,,,,,,,,,,,,,,,,,,
,997,0.13556453585624695,0.14791907370090485,-0.002854476450011134,0.0012502784375101328,0.14791907370090485,997,,,,,,,,,,,,,,,,,,,,,,,,,,,,,,,,,,,,,,,,,,,,,,,,,,,,,,,,,,,,,,,,,,,,,,,,,,,,,
,997,,,,,,997,0.13556453585624695,0.14791907370090485,-0.002854476450011134,0.0012502784375101328,0.14791907370090485,,,,,,,,,,,,,,,,,,,,,,,,,,,,,,,,,,,,,,,,,,,,,,,,,,,,,,,,,,,,,,,,,,,,,,,,
1.0121724626553238e-06,998,,,,,,,,,,,,,,,,,,,,,,,,,,,,,,,,,,,,,,,,,,,,,,,,,,,,,,,,,,,,,,,,,,,,,,,,,,,,,,,,,,,
,998,0.04008354991674423,0.033601656556129456,-0.0028544985689222813,0.0003131786361336708,0.033601656556129456,998,,,,,,,,,,,,,,,,,,,,,,,,,,,,,,,,,,,,,,,,,,,,,,,,,,,,,,,,,,,,,,,,,,,,,,,,,,,,,
,998,,,,,,998,0.04008354991674423,0.033601656556129456,-0.0028544985689222813,0.0003131786361336708,0.033601656556129456,,,,,,,,,,,,,,,,,,,,,,,,,,,,,,,,,,,,,,,,,,,,,,,,,,,,,,,,,,,,,,,,,,,,,,,,
1.0030431249336987e-06,999,,,,,,,,,,,,,,,,,,,,,,,,,,,,,,,,,,,,,,,,,,,,,,,,,,,,,,,,,,,,,,,,,,,,,,,,,,,,,,,,,,,
,999,0.04135461151599884,0.05002517253160477,-0.0028545199893414974,0.0002335106546524912,0.05002517253160477,999,,,,,,,,,,,,,,,,,,,,,,,,,,,,,,,,,,,,,,,,,,,,,,,,,,,,,,,,,,,,,,,,,,,,,,,,,,,,,
,999,,,,,,999,,,,,,0.01827074959874153,0.01827074959874153,-0.002854541875422001,0.00015978871670085937,0.01827074959874153,0.028916340321302414,0.028916340321302414,-0.002854541875422001,0.00012869508645962924,0.028916340321302414,-0.10154949873685837,0.03738132491707802,0.09975709766149521,0.25917527079582214,0.1654062271118164,0.0772663876414299,0.05416227504611015,0.040991734713315964,0.012295080348849297,0.10154949873685837,0.5570681095123291,0.22580033540725708,0.09917651116847992,0.07006543129682541,0.05621033534407616,0.03734438121318817,0.17427751421928406,0.32644742727279663,0.3821125328540802,0.2591206729412079,0.19265365600585938,0.13149520754814148,0.01799999736249447,0.21830491721630096,6.0609283447265625,0.726801335811615,0.30490365624427795,0.2752973735332489,0.3803307116031647,8.958898544311523,2.7845265865325928,-0.09940815716981888,0.052521657198667526,0.12420936673879623,0.2469862848520279,0.16672883927822113,0.08730423450469971,0.05649810656905174,0.03265204280614853,0.006279434077441692,0.09940815716981888,0.635774552822113,0.2963629364967346,0.14070890843868256,0.09351144731044769,0.05938350036740303,0.03319500759243965,0.20982272922992706,0.2876933515071869,0.2759746015071869,0.1870092749595642,0.12490896135568619,0.0676303505897522,0.007684917654842138,0.1584835797548294,10.164729118347168,2.400261640548706,1.1783273220062256,1.166517972946167,1.6047128438949585,38.834346771240234,9.22481632232666
,999,,,,,,999,0.04135461151599884,0.05002517253160477,-0.0028545199893414974,0.0002335106546524912,0.05002517253160477,,,,,,,,,,,,,,,,,,,,,,,,,,,,,,,,,,,,,,,,,,,,,,,,,,,,,,,,,,,,,,,,,,,,,,,,
