lr-AdamW,step,train/loss_simple_step,train/loss_gamma_step,logvar_step,train/loss_vlb_step,train/loss_step,epoch,train/loss_simple_epoch,train/loss_gamma_epoch,logvar_epoch,train/loss_vlb_epoch,train/loss_epoch,val/loss_simple,val/loss_gamma,logvar,val/loss_vlb,val/loss,val/loss_simple_ema,val/loss_gamma_ema,logvar_ema,val/loss_vlb_ema,val/loss_ema,valid_loss_epoch,valid_mse_epoch,valid_mae_epoch,valid_csi_16_epoch,valid_csi_74_epoch,valid_csi_133_epoch,valid_csi_160_epoch,valid_csi_181_epoch,valid_csi_219_epoch,valid_csi_avg_epoch,valid_pod_16_epoch,valid_pod_74_epoch,valid_pod_133_epoch,valid_pod_160_epoch,valid_pod_181_epoch,valid_pod_219_epoch,valid_pod_avg_epoch,valid_sucr_16_epoch,valid_sucr_74_epoch,valid_sucr_133_epoch,valid_sucr_160_epoch,valid_sucr_181_epoch,valid_sucr_219_epoch,valid_sucr_avg_epoch,valid_bias_16_epoch,valid_bias_74_epoch,valid_bias_133_epoch,valid_bias_160_epoch,valid_bias_181_epoch,valid_bias_219_epoch,valid_bias_avg_epoch,valid_aligned_loss_epoch,valid_aligned_mse_epoch,valid_aligned_mae_epoch,valid_aligned_csi_16_epoch,valid_aligned_csi_74_epoch,valid_aligned_csi_133_epoch,valid_aligned_csi_160_epoch,valid_aligned_csi_181_epoch,valid_aligned_csi_219_epoch,valid_aligned_csi_avg_epoch,valid_aligned_pod_16_epoch,valid_aligned_pod_74_epoch,valid_aligned_pod_133_epoch,valid_aligned_pod_160_epoch,valid_aligned_pod_181_epoch,valid_aligned_pod_219_epoch,valid_aligned_pod_avg_epoch,valid_aligned_sucr_16_epoch,valid_aligned_sucr_74_epoch,valid_aligned_sucr_133_epoch,valid_aligned_sucr_160_epoch,valid_aligned_sucr_181_epoch,valid_aligned_sucr_219_epoch,valid_aligned_sucr_avg_epoch,valid_aligned_bias_16_epoch,valid_aligned_bias_74_epoch,valid_aligned_bias_133_epoch,valid_aligned_bias_160_epoch,valid_aligned_bias_181_epoch,valid_aligned_bias_219_epoch,valid_aligned_bias_avg_epoch
0.0001,0,,,,,,,,,,,,,,,,,,,,,,,,,,,,,,,,,,,,,,,,,,,,,,,,,,,,,,,,,,,,,,,,,,,,,,,,,,,,,,,,,,,
,0,0.9971476793289185,0.9971476793289185,0.0,0.006730237044394016,0.9971476793289185,0,,,,,,,,,,,,,,,,,,,,,,,,,,,,,,,,,,,,,,,,,,,,,,,,,,,,,,,,,,,,,,,,,,,,,,,,,,,,,
,0,,,,,,0,0.9971476793289185,0.9971476793289185,0.0,0.006730237044394016,0.9971476793289185,,,,,,,,,,,,,,,,,,,,,,,,,,,,,,,,,,,,,,,,,,,,,,,,,,,,,,,,,,,,,,,,,,,,,,,,
0.00010900000000000002,1,,,,,,,,,,,,,,,,,,,,,,,,,,,,,,,,,,,,,,,,,,,,,,,,,,,,,,,,,,,,,,,,,,,,,,,,,,,,,,,,,,,
,1,1.0011518001556396,1.0011518001556396,-9.999964589724186e-08,0.006045500747859478,1.0011518001556396,1,,,,,,,,,,,,,,,,,,,,,,,,,,,,,,,,,,,,,,,,,,,,,,,,,,,,,,,,,,,,,,,,,,,,,,,,,,,,,
,1,,,,,,1,1.0011518001556396,1.0011518001556396,-9.999964589724186e-08,0.006045500747859478,1.0011518001556396,,,,,,,,,,,,,,,,,,,,,,,,,,,,,,,,,,,,,,,,,,,,,,,,,,,,,,,,,,,,,,,,,,,,,,,,
0.00011800000000000001,2,,,,,,,,,,,,,,,,,,,,,,,,,,,,,,,,,,,,,,,,,,,,,,,,,,,,,,,,,,,,,,,,,,,,,,,,,,,,,,,,,,,
,2,0.9960102438926697,0.9960102438926697,-9.192561378768005e-08,0.004677723161876202,0.9960102438926697,2,,,,,,,,,,,,,,,,,,,,,,,,,,,,,,,,,,,,,,,,,,,,,,,,,,,,,,,,,,,,,,,,,,,,,,,,,,,,,
,2,,,,,,2,0.9960102438926697,0.9960102438926697,-9.192561378768005e-08,0.004677723161876202,0.9960102438926697,,,,,,,,,,,,,,,,,,,,,,,,,,,,,,,,,,,,,,,,,,,,,,,,,,,,,,,,,,,,,,,,,,,,,,,,
0.000127,3,,,,,,,,,,,,,,,,,,,,,,,,,,,,,,,,,,,,,,,,,,,,,,,,,,,,,,,,,,,,,,,,,,,,,,,,,,,,,,,,,,,
,3,0.9985002279281616,0.9985002279281616,-1.6054880802585103e-07,0.016418883576989174,0.9985002279281616,3,,,,,,,,,,,,,,,,,,,,,,,,,,,,,,,,,,,,,,,,,,,,,,,,,,,,,,,,,,,,,,,,,,,,,,,,,,,,,
,3,,,,,,3,0.9985002279281616,0.9985002279281616,-1.6054880802585103e-07,0.016418883576989174,0.9985002279281616,,,,,,,,,,,,,,,,,,,,,,,,,,,,,,,,,,,,,,,,,,,,,,,,,,,,,,,,,,,,,,,,,,,,,,,,
0.00013600000000000003,4,,,,,,,,,,,,,,,,,,,,,,,,,,,,,,,,,,,,,,,,,,,,,,,,,,,,,,,,,,,,,,,,,,,,,,,,,,,,,,,,,,,
,4,0.9967979788780212,0.9967979788780212,-2.9485033792298054e-07,0.012774677015841007,0.9967979788780212,4,,,,,,,,,,,,,,,,,,,,,,,,,,,,,,,,,,,,,,,,,,,,,,,,,,,,,,,,,,,,,,,,,,,,,,,,,,,,,
,4,,,,,,4,0.9967979788780212,0.9967979788780212,-2.9485033792298054e-07,0.012774677015841007,0.9967979788780212,,,,,,,,,,,,,,,,,,,,,,,,,,,,,,,,,,,,,,,,,,,,,,,,,,,,,,,,,,,,,,,,,,,,,,,,
0.00014500000000000003,5,,,,,,,,,,,,,,,,,,,,,,,,,,,,,,,,,,,,,,,,,,,,,,,,,,,,,,,,,,,,,,,,,,,,,,,,,,,,,,,,,,,
,5,0.9839969873428345,0.9839969873428345,-4.90595937208127e-07,0.009860141202807426,0.9839969873428345,5,,,,,,,,,,,,,,,,,,,,,,,,,,,,,,,,,,,,,,,,,,,,,,,,,,,,,,,,,,,,,,,,,,,,,,,,,,,,,
,5,,,,,,5,0.9839969873428345,0.9839969873428345,-4.90595937208127e-07,0.009860141202807426,0.9839969873428345,,,,,,,,,,,,,,,,,,,,,,,,,,,,,,,,,,,,,,,,,,,,,,,,,,,,,,,,,,,,,,,,,,,,,,,,
0.00015400000000000003,6,,,,,,,,,,,,,,,,,,,,,,,,,,,,,,,,,,,,,,,,,,,,,,,,,,,,,,,,,,,,,,,,,,,,,,,,,,,,,,,,,,,
,6,0.9674012064933777,0.9674012064933777,-7.461742370651336e-07,0.009028156287968159,0.9674012064933777,6,,,,,,,,,,,,,,,,,,,,,,,,,,,,,,,,,,,,,,,,,,,,,,,,,,,,,,,,,,,,,,,,,,,,,,,,,,,,,
,6,,,,,,6,0.9674012064933777,0.9674012064933777,-7.461742370651336e-07,0.009028156287968159,0.9674012064933777,,,,,,,,,,,,,,,,,,,,,,,,,,,,,,,,,,,,,,,,,,,,,,,,,,,,,,,,,,,,,,,,,,,,,,,,
0.000163,7,,,,,,,,,,,,,,,,,,,,,,,,,,,,,,,,,,,,,,,,,,,,,,,,,,,,,,,,,,,,,,,,,,,,,,,,,,,,,,,,,,,
,7,0.9566622972488403,0.9566622972488403,-1.0612069445414818e-06,0.007674441207200289,0.9566622972488403,7,,,,,,,,,,,,,,,,,,,,,,,,,,,,,,,,,,,,,,,,,,,,,,,,,,,,,,,,,,,,,,,,,,,,,,,,,,,,,
,7,,,,,,7,0.9566622972488403,0.9566622972488403,-1.0612069445414818e-06,0.007674441207200289,0.9566622972488403,,,,,,,,,,,,,,,,,,,,,,,,,,,,,,,,,,,,,,,,,,,,,,,,,,,,,,,,,,,,,,,,,,,,,,,,
0.000172,8,,,,,,,,,,,,,,,,,,,,,,,,,,,,,,,,,,,,,,,,,,,,,,,,,,,,,,,,,,,,,,,,,,,,,,,,,,,,,,,,,,,
,8,0.958584189414978,0.958584189414978,-1.4359648048412055e-06,0.004634507466107607,0.958584189414978,8,,,,,,,,,,,,,,,,,,,,,,,,,,,,,,,,,,,,,,,,,,,,,,,,,,,,,,,,,,,,,,,,,,,,,,,,,,,,,
,8,,,,,,8,0.958584189414978,0.958584189414978,-1.4359648048412055e-06,0.004634507466107607,0.958584189414978,,,,,,,,,,,,,,,,,,,,,,,,,,,,,,,,,,,,,,,,,,,,,,,,,,,,,,,,,,,,,,,,,,,,,,,,
0.000181,9,,,,,,,,,,,,,,,,,,,,,,,,,,,,,,,,,,,,,,,,,,,,,,,,,,,,,,,,,,,,,,,,,,,,,,,,,,,,,,,,,,,
,9,0.9679295420646667,0.9679295420646667,-1.8710846916292212e-06,0.004298918414860964,0.9679295420646667,9,,,,,,,,,,,,,,,,,,,,,,,,,,,,,,,,,,,,,,,,,,,,,,,,,,,,,,,,,,,,,,,,,,,,,,,,,,,,,
,9,,,,,,9,0.9679295420646667,0.9679295420646667,-1.8710846916292212e-06,0.004298918414860964,0.9679295420646667,,,,,,,,,,,,,,,,,,,,,,,,,,,,,,,,,,,,,,,,,,,,,,,,,,,,,,,,,,,,,,,,,,,,,,,,
0.00019,10,,,,,,,,,,,,,,,,,,,,,,,,,,,,,,,,,,,,,,,,,,,,,,,,,,,,,,,,,,,,,,,,,,,,,,,,,,,,,,,,,,,
,10,0.935549259185791,0.935549259185791,-2.36741880144109e-06,0.0046936324797570705,0.935549259185791,10,,,,,,,,,,,,,,,,,,,,,,,,,,,,,,,,,,,,,,,,,,,,,,,,,,,,,,,,,,,,,,,,,,,,,,,,,,,,,
,10,,,,,,10,0.935549259185791,0.935549259185791,-2.36741880144109e-06,0.0046936324797570705,0.935549259185791,,,,,,,,,,,,,,,,,,,,,,,,,,,,,,,,,,,,,,,,,,,,,,,,,,,,,,,,,,,,,,,,,,,,,,,,
0.000199,11,,,,,,,,,,,,,,,,,,,,,,,,,,,,,,,,,,,,,,,,,,,,,,,,,,,,,,,,,,,,,,,,,,,,,,,,,,,,,,,,,,,
,11,1.0230319499969482,1.0230319499969482,-2.925949047494214e-06,0.007613664958626032,1.0230319499969482,11,,,,,,,,,,,,,,,,,,,,,,,,,,,,,,,,,,,,,,,,,,,,,,,,,,,,,,,,,,,,,,,,,,,,,,,,,,,,,
,11,,,,,,11,1.0230319499969482,1.0230319499969482,-2.925949047494214e-06,0.007613664958626032,1.0230319499969482,,,,,,,,,,,,,,,,,,,,,,,,,,,,,,,,,,,,,,,,,,,,,,,,,,,,,,,,,,,,,,,,,,,,,,,,
0.00020800000000000001,12,,,,,,,,,,,,,,,,,,,,,,,,,,,,,,,,,,,,,,,,,,,,,,,,,,,,,,,,,,,,,,,,,,,,,,,,,,,,,,,,,,,
,12,1.0078201293945312,1.0078201293945312,-3.356126171638607e-06,0.008517546579241753,1.0078201293945312,12,,,,,,,,,,,,,,,,,,,,,,,,,,,,,,,,,,,,,,,,,,,,,,,,,,,,,,,,,,,,,,,,,,,,,,,,,,,,,
,12,,,,,,12,1.0078201293945312,1.0078201293945312,-3.356126171638607e-06,0.008517546579241753,1.0078201293945312,,,,,,,,,,,,,,,,,,,,,,,,,,,,,,,,,,,,,,,,,,,,,,,,,,,,,,,,,,,,,,,,,,,,,,,,
0.00021700000000000004,13,,,,,,,,,,,,,,,,,,,,,,,,,,,,,,,,,,,,,,,,,,,,,,,,,,,,,,,,,,,,,,,,,,,,,,,,,,,,,,,,,,,
,13,0.9256143569946289,0.9256143569946289,-3.6612159419746604e-06,0.007762410677969456,0.9256143569946289,13,,,,,,,,,,,,,,,,,,,,,,,,,,,,,,,,,,,,,,,,,,,,,,,,,,,,,,,,,,,,,,,,,,,,,,,,,,,,,
,13,,,,,,13,0.9256143569946289,0.9256143569946289,-3.6612159419746604e-06,0.007762410677969456,0.9256143569946289,,,,,,,,,,,,,,,,,,,,,,,,,,,,,,,,,,,,,,,,,,,,,,,,,,,,,,,,,,,,,,,,,,,,,,,,
0.00022600000000000002,14,,,,,,,,,,,,,,,,,,,,,,,,,,,,,,,,,,,,,,,,,,,,,,,,,,,,,,,,,,,,,,,,,,,,,,,,,,,,,,,,,,,
,14,0.9829437732696533,0.9829437732696533,-4.053701559314504e-06,0.004331537988036871,0.9829437732696533,14,,,,,,,,,,,,,,,,,,,,,,,,,,,,,,,,,,,,,,,,,,,,,,,,,,,,,,,,,,,,,,,,,,,,,,,,,,,,,
,14,,,,,,14,0.9829437732696533,0.9829437732696533,-4.053701559314504e-06,0.004331537988036871,0.9829437732696533,,,,,,,,,,,,,,,,,,,,,,,,,,,,,,,,,,,,,,,,,,,,,,,,,,,,,,,,,,,,,,,,,,,,,,,,
0.00023500000000000002,15,,,,,,,,,,,,,,,,,,,,,,,,,,,,,,,,,,,,,,,,,,,,,,,,,,,,,,,,,,,,,,,,,,,,,,,,,,,,,,,,,,,
,15,0.9550377726554871,0.9550377726554871,-4.533458650257671e-06,0.006419721525162458,0.9550377726554871,15,,,,,,,,,,,,,,,,,,,,,,,,,,,,,,,,,,,,,,,,,,,,,,,,,,,,,,,,,,,,,,,,,,,,,,,,,,,,,
,15,,,,,,15,0.9550377726554871,0.9550377726554871,-4.533458650257671e-06,0.006419721525162458,0.9550377726554871,,,,,,,,,,,,,,,,,,,,,,,,,,,,,,,,,,,,,,,,,,,,,,,,,,,,,,,,,,,,,,,,,,,,,,,,
0.00024400000000000002,16,,,,,,,,,,,,,,,,,,,,,,,,,,,,,,,,,,,,,,,,,,,,,,,,,,,,,,,,,,,,,,,,,,,,,,,,,,,,,,,,,,,
,16,0.9423552751541138,0.9423552751541138,-5.100500857224688e-06,0.007141170557588339,0.9423552751541138,16,,,,,,,,,,,,,,,,,,,,,,,,,,,,,,,,,,,,,,,,,,,,,,,,,,,,,,,,,,,,,,,,,,,,,,,,,,,,,
,16,,,,,,16,0.9423552751541138,0.9423552751541138,-5.100500857224688e-06,0.007141170557588339,0.9423552751541138,,,,,,,,,,,,,,,,,,,,,,,,,,,,,,,,,,,,,,,,,,,,,,,,,,,,,,,,,,,,,,,,,,,,,,,,
0.000253,17,,,,,,,,,,,,,,,,,,,,,,,,,,,,,,,,,,,,,,,,,,,,,,,,,,,,,,,,,,,,,,,,,,,,,,,,,,,,,,,,,,,
,17,0.9061335921287537,0.9061335921287537,-5.754935045843013e-06,0.004451025743037462,0.9061335921287537,17,,,,,,,,,,,,,,,,,,,,,,,,,,,,,,,,,,,,,,,,,,,,,,,,,,,,,,,,,,,,,,,,,,,,,,,,,,,,,
,17,,,,,,17,0.9061335921287537,0.9061335921287537,-5.754935045843013e-06,0.004451025743037462,0.9061335921287537,,,,,,,,,,,,,,,,,,,,,,,,,,,,,,,,,,,,,,,,,,,,,,,,,,,,,,,,,,,,,,,,,,,,,,,,
0.000262,18,,,,,,,,,,,,,,,,,,,,,,,,,,,,,,,,,,,,,,,,,,,,,,,,,,,,,,,,,,,,,,,,,,,,,,,,,,,,,,,,,,,
,18,0.9083280563354492,0.9083280563354492,-6.496935839095386e-06,0.005897616036236286,0.9083280563354492,18,,,,,,,,,,,,,,,,,,,,,,,,,,,,,,,,,,,,,,,,,,,,,,,,,,,,,,,,,,,,,,,,,,,,,,,,,,,,,
,18,,,,,,18,0.9083280563354492,0.9083280563354492,-6.496935839095386e-06,0.005897616036236286,0.9083280563354492,,,,,,,,,,,,,,,,,,,,,,,,,,,,,,,,,,,,,,,,,,,,,,,,,,,,,,,,,,,,,,,,,,,,,,,,
0.00027100000000000003,19,,,,,,,,,,,,,,,,,,,,,,,,,,,,,,,,,,,,,,,,,,,,,,,,,,,,,,,,,,,,,,,,,,,,,,,,,,,,,,,,,,,
,19,0.8679027557373047,0.8679027557373047,-7.326731974899303e-06,0.0049097235314548016,0.8679027557373047,19,,,,,,,,,,,,,,,,,,,,,,,,,,,,,,,,,,,,,,,,,,,,,,,,,,,,,,,,,,,,,,,,,,,,,,,,,,,,,
,19,,,,,,19,0.8679027557373047,0.8679027557373047,-7.326731974899303e-06,0.0049097235314548016,0.8679027557373047,,,,,,,,,,,,,,,,,,,,,,,,,,,,,,,,,,,,,,,,,,,,,,,,,,,,,,,,,,,,,,,,,,,,,,,,
0.00028000000000000003,20,,,,,,,,,,,,,,,,,,,,,,,,,,,,,,,,,,,,,,,,,,,,,,,,,,,,,,,,,,,,,,,,,,,,,,,,,,,,,,,,,,,
,20,0.8706559538841248,0.8706559538841248,-8.244590389949735e-06,0.004699381534010172,0.8706559538841248,20,,,,,,,,,,,,,,,,,,,,,,,,,,,,,,,,,,,,,,,,,,,,,,,,,,,,,,,,,,,,,,,,,,,,,,,,,,,,,
,20,,,,,,20,0.8706559538841248,0.8706559538841248,-8.244590389949735e-06,0.004699381534010172,0.8706559538841248,,,,,,,,,,,,,,,,,,,,,,,,,,,,,,,,,,,,,,,,,,,,,,,,,,,,,,,,,,,,,,,,,,,,,,,,
0.00028900000000000003,21,,,,,,,,,,,,,,,,,,,,,,,,,,,,,,,,,,,,,,,,,,,,,,,,,,,,,,,,,,,,,,,,,,,,,,,,,,,,,,,,,,,
,21,1.0112814903259277,1.0112814903259277,-9.250806215277407e-06,0.00721764238551259,1.0112814903259277,21,,,,,,,,,,,,,,,,,,,,,,,,,,,,,,,,,,,,,,,,,,,,,,,,,,,,,,,,,,,,,,,,,,,,,,,,,,,,,
,21,,,,,,21,1.0112814903259277,1.0112814903259277,-9.250806215277407e-06,0.00721764238551259,1.0112814903259277,,,,,,,,,,,,,,,,,,,,,,,,,,,,,,,,,,,,,,,,,,,,,,,,,,,,,,,,,,,,,,,,,,,,,,,,
0.00029800000000000003,22,,,,,,,,,,,,,,,,,,,,,,,,,,,,,,,,,,,,,,,,,,,,,,,,,,,,,,,,,,,,,,,,,,,,,,,,,,,,,,,,,,,
,22,0.9268991351127625,0.9268991351127625,-1.0046554052678403e-05,0.0040875268168747425,0.9268991351127625,22,,,,,,,,,,,,,,,,,,,,,,,,,,,,,,,,,,,,,,,,,,,,,,,,,,,,,,,,,,,,,,,,,,,,,,,,,,,,,
,22,,,,,,22,0.9268991351127625,0.9268991351127625,-1.0046554052678403e-05,0.0040875268168747425,0.9268991351127625,,,,,,,,,,,,,,,,,,,,,,,,,,,,,,,,,,,,,,,,,,,,,,,,,,,,,,,,,,,,,,,,,,,,,,,,
0.000307,23,,,,,,,,,,,,,,,,,,,,,,,,,,,,,,,,,,,,,,,,,,,,,,,,,,,,,,,,,,,,,,,,,,,,,,,,,,,,,,,,,,,
,23,0.8840557932853699,0.8840557932853699,-1.094960498448927e-05,0.004901286214590073,0.8840557932853699,23,,,,,,,,,,,,,,,,,,,,,,,,,,,,,,,,,,,,,,,,,,,,,,,,,,,,,,,,,,,,,,,,,,,,,,,,,,,,,
,23,,,,,,23,0.8840557932853699,0.8840557932853699,-1.094960498448927e-05,0.004901286214590073,0.8840557932853699,,,,,,,,,,,,,,,,,,,,,,,,,,,,,,,,,,,,,,,,,,,,,,,,,,,,,,,,,,,,,,,,,,,,,,,,
0.0003160000000000001,24,,,,,,,,,,,,,,,,,,,,,,,,,,,,,,,,,,,,,,,,,,,,,,,,,,,,,,,,,,,,,,,,,,,,,,,,,,,,,,,,,,,
,24,0.859454333782196,0.859454333782196,-1.1959374205616768e-05,0.005010037217289209,0.859454333782196,24,,,,,,,,,,,,,,,,,,,,,,,,,,,,,,,,,,,,,,,,,,,,,,,,,,,,,,,,,,,,,,,,,,,,,,,,,,,,,
,24,,,,,,24,0.859454333782196,0.859454333782196,-1.1959374205616768e-05,0.005010037217289209,0.859454333782196,,,,,,,,,,,,,,,,,,,,,,,,,,,,,,,,,,,,,,,,,,,,,,,,,,,,,,,,,,,,,,,,,,,,,,,,
0.00032500000000000004,25,,,,,,,,,,,,,,,,,,,,,,,,,,,,,,,,,,,,,,,,,,,,,,,,,,,,,,,,,,,,,,,,,,,,,,,,,,,,,,,,,,,
,25,1.0971899032592773,1.0971899032592773,-1.3075329661660362e-05,0.00872084591537714,1.0971899032592773,25,,,,,,,,,,,,,,,,,,,,,,,,,,,,,,,,,,,,,,,,,,,,,,,,,,,,,,,,,,,,,,,,,,,,,,,,,,,,,
,25,,,,,,25,1.0971899032592773,1.0971899032592773,-1.3075329661660362e-05,0.00872084591537714,1.0971899032592773,,,,,,,,,,,,,,,,,,,,,,,,,,,,,,,,,,,,,,,,,,,,,,,,,,,,,,,,,,,,,,,,,,,,,,,,
0.00033400000000000004,26,,,,,,,,,,,,,,,,,,,,,,,,,,,,,,,,,,,,,,,,,,,,,,,,,,,,,,,,,,,,,,,,,,,,,,,,,,,,,,,,,,,
,26,0.8671602606773376,0.8671602606773376,-1.394485752825858e-05,0.004896459169685841,0.8671602606773376,26,,,,,,,,,,,,,,,,,,,,,,,,,,,,,,,,,,,,,,,,,,,,,,,,,,,,,,,,,,,,,,,,,,,,,,,,,,,,,
,26,,,,,,26,0.8671602606773376,0.8671602606773376,-1.394485752825858e-05,0.004896459169685841,0.8671602606773376,,,,,,,,,,,,,,,,,,,,,,,,,,,,,,,,,,,,,,,,,,,,,,,,,,,,,,,,,,,,,,,,,,,,,,,,
0.000343,27,,,,,,,,,,,,,,,,,,,,,,,,,,,,,,,,,,,,,,,,,,,,,,,,,,,,,,,,,,,,,,,,,,,,,,,,,,,,,,,,,,,
,27,0.8417484164237976,0.8417484164237976,-1.4942076631996315e-05,0.006576703395694494,0.8417484164237976,27,,,,,,,,,,,,,,,,,,,,,,,,,,,,,,,,,,,,,,,,,,,,,,,,,,,,,,,,,,,,,,,,,,,,,,,,,,,,,
,27,,,,,,27,0.8417484164237976,0.8417484164237976,-1.4942076631996315e-05,0.006576703395694494,0.8417484164237976,,,,,,,,,,,,,,,,,,,,,,,,,,,,,,,,,,,,,,,,,,,,,,,,,,,,,,,,,,,,,,,,,,,,,,,,
0.000352,28,,,,,,,,,,,,,,,,,,,,,,,,,,,,,,,,,,,,,,,,,,,,,,,,,,,,,,,,,,,,,,,,,,,,,,,,,,,,,,,,,,,
,28,0.8874281644821167,0.8874281644821167,-1.6065372619777918e-05,0.003973801154643297,0.8874281644821167,28,,,,,,,,,,,,,,,,,,,,,,,,,,,,,,,,,,,,,,,,,,,,,,,,,,,,,,,,,,,,,,,,,,,,,,,,,,,,,
,28,,,,,,28,0.8874281644821167,0.8874281644821167,-1.6065372619777918e-05,0.003973801154643297,0.8874281644821167,,,,,,,,,,,,,,,,,,,,,,,,,,,,,,,,,,,,,,,,,,,,,,,,,,,,,,,,,,,,,,,,,,,,,,,,
0.000361,29,,,,,,,,,,,,,,,,,,,,,,,,,,,,,,,,,,,,,,,,,,,,,,,,,,,,,,,,,,,,,,,,,,,,,,,,,,,,,,,,,,,
,29,1.0451173782348633,1.0451339483261108,-1.7313228454440832e-05,0.008165654726326466,1.0451339483261108,29,,,,,,,,,,,,,,,,,,,,,,,,,,,,,,,,,,,,,,,,,,,,,,,,,,,,,,,,,,,,,,,,,,,,,,,,,,,,,
,29,,,,,,29,1.0451173782348633,1.0451339483261108,-1.7313228454440832e-05,0.008165654726326466,1.0451339483261108,,,,,,,,,,,,,,,,,,,,,,,,,,,,,,,,,,,,,,,,,,,,,,,,,,,,,,,,,,,,,,,,,,,,,,,,
0.00037,30,,,,,,,,,,,,,,,,,,,,,,,,,,,,,,,,,,,,,,,,,,,,,,,,,,,,,,,,,,,,,,,,,,,,,,,,,,,,,,,,,,,
,30,1.1811699867248535,1.1811699867248535,-1.8460848878021352e-05,0.01911873370409012,1.1811699867248535,30,,,,,,,,,,,,,,,,,,,,,,,,,,,,,,,,,,,,,,,,,,,,,,,,,,,,,,,,,,,,,,,,,,,,,,,,,,,,,
,30,,,,,,30,1.1811699867248535,1.1811699867248535,-1.8460848878021352e-05,0.01911873370409012,1.1811699867248535,,,,,,,,,,,,,,,,,,,,,,,,,,,,,,,,,,,,,,,,,,,,,,,,,,,,,,,,,,,,,,,,,,,,,,,,
0.000379,31,,,,,,,,,,,,,,,,,,,,,,,,,,,,,,,,,,,,,,,,,,,,,,,,,,,,,,,,,,,,,,,,,,,,,,,,,,,,,,,,,,,
,31,0.8360844850540161,0.8360844850540161,-1.9319888451718725e-05,0.003607778577134013,0.8360844850540161,31,,,,,,,,,,,,,,,,,,,,,,,,,,,,,,,,,,,,,,,,,,,,,,,,,,,,,,,,,,,,,,,,,,,,,,,,,,,,,
,31,,,,,,31,0.8360844850540161,0.8360844850540161,-1.9319888451718725e-05,0.003607778577134013,0.8360844850540161,,,,,,,,,,,,,,,,,,,,,,,,,,,,,,,,,,,,,,,,,,,,,,,,,,,,,,,,,,,,,,,,,,,,,,,,
0.000388,32,,,,,,,,,,,,,,,,,,,,,,,,,,,,,,,,,,,,,,,,,,,,,,,,,,,,,,,,,,,,,,,,,,,,,,,,,,,,,,,,,,,
,32,0.9670165777206421,0.9670165777206421,-2.034182398347184e-05,0.004145276267081499,0.9670165777206421,32,,,,,,,,,,,,,,,,,,,,,,,,,,,,,,,,,,,,,,,,,,,,,,,,,,,,,,,,,,,,,,,,,,,,,,,,,,,,,
,32,,,,,,32,0.9670165777206421,0.9670165777206421,-2.034182398347184e-05,0.004145276267081499,0.9670165777206421,,,,,,,,,,,,,,,,,,,,,,,,,,,,,,,,,,,,,,,,,,,,,,,,,,,,,,,,,,,,,,,,,,,,,,,,
0.00039700000000000005,33,,,,,,,,,,,,,,,,,,,,,,,,,,,,,,,,,,,,,,,,,,,,,,,,,,,,,,,,,,,,,,,,,,,,,,,,,,,,,,,,,,,
,33,0.7786808013916016,0.7786808013916016,-2.15230138564948e-05,0.0038593660574406385,0.7786808013916016,33,,,,,,,,,,,,,,,,,,,,,,,,,,,,,,,,,,,,,,,,,,,,,,,,,,,,,,,,,,,,,,,,,,,,,,,,,,,,,
,33,,,,,,33,0.7786808013916016,0.7786808013916016,-2.15230138564948e-05,0.0038593660574406385,0.7786808013916016,,,,,,,,,,,,,,,,,,,,,,,,,,,,,,,,,,,,,,,,,,,,,,,,,,,,,,,,,,,,,,,,,,,,,,,,
0.00040600000000000006,34,,,,,,,,,,,,,,,,,,,,,,,,,,,,,,,,,,,,,,,,,,,,,,,,,,,,,,,,,,,,,,,,,,,,,,,,,,,,,,,,,,,
,34,0.857681930065155,0.857681930065155,-2.286001472384669e-05,0.006342240143567324,0.857681930065155,34,,,,,,,,,,,,,,,,,,,,,,,,,,,,,,,,,,,,,,,,,,,,,,,,,,,,,,,,,,,,,,,,,,,,,,,,,,,,,
,34,,,,,,34,0.857681930065155,0.857681930065155,-2.286001472384669e-05,0.006342240143567324,0.857681930065155,,,,,,,,,,,,,,,,,,,,,,,,,,,,,,,,,,,,,,,,,,,,,,,,,,,,,,,,,,,,,,,,,,,,,,,,
0.00041500000000000006,35,,,,,,,,,,,,,,,,,,,,,,,,,,,,,,,,,,,,,,,,,,,,,,,,,,,,,,,,,,,,,,,,,,,,,,,,,,,,,,,,,,,
,35,0.8228240013122559,0.8228240013122559,-2.4349577870452777e-05,0.003504547756165266,0.8228240013122559,35,,,,,,,,,,,,,,,,,,,,,,,,,,,,,,,,,,,,,,,,,,,,,,,,,,,,,,,,,,,,,,,,,,,,,,,,,,,,,
,35,,,,,,35,0.8228240013122559,0.8228240013122559,-2.4349577870452777e-05,0.003504547756165266,0.8228240013122559,,,,,,,,,,,,,,,,,,,,,,,,,,,,,,,,,,,,,,,,,,,,,,,,,,,,,,,,,,,,,,,,,,,,,,,,
0.00042400000000000006,36,,,,,,,,,,,,,,,,,,,,,,,,,,,,,,,,,,,,,,,,,,,,,,,,,,,,,,,,,,,,,,,,,,,,,,,,,,,,,,,,,,,
,36,0.8345724940299988,0.8345724940299988,-2.5988643756136298e-05,0.0036063448060303926,0.8345724940299988,36,,,,,,,,,,,,,,,,,,,,,,,,,,,,,,,,,,,,,,,,,,,,,,,,,,,,,,,,,,,,,,,,,,,,,,,,,,,,,
,36,,,,,,36,0.8345724940299988,0.8345724940299988,-2.5988643756136298e-05,0.0036063448060303926,0.8345724940299988,,,,,,,,,,,,,,,,,,,,,,,,,,,,,,,,,,,,,,,,,,,,,,,,,,,,,,,,,,,,,,,,,,,,,,,,
0.00043300000000000006,37,,,,,,,,,,,,,,,,,,,,,,,,,,,,,,,,,,,,,,,,,,,,,,,,,,,,,,,,,,,,,,,,,,,,,,,,,,,,,,,,,,,
,37,0.9085572957992554,0.9085572957992554,-2.7774325644713826e-05,0.005046279169619083,0.9085572957992554,37,,,,,,,,,,,,,,,,,,,,,,,,,,,,,,,,,,,,,,,,,,,,,,,,,,,,,,,,,,,,,,,,,,,,,,,,,,,,,
,37,,,,,,37,0.9085572957992554,0.9085572957992554,-2.7774325644713826e-05,0.005046279169619083,0.9085572957992554,,,,,,,,,,,,,,,,,,,,,,,,,,,,,,,,,,,,,,,,,,,,,,,,,,,,,,,,,,,,,,,,,,,,,,,,
0.00044200000000000006,38,,,,,,,,,,,,,,,,,,,,,,,,,,,,,,,,,,,,,,,,,,,,,,,,,,,,,,,,,,,,,,,,,,,,,,,,,,,,,,,,,,,
,38,0.8282064199447632,0.8282064199447632,-2.9703933250857517e-05,0.0036938712000846863,0.8282064199447632,38,,,,,,,,,,,,,,,,,,,,,,,,,,,,,,,,,,,,,,,,,,,,,,,,,,,,,,,,,,,,,,,,,,,,,,,,,,,,,
,38,,,,,,38,0.8282064199447632,0.8282064199447632,-2.9703933250857517e-05,0.0036938712000846863,0.8282064199447632,,,,,,,,,,,,,,,,,,,,,,,,,,,,,,,,,,,,,,,,,,,,,,,,,,,,,,,,,,,,,,,,,,,,,,,,
0.00045100000000000007,39,,,,,,,,,,,,,,,,,,,,,,,,,,,,,,,,,,,,,,,,,,,,,,,,,,,,,,,,,,,,,,,,,,,,,,,,,,,,,,,,,,,
,39,0.9659719467163086,0.9659719467163086,-3.177494727424346e-05,0.004171503242105246,0.9659719467163086,39,,,,,,,,,,,,,,,,,,,,,,,,,,,,,,,,,,,,,,,,,,,,,,,,,,,,,,,,,,,,,,,,,,,,,,,,,,,,,
,39,,,,,,39,0.9659719467163086,0.9659719467163086,-3.177494727424346e-05,0.004171503242105246,0.9659719467163086,,,,,,,,,,,,,,,,,,,,,,,,,,,,,,,,,,,,,,,,,,,,,,,,,,,,,,,,,,,,,,,,,,,,,,,,
0.00045999999999999996,40,,,,,,,,,,,,,,,,,,,,,,,,,,,,,,,,,,,,,,,,,,,,,,,,,,,,,,,,,,,,,,,,,,,,,,,,,,,,,,,,,,,
,40,0.7270843982696533,0.7270843982696533,-3.398499757167883e-05,0.003824131563305855,0.7270843982696533,40,,,,,,,,,,,,,,,,,,,,,,,,,,,,,,,,,,,,,,,,,,,,,,,,,,,,,,,,,,,,,,,,,,,,,,,,,,,,,
,40,,,,,,40,0.7270843982696533,0.7270843982696533,-3.398499757167883e-05,0.003824131563305855,0.7270843982696533,,,,,,,,,,,,,,,,,,,,,,,,,,,,,,,,,,,,,,,,,,,,,,,,,,,,,,,,,,,,,,,,,,,,,,,,
0.00046899999999999996,41,,,,,,,,,,,,,,,,,,,,,,,,,,,,,,,,,,,,,,,,,,,,,,,,,,,,,,,,,,,,,,,,,,,,,,,,,,,,,,,,,,,
,41,0.9842885732650757,0.9842885732650757,-3.63319122698158e-05,0.005578442942351103,0.9842885732650757,41,,,,,,,,,,,,,,,,,,,,,,,,,,,,,,,,,,,,,,,,,,,,,,,,,,,,,,,,,,,,,,,,,,,,,,,,,,,,,
,41,,,,,,41,0.9842885732650757,0.9842885732650757,-3.63319122698158e-05,0.005578442942351103,0.9842885732650757,,,,,,,,,,,,,,,,,,,,,,,,,,,,,,,,,,,,,,,,,,,,,,,,,,,,,,,,,,,,,,,,,,,,,,,,
0.0004780000000000001,42,,,,,,,,,,,,,,,,,,,,,,,,,,,,,,,,,,,,,,,,,,,,,,,,,,,,,,,,,,,,,,,,,,,,,,,,,,,,,,,,,,,
,42,0.8117133378982544,0.8117133378982544,-3.8813635910628363e-05,0.00380544806830585,0.8117133378982544,42,,,,,,,,,,,,,,,,,,,,,,,,,,,,,,,,,,,,,,,,,,,,,,,,,,,,,,,,,,,,,,,,,,,,,,,,,,,,,
,42,,,,,,42,0.8117133378982544,0.8117133378982544,-3.8813635910628363e-05,0.00380544806830585,0.8117133378982544,,,,,,,,,,,,,,,,,,,,,,,,,,,,,,,,,,,,,,,,,,,,,,,,,,,,,,,,,,,,,,,,,,,,,,,,
0.000487,43,,,,,,,,,,,,,,,,,,,,,,,,,,,,,,,,,,,,,,,,,,,,,,,,,,,,,,,,,,,,,,,,,,,,,,,,,,,,,,,,,,,
,43,0.8352470397949219,0.8352470397949219,-4.142832040088251e-05,0.004171366803348064,0.8352470397949219,43,,,,,,,,,,,,,,,,,,,,,,,,,,,,,,,,,,,,,,,,,,,,,,,,,,,,,,,,,,,,,,,,,,,,,,,,,,,,,
,43,,,,,,43,0.8352470397949219,0.8352470397949219,-4.142832040088251e-05,0.004171366803348064,0.8352470397949219,,,,,,,,,,,,,,,,,,,,,,,,,,,,,,,,,,,,,,,,,,,,,,,,,,,,,,,,,,,,,,,,,,,,,,,,
0.000496,44,,,,,,,,,,,,,,,,,,,,,,,,,,,,,,,,,,,,,,,,,,,,,,,,,,,,,,,,,,,,,,,,,,,,,,,,,,,,,,,,,,,
,44,0.7521538734436035,0.7521538734436035,-4.4174234062666073e-05,0.0031931251287460327,0.7521538734436035,44,,,,,,,,,,,,,,,,,,,,,,,,,,,,,,,,,,,,,,,,,,,,,,,,,,,,,,,,,,,,,,,,,,,,,,,,,,,,,
,44,,,,,,44,0.7521538734436035,0.7521538734436035,-4.4174234062666073e-05,0.0031931251287460327,0.7521538734436035,,,,,,,,,,,,,,,,,,,,,,,,,,,,,,,,,,,,,,,,,,,,,,,,,,,,,,,,,,,,,,,,,,,,,,,,
0.000505,45,,,,,,,,,,,,,,,,,,,,,,,,,,,,,,,,,,,,,,,,,,,,,,,,,,,,,,,,,,,,,,,,,,,,,,,,,,,,,,,,,,,
,45,0.8396201133728027,0.8396201133728027,-4.7049776185303926e-05,0.008066736161708832,0.8396201133728027,45,,,,,,,,,,,,,,,,,,,,,,,,,,,,,,,,,,,,,,,,,,,,,,,,,,,,,,,,,,,,,,,,,,,,,,,,,,,,,
,45,,,,,,45,0.8396201133728027,0.8396201133728027,-4.7049776185303926e-05,0.008066736161708832,0.8396201133728027,,,,,,,,,,,,,,,,,,,,,,,,,,,,,,,,,,,,,,,,,,,,,,,,,,,,,,,,,,,,,,,,,,,,,,,,
0.000514,46,,,,,,,,,,,,,,,,,,,,,,,,,,,,,,,,,,,,,,,,,,,,,,,,,,,,,,,,,,,,,,,,,,,,,,,,,,,,,,,,,,,
,46,1.1315394639968872,1.1315394639968872,-5.0053502491209656e-05,0.008263114839792252,1.1315394639968872,46,,,,,,,,,,,,,,,,,,,,,,,,,,,,,,,,,,,,,,,,,,,,,,,,,,,,,,,,,,,,,,,,,,,,,,,,,,,,,
,46,,,,,,46,1.1315394639968872,1.1315394639968872,-5.0053502491209656e-05,0.008263114839792252,1.1315394639968872,,,,,,,,,,,,,,,,,,,,,,,,,,,,,,,,,,,,,,,,,,,,,,,,,,,,,,,,,,,,,,,,,,,,,,,,
0.000523,47,,,,,,,,,,,,,,,,,,,,,,,,,,,,,,,,,,,,,,,,,,,,,,,,,,,,,,,,,,,,,,,,,,,,,,,,,,,,,,,,,,,
,47,1.1718053817749023,1.1718053817749023,-5.248240631772205e-05,0.601428747177124,1.1718053817749023,47,,,,,,,,,,,,,,,,,,,,,,,,,,,,,,,,,,,,,,,,,,,,,,,,,,,,,,,,,,,,,,,,,,,,,,,,,,,,,
,47,,,,,,47,1.1718053817749023,1.1718053817749023,-5.248240631772205e-05,0.601428747177124,1.1718053817749023,,,,,,,,,,,,,,,,,,,,,,,,,,,,,,,,,,,,,,,,,,,,,,,,,,,,,,,,,,,,,,,,,,,,,,,,
0.000532,48,,,,,,,,,,,,,,,,,,,,,,,,,,,,,,,,,,,,,,,,,,,,,,,,,,,,,,,,,,,,,,,,,,,,,,,,,,,,,,,,,,,
,48,0.792238175868988,0.792238175868988,-5.4368738346965984e-05,0.006215096917003393,0.792238175868988,48,,,,,,,,,,,,,,,,,,,,,,,,,,,,,,,,,,,,,,,,,,,,,,,,,,,,,,,,,,,,,,,,,,,,,,,,,,,,,
,48,,,,,,48,0.792238175868988,0.792238175868988,-5.4368738346965984e-05,0.006215096917003393,0.792238175868988,,,,,,,,,,,,,,,,,,,,,,,,,,,,,,,,,,,,,,,,,,,,,,,,,,,,,,,,,,,,,,,,,,,,,,,,
0.000541,49,,,,,,,,,,,,,,,,,,,,,,,,,,,,,,,,,,,,,,,,,,,,,,,,,,,,,,,,,,,,,,,,,,,,,,,,,,,,,,,,,,,
,49,1.2560620307922363,1.2560620307922363,-5.64829315408133e-05,0.008275856263935566,1.2560620307922363,49,,,,,,,,,,,,,,,,,,,,,,,,,,,,,,,,,,,,,,,,,,,,,,,,,,,,,,,,,,,,,,,,,,,,,,,,,,,,,
,49,,,,,,49,,,,,,0.7315964698791504,0.7315964698791504,-5.8057004935108125e-05,0.007442753296345472,0.7315964698791504,0.721519947052002,0.721519947052002,-5.8057004935108125e-05,0.003228630404919386,0.721519947052002,-0.06758704036474228,0.3077276945114136,0.3848428726196289,0.17206743359565735,0.10897396504878998,0.060053449124097824,0.037865281105041504,0.024142609909176826,0.0024195173755288124,0.06758704036474228,0.8513256311416626,0.5022731423377991,0.341926246881485,0.2663576900959015,0.2339075207710266,0.14937752485275269,0.39086130261421204,0.1773981750011444,0.12216641753911972,0.06790145486593246,0.04227424040436745,0.02621551603078842,0.0024533187970519066,0.07306818664073944,47.93383026123047,35.18239212036133,52.778350830078125,82.62812042236328,165.69931030273438,7716.3447265625,1350.094482421875,-0.05771804600954056,0.2904774844646454,0.3736368715763092,0.1612166464328766,0.0903911367058754,0.046622008085250854,0.029174664989113808,0.017728647217154503,0.0011751801939681172,0.05771804600954056,0.8097729086875916,0.4117256999015808,0.2479412853717804,0.1864776462316513,0.15412510931491852,0.062240637838840485,0.31204721331596375,0.1675625741481781,0.1037965640425682,0.0543009489774704,0.033429451286792755,0.019639557227492332,0.0011963630095124245,0.06332091242074966,48.609535217285156,32.74907684326172,43.39422607421875,64.76554870605469,128.18360900878906,5633.40673828125,991.8514404296875
,49,,,,,,49,1.2560620307922363,1.2560620307922363,-5.64829315408133e-05,0.008275856263935566,1.2560620307922363,,,,,,,,,,,,,,,,,,,,,,,,,,,,,,,,,,,,,,,,,,,,,,,,,,,,,,,,,,,,,,,,,,,,,,,,
0.00055,50,,,,,,,,,,,,,,,,,,,,,,,,,,,,,,,,,,,,,,,,,,,,,,,,,,,,,,,,,,,,,,,,,,,,,,,,,,,,,,,,,,,
,50,0.7364152669906616,0.7364152669906616,-5.8057004935108125e-05,0.007061556447297335,0.7364152669906616,50,,,,,,,,,,,,,,,,,,,,,,,,,,,,,,,,,,,,,,,,,,,,,,,,,,,,,,,,,,,,,,,,,,,,,,,,,,,,,
,50,,,,,,50,0.7364152669906616,0.7364152669906616,-5.8057004935108125e-05,0.007061556447297335,0.7364152669906616,,,,,,,,,,,,,,,,,,,,,,,,,,,,,,,,,,,,,,,,,,,,,,,,,,,,,,,,,,,,,,,,,,,,,,,,
0.0005589999999999999,51,,,,,,,,,,,,,,,,,,,,,,,,,,,,,,,,,,,,,,,,,,,,,,,,,,,,,,,,,,,,,,,,,,,,,,,,,,,,,,,,,,,
,51,1.347892165184021,1.347892165184021,-5.990087447571568e-05,0.006849916651844978,1.347892165184021,51,,,,,,,,,,,,,,,,,,,,,,,,,,,,,,,,,,,,,,,,,,,,,,,,,,,,,,,,,,,,,,,,,,,,,,,,,,,,,
,51,,,,,,51,1.347892165184021,1.347892165184021,-5.990087447571568e-05,0.006849916651844978,1.347892165184021,,,,,,,,,,,,,,,,,,,,,,,,,,,,,,,,,,,,,,,,,,,,,,,,,,,,,,,,,,,,,,,,,,,,,,,,
0.000568,52,,,,,,,,,,,,,,,,,,,,,,,,,,,,,,,,,,,,,,,,,,,,,,,,,,,,,,,,,,,,,,,,,,,,,,,,,,,,,,,,,,,
,52,0.7828766107559204,0.7828766107559204,-6.120388570707291e-05,0.004478445276618004,0.7828766107559204,52,,,,,,,,,,,,,,,,,,,,,,,,,,,,,,,,,,,,,,,,,,,,,,,,,,,,,,,,,,,,,,,,,,,,,,,,,,,,,
,52,,,,,,52,0.7828766107559204,0.7828766107559204,-6.120388570707291e-05,0.004478445276618004,0.7828766107559204,,,,,,,,,,,,,,,,,,,,,,,,,,,,,,,,,,,,,,,,,,,,,,,,,,,,,,,,,,,,,,,,,,,,,,,,
0.000577,53,,,,,,,,,,,,,,,,,,,,,,,,,,,,,,,,,,,,,,,,,,,,,,,,,,,,,,,,,,,,,,,,,,,,,,,,,,,,,,,,,,,
,53,0.8784406185150146,0.8784406185150146,-6.281636888161302e-05,0.00399017333984375,0.8784406185150146,53,,,,,,,,,,,,,,,,,,,,,,,,,,,,,,,,,,,,,,,,,,,,,,,,,,,,,,,,,,,,,,,,,,,,,,,,,,,,,
,53,,,,,,53,0.8784406185150146,0.8784406185150146,-6.281636888161302e-05,0.00399017333984375,0.8784406185150146,,,,,,,,,,,,,,,,,,,,,,,,,,,,,,,,,,,,,,,,,,,,,,,,,,,,,,,,,,,,,,,,,,,,,,,,
0.0005859999999999999,54,,,,,,,,,,,,,,,,,,,,,,,,,,,,,,,,,,,,,,,,,,,,,,,,,,,,,,,,,,,,,,,,,,,,,,,,,,,,,,,,,,,
,54,1.0742881298065186,1.0742881298065186,-6.472407403634861e-05,0.00984241720288992,1.0742881298065186,54,,,,,,,,,,,,,,,,,,,,,,,,,,,,,,,,,,,,,,,,,,,,,,,,,,,,,,,,,,,,,,,,,,,,,,,,,,,,,
,54,,,,,,54,1.0742881298065186,1.0742881298065186,-6.472407403634861e-05,0.00984241720288992,1.0742881298065186,,,,,,,,,,,,,,,,,,,,,,,,,,,,,,,,,,,,,,,,,,,,,,,,,,,,,,,,,,,,,,,,,,,,,,,,
0.0005949999999999999,55,,,,,,,,,,,,,,,,,,,,,,,,,,,,,,,,,,,,,,,,,,,,,,,,,,,,,,,,,,,,,,,,,,,,,,,,,,,,,,,,,,,
,55,0.818149745464325,0.818149745464325,-6.605357339140028e-05,0.004012926481664181,0.818149745464325,55,,,,,,,,,,,,,,,,,,,,,,,,,,,,,,,,,,,,,,,,,,,,,,,,,,,,,,,,,,,,,,,,,,,,,,,,,,,,,
,55,,,,,,55,0.818149745464325,0.818149745464325,-6.605357339140028e-05,0.004012926481664181,0.818149745464325,,,,,,,,,,,,,,,,,,,,,,,,,,,,,,,,,,,,,,,,,,,,,,,,,,,,,,,,,,,,,,,,,,,,,,,,
0.000604,56,,,,,,,,,,,,,,,,,,,,,,,,,,,,,,,,,,,,,,,,,,,,,,,,,,,,,,,,,,,,,,,,,,,,,,,,,,,,,,,,,,,
,56,1.150977611541748,1.150977611541748,-6.771979678887874e-05,0.008338984102010727,1.150977611541748,56,,,,,,,,,,,,,,,,,,,,,,,,,,,,,,,,,,,,,,,,,,,,,,,,,,,,,,,,,,,,,,,,,,,,,,,,,,,,,
,56,,,,,,56,1.150977611541748,1.150977611541748,-6.771979678887874e-05,0.008338984102010727,1.150977611541748,,,,,,,,,,,,,,,,,,,,,,,,,,,,,,,,,,,,,,,,,,,,,,,,,,,,,,,,,,,,,,,,,,,,,,,,
0.000613,57,,,,,,,,,,,,,,,,,,,,,,,,,,,,,,,,,,,,,,,,,,,,,,,,,,,,,,,,,,,,,,,,,,,,,,,,,,,,,,,,,,,
,57,0.906291663646698,0.906042218208313,-6.880472938064486e-05,0.003884968813508749,0.906042218208313,57,,,,,,,,,,,,,,,,,,,,,,,,,,,,,,,,,,,,,,,,,,,,,,,,,,,,,,,,,,,,,,,,,,,,,,,,,,,,,
,57,,,,,,57,0.906291663646698,0.906042218208313,-6.880472938064486e-05,0.003884968813508749,0.906042218208313,,,,,,,,,,,,,,,,,,,,,,,,,,,,,,,,,,,,,,,,,,,,,,,,,,,,,,,,,,,,,,,,,,,,,,,,
0.000622,58,,,,,,,,,,,,,,,,,,,,,,,,,,,,,,,,,,,,,,,,,,,,,,,,,,,,,,,,,,,,,,,,,,,,,,,,,,,,,,,,,,,
,58,0.9540117979049683,0.9540117979049683,-7.021324563538656e-05,0.004574032034724951,0.9540117979049683,58,,,,,,,,,,,,,,,,,,,,,,,,,,,,,,,,,,,,,,,,,,,,,,,,,,,,,,,,,,,,,,,,,,,,,,,,,,,,,
,58,,,,,,58,0.9540117979049683,0.9540117979049683,-7.021324563538656e-05,0.004574032034724951,0.9540117979049683,,,,,,,,,,,,,,,,,,,,,,,,,,,,,,,,,,,,,,,,,,,,,,,,,,,,,,,,,,,,,,,,,,,,,,,,
0.000631,59,,,,,,,,,,,,,,,,,,,,,,,,,,,,,,,,,,,,,,,,,,,,,,,,,,,,,,,,,,,,,,,,,,,,,,,,,,,,,,,,,,,
,59,0.8722233772277832,0.8722233772277832,-7.19824165571481e-05,0.003701909212395549,0.8722233772277832,59,,,,,,,,,,,,,,,,,,,,,,,,,,,,,,,,,,,,,,,,,,,,,,,,,,,,,,,,,,,,,,,,,,,,,,,,,,,,,
,59,,,,,,59,0.8722233772277832,0.8722233772277832,-7.19824165571481e-05,0.003701909212395549,0.8722233772277832,,,,,,,,,,,,,,,,,,,,,,,,,,,,,,,,,,,,,,,,,,,,,,,,,,,,,,,,,,,,,,,,,,,,,,,,
0.00064,60,,,,,,,,,,,,,,,,,,,,,,,,,,,,,,,,,,,,,,,,,,,,,,,,,,,,,,,,,,,,,,,,,,,,,,,,,,,,,,,,,,,
,60,1.0724611282348633,1.0726947784423828,-7.409387762891129e-05,0.005356054287403822,1.0726947784423828,60,,,,,,,,,,,,,,,,,,,,,,,,,,,,,,,,,,,,,,,,,,,,,,,,,,,,,,,,,,,,,,,,,,,,,,,,,,,,,
,60,,,,,,60,1.0724611282348633,1.0726947784423828,-7.409387762891129e-05,0.005356054287403822,1.0726947784423828,,,,,,,,,,,,,,,,,,,,,,,,,,,,,,,,,,,,,,,,,,,,,,,,,,,,,,,,,,,,,,,,,,,,,,,,
0.000649,61,,,,,,,,,,,,,,,,,,,,,,,,,,,,,,,,,,,,,,,,,,,,,,,,,,,,,,,,,,,,,,,,,,,,,,,,,,,,,,,,,,,
,61,0.7485648989677429,0.7485648989677429,-7.594066119054332e-05,0.003579209093004465,0.7485648989677429,61,,,,,,,,,,,,,,,,,,,,,,,,,,,,,,,,,,,,,,,,,,,,,,,,,,,,,,,,,,,,,,,,,,,,,,,,,,,,,
,61,,,,,,61,0.7485648989677429,0.7485648989677429,-7.594066119054332e-05,0.003579209093004465,0.7485648989677429,,,,,,,,,,,,,,,,,,,,,,,,,,,,,,,,,,,,,,,,,,,,,,,,,,,,,,,,,,,,,,,,,,,,,,,,
0.0006580000000000001,62,,,,,,,,,,,,,,,,,,,,,,,,,,,,,,,,,,,,,,,,,,,,,,,,,,,,,,,,,,,,,,,,,,,,,,,,,,,,,,,,,,,
,62,0.8191494941711426,0.8191494941711426,-7.814405398676172e-05,0.004895497113466263,0.8191494941711426,62,,,,,,,,,,,,,,,,,,,,,,,,,,,,,,,,,,,,,,,,,,,,,,,,,,,,,,,,,,,,,,,,,,,,,,,,,,,,,
,62,,,,,,62,0.8191494941711426,0.8191494941711426,-7.814405398676172e-05,0.004895497113466263,0.8191494941711426,,,,,,,,,,,,,,,,,,,,,,,,,,,,,,,,,,,,,,,,,,,,,,,,,,,,,,,,,,,,,,,,,,,,,,,,
0.0006670000000000001,63,,,,,,,,,,,,,,,,,,,,,,,,,,,,,,,,,,,,,,,,,,,,,,,,,,,,,,,,,,,,,,,,,,,,,,,,,,,,,,,,,,,
,63,0.8064887523651123,0.8064887523651123,-8.068587339948863e-05,0.0036516867112368345,0.8064887523651123,63,,,,,,,,,,,,,,,,,,,,,,,,,,,,,,,,,,,,,,,,,,,,,,,,,,,,,,,,,,,,,,,,,,,,,,,,,,,,,
,63,,,,,,63,0.8064887523651123,0.8064887523651123,-8.068587339948863e-05,0.0036516867112368345,0.8064887523651123,,,,,,,,,,,,,,,,,,,,,,,,,,,,,,,,,,,,,,,,,,,,,,,,,,,,,,,,,,,,,,,,,,,,,,,,
0.0006760000000000001,64,,,,,,,,,,,,,,,,,,,,,,,,,,,,,,,,,,,,,,,,,,,,,,,,,,,,,,,,,,,,,,,,,,,,,,,,,,,,,,,,,,,
,64,0.895535409450531,0.895535409450531,-8.35492683108896e-05,0.005849712993949652,0.895535409450531,64,,,,,,,,,,,,,,,,,,,,,,,,,,,,,,,,,,,,,,,,,,,,,,,,,,,,,,,,,,,,,,,,,,,,,,,,,,,,,
,64,,,,,,64,0.895535409450531,0.895535409450531,-8.35492683108896e-05,0.005849712993949652,0.895535409450531,,,,,,,,,,,,,,,,,,,,,,,,,,,,,,,,,,,,,,,,,,,,,,,,,,,,,,,,,,,,,,,,,,,,,,,,
0.000685,65,,,,,,,,,,,,,,,,,,,,,,,,,,,,,,,,,,,,,,,,,,,,,,,,,,,,,,,,,,,,,,,,,,,,,,,,,,,,,,,,,,,
,65,0.9351374506950378,0.9351374506950378,-8.671866817167029e-05,0.004773339722305536,0.9351374506950378,65,,,,,,,,,,,,,,,,,,,,,,,,,,,,,,,,,,,,,,,,,,,,,,,,,,,,,,,,,,,,,,,,,,,,,,,,,,,,,
,65,,,,,,65,0.9351374506950378,0.9351374506950378,-8.671866817167029e-05,0.004773339722305536,0.9351374506950378,,,,,,,,,,,,,,,,,,,,,,,,,,,,,,,,,,,,,,,,,,,,,,,,,,,,,,,,,,,,,,,,,,,,,,,,
0.000694,66,,,,,,,,,,,,,,,,,,,,,,,,,,,,,,,,,,,,,,,,,,,,,,,,,,,,,,,,,,,,,,,,,,,,,,,,,,,,,,,,,,,
,66,1.075137972831726,1.075137972831726,-9.017971024150029e-05,0.004760630428791046,1.075137972831726,66,,,,,,,,,,,,,,,,,,,,,,,,,,,,,,,,,,,,,,,,,,,,,,,,,,,,,,,,,,,,,,,,,,,,,,,,,,,,,
,66,,,,,,66,1.075137972831726,1.075137972831726,-9.017971024150029e-05,0.004760630428791046,1.075137972831726,,,,,,,,,,,,,,,,,,,,,,,,,,,,,,,,,,,,,,,,,,,,,,,,,,,,,,,,,,,,,,,,,,,,,,,,
0.0007030000000000001,67,,,,,,,,,,,,,,,,,,,,,,,,,,,,,,,,,,,,,,,,,,,,,,,,,,,,,,,,,,,,,,,,,,,,,,,,,,,,,,,,,,,
,67,0.7244283556938171,0.7244283556938171,-9.280051745008677e-05,0.004484215751290321,0.7244283556938171,67,,,,,,,,,,,,,,,,,,,,,,,,,,,,,,,,,,,,,,,,,,,,,,,,,,,,,,,,,,,,,,,,,,,,,,,,,,,,,
,67,,,,,,67,0.7244283556938171,0.7244283556938171,-9.280051745008677e-05,0.004484215751290321,0.7244283556938171,,,,,,,,,,,,,,,,,,,,,,,,,,,,,,,,,,,,,,,,,,,,,,,,,,,,,,,,,,,,,,,,,,,,,,,,
0.000712,68,,,,,,,,,,,,,,,,,,,,,,,,,,,,,,,,,,,,,,,,,,,,,,,,,,,,,,,,,,,,,,,,,,,,,,,,,,,,,,,,,,,
,68,0.9664637446403503,0.9664637446403503,-9.577848686603829e-05,0.004491774365305901,0.9664637446403503,68,,,,,,,,,,,,,,,,,,,,,,,,,,,,,,,,,,,,,,,,,,,,,,,,,,,,,,,,,,,,,,,,,,,,,,,,,,,,,
,68,,,,,,68,0.9664637446403503,0.9664637446403503,-9.577848686603829e-05,0.004491774365305901,0.9664637446403503,,,,,,,,,,,,,,,,,,,,,,,,,,,,,,,,,,,,,,,,,,,,,,,,,,,,,,,,,,,,,,,,,,,,,,,,
0.000721,69,,,,,,,,,,,,,,,,,,,,,,,,,,,,,,,,,,,,,,,,,,,,,,,,,,,,,,,,,,,,,,,,,,,,,,,,,,,,,,,,,,,
,69,0.7307175397872925,0.7307175397872925,-9.909515938488767e-05,0.0037920523900538683,0.7307175397872925,69,,,,,,,,,,,,,,,,,,,,,,,,,,,,,,,,,,,,,,,,,,,,,,,,,,,,,,,,,,,,,,,,,,,,,,,,,,,,,
,69,,,,,,69,0.7307175397872925,0.7307175397872925,-9.909515938488767e-05,0.0037920523900538683,0.7307175397872925,,,,,,,,,,,,,,,,,,,,,,,,,,,,,,,,,,,,,,,,,,,,,,,,,,,,,,,,,,,,,,,,,,,,,,,,
0.00073,70,,,,,,,,,,,,,,,,,,,,,,,,,,,,,,,,,,,,,,,,,,,,,,,,,,,,,,,,,,,,,,,,,,,,,,,,,,,,,,,,,,,
,70,0.7466044425964355,0.7466044425964355,-0.00010273354564560577,0.006607691291719675,0.7466044425964355,70,,,,,,,,,,,,,,,,,,,,,,,,,,,,,,,,,,,,,,,,,,,,,,,,,,,,,,,,,,,,,,,,,,,,,,,,,,,,,
,70,,,,,,70,0.7466044425964355,0.7466044425964355,-0.00010273354564560577,0.006607691291719675,0.7466044425964355,,,,,,,,,,,,,,,,,,,,,,,,,,,,,,,,,,,,,,,,,,,,,,,,,,,,,,,,,,,,,,,,,,,,,,,,
0.000739,71,,,,,,,,,,,,,,,,,,,,,,,,,,,,,,,,,,,,,,,,,,,,,,,,,,,,,,,,,,,,,,,,,,,,,,,,,,,,,,,,,,,
,71,0.7776274681091309,0.7776274681091309,-0.00010667792957974598,0.005645531229674816,0.7776274681091309,71,,,,,,,,,,,,,,,,,,,,,,,,,,,,,,,,,,,,,,,,,,,,,,,,,,,,,,,,,,,,,,,,,,,,,,,,,,,,,
,71,,,,,,71,0.7776274681091309,0.7776274681091309,-0.00010667792957974598,0.005645531229674816,0.7776274681091309,,,,,,,,,,,,,,,,,,,,,,,,,,,,,,,,,,,,,,,,,,,,,,,,,,,,,,,,,,,,,,,,,,,,,,,,
0.000748,72,,,,,,,,,,,,,,,,,,,,,,,,,,,,,,,,,,,,,,,,,,,,,,,,,,,,,,,,,,,,,,,,,,,,,,,,,,,,,,,,,,,
,72,0.7954535484313965,0.7954535484313965,-0.00011091389023931697,0.007409026846289635,0.7954535484313965,72,,,,,,,,,,,,,,,,,,,,,,,,,,,,,,,,,,,,,,,,,,,,,,,,,,,,,,,,,,,,,,,,,,,,,,,,,,,,,
,72,,,,,,72,0.7954535484313965,0.7954535484313965,-0.00011091389023931697,0.007409026846289635,0.7954535484313965,,,,,,,,,,,,,,,,,,,,,,,,,,,,,,,,,,,,,,,,,,,,,,,,,,,,,,,,,,,,,,,,,,,,,,,,
0.000757,73,,,,,,,,,,,,,,,,,,,,,,,,,,,,,,,,,,,,,,,,,,,,,,,,,,,,,,,,,,,,,,,,,,,,,,,,,,,,,,,,,,,
,73,0.7952088117599487,0.7952088117599487,-0.00011542810534592718,0.003550660563632846,0.7952088117599487,73,,,,,,,,,,,,,,,,,,,,,,,,,,,,,,,,,,,,,,,,,,,,,,,,,,,,,,,,,,,,,,,,,,,,,,,,,,,,,
,73,,,,,,73,0.7952088117599487,0.7952088117599487,-0.00011542810534592718,0.003550660563632846,0.7952088117599487,,,,,,,,,,,,,,,,,,,,,,,,,,,,,,,,,,,,,,,,,,,,,,,,,,,,,,,,,,,,,,,,,,,,,,,,
0.0007660000000000001,74,,,,,,,,,,,,,,,,,,,,,,,,,,,,,,,,,,,,,,,,,,,,,,,,,,,,,,,,,,,,,,,,,,,,,,,,,,,,,,,,,,,
,74,1.062220811843872,1.062220811843872,-0.00012020834401482716,0.004524807911366224,1.062220811843872,74,,,,,,,,,,,,,,,,,,,,,,,,,,,,,,,,,,,,,,,,,,,,,,,,,,,,,,,,,,,,,,,,,,,,,,,,,,,,,
,74,,,,,,74,1.062220811843872,1.062220811843872,-0.00012020834401482716,0.004524807911366224,1.062220811843872,,,,,,,,,,,,,,,,,,,,,,,,,,,,,,,,,,,,,,,,,,,,,,,,,,,,,,,,,,,,,,,,,,,,,,,,
0.0007750000000000001,75,,,,,,,,,,,,,,,,,,,,,,,,,,,,,,,,,,,,,,,,,,,,,,,,,,,,,,,,,,,,,,,,,,,,,,,,,,,,,,,,,,,
,75,1.1920078992843628,1.1920078992843628,-0.00012394030636642128,0.011854072101414204,1.1920078992843628,75,,,,,,,,,,,,,,,,,,,,,,,,,,,,,,,,,,,,,,,,,,,,,,,,,,,,,,,,,,,,,,,,,,,,,,,,,,,,,
,75,,,,,,75,1.1920078992843628,1.1920078992843628,-0.00012394030636642128,0.011854072101414204,1.1920078992843628,,,,,,,,,,,,,,,,,,,,,,,,,,,,,,,,,,,,,,,,,,,,,,,,,,,,,,,,,,,,,,,,,,,,,,,,
0.0007840000000000001,76,,,,,,,,,,,,,,,,,,,,,,,,,,,,,,,,,,,,,,,,,,,,,,,,,,,,,,,,,,,,,,,,,,,,,,,,,,,,,,,,,,,
,76,0.8606982231140137,0.8606982231140137,-0.00012669837451539934,0.0036515758838504553,0.8606982231140137,76,,,,,,,,,,,,,,,,,,,,,,,,,,,,,,,,,,,,,,,,,,,,,,,,,,,,,,,,,,,,,,,,,,,,,,,,,,,,,
,76,,,,,,76,0.8606982231140137,0.8606982231140137,-0.00012669837451539934,0.0036515758838504553,0.8606982231140137,,,,,,,,,,,,,,,,,,,,,,,,,,,,,,,,,,,,,,,,,,,,,,,,,,,,,,,,,,,,,,,,,,,,,,,,
0.000793,77,,,,,,,,,,,,,,,,,,,,,,,,,,,,,,,,,,,,,,,,,,,,,,,,,,,,,,,,,,,,,,,,,,,,,,,,,,,,,,,,,,,
,77,0.8457967638969421,0.8457967638969421,-0.00012990165851078928,0.007589855697005987,0.8457967638969421,77,,,,,,,,,,,,,,,,,,,,,,,,,,,,,,,,,,,,,,,,,,,,,,,,,,,,,,,,,,,,,,,,,,,,,,,,,,,,,
,77,,,,,,77,0.8457967638969421,0.8457967638969421,-0.00012990165851078928,0.007589855697005987,0.8457967638969421,,,,,,,,,,,,,,,,,,,,,,,,,,,,,,,,,,,,,,,,,,,,,,,,,,,,,,,,,,,,,,,,,,,,,,,,
0.0008020000000000001,78,,,,,,,,,,,,,,,,,,,,,,,,,,,,,,,,,,,,,,,,,,,,,,,,,,,,,,,,,,,,,,,,,,,,,,,,,,,,,,,,,,,
,78,0.6814877390861511,0.6814877390861511,-0.0001335244014626369,0.003513335483148694,0.6814877390861511,78,,,,,,,,,,,,,,,,,,,,,,,,,,,,,,,,,,,,,,,,,,,,,,,,,,,,,,,,,,,,,,,,,,,,,,,,,,,,,
,78,,,,,,78,0.6814877390861511,0.6814877390861511,-0.0001335244014626369,0.003513335483148694,0.6814877390861511,,,,,,,,,,,,,,,,,,,,,,,,,,,,,,,,,,,,,,,,,,,,,,,,,,,,,,,,,,,,,,,,,,,,,,,,
0.0008110000000000001,79,,,,,,,,,,,,,,,,,,,,,,,,,,,,,,,,,,,,,,,,,,,,,,,,,,,,,,,,,,,,,,,,,,,,,,,,,,,,,,,,,,,
,79,0.9805988669395447,0.9805988669395447,-0.00013754288374911994,0.005047106184065342,0.9805988669395447,79,,,,,,,,,,,,,,,,,,,,,,,,,,,,,,,,,,,,,,,,,,,,,,,,,,,,,,,,,,,,,,,,,,,,,,,,,,,,,
,79,,,,,,79,0.9805988669395447,0.9805988669395447,-0.00013754288374911994,0.005047106184065342,0.9805988669395447,,,,,,,,,,,,,,,,,,,,,,,,,,,,,,,,,,,,,,,,,,,,,,,,,,,,,,,,,,,,,,,,,,,,,,,,
0.00082,80,,,,,,,,,,,,,,,,,,,,,,,,,,,,,,,,,,,,,,,,,,,,,,,,,,,,,,,,,,,,,,,,,,,,,,,,,,,,,,,,,,,
,80,0.7366796731948853,0.735390841960907,-0.00014193526294548064,0.0035320280585438013,0.735390841960907,80,,,,,,,,,,,,,,,,,,,,,,,,,,,,,,,,,,,,,,,,,,,,,,,,,,,,,,,,,,,,,,,,,,,,,,,,,,,,,
,80,,,,,,80,0.7366796731948853,0.735390841960907,-0.00014193526294548064,0.0035320280585438013,0.735390841960907,,,,,,,,,,,,,,,,,,,,,,,,,,,,,,,,,,,,,,,,,,,,,,,,,,,,,,,,,,,,,,,,,,,,,,,,
0.0008290000000000001,81,,,,,,,,,,,,,,,,,,,,,,,,,,,,,,,,,,,,,,,,,,,,,,,,,,,,,,,,,,,,,,,,,,,,,,,,,,,,,,,,,,,
,81,1.1802078485488892,1.1802078485488892,-0.00014661261229775846,0.007421974558383226,1.1802078485488892,81,,,,,,,,,,,,,,,,,,,,,,,,,,,,,,,,,,,,,,,,,,,,,,,,,,,,,,,,,,,,,,,,,,,,,,,,,,,,,
,81,,,,,,81,1.1802078485488892,1.1802078485488892,-0.00014661261229775846,0.007421974558383226,1.1802078485488892,,,,,,,,,,,,,,,,,,,,,,,,,,,,,,,,,,,,,,,,,,,,,,,,,,,,,,,,,,,,,,,,,,,,,,,,
0.000838,82,,,,,,,,,,,,,,,,,,,,,,,,,,,,,,,,,,,,,,,,,,,,,,,,,,,,,,,,,,,,,,,,,,,,,,,,,,,,,,,,,,,
,82,0.7995116710662842,0.7995116710662842,-0.00015015956887509674,0.005816275719553232,0.7995116710662842,82,,,,,,,,,,,,,,,,,,,,,,,,,,,,,,,,,,,,,,,,,,,,,,,,,,,,,,,,,,,,,,,,,,,,,,,,,,,,,
,82,,,,,,82,0.7995116710662842,0.7995116710662842,-0.00015015956887509674,0.005816275719553232,0.7995116710662842,,,,,,,,,,,,,,,,,,,,,,,,,,,,,,,,,,,,,,,,,,,,,,,,,,,,,,,,,,,,,,,,,,,,,,,,
0.000847,83,,,,,,,,,,,,,,,,,,,,,,,,,,,,,,,,,,,,,,,,,,,,,,,,,,,,,,,,,,,,,,,,,,,,,,,,,,,,,,,,,,,
,83,1.2342957258224487,1.2342957258224487,-0.0001541549281682819,0.005834209267050028,1.2342957258224487,83,,,,,,,,,,,,,,,,,,,,,,,,,,,,,,,,,,,,,,,,,,,,,,,,,,,,,,,,,,,,,,,,,,,,,,,,,,,,,
,83,,,,,,83,1.2342957258224487,1.2342957258224487,-0.0001541549281682819,0.005834209267050028,1.2342957258224487,,,,,,,,,,,,,,,,,,,,,,,,,,,,,,,,,,,,,,,,,,,,,,,,,,,,,,,,,,,,,,,,,,,,,,,,
0.0008560000000000001,84,,,,,,,,,,,,,,,,,,,,,,,,,,,,,,,,,,,,,,,,,,,,,,,,,,,,,,,,,,,,,,,,,,,,,,,,,,,,,,,,,,,
,84,1.0644301176071167,1.0644301176071167,-0.00015705135592725128,0.011889136396348476,1.0644301176071167,84,,,,,,,,,,,,,,,,,,,,,,,,,,,,,,,,,,,,,,,,,,,,,,,,,,,,,,,,,,,,,,,,,,,,,,,,,,,,,
,84,,,,,,84,1.0644301176071167,1.0644301176071167,-0.00015705135592725128,0.011889136396348476,1.0644301176071167,,,,,,,,,,,,,,,,,,,,,,,,,,,,,,,,,,,,,,,,,,,,,,,,,,,,,,,,,,,,,,,,,,,,,,,,
0.000865,85,,,,,,,,,,,,,,,,,,,,,,,,,,,,,,,,,,,,,,,,,,,,,,,,,,,,,,,,,,,,,,,,,,,,,,,,,,,,,,,,,,,
,85,1.305938959121704,1.305938959121704,-0.00015892897499725223,0.042804840952157974,1.305938959121704,85,,,,,,,,,,,,,,,,,,,,,,,,,,,,,,,,,,,,,,,,,,,,,,,,,,,,,,,,,,,,,,,,,,,,,,,,,,,,,
,85,,,,,,85,1.305938959121704,1.305938959121704,-0.00015892897499725223,0.042804840952157974,1.305938959121704,,,,,,,,,,,,,,,,,,,,,,,,,,,,,,,,,,,,,,,,,,,,,,,,,,,,,,,,,,,,,,,,,,,,,,,,
0.000874,86,,,,,,,,,,,,,,,,,,,,,,,,,,,,,,,,,,,,,,,,,,,,,,,,,,,,,,,,,,,,,,,,,,,,,,,,,,,,,,,,,,,
,86,0.7856056094169617,0.7856056094169617,-0.00015986135986167938,0.00601433077827096,0.7856056094169617,86,,,,,,,,,,,,,,,,,,,,,,,,,,,,,,,,,,,,,,,,,,,,,,,,,,,,,,,,,,,,,,,,,,,,,,,,,,,,,
,86,,,,,,86,0.7856056094169617,0.7856056094169617,-0.00015986135986167938,0.00601433077827096,0.7856056094169617,,,,,,,,,,,,,,,,,,,,,,,,,,,,,,,,,,,,,,,,,,,,,,,,,,,,,,,,,,,,,,,,,,,,,,,,
0.0008829999999999999,87,,,,,,,,,,,,,,,,,,,,,,,,,,,,,,,,,,,,,,,,,,,,,,,,,,,,,,,,,,,,,,,,,,,,,,,,,,,,,,,,,,,
,87,0.8202223181724548,0.8202223181724548,-0.00016151228919625282,0.007031822111457586,0.8202223181724548,87,,,,,,,,,,,,,,,,,,,,,,,,,,,,,,,,,,,,,,,,,,,,,,,,,,,,,,,,,,,,,,,,,,,,,,,,,,,,,
,87,,,,,,87,0.8202223181724548,0.8202223181724548,-0.00016151228919625282,0.007031822111457586,0.8202223181724548,,,,,,,,,,,,,,,,,,,,,,,,,,,,,,,,,,,,,,,,,,,,,,,,,,,,,,,,,,,,,,,,,,,,,,,,
0.000892,88,,,,,,,,,,,,,,,,,,,,,,,,,,,,,,,,,,,,,,,,,,,,,,,,,,,,,,,,,,,,,,,,,,,,,,,,,,,,,,,,,,,
,88,1.1661393642425537,1.1663814783096313,-0.00016383297042921185,0.00585049856454134,1.1663814783096313,88,,,,,,,,,,,,,,,,,,,,,,,,,,,,,,,,,,,,,,,,,,,,,,,,,,,,,,,,,,,,,,,,,,,,,,,,,,,,,
,88,,,,,,88,1.1661393642425537,1.1663814783096313,-0.00016383297042921185,0.00585049856454134,1.1663814783096313,,,,,,,,,,,,,,,,,,,,,,,,,,,,,,,,,,,,,,,,,,,,,,,,,,,,,,,,,,,,,,,,,,,,,,,,
0.000901,89,,,,,,,,,,,,,,,,,,,,,,,,,,,,,,,,,,,,,,,,,,,,,,,,,,,,,,,,,,,,,,,,,,,,,,,,,,,,,,,,,,,
,89,1.1088353395462036,1.1088353395462036,-0.00016578900977037847,0.005451627541333437,1.1088353395462036,89,,,,,,,,,,,,,,,,,,,,,,,,,,,,,,,,,,,,,,,,,,,,,,,,,,,,,,,,,,,,,,,,,,,,,,,,,,,,,
,89,,,,,,89,1.1088353395462036,1.1088353395462036,-0.00016578900977037847,0.005451627541333437,1.1088353395462036,,,,,,,,,,,,,,,,,,,,,,,,,,,,,,,,,,,,,,,,,,,,,,,,,,,,,,,,,,,,,,,,,,,,,,,,
0.00091,90,,,,,,,,,,,,,,,,,,,,,,,,,,,,,,,,,,,,,,,,,,,,,,,,,,,,,,,,,,,,,,,,,,,,,,,,,,,,,,,,,,,
,90,1.2857205867767334,1.2857205867767334,-0.00016674130165483803,0.014621389098465443,1.2857205867767334,90,,,,,,,,,,,,,,,,,,,,,,,,,,,,,,,,,,,,,,,,,,,,,,,,,,,,,,,,,,,,,,,,,,,,,,,,,,,,,
,90,,,,,,90,1.2857205867767334,1.2857205867767334,-0.00016674130165483803,0.014621389098465443,1.2857205867767334,,,,,,,,,,,,,,,,,,,,,,,,,,,,,,,,,,,,,,,,,,,,,,,,,,,,,,,,,,,,,,,,,,,,,,,,
0.0009190000000000001,91,,,,,,,,,,,,,,,,,,,,,,,,,,,,,,,,,,,,,,,,,,,,,,,,,,,,,,,,,,,,,,,,,,,,,,,,,,,,,,,,,,,
,91,2.138442039489746,2.138442039489746,-0.000166762838489376,0.010820271447300911,2.138442039489746,91,,,,,,,,,,,,,,,,,,,,,,,,,,,,,,,,,,,,,,,,,,,,,,,,,,,,,,,,,,,,,,,,,,,,,,,,,,,,,
,91,,,,,,91,2.138442039489746,2.138442039489746,-0.000166762838489376,0.010820271447300911,2.138442039489746,,,,,,,,,,,,,,,,,,,,,,,,,,,,,,,,,,,,,,,,,,,,,,,,,,,,,,,,,,,,,,,,,,,,,,,,
0.000928,92,,,,,,,,,,,,,,,,,,,,,,,,,,,,,,,,,,,,,,,,,,,,,,,,,,,,,,,,,,,,,,,,,,,,,,,,,,,,,,,,,,,
,92,0.9302622675895691,0.9302622675895691,-0.00016592052998021245,0.008331362158060074,0.9302622675895691,92,,,,,,,,,,,,,,,,,,,,,,,,,,,,,,,,,,,,,,,,,,,,,,,,,,,,,,,,,,,,,,,,,,,,,,,,,,,,,
,92,,,,,,92,0.9302622675895691,0.9302622675895691,-0.00016592052998021245,0.008331362158060074,0.9302622675895691,,,,,,,,,,,,,,,,,,,,,,,,,,,,,,,,,,,,,,,,,,,,,,,,,,,,,,,,,,,,,,,,,,,,,,,,
0.0009370000000000001,93,,,,,,,,,,,,,,,,,,,,,,,,,,,,,,,,,,,,,,,,,,,,,,,,,,,,,,,,,,,,,,,,,,,,,,,,,,,,,,,,,,,
,93,1.2073924541473389,1.2073924541473389,-0.00016602531832177192,0.008018480613827705,1.2073924541473389,93,,,,,,,,,,,,,,,,,,,,,,,,,,,,,,,,,,,,,,,,,,,,,,,,,,,,,,,,,,,,,,,,,,,,,,,,,,,,,
,93,,,,,,93,1.2073924541473389,1.2073924541473389,-0.00016602531832177192,0.008018480613827705,1.2073924541473389,,,,,,,,,,,,,,,,,,,,,,,,,,,,,,,,,,,,,,,,,,,,,,,,,,,,,,,,,,,,,,,,,,,,,,,,
0.0009460000000000001,94,,,,,,,,,,,,,,,,,,,,,,,,,,,,,,,,,,,,,,,,,,,,,,,,,,,,,,,,,,,,,,,,,,,,,,,,,,,,,,,,,,,
,94,1.7394031286239624,1.7394031286239624,-0.00016523314116057009,0.008333645761013031,1.7394031286239624,94,,,,,,,,,,,,,,,,,,,,,,,,,,,,,,,,,,,,,,,,,,,,,,,,,,,,,,,,,,,,,,,,,,,,,,,,,,,,,
,94,,,,,,94,1.7394031286239624,1.7394031286239624,-0.00016523314116057009,0.008333645761013031,1.7394031286239624,,,,,,,,,,,,,,,,,,,,,,,,,,,,,,,,,,,,,,,,,,,,,,,,,,,,,,,,,,,,,,,,,,,,,,,,
0.000955,95,,,,,,,,,,,,,,,,,,,,,,,,,,,,,,,,,,,,,,,,,,,,,,,,,,,,,,,,,,,,,,,,,,,,,,,,,,,,,,,,,,,
,95,1.0016839504241943,1.0016839504241943,-0.00016360839072149247,0.008199788630008698,1.0016839504241943,95,,,,,,,,,,,,,,,,,,,,,,,,,,,,,,,,,,,,,,,,,,,,,,,,,,,,,,,,,,,,,,,,,,,,,,,,,,,,,
,95,,,,,,95,1.0016839504241943,1.0016839504241943,-0.00016360839072149247,0.008199788630008698,1.0016839504241943,,,,,,,,,,,,,,,,,,,,,,,,,,,,,,,,,,,,,,,,,,,,,,,,,,,,,,,,,,,,,,,,,,,,,,,,
0.0009640000000000001,96,,,,,,,,,,,,,,,,,,,,,,,,,,,,,,,,,,,,,,,,,,,,,,,,,,,,,,,,,,,,,,,,,,,,,,,,,,,,,,,,,,,
,96,1.9269746541976929,1.9269746541976929,-0.00016121051157824695,0.039732951670885086,1.9269746541976929,96,,,,,,,,,,,,,,,,,,,,,,,,,,,,,,,,,,,,,,,,,,,,,,,,,,,,,,,,,,,,,,,,,,,,,,,,,,,,,
,96,,,,,,96,1.9269746541976929,1.9269746541976929,-0.00016121051157824695,0.039732951670885086,1.9269746541976929,,,,,,,,,,,,,,,,,,,,,,,,,,,,,,,,,,,,,,,,,,,,,,,,,,,,,,,,,,,,,,,,,,,,,,,,
0.000973,97,,,,,,,,,,,,,,,,,,,,,,,,,,,,,,,,,,,,,,,,,,,,,,,,,,,,,,,,,,,,,,,,,,,,,,,,,,,,,,,,,,,
,97,1.099446415901184,1.099446415901184,-0.000158092996571213,0.009402191266417503,1.099446415901184,97,,,,,,,,,,,,,,,,,,,,,,,,,,,,,,,,,,,,,,,,,,,,,,,,,,,,,,,,,,,,,,,,,,,,,,,,,,,,,
,97,,,,,,97,1.099446415901184,1.099446415901184,-0.000158092996571213,0.009402191266417503,1.099446415901184,,,,,,,,,,,,,,,,,,,,,,,,,,,,,,,,,,,,,,,,,,,,,,,,,,,,,,,,,,,,,,,,,,,,,,,,
0.000982,98,,,,,,,,,,,,,,,,,,,,,,,,,,,,,,,,,,,,,,,,,,,,,,,,,,,,,,,,,,,,,,,,,,,,,,,,,,,,,,,,,,,
,98,1.181575894355774,1.181575894355774,-0.00015430529310833663,0.005130143370479345,1.181575894355774,98,,,,,,,,,,,,,,,,,,,,,,,,,,,,,,,,,,,,,,,,,,,,,,,,,,,,,,,,,,,,,,,,,,,,,,,,,,,,,
,98,,,,,,98,1.181575894355774,1.181575894355774,-0.00015430529310833663,0.005130143370479345,1.181575894355774,,,,,,,,,,,,,,,,,,,,,,,,,,,,,,,,,,,,,,,,,,,,,,,,,,,,,,,,,,,,,,,,,,,,,,,,
0.0009910000000000001,99,,,,,,,,,,,,,,,,,,,,,,,,,,,,,,,,,,,,,,,,,,,,,,,,,,,,,,,,,,,,,,,,,,,,,,,,,,,,,,,,,,,
,99,0.9587735533714294,0.9587735533714294,-0.00014989270130172372,0.0040665119886398315,0.9587735533714294,99,,,,,,,,,,,,,,,,,,,,,,,,,,,,,,,,,,,,,,,,,,,,,,,,,,,,,,,,,,,,,,,,,,,,,,,,,,,,,
,99,,,,,,99,,,,,,1.263175129890442,1.263641357421875,-0.0001468306581955403,0.00849100761115551,1.263641357421875,0.7288214564323425,0.7288214564323425,-0.0001468306581955403,0.00309363123960793,0.7288214564323425,-0.059546325355768204,0.12835896015167236,0.23519854247570038,0.17170335352420807,0.09533317387104034,0.04644744470715523,0.027367543429136276,0.015480591915547848,0.0009458501008339226,0.059546325355768204,0.6792295575141907,0.3029929995536804,0.1416040062904358,0.08942202478647232,0.06074342876672745,0.016597503796219826,0.21509824693202972,0.18685506284236908,0.12211322039365768,0.06465059518814087,0.03794100508093834,0.02035236917436123,0.0010020040208473802,0.07215237617492676,27.502521514892578,12.814122200012207,9.985161781311035,11.561665534973145,18.540340423583984,571.0783081054688,108.58035278320312,-0.05123089626431465,0.13405545055866241,0.24117164313793182,0.16347232460975647,0.08144305646419525,0.03555857390165329,0.018190598115324974,0.008258928544819355,0.0004618937673512846,0.05123089626431465,0.6495065689086914,0.26321274042129517,0.11242391914129257,0.061613958328962326,0.0335448794066906,0.008298751898109913,0.18810012936592102,0.17928816378116608,0.10549291968345642,0.04943713918328285,0.025161433964967728,0.010837727226316929,0.0004888780531473458,0.061784375458955765,27.315738677978516,12.957350730895996,10.763657569885254,12.480629920959473,19.93999481201172,599.7544555664062,113.86863708496094
,99,,,,,,99,0.9587735533714294,0.9587735533714294,-0.00014989270130172372,0.0040665119886398315,0.9587735533714294,,,,,,,,,,,,,,,,,,,,,,,,,,,,,,,,,,,,,,,,,,,,,,,,,,,,,,,,,,,,,,,,,,,,,,,,
0.001,100,,,,,,,,,,,,,,,,,,,,,,,,,,,,,,,,,,,,,,,,,,,,,,,,,,,,,,,,,,,,,,,,,,,,,,,,,,,,,,,,,,,
,100,1.1679149866104126,1.1679149866104126,-0.0001468306581955403,0.004963985178619623,1.1679149866104126,100,,,,,,,,,,,,,,,,,,,,,,,,,,,,,,,,,,,,,,,,,,,,,,,,,,,,,,,,,,,,,,,,,,,,,,,,,,,,,
,100,,,,,,100,1.1679149866104126,1.1679149866104126,-0.0001468306581955403,0.004963985178619623,1.1679149866104126,,,,,,,,,,,,,,,,,,,,,,,,,,,,,,,,,,,,,,,,,,,,,,,,,,,,,,,,,,,,,,,,,,,,,,,,
0.0009999969568750663,101,,,,,,,,,,,,,,,,,,,,,,,,,,,,,,,,,,,,,,,,,,,,,,,,,,,,,,,,,,,,,,,,,,,,,,,,,,,,,,,,,,,
,101,1.456599235534668,1.456599235534668,-0.00014305469812825322,0.009251638315618038,1.456599235534668,101,,,,,,,,,,,,,,,,,,,,,,,,,,,,,,,,,,,,,,,,,,,,,,,,,,,,,,,,,,,,,,,,,,,,,,,,,,,,,
,101,,,,,,101,1.456599235534668,1.456599235534668,-0.00014305469812825322,0.009251638315618038,1.456599235534668,,,,,,,,,,,,,,,,,,,,,,,,,,,,,,,,,,,,,,,,,,,,,,,,,,,,,,,,,,,,,,,,,,,,,,,,
0.0009999878275373448,102,,,,,,,,,,,,,,,,,,,,,,,,,,,,,,,,,,,,,,,,,,,,,,,,,,,,,,,,,,,,,,,,,,,,,,,,,,,,,,,,,,,
,102,1.4614932537078857,1.4614932537078857,-0.00013865361688658595,0.012158253230154514,1.4614932537078857,102,,,,,,,,,,,,,,,,,,,,,,,,,,,,,,,,,,,,,,,,,,,,,,,,,,,,,,,,,,,,,,,,,,,,,,,,,,,,,
,102,,,,,,102,1.4614932537078857,1.4614932537078857,-0.00013865361688658595,0.012158253230154514,1.4614932537078857,,,,,,,,,,,,,,,,,,,,,,,,,,,,,,,,,,,,,,,,,,,,,,,,,,,,,,,,,,,,,,,,,,,,,,,,
0.0009999726120980736,103,,,,,,,,,,,,,,,,,,,,,,,,,,,,,,,,,,,,,,,,,,,,,,,,,,,,,,,,,,,,,,,,,,,,,,,,,,,,,,,,,,,
,103,1.2686901092529297,1.2705273628234863,-0.00013368268264457583,0.006583856418728828,1.2705273628234863,103,,,,,,,,,,,,,,,,,,,,,,,,,,,,,,,,,,,,,,,,,,,,,,,,,,,,,,,,,,,,,,,,,,,,,,,,,,,,,
,103,,,,,,103,1.2686901092529297,1.2705273628234863,-0.00013368268264457583,0.006583856418728828,1.2705273628234863,,,,,,,,,,,,,,,,,,,,,,,,,,,,,,,,,,,,,,,,,,,,,,,,,,,,,,,,,,,,,,,,,,,,,,,,
0.0009999513107426478,104,,,,,,,,,,,,,,,,,,,,,,,,,,,,,,,,,,,,,,,,,,,,,,,,,,,,,,,,,,,,,,,,,,,,,,,,,,,,,,,,,,,
,104,1.5979382991790771,1.6000198125839233,-0.00012899254215881228,0.006904992274940014,1.6000198125839233,104,,,,,,,,,,,,,,,,,,,,,,,,,,,,,,,,,,,,,,,,,,,,,,,,,,,,,,,,,,,,,,,,,,,,,,,,,,,,,
,104,,,,,,104,1.5979382991790771,1.6000198125839233,-0.00012899254215881228,0.006904992274940014,1.6000198125839233,,,,,,,,,,,,,,,,,,,,,,,,,,,,,,,,,,,,,,,,,,,,,,,,,,,,,,,,,,,,,,,,,,,,,,,,
0.0009999239237306178,105,,,,,,,,,,,,,,,,,,,,,,,,,,,,,,,,,,,,,,,,,,,,,,,,,,,,,,,,,,,,,,,,,,,,,,,,,,,,,,,,,,,
,105,1.0942599773406982,1.0942599773406982,-0.00012430045171640813,0.004986696410924196,1.0942599773406982,105,,,,,,,,,,,,,,,,,,,,,,,,,,,,,,,,,,,,,,,,,,,,,,,,,,,,,,,,,,,,,,,,,,,,,,,,,,,,,
,105,,,,,,105,1.0942599773406982,1.0942599773406982,-0.00012430045171640813,0.004986696410924196,1.0942599773406982,,,,,,,,,,,,,,,,,,,,,,,,,,,,,,,,,,,,,,,,,,,,,,,,,,,,,,,,,,,,,,,,,,,,,,,,
0.0009998904513956856,106,,,,,,,,,,,,,,,,,,,,,,,,,,,,,,,,,,,,,,,,,,,,,,,,,,,,,,,,,,,,,,,,,,,,,,,,,,,,,,,,,,,
,106,2.0140039920806885,2.0140039920806885,-0.00011905343126272783,0.038169629871845245,2.0140039920806885,106,,,,,,,,,,,,,,,,,,,,,,,,,,,,,,,,,,,,,,,,,,,,,,,,,,,,,,,,,,,,,,,,,,,,,,,,,,,,,
,106,,,,,,106,2.0140039920806885,2.0140039920806885,-0.00011905343126272783,0.038169629871845245,2.0140039920806885,,,,,,,,,,,,,,,,,,,,,,,,,,,,,,,,,,,,,,,,,,,,,,,,,,,,,,,,,,,,,,,,,,,,,,,,
0.0009998508941457013,107,,,,,,,,,,,,,,,,,,,,,,,,,,,,,,,,,,,,,,,,,,,,,,,,,,,,,,,,,,,,,,,,,,,,,,,,,,,,,,,,,,,
,107,1.2278509140014648,1.2278509140014648,-0.00011330028064548969,0.006902756169438362,1.2278509140014648,107,,,,,,,,,,,,,,,,,,,,,,,,,,,,,,,,,,,,,,,,,,,,,,,,,,,,,,,,,,,,,,,,,,,,,,,,,,,,,
,107,,,,,,107,1.2278509140014648,1.2278509140014648,-0.00011330028064548969,0.006902756169438362,1.2278509140014648,,,,,,,,,,,,,,,,,,,,,,,,,,,,,,,,,,,,,,,,,,,,,,,,,,,,,,,,,,,,,,,,,,,,,,,,
0.0009998052524626572,108,,,,,,,,,,,,,,,,,,,,,,,,,,,,,,,,,,,,,,,,,,,,,,,,,,,,,,,,,,,,,,,,,,,,,,,,,,,,,,,,,,,
,108,1.055053949356079,1.055053949356079,-0.00010708526679081842,0.008327492512762547,1.055053949356079,108,,,,,,,,,,,,,,,,,,,,,,,,,,,,,,,,,,,,,,,,,,,,,,,,,,,,,,,,,,,,,,,,,,,,,,,,,,,,,
,108,,,,,,108,1.055053949356079,1.055053949356079,-0.00010708526679081842,0.008327492512762547,1.055053949356079,,,,,,,,,,,,,,,,,,,,,,,,,,,,,,,,,,,,,,,,,,,,,,,,,,,,,,,,,,,,,,,,,,,,,,,,
0.000999753526902683,109,,,,,,,,,,,,,,,,,,,,,,,,,,,,,,,,,,,,,,,,,,,,,,,,,,,,,,,,,,,,,,,,,,,,,,,,,,,,,,,,,,,
,109,0.9578137397766113,0.9578137397766113,-0.00010044845112133771,0.008310267701745033,0.9578137397766113,109,,,,,,,,,,,,,,,,,,,,,,,,,,,,,,,,,,,,,,,,,,,,,,,,,,,,,,,,,,,,,,,,,,,,,,,,,,,,,
,109,,,,,,109,0.9578137397766113,0.9578137397766113,-0.00010044845112133771,0.008310267701745033,0.9578137397766113,,,,,,,,,,,,,,,,,,,,,,,,,,,,,,,,,,,,,,,,,,,,,,,,,,,,,,,,,,,,,,,,,,,,,,,,
0.0009996957180960385,110,,,,,,,,,,,,,,,,,,,,,,,,,,,,,,,,,,,,,,,,,,,,,,,,,,,,,,,,,,,,,,,,,,,,,,,,,,,,,,,,,,,
,110,2.3232083320617676,2.3232083320617676,-9.546733781462535e-05,0.013455239124596119,2.3232083320617676,110,,,,,,,,,,,,,,,,,,,,,,,,,,,,,,,,,,,,,,,,,,,,,,,,,,,,,,,,,,,,,,,,,,,,,,,,,,,,,
,110,,,,,,110,2.3232083320617676,2.3232083320617676,-9.546733781462535e-05,0.013455239124596119,2.3232083320617676,,,,,,,,,,,,,,,,,,,,,,,,,,,,,,,,,,,,,,,,,,,,,,,,,,,,,,,,,,,,,,,,,,,,,,,,
0.0009996318267471052,111,,,,,,,,,,,,,,,,,,,,,,,,,,,,,,,,,,,,,,,,,,,,,,,,,,,,,,,,,,,,,,,,,,,,,,,,,,,,,,,,,,,
,111,1.3665488958358765,1.3665488958358765,-8.993814117275178e-05,0.005920772440731525,1.3665488958358765,111,,,,,,,,,,,,,,,,,,,,,,,,,,,,,,,,,,,,,,,,,,,,,,,,,,,,,,,,,,,,,,,,,,,,,,,,,,,,,
,111,,,,,,111,1.3665488958358765,1.3665488958358765,-8.993814117275178e-05,0.005920772440731525,1.3665488958358765,,,,,,,,,,,,,,,,,,,,,,,,,,,,,,,,,,,,,,,,,,,,,,,,,,,,,,,,,,,,,,,,,,,,,,,,
0.0009995618536343797,112,,,,,,,,,,,,,,,,,,,,,,,,,,,,,,,,,,,,,,,,,,,,,,,,,,,,,,,,,,,,,,,,,,,,,,,,,,,,,,,,,,,
,112,1.5093587636947632,1.5114325284957886,-8.390929724555463e-05,0.0070761265233159065,1.5114325284957886,112,,,,,,,,,,,,,,,,,,,,,,,,,,,,,,,,,,,,,,,,,,,,,,,,,,,,,,,,,,,,,,,,,,,,,,,,,,,,,
,112,,,,,,112,1.5093587636947632,1.5114325284957886,-8.390929724555463e-05,0.0070761265233159065,1.5114325284957886,,,,,,,,,,,,,,,,,,,,,,,,,,,,,,,,,,,,,,,,,,,,,,,,,,,,,,,,,,,,,,,,,,,,,,,,
0.0009994857996104619,113,,,,,,,,,,,,,,,,,,,,,,,,,,,,,,,,,,,,,,,,,,,,,,,,,,,,,,,,,,,,,,,,,,,,,,,,,,,,,,,,,,,
,113,1.4809211492538452,1.4809211492538452,-7.798186561558396e-05,0.008503398858010769,1.4809211492538452,113,,,,,,,,,,,,,,,,,,,,,,,,,,,,,,,,,,,,,,,,,,,,,,,,,,,,,,,,,,,,,,,,,,,,,,,,,,,,,
,113,,,,,,113,1.4809211492538452,1.4809211492538452,-7.798186561558396e-05,0.008503398858010769,1.4809211492538452,,,,,,,,,,,,,,,,,,,,,,,,,,,,,,,,,,,,,,,,,,,,,,,,,,,,,,,,,,,,,,,,,,,,,,,,
0.0009994036656020462,114,,,,,,,,,,,,,,,,,,,,,,,,,,,,,,,,,,,,,,,,,,,,,,,,,,,,,,,,,,,,,,,,,,,,,,,,,,,,,,,,,,,
,114,1.1404972076416016,1.1404972076416016,-7.158496009651572e-05,0.009020193479955196,1.1404972076416016,114,,,,,,,,,,,,,,,,,,,,,,,,,,,,,,,,,,,,,,,,,,,,,,,,,,,,,,,,,,,,,,,,,,,,,,,,,,,,,
,114,,,,,,114,1.1404972076416016,1.1404972076416016,-7.158496009651572e-05,0.009020193479955196,1.1404972076416016,,,,,,,,,,,,,,,,,,,,,,,,,,,,,,,,,,,,,,,,,,,,,,,,,,,,,,,,,,,,,,,,,,,,,,,,
0.0009993154526099094,115,,,,,,,,,,,,,,,,,,,,,,,,,,,,,,,,,,,,,,,,,,,,,,,,,,,,,,,,,,,,,,,,,,,,,,,,,,,,,,,,,,,
,115,1.6070733070373535,1.6070733070373535,-6.47596170892939e-05,0.01416811440140009,1.6070733070373535,115,,,,,,,,,,,,,,,,,,,,,,,,,,,,,,,,,,,,,,,,,,,,,,,,,,,,,,,,,,,,,,,,,,,,,,,,,,,,,
,115,,,,,,115,1.6070733070373535,1.6070733070373535,-6.47596170892939e-05,0.01416811440140009,1.6070733070373535,,,,,,,,,,,,,,,,,,,,,,,,,,,,,,,,,,,,,,,,,,,,,,,,,,,,,,,,,,,,,,,,,,,,,,,,
0.0009992211617088993,116,,,,,,,,,,,,,,,,,,,,,,,,,,,,,,,,,,,,,,,,,,,,,,,,,,,,,,,,,,,,,,,,,,,,,,,,,,,,,,,,,,,
,116,1.4324262142181396,1.4324262142181396,-5.75430785829667e-05,0.008780024945735931,1.4324262142181396,116,,,,,,,,,,,,,,,,,,,,,,,,,,,,,,,,,,,,,,,,,,,,,,,,,,,,,,,,,,,,,,,,,,,,,,,,,,,,,
,116,,,,,,116,1.4324262142181396,1.4324262142181396,-5.75430785829667e-05,0.008780024945735931,1.4324262142181396,,,,,,,,,,,,,,,,,,,,,,,,,,,,,,,,,,,,,,,,,,,,,,,,,,,,,,,,,,,,,,,,,,,,,,,,
0.0009991207940479206,117,,,,,,,,,,,,,,,,,,,,,,,,,,,,,,,,,,,,,,,,,,,,,,,,,,,,,,,,,,,,,,,,,,,,,,,,,,,,,,,,,,,
,117,1.6928949356079102,1.6928949356079102,-4.996899951947853e-05,0.013334827497601509,1.6928949356079102,117,,,,,,,,,,,,,,,,,,,,,,,,,,,,,,,,,,,,,,,,,,,,,,,,,,,,,,,,,,,,,,,,,,,,,,,,,,,,,
,117,,,,,,117,1.6928949356079102,1.6928949356079102,-4.996899951947853e-05,0.013334827497601509,1.6928949356079102,,,,,,,,,,,,,,,,,,,,,,,,,,,,,,,,,,,,,,,,,,,,,,,,,,,,,,,,,,,,,,,,,,,,,,,,
0.0009990143508499213,118,,,,,,,,,,,,,,,,,,,,,,,,,,,,,,,,,,,,,,,,,,,,,,,,,,,,,,,,,,,,,,,,,,,,,,,,,,,,,,,,,,,
,118,3.267791271209717,3.267791271209717,-4.2067917092936113e-05,0.014020778238773346,3.267791271209717,118,,,,,,,,,,,,,,,,,,,,,,,,,,,,,,,,,,,,,,,,,,,,,,,,,,,,,,,,,,,,,,,,,,,,,,,,,,,,,
,118,,,,,,118,3.267791271209717,3.267791271209717,-4.2067917092936113e-05,0.014020778238773346,3.267791271209717,,,,,,,,,,,,,,,,,,,,,,,,,,,,,,,,,,,,,,,,,,,,,,,,,,,,,,,,,,,,,,,,,,,,,,,,
0.0009989018334118787,119,,,,,,,,,,,,,,,,,,,,,,,,,,,,,,,,,,,,,,,,,,,,,,,,,,,,,,,,,,,,,,,,,,,,,,,,,,,,,,,,,,,
,119,1.2689796686172485,1.2689796686172485,-3.3867421734612435e-05,0.006339981686323881,1.2689796686172485,119,,,,,,,,,,,,,,,,,,,,,,,,,,,,,,,,,,,,,,,,,,,,,,,,,,,,,,,,,,,,,,,,,,,,,,,,,,,,,
,119,,,,,,119,1.2689796686172485,1.2689796686172485,-3.3867421734612435e-05,0.006339981686323881,1.2689796686172485,,,,,,,,,,,,,,,,,,,,,,,,,,,,,,,,,,,,,,,,,,,,,,,,,,,,,,,,,,,,,,,,,,,,,,,,
0.000998783243104782,120,,,,,,,,,,,,,,,,,,,,,,,,,,,,,,,,,,,,,,,,,,,,,,,,,,,,,,,,,,,,,,,,,,,,,,,,,,,,,,,,,,,
,120,1.5184745788574219,1.5184745788574219,-2.5392562747583725e-05,0.008784902282059193,1.5184745788574219,120,,,,,,,,,,,,,,,,,,,,,,,,,,,,,,,,,,,,,,,,,,,,,,,,,,,,,,,,,,,,,,,,,,,,,,,,,,,,,
,120,,,,,,120,1.5184745788574219,1.5184745788574219,-2.5392562747583725e-05,0.008784902282059193,1.5184745788574219,,,,,,,,,,,,,,,,,,,,,,,,,,,,,,,,,,,,,,,,,,,,,,,,,,,,,,,,,,,,,,,,,,,,,,,,
0.0009986585813736167,121,,,,,,,,,,,,,,,,,,,,,,,,,,,,,,,,,,,,,,,,,,,,,,,,,,,,,,,,,,,,,,,,,,,,,,,,,,,,,,,,,,,
,121,1.360440969467163,1.360440969467163,-1.6665981092955917e-05,0.010246512480080128,1.360440969467163,121,,,,,,,,,,,,,,,,,,,,,,,,,,,,,,,,,,,,,,,,,,,,,,,,,,,,,,,,,,,,,,,,,,,,,,,,,,,,,
,121,,,,,,121,1.360440969467163,1.360440969467163,-1.6665981092955917e-05,0.010246512480080128,1.360440969467163,,,,,,,,,,,,,,,,,,,,,,,,,,,,,,,,,,,,,,,,,,,,,,,,,,,,,,,,,,,,,,,,,,,,,,,,
0.0009985278497373466,122,,,,,,,,,,,,,,,,,,,,,,,,,,,,,,,,,,,,,,,,,,,,,,,,,,,,,,,,,,,,,,,,,,,,,,,,,,,,,,,,,,,
,122,1.4921497106552124,1.4921497106552124,-7.708203156653326e-06,0.010554955340921879,1.4921497106552124,122,,,,,,,,,,,,,,,,,,,,,,,,,,,,,,,,,,,,,,,,,,,,,,,,,,,,,,,,,,,,,,,,,,,,,,,,,,,,,
,122,,,,,,122,1.4921497106552124,1.4921497106552124,-7.708203156653326e-06,0.010554955340921879,1.4921497106552124,,,,,,,,,,,,,,,,,,,,,,,,,,,,,,,,,,,,,,,,,,,,,,,,,,,,,,,,,,,,,,,,,,,,,,,,
0.0009983910497888954,123,,,,,,,,,,,,,,,,,,,,,,,,,,,,,,,,,,,,,,,,,,,,,,,,,,,,,,,,,,,,,,,,,,,,,,,,,,,,,,,,,,,
,123,1.7453460693359375,1.7453460693359375,1.4621728041674942e-06,0.00851545948535204,1.7453460693359375,123,,,,,,,,,,,,,,,,,,,,,,,,,,,,,,,,,,,,,,,,,,,,,,,,,,,,,,,,,,,,,,,,,,,,,,,,,,,,,
,123,,,,,,123,1.7453460693359375,1.7453460693359375,1.4621728041674942e-06,0.00851545948535204,1.7453460693359375,,,,,,,,,,,,,,,,,,,,,,,,,,,,,,,,,,,,,,,,,,,,,,,,,,,,,,,,,,,,,,,,,,,,,,,,
0.0009982481831951272,124,,,,,,,,,,,,,,,,,,,,,,,,,,,,,,,,,,,,,,,,,,,,,,,,,,,,,,,,,,,,,,,,,,,,,,,,,,,,,,,,,,,
,124,1.3290817737579346,1.3290817737579346,1.0828309314092621e-05,0.005695626139640808,1.3290817737579346,124,,,,,,,,,,,,,,,,,,,,,,,,,,,,,,,,,,,,,,,,,,,,,,,,,,,,,,,,,,,,,,,,,,,,,,,,,,,,,
,124,,,,,,124,1.3290817737579346,1.3290817737579346,1.0828309314092621e-05,0.005695626139640808,1.3290817737579346,,,,,,,,,,,,,,,,,,,,,,,,,,,,,,,,,,,,,,,,,,,,,,,,,,,,,,,,,,,,,,,,,,,,,,,,
0.0009980992516968267,125,,,,,,,,,,,,,,,,,,,,,,,,,,,,,,,,,,,,,,,,,,,,,,,,,,,,,,,,,,,,,,,,,,,,,,,,,,,,,,,,,,,
,125,2.9568099975585938,2.9568099975585938,2.037494778051041e-05,0.015750186517834663,2.9568099975585938,125,,,,,,,,,,,,,,,,,,,,,,,,,,,,,,,,,,,,,,,,,,,,,,,,,,,,,,,,,,,,,,,,,,,,,,,,,,,,,
,125,,,,,,125,2.9568099975585938,2.9568099975585938,2.037494778051041e-05,0.015750186517834663,2.9568099975585938,,,,,,,,,,,,,,,,,,,,,,,,,,,,,,,,,,,,,,,,,,,,,,,,,,,,,,,,,,,,,,,,,,,,,,,,
0.000997944257108677,126,,,,,,,,,,,,,,,,,,,,,,,,,,,,,,,,,,,,,,,,,,,,,,,,,,,,,,,,,,,,,,,,,,,,,,,,,,,,,,,,,,,
,126,1.2428683042526245,1.2438380718231201,3.008826206496451e-05,0.007043940015137196,1.2438380718231201,126,,,,,,,,,,,,,,,,,,,,,,,,,,,,,,,,,,,,,,,,,,,,,,,,,,,,,,,,,,,,,,,,,,,,,,,,,,,,,
,126,,,,,,126,1.2428683042526245,1.2438380718231201,3.008826206496451e-05,0.007043940015137196,1.2438380718231201,,,,,,,,,,,,,,,,,,,,,,,,,,,,,,,,,,,,,,,,,,,,,,,,,,,,,,,,,,,,,,,,,,,,,,,,
0.0009977832013192383,127,,,,,,,,,,,,,,,,,,,,,,,,,,,,,,,,,,,,,,,,,,,,,,,,,,,,,,,,,,,,,,,,,,,,,,,,,,,,,,,,,,,
,127,1.6187639236450195,1.6130928993225098,3.995266160927713e-05,0.0081907594576478,1.6130928993225098,127,,,,,,,,,,,,,,,,,,,,,,,,,,,,,,,,,,,,,,,,,,,,,,,,,,,,,,,,,,,,,,,,,,,,,,,,,,,,,
,127,,,,,,127,1.6187639236450195,1.6130928993225098,3.995266160927713e-05,0.0081907594576478,1.6130928993225098,,,,,,,,,,,,,,,,,,,,,,,,,,,,,,,,,,,,,,,,,,,,,,,,,,,,,,,,,,,,,,,,,,,,,,,,
0.0009976160862909245,128,,,,,,,,,,,,,,,,,,,,,,,,,,,,,,,,,,,,,,,,,,,,,,,,,,,,,,,,,,,,,,,,,,,,,,,,,,,,,,,,,,,
,128,1.3857516050338745,1.385146975517273,4.9645936087472364e-05,0.011711617931723595,1.385146975517273,128,,,,,,,,,,,,,,,,,,,,,,,,,,,,,,,,,,,,,,,,,,,,,,,,,,,,,,,,,,,,,,,,,,,,,,,,,,,,,
,128,,,,,,128,1.3857516050338745,1.385146975517273,4.9645936087472364e-05,0.011711617931723595,1.385146975517273,,,,,,,,,,,,,,,,,,,,,,,,,,,,,,,,,,,,,,,,,,,,,,,,,,,,,,,,,,,,,,,,,,,,,,,,
0.0009974429140599795,129,,,,,,,,,,,,,,,,,,,,,,,,,,,,,,,,,,,,,,,,,,,,,,,,,,,,,,,,,,,,,,,,,,,,,,,,,,,,,,,,,,,
,129,1.700432538986206,1.700432538986206,5.949807746219449e-05,0.008737796917557716,1.700432538986206,129,,,,,,,,,,,,,,,,,,,,,,,,,,,,,,,,,,,,,,,,,,,,,,,,,,,,,,,,,,,,,,,,,,,,,,,,,,,,,
,129,,,,,,129,1.700432538986206,1.700432538986206,5.949807746219449e-05,0.008737796917557716,1.700432538986206,,,,,,,,,,,,,,,,,,,,,,,,,,,,,,,,,,,,,,,,,,,,,,,,,,,,,,,,,,,,,,,,,,,,,,,,
0.0009972636867364522,130,,,,,,,,,,,,,,,,,,,,,,,,,,,,,,,,,,,,,,,,,,,,,,,,,,,,,,,,,,,,,,,,,,,,,,,,,,,,,,,,,,,
,130,1.863060712814331,1.863060712814331,6.950143142603338e-05,0.008836636319756508,1.863060712814331,130,,,,,,,,,,,,,,,,,,,,,,,,,,,,,,,,,,,,,,,,,,,,,,,,,,,,,,,,,,,,,,,,,,,,,,,,,,,,,
,130,,,,,,130,1.863060712814331,1.863060712814331,6.950143142603338e-05,0.008836636319756508,1.863060712814331,,,,,,,,,,,,,,,,,,,,,,,,,,,,,,,,,,,,,,,,,,,,,,,,,,,,,,,,,,,,,,,,,,,,,,,,
0.0009970784065041712,131,,,,,,,,,,,,,,,,,,,,,,,,,,,,,,,,,,,,,,,,,,,,,,,,,,,,,,,,,,,,,,,,,,,,,,,,,,,,,,,,,,,
,131,1.2128047943115234,1.2128047943115234,7.964482938405126e-05,0.025585545226931572,1.2128047943115234,131,,,,,,,,,,,,,,,,,,,,,,,,,,,,,,,,,,,,,,,,,,,,,,,,,,,,,,,,,,,,,,,,,,,,,,,,,,,,,
,131,,,,,,131,1.2128047943115234,1.2128047943115234,7.964482938405126e-05,0.025585545226931572,1.2128047943115234,,,,,,,,,,,,,,,,,,,,,,,,,,,,,,,,,,,,,,,,,,,,,,,,,,,,,,,,,,,,,,,,,,,,,,,,
0.0009968870756207177,132,,,,,,,,,,,,,,,,,,,,,,,,,,,,,,,,,,,,,,,,,,,,,,,,,,,,,,,,,,,,,,,,,,,,,,,,,,,,,,,,,,,
,132,1.3916406631469727,1.3881990909576416,8.991816866910085e-05,0.01226883940398693,1.3881990909576416,132,,,,,,,,,,,,,,,,,,,,,,,,,,,,,,,,,,,,,,,,,,,,,,,,,,,,,,,,,,,,,,,,,,,,,,,,,,,,,
,132,,,,,,132,1.3916406631469727,1.3881990909576416,8.991816866910085e-05,0.01226883940398693,1.3881990909576416,,,,,,,,,,,,,,,,,,,,,,,,,,,,,,,,,,,,,,,,,,,,,,,,,,,,,,,,,,,,,,,,,,,,,,,,
0.0009966896964173977,133,,,,,,,,,,,,,,,,,,,,,,,,,,,,,,,,,,,,,,,,,,,,,,,,,,,,,,,,,,,,,,,,,,,,,,,,,,,,,,,,,,,
,133,1.2573697566986084,1.2573697566986084,9.999011672334746e-05,0.008252049796283245,1.2573697566986084,133,,,,,,,,,,,,,,,,,,,,,,,,,,,,,,,,,,,,,,,,,,,,,,,,,,,,,,,,,,,,,,,,,,,,,,,,,,,,,
,133,,,,,,133,1.2573697566986084,1.2573697566986084,9.999011672334746e-05,0.008252049796283245,1.2573697566986084,,,,,,,,,,,,,,,,,,,,,,,,,,,,,,,,,,,,,,,,,,,,,,,,,,,,,,,,,,,,,,,,,,,,,,,,
0.000996486271299215,134,,,,,,,,,,,,,,,,,,,,,,,,,,,,,,,,,,,,,,,,,,,,,,,,,,,,,,,,,,,,,,,,,,,,,,,,,,,,,,,,,,,
,134,2.1871986389160156,2.1871986389160156,0.00011020562669727951,0.014823351055383682,2.1871986389160156,134,,,,,,,,,,,,,,,,,,,,,,,,,,,,,,,,,,,,,,,,,,,,,,,,,,,,,,,,,,,,,,,,,,,,,,,,,,,,,
,134,,,,,,134,2.1871986389160156,2.1871986389160156,0.00011020562669727951,0.014823351055383682,2.1871986389160156,,,,,,,,,,,,,,,,,,,,,,,,,,,,,,,,,,,,,,,,,,,,,,,,,,,,,,,,,,,,,,,,,,,,,,,,
0.0009962768027448402,135,,,,,,,,,,,,,,,,,,,,,,,,,,,,,,,,,,,,,,,,,,,,,,,,,,,,,,,,,,,,,,,,,,,,,,,,,,,,,,,,,,,
,135,1.3716182708740234,1.3716182708740234,0.00012055418483214453,0.008200551383197308,1.3716182708740234,135,,,,,,,,,,,,,,,,,,,,,,,,,,,,,,,,,,,,,,,,,,,,,,,,,,,,,,,,,,,,,,,,,,,,,,,,,,,,,
,135,,,,,,135,1.3716182708740234,1.3716182708740234,0.00012055418483214453,0.008200551383197308,1.3716182708740234,,,,,,,,,,,,,,,,,,,,,,,,,,,,,,,,,,,,,,,,,,,,,,,,,,,,,,,,,,,,,,,,,,,,,,,,
0.0009960612933065816,136,,,,,,,,,,,,,,,,,,,,,,,,,,,,,,,,,,,,,,,,,,,,,,,,,,,,,,,,,,,,,,,,,,,,,,,,,,,,,,,,,,,
,136,1.8954308032989502,1.8866592645645142,0.00013102621596772224,0.010977695696055889,1.8866592645645142,136,,,,,,,,,,,,,,,,,,,,,,,,,,,,,,,,,,,,,,,,,,,,,,,,,,,,,,,,,,,,,,,,,,,,,,,,,,,,,
,136,,,,,,136,1.8954308032989502,1.8866592645645142,0.00013102621596772224,0.010977695696055889,1.8866592645645142,,,,,,,,,,,,,,,,,,,,,,,,,,,,,,,,,,,,,,,,,,,,,,,,,,,,,,,,,,,,,,,,,,,,,,,,
0.0009958397456103535,137,,,,,,,,,,,,,,,,,,,,,,,,,,,,,,,,,,,,,,,,,,,,,,,,,,,,,,,,,,,,,,,,,,,,,,,,,,,,,,,,,,,
,137,6.678157806396484,6.678157806396484,0.00014132958312984556,1.1716523170471191,6.678157806396484,137,,,,,,,,,,,,,,,,,,,,,,,,,,,,,,,,,,,,,,,,,,,,,,,,,,,,,,,,,,,,,,,,,,,,,,,,,,,,,
,137,,,,,,137,6.678157806396484,6.678157806396484,0.00014132958312984556,1.1716523170471191,6.678157806396484,,,,,,,,,,,,,,,,,,,,,,,,,,,,,,,,,,,,,,,,,,,,,,,,,,,,,,,,,,,,,,,,,,,,,,,,
0.000995612162355645,138,,,,,,,,,,,,,,,,,,,,,,,,,,,,,,,,,,,,,,,,,,,,,,,,,,,,,,,,,,,,,,,,,,,,,,,,,,,,,,,,,,,
,138,1.2315738201141357,1.2315738201141357,0.00015176733722910285,0.008868414908647537,1.2315738201141357,138,,,,,,,,,,,,,,,,,,,,,,,,,,,,,,,,,,,,,,,,,,,,,,,,,,,,,,,,,,,,,,,,,,,,,,,,,,,,,
,138,,,,,,138,1.2315738201141357,1.2315738201141357,0.00015176733722910285,0.008868414908647537,1.2315738201141357,,,,,,,,,,,,,,,,,,,,,,,,,,,,,,,,,,,,,,,,,,,,,,,,,,,,,,,,,,,,,,,,,,,,,,,,
0.000995378546315486,139,,,,,,,,,,,,,,,,,,,,,,,,,,,,,,,,,,,,,,,,,,,,,,,,,,,,,,,,,,,,,,,,,,,,,,,,,,,,,,,,,,,
,139,1.1034183502197266,1.1034183502197266,0.00016232974303420633,0.007121325470507145,1.1034183502197266,139,,,,,,,,,,,,,,,,,,,,,,,,,,,,,,,,,,,,,,,,,,,,,,,,,,,,,,,,,,,,,,,,,,,,,,,,,,,,,
,139,,,,,,139,1.1034183502197266,1.1034183502197266,0.00016232974303420633,0.007121325470507145,1.1034183502197266,,,,,,,,,,,,,,,,,,,,,,,,,,,,,,,,,,,,,,,,,,,,,,,,,,,,,,,,,,,,,,,,,,,,,,,,
0.0009951389003364144,140,,,,,,,,,,,,,,,,,,,,,,,,,,,,,,,,,,,,,,,,,,,,,,,,,,,,,,,,,,,,,,,,,,,,,,,,,,,,,,,,,,,
,140,1.2743206024169922,1.2743206024169922,0.00017300795298069715,0.006344715133309364,1.2743206024169922,140,,,,,,,,,,,,,,,,,,,,,,,,,,,,,,,,,,,,,,,,,,,,,,,,,,,,,,,,,,,,,,,,,,,,,,,,,,,,,
,140,,,,,,140,1.2743206024169922,1.2743206024169922,0.00017300795298069715,0.006344715133309364,1.2743206024169922,,,,,,,,,,,,,,,,,,,,,,,,,,,,,,,,,,,,,,,,,,,,,,,,,,,,,,,,,,,,,,,,,,,,,,,,
0.0009948932273384406,141,,,,,,,,,,,,,,,,,,,,,,,,,,,,,,,,,,,,,,,,,,,,,,,,,,,,,,,,,,,,,,,,,,,,,,,,,,,,,,,,,,,
,141,1.6693646907806396,1.6693646907806396,0.0001837939489632845,0.00963880680501461,1.6693646907806396,141,,,,,,,,,,,,,,,,,,,,,,,,,,,,,,,,,,,,,,,,,,,,,,,,,,,,,,,,,,,,,,,,,,,,,,,,,,,,,
,141,,,,,,141,1.6693646907806396,1.6693646907806396,0.0001837939489632845,0.00963880680501461,1.6693646907806396,,,,,,,,,,,,,,,,,,,,,,,,,,,,,,,,,,,,,,,,,,,,,,,,,,,,,,,,,,,,,,,,,,,,,,,,
0.0009946415303150127,142,,,,,,,,,,,,,,,,,,,,,,,,,,,,,,,,,,,,,,,,,,,,,,,,,,,,,,,,,,,,,,,,,,,,,,,,,,,,,,,,,,,
,142,1.3614165782928467,1.3614165782928467,0.00019468045502435416,0.006873801816254854,1.3614165782928467,142,,,,,,,,,,,,,,,,,,,,,,,,,,,,,,,,,,,,,,,,,,,,,,,,,,,,,,,,,,,,,,,,,,,,,,,,,,,,,
,142,,,,,,142,1.3614165782928467,1.3614165782928467,0.00019468045502435416,0.006873801816254854,1.3614165782928467,,,,,,,,,,,,,,,,,,,,,,,,,,,,,,,,,,,,,,,,,,,,,,,,,,,,,,,,,,,,,,,,,,,,,,,,
0.0009943838123329795,143,,,,,,,,,,,,,,,,,,,,,,,,,,,,,,,,,,,,,,,,,,,,,,,,,,,,,,,,,,,,,,,,,,,,,,,,,,,,,,,,,,,
,143,2.141522169113159,2.141522169113159,0.0002056609228020534,0.011661496013402939,2.141522169113159,143,,,,,,,,,,,,,,,,,,,,,,,,,,,,,,,,,,,,,,,,,,,,,,,,,,,,,,,,,,,,,,,,,,,,,,,,,,,,,
,143,,,,,,143,2.141522169113159,2.141522169113159,0.0002056609228020534,0.011661496013402939,2.141522169113159,,,,,,,,,,,,,,,,,,,,,,,,,,,,,,,,,,,,,,,,,,,,,,,,,,,,,,,,,,,,,,,,,,,,,,,,
0.0009941200765325531,144,,,,,,,,,,,,,,,,,,,,,,,,,,,,,,,,,,,,,,,,,,,,,,,,,,,,,,,,,,,,,,,,,,,,,,,,,,,,,,,,,,,
,144,1.181772232055664,1.181772232055664,0.00021672932780347764,0.008169710636138916,1.181772232055664,144,,,,,,,,,,,,,,,,,,,,,,,,,,,,,,,,,,,,,,,,,,,,,,,,,,,,,,,,,,,,,,,,,,,,,,,,,,,,,
,144,,,,,,144,1.181772232055664,1.181772232055664,0.00021672932780347764,0.008169710636138916,1.181772232055664,,,,,,,,,,,,,,,,,,,,,,,,,,,,,,,,,,,,,,,,,,,,,,,,,,,,,,,,,,,,,,,,,,,,,,,,
0.0009938503261272714,145,,,,,,,,,,,,,,,,,,,,,,,,,,,,,,,,,,,,,,,,,,,,,,,,,,,,,,,,,,,,,,,,,,,,,,,,,,,,,,,,,,,
,145,1.210524320602417,1.209147572517395,0.00022788025671616197,0.005360111128538847,1.209147572517395,145,,,,,,,,,,,,,,,,,,,,,,,,,,,,,,,,,,,,,,,,,,,,,,,,,,,,,,,,,,,,,,,,,,,,,,,,,,,,,
,145,,,,,,145,1.210524320602417,1.209147572517395,0.00022788025671616197,0.005360111128538847,1.209147572517395,,,,,,,,,,,,,,,,,,,,,,,,,,,,,,,,,,,,,,,,,,,,,,,,,,,,,,,,,,,,,,,,,,,,,,,,
0.0009935745644039575,146,,,,,,,,,,,,,,,,,,,,,,,,,,,,,,,,,,,,,,,,,,,,,,,,,,,,,,,,,,,,,,,,,,,,,,,,,,,,,,,,,,,
,146,1.364001989364624,1.364001989364624,0.00023907584545668215,0.007437500171363354,1.364001989364624,146,,,,,,,,,,,,,,,,,,,,,,,,,,,,,,,,,,,,,,,,,,,,,,,,,,,,,,,,,,,,,,,,,,,,,,,,,,,,,
,146,,,,,,146,1.364001989364624,1.364001989364624,0.00023907584545668215,0.007437500171363354,1.364001989364624,,,,,,,,,,,,,,,,,,,,,,,,,,,,,,,,,,,,,,,,,,,,,,,,,,,,,,,,,,,,,,,,,,,,,,,,
0.0009932927947226811,147,,,,,,,,,,,,,,,,,,,,,,,,,,,,,,,,,,,,,,,,,,,,,,,,,,,,,,,,,,,,,,,,,,,,,,,,,,,,,,,,,,,
,147,1.8392903804779053,1.8392903804779053,0.0002503477153368294,0.017467545345425606,1.8392903804779053,147,,,,,,,,,,,,,,,,,,,,,,,,,,,,,,,,,,,,,,,,,,,,,,,,,,,,,,,,,,,,,,,,,,,,,,,,,,,,,
,147,,,,,,147,1.8392903804779053,1.8392903804779053,0.0002503477153368294,0.017467545345425606,1.8392903804779053,,,,,,,,,,,,,,,,,,,,,,,,,,,,,,,,,,,,,,,,,,,,,,,,,,,,,,,,,,,,,,,,,,,,,,,,
0.0009930050205167172,148,,,,,,,,,,,,,,,,,,,,,,,,,,,,,,,,,,,,,,,,,,,,,,,,,,,,,,,,,,,,,,,,,,,,,,,,,,,,,,,,,,,
,148,2.861464023590088,2.861464023590088,0.000261691544437781,0.025982791557908058,2.861464023590088,148,,,,,,,,,,,,,,,,,,,,,,,,,,,,,,,,,,,,,,,,,,,,,,,,,,,,,,,,,,,,,,,,,,,,,,,,,,,,,
,148,,,,,,148,2.861464023590088,2.861464023590088,0.000261691544437781,0.025982791557908058,2.861464023590088,,,,,,,,,,,,,,,,,,,,,,,,,,,,,,,,,,,,,,,,,,,,,,,,,,,,,,,,,,,,,,,,,,,,,,,,
0.0009927112452925034,149,,,,,,,,,,,,,,,,,,,,,,,,,,,,,,,,,,,,,,,,,,,,,,,,,,,,,,,,,,,,,,,,,,,,,,,,,,,,,,,,,,,
,149,1.1087477207183838,1.1087477207183838,0.00027310330187901855,0.007759124506264925,1.1087477207183838,149,,,,,,,,,,,,,,,,,,,,,,,,,,,,,,,,,,,,,,,,,,,,,,,,,,,,,,,,,,,,,,,,,,,,,,,,,,,,,
,149,,,,,,149,,,,,,1.26275634765625,1.26275634765625,0.0002845794369932264,0.005569804459810257,1.26275634765625,0.9008607864379883,0.9008607864379883,0.0002845794369932264,0.007925638929009438,0.9008607864379883,-0.062229033559560776,0.11976035684347153,0.23503346741199493,0.16327355802059174,0.09360387921333313,0.053554993122816086,0.03464553505182266,0.02231537364423275,0.005980861373245716,0.062229033559560776,0.6240637302398682,0.3071604371070862,0.1666666716337204,0.11205016076564789,0.08204896003007889,0.08298751711845398,0.22916291654109955,0.1810843050479889,0.1186564713716507,0.07314007729291916,0.047757379710674286,0.029740387573838234,0.006404098588973284,0.0761304497718811,24.71982192993164,13.947513580322266,10.807762145996094,11.457584381103516,15.841706275939941,349.50921630859375,71.0472640991211,-0.0523880273103714,0.12073025107383728,0.24167883396148682,0.1598891317844391,0.08056582510471344,0.03650512173771858,0.021047184243798256,0.015686774626374245,0.0006341154221445322,0.0523880273103714,0.6275710463523865,0.2745785117149353,0.11421410739421844,0.06652126461267471,0.05575702711939812,0.008298751898109913,0.1911567896604538,0.17665071785449982,0.1023513600230217,0.050921861082315445,0.029869016259908676,0.021361583843827248,0.0006861063302494586,0.06364011019468307,26.269031524658203,14.97941780090332,10.470803260803223,10.323528289794922,14.180169105529785,304.50311279296875,63.454345703125
,149,,,,,,149,1.1087477207183838,1.1087477207183838,0.00027310330187901855,0.007759124506264925,1.1087477207183838,,,,,,,,,,,,,,,,,,,,,,,,,,,,,,,,,,,,,,,,,,,,,,,,,,,,,,,,,,,,,,,,,,,,,,,,
0.000992411472629598,150,,,,,,,,,,,,,,,,,,,,,,,,,,,,,,,,,,,,,,,,,,,,,,,,,,,,,,,,,,,,,,,,,,,,,,,,,,,,,,,,,,,
,150,1.2814831733703613,1.2814831733703613,0.0002845794369932264,0.00554110249504447,1.2814831733703613,150,,,,,,,,,,,,,,,,,,,,,,,,,,,,,,,,,,,,,,,,,,,,,,,,,,,,,,,,,,,,,,,,,,,,,,,,,,,,,
,150,,,,,,150,1.2814831733703613,1.2814831733703613,0.0002845794369932264,0.00554110249504447,1.2814831733703613,,,,,,,,,,,,,,,,,,,,,,,,,,,,,,,,,,,,,,,,,,,,,,,,,,,,,,,,,,,,,,,,,,,,,,,,
0.0009921057061806362,151,,,,,,,,,,,,,,,,,,,,,,,,,,,,,,,,,,,,,,,,,,,,,,,,,,,,,,,,,,,,,,,,,,,,,,,,,,,,,,,,,,,
,151,1.7465018033981323,1.7465018033981323,0.0002961166319437325,0.008139211684465408,1.7465018033981323,151,,,,,,,,,,,,,,,,,,,,,,,,,,,,,,,,,,,,,,,,,,,,,,,,,,,,,,,,,,,,,,,,,,,,,,,,,,,,,
,151,,,,,,151,1.7465018033981323,1.7465018033981323,0.0002961166319437325,0.008139211684465408,1.7465018033981323,,,,,,,,,,,,,,,,,,,,,,,,,,,,,,,,,,,,,,,,,,,,,,,,,,,,,,,,,,,,,,,,,,,,,,,,
0.0009917939496712862,152,,,,,,,,,,,,,,,,,,,,,,,,,,,,,,,,,,,,,,,,,,,,,,,,,,,,,,,,,,,,,,,,,,,,,,,,,,,,,,,,,,,
,152,1.426595687866211,1.426595687866211,0.0003077118890359998,0.010251789353787899,1.426595687866211,152,,,,,,,,,,,,,,,,,,,,,,,,,,,,,,,,,,,,,,,,,,,,,,,,,,,,,,,,,,,,,,,,,,,,,,,,,,,,,
,152,,,,,,152,1.426595687866211,1.426595687866211,0.0003077118890359998,0.010251789353787899,1.426595687866211,,,,,,,,,,,,,,,,,,,,,,,,,,,,,,,,,,,,,,,,,,,,,,,,,,,,,,,,,,,,,,,,,,,,,,,,
0.0009914762069002023,153,,,,,,,,,,,,,,,,,,,,,,,,,,,,,,,,,,,,,,,,,,,,,,,,,,,,,,,,,,,,,,,,,,,,,,,,,,,,,,,,,,,
,153,1.2073742151260376,1.2102336883544922,0.0003193624725099653,0.005788784008473158,1.2102336883544922,153,,,,,,,,,,,,,,,,,,,,,,,,,,,,,,,,,,,,,,,,,,,,,,,,,,,,,,,,,,,,,,,,,,,,,,,,,,,,,
,153,,,,,,153,1.2073742151260376,1.2102336883544922,0.0003193624725099653,0.005788784008473158,1.2102336883544922,,,,,,,,,,,,,,,,,,,,,,,,,,,,,,,,,,,,,,,,,,,,,,,,,,,,,,,,,,,,,,,,,,,,,,,,
0.00099115248173898,154,,,,,,,,,,,,,,,,,,,,,,,,,,,,,,,,,,,,,,,,,,,,,,,,,,,,,,,,,,,,,,,,,,,,,,,,,,,,,,,,,,,
,154,3.8074538707733154,3.8074538707733154,0.00033024122240021825,0.022579826414585114,3.8074538707733154,154,,,,,,,,,,,,,,,,,,,,,,,,,,,,,,,,,,,,,,,,,,,,,,,,,,,,,,,,,,,,,,,,,,,,,,,,,,,,,
,154,,,,,,154,3.8074538707733154,3.8074538707733154,0.00033024122240021825,0.022579826414585114,3.8074538707733154,,,,,,,,,,,,,,,,,,,,,,,,,,,,,,,,,,,,,,,,,,,,,,,,,,,,,,,,,,,,,,,,,,,,,,,,
0.0009908227781321082,155,,,,,,,,,,,,,,,,,,,,,,,,,,,,,,,,,,,,,,,,,,,,,,,,,,,,,,,,,,,,,,,,,,,,,,,,,,,,,,,,,,,
,155,1.2847936153411865,1.2821675539016724,0.0003412506775930524,0.01461084745824337,1.2821675539016724,155,,,,,,,,,,,,,,,,,,,,,,,,,,,,,,,,,,,,,,,,,,,,,,,,,,,,,,,,,,,,,,,,,,,,,,,,,,,,,
,155,,,,,,155,1.2847936153411865,1.2821675539016724,0.0003412506775930524,0.01461084745824337,1.2821675539016724,,,,,,,,,,,,,,,,,,,,,,,,,,,,,,,,,,,,,,,,,,,,,,,,,,,,,,,,,,,,,,,,,,,,,,,,
0.0009904871000969212,156,,,,,,,,,,,,,,,,,,,,,,,,,,,,,,,,,,,,,,,,,,,,,,,,,,,,,,,,,,,,,,,,,,,,,,,,,,,,,,,,,,,
,156,1.873356819152832,1.873356819152832,0.00035213143564760685,0.008547245524823666,1.873356819152832,156,,,,,,,,,,,,,,,,,,,,,,,,,,,,,,,,,,,,,,,,,,,,,,,,,,,,,,,,,,,,,,,,,,,,,,,,,,,,,
,156,,,,,,156,1.873356819152832,1.873356819152832,0.00035213143564760685,0.008547245524823666,1.873356819152832,,,,,,,,,,,,,,,,,,,,,,,,,,,,,,,,,,,,,,,,,,,,,,,,,,,,,,,,,,,,,,,,,,,,,,,,
0.00099014545172355,157,,,,,,,,,,,,,,,,,,,,,,,,,,,,,,,,,,,,,,,,,,,,,,,,,,,,,,,,,,,,,,,,,,,,,,,,,,,,,,,,,,,
,157,1.9111989736557007,1.9111989736557007,0.0003631483996286988,0.01407499797642231,1.9111989736557007,157,,,,,,,,,,,,,,,,,,,,,,,,,,,,,,,,,,,,,,,,,,,,,,,,,,,,,,,,,,,,,,,,,,,,,,,,,,,,,
,157,,,,,,157,1.9111989736557007,1.9111989736557007,0.0003631483996286988,0.01407499797642231,1.9111989736557007,,,,,,,,,,,,,,,,,,,,,,,,,,,,,,,,,,,,,,,,,,,,,,,,,,,,,,,,,,,,,,,,,,,,,,,,
0.0009897978371748723,158,,,,,,,,,,,,,,,,,,,,,,,,,,,,,,,,,,,,,,,,,,,,,,,,,,,,,,,,,,,,,,,,,,,,,,,,,,,,,,,,,,,
,158,1.906535029411316,1.906535029411316,0.00037429117946885526,0.0087467972189188,1.906535029411316,158,,,,,,,,,,,,,,,,,,,,,,,,,,,,,,,,,,,,,,,,,,,,,,,,,,,,,,,,,,,,,,,,,,,,,,,,,,,,,
,158,,,,,,158,1.906535029411316,1.906535029411316,0.00037429117946885526,0.0087467972189188,1.906535029411316,,,,,,,,,,,,,,,,,,,,,,,,,,,,,,,,,,,,,,,,,,,,,,,,,,,,,,,,,,,,,,,,,,,,,,,,
0.0009894442606864617,159,,,,,,,,,,,,,,,,,,,,,,,,,,,,,,,,,,,,,,,,,,,,,,,,,,,,,,,,,,,,,,,,,,,,,,,,,,,,,,,,,,,
,159,1.9528459310531616,1.9432181119918823,0.00038555028731934726,0.008300174959003925,1.9432181119918823,159,,,,,,,,,,,,,,,,,,,,,,,,,,,,,,,,,,,,,,,,,,,,,,,,,,,,,,,,,,,,,,,,,,,,,,,,,,,,,
,159,,,,,,159,1.9528459310531616,1.9432181119918823,0.00038555028731934726,0.008300174959003925,1.9432181119918823,,,,,,,,,,,,,,,,,,,,,,,,,,,,,,,,,,,,,,,,,,,,,,,,,,,,,,,,,,,,,,,,,,,,,,,,
0.000989084726566536,160,,,,,,,,,,,,,,,,,,,,,,,,,,,,,,,,,,,,,,,,,,,,,,,,,,,,,,,,,,,,,,,,,,,,,,,,,,,,,,,,,,,
,160,1.5918529033660889,1.5918529033660889,0.000396836141590029,0.006953948177397251,1.5918529033660889,160,,,,,,,,,,,,,,,,,,,,,,,,,,,,,,,,,,,,,,,,,,,,,,,,,,,,,,,,,,,,,,,,,,,,,,,,,,,,,
,160,,,,,,160,1.5918529033660889,1.5918529033660889,0.000396836141590029,0.006953948177397251,1.5918529033660889,,,,,,,,,,,,,,,,,,,,,,,,,,,,,,,,,,,,,,,,,,,,,,,,,,,,,,,,,,,,,,,,,,,,,,,,
0.000988719239195905,161,,,,,,,,,,,,,,,,,,,,,,,,,,,,,,,,,,,,,,,,,,,,,,,,,,,,,,,,,,,,,,,,,,,,,,,,,,,,,,,,,,,
,161,5.592471122741699,5.592471122741699,0.00040822994196787477,0.08780651539564133,5.592471122741699,161,,,,,,,,,,,,,,,,,,,,,,,,,,,,,,,,,,,,,,,,,,,,,,,,,,,,,,,,,,,,,,,,,,,,,,,,,,,,,
,161,,,,,,161,5.592471122741699,5.592471122741699,0.00040822994196787477,0.08780651539564133,5.592471122741699,,,,,,,,,,,,,,,,,,,,,,,,,,,,,,,,,,,,,,,,,,,,,,,,,,,,,,,,,,,,,,,,,,,,,,,,
0.0009883478030279168,162,,,,,,,,,,,,,,,,,,,,,,,,,,,,,,,,,,,,,,,,,,,,,,,,,,,,,,,,,,,,,,,,,,,,,,,,,,,,,,,,,,,
,162,1.693355917930603,1.693355917930603,0.0004197239177301526,0.015926459804177284,1.693355917930603,162,,,,,,,,,,,,,,,,,,,,,,,,,,,,,,,,,,,,,,,,,,,,,,,,,,,,,,,,,,,,,,,,,,,,,,,,,,,,,
,162,,,,,,162,1.693355917930603,1.693355917930603,0.0004197239177301526,0.015926459804177284,1.693355917930603,,,,,,,,,,,,,,,,,,,,,,,,,,,,,,,,,,,,,,,,,,,,,,,,,,,,,,,,,,,,,,,,,,,,,,,,
0.0009879704225884043,163,,,,,,,,,,,,,,,,,,,,,,,,,,,,,,,,,,,,,,,,,,,,,,,,,,,,,,,,,,,,,,,,,,,,,,,,,,,,,,,,,,,
,163,1.6661806106567383,1.6661806106567383,0.00043131105485372245,0.007999548688530922,1.6661806106567383,163,,,,,,,,,,,,,,,,,,,,,,,,,,,,,,,,,,,,,,,,,,,,,,,,,,,,,,,,,,,,,,,,,,,,,,,,,,,,,
,163,,,,,,163,1.6661806106567383,1.6661806106567383,0.00043131105485372245,0.007999548688530922,1.6661806106567383,,,,,,,,,,,,,,,,,,,,,,,,,,,,,,,,,,,,,,,,,,,,,,,,,,,,,,,,,,,,,,,,,,,,,,,,
0.0009875871024756287,164,,,,,,,,,,,,,,,,,,,,,,,,,,,,,,,,,,,,,,,,,,,,,,,,,,,,,,,,,,,,,,,,,,,,,,,,,,,,,,,,,,,
,164,1.579289197921753,1.579289197921753,0.0004429848922882229,0.008479572832584381,1.579289197921753,164,,,,,,,,,,,,,,,,,,,,,,,,,,,,,,,,,,,,,,,,,,,,,,,,,,,,,,,,,,,,,,,,,,,,,,,,,,,,,
,164,,,,,,164,1.579289197921753,1.579289197921753,0.0004429848922882229,0.008479572832584381,1.579289197921753,,,,,,,,,,,,,,,,,,,,,,,,,,,,,,,,,,,,,,,,,,,,,,,,,,,,,,,,,,,,,,,,,,,,,,,,
0.000987197847360225,165,,,,,,,,,,,,,,,,,,,,,,,,,,,,,,,,,,,,,,,,,,,,,,,,,,,,,,,,,,,,,,,,,,,,,,,,,,,,,,,,,,,
,165,1.2838075160980225,1.2838075160980225,0.00045473978389054537,0.007196651306003332,1.2838075160980225,165,,,,,,,,,,,,,,,,,,,,,,,,,,,,,,,,,,,,,,,,,,,,,,,,,,,,,,,,,,,,,,,,,,,,,,,,,,,,,
,165,,,,,,165,1.2838075160980225,1.2838075160980225,0.00045473978389054537,0.007196651306003332,1.2838075160980225,,,,,,,,,,,,,,,,,,,,,,,,,,,,,,,,,,,,,,,,,,,,,,,,,,,,,,,,,,,,,,,,,,,,,,,,
0.0009868026619851435,166,,,,,,,,,,,,,,,,,,,,,,,,,,,,,,,,,,,,,,,,,,,,,,,,,,,,,,,,,,,,,,,,,,,,,,,,,,,,,,,,,,,
,166,2.9337611198425293,2.9337611198425293,0.0004665702872443944,0.017703784629702568,2.9337611198425293,166,,,,,,,,,,,,,,,,,,,,,,,,,,,,,,,,,,,,,,,,,,,,,,,,,,,,,,,,,,,,,,,,,,,,,,,,,,,,,
,166,,,,,,166,2.9337611198425293,2.9337611198425293,0.0004665702872443944,0.017703784629702568,2.9337611198425293,,,,,,,,,,,,,,,,,,,,,,,,,,,,,,,,,,,,,,,,,,,,,,,,,,,,,,,,,,,,,,,,,,,,,,,,
0.0009864015511655937,167,,,,,,,,,,,,,,,,,,,,,,,,,,,,,,,,,,,,,,,,,,,,,,,,,,,,,,,,,,,,,,,,,,,,,,,,,,,,,,,,,,,
,167,2.4988467693328857,2.4988467693328857,0.00047847177484072745,0.19697588682174683,2.4988467693328857,167,,,,,,,,,,,,,,,,,,,,,,,,,,,,,,,,,,,,,,,,,,,,,,,,,,,,,,,,,,,,,,,,,,,,,,,,,,,,,
,167,,,,,,167,2.4988467693328857,2.4988467693328857,0.00047847177484072745,0.19697588682174683,2.4988467693328857,,,,,,,,,,,,,,,,,,,,,,,,,,,,,,,,,,,,,,,,,,,,,,,,,,,,,,,,,,,,,,,,,,,,,,,,
0.000985994519788984,168,,,,,,,,,,,,,,,,,,,,,,,,,,,,,,,,,,,,,,,,,,,,,,,,,,,,,,,,,,,,,,,,,,,,,,,,,,,,,,,,,,,
,168,1.8875620365142822,1.8875620365142822,0.0004904399975202978,0.008303512819111347,1.8875620365142822,168,,,,,,,,,,,,,,,,,,,,,,,,,,,,,,,,,,,,,,,,,,,,,,,,,,,,,,,,,,,,,,,,,,,,,,,,,,,,,
,168,,,,,,168,1.8875620365142822,1.8875620365142822,0.0004904399975202978,0.008303512819111347,1.8875620365142822,,,,,,,,,,,,,,,,,,,,,,,,,,,,,,,,,,,,,,,,,,,,,,,,,,,,,,,,,,,,,,,,,,,,,,,,
0.0009855815728148634,169,,,,,,,,,,,,,,,,,,,,,,,,,,,,,,,,,,,,,,,,,,,,,,,,,,,,,,,,,,,,,,,,,,,,,,,,,,,,,,,,,,,
,169,1.377075433731079,1.377075433731079,0.0005024708807468414,0.007280683610588312,1.377075433731079,169,,,,,,,,,,,,,,,,,,,,,,,,,,,,,,,,,,,,,,,,,,,,,,,,,,,,,,,,,,,,,,,,,,,,,,,,,,,,,
,169,,,,,,169,1.377075433731079,1.377075433731079,0.0005024708807468414,0.007280683610588312,1.377075433731079,,,,,,,,,,,,,,,,,,,,,,,,,,,,,,,,,,,,,,,,,,,,,,,,,,,,,,,,,,,,,,,,,,,,,,,,
0.0009851627152748603,170,,,,,,,,,,,,,,,,,,,,,,,,,,,,,,,,,,,,,,,,,,,,,,,,,,,,,,,,,,,,,,,,,,,,,,,,,,,,,,,,,,,
,170,1.374654769897461,1.374654769897461,0.0005145608447492123,0.008392978459596634,1.374654769897461,170,,,,,,,,,,,,,,,,,,,,,,,,,,,,,,,,,,,,,,,,,,,,,,,,,,,,,,,,,,,,,,,,,,,,,,,,,,,,,
,170,,,,,,170,1.374654769897461,1.374654769897461,0.0005145608447492123,0.008392978459596634,1.374654769897461,,,,,,,,,,,,,,,,,,,,,,,,,,,,,,,,,,,,,,,,,,,,,,,,,,,,,,,,,,,,,,,,,,,,,,,,
0.000984737952272622,171,,,,,,,,,,,,,,,,,,,,,,,,,,,,,,,,,,,,,,,,,,,,,,,,,,,,,,,,,,,,,,,,,,,,,,,,,,,,,,,,,,,
,171,1.4355711936950684,1.4355711936950684,0.0005267068045213819,0.011231698095798492,1.4355711936950684,171,,,,,,,,,,,,,,,,,,,,,,,,,,,,,,,,,,,,,,,,,,,,,,,,,,,,,,,,,,,,,,,,,,,,,,,,,,,,,
,171,,,,,,171,1.4355711936950684,1.4355711936950684,0.0005267068045213819,0.011231698095798492,1.4355711936950684,,,,,,,,,,,,,,,,,,,,,,,,,,,,,,,,,,,,,,,,,,,,,,,,,,,,,,,,,,,,,,,,,,,,,,,,
0.0009843072889837512,172,,,,,,,,,,,,,,,,,,,,,,,,,,,,,,,,,,,,,,,,,,,,,,,,,,,,,,,,,,,,,,,,,,,,,,,,,,,,,,,,,,,
,172,2.0468177795410156,2.0468177795410156,0.0005389056750573218,0.013262986205518246,2.0468177795410156,172,,,,,,,,,,,,,,,,,,,,,,,,,,,,,,,,,,,,,,,,,,,,,,,,,,,,,,,,,,,,,,,,,,,,,,,,,,,,,
,172,,,,,,172,2.0468177795410156,2.0468177795410156,0.0005389056750573218,0.013262986205518246,2.0468177795410156,,,,,,,,,,,,,,,,,,,,,,,,,,,,,,,,,,,,,,,,,,,,,,,,,,,,,,,,,,,,,,,,,,,,,,,,
0.0009838707306557446,173,,,,,,,,,,,,,,,,,,,,,,,,,,,,,,,,,,,,,,,,,,,,,,,,,,,,,,,,,,,,,,,,,,,,,,,,,,,,,,,,,,,
,173,1.4474256038665771,1.4474256038665771,0.0005511548952199519,0.006166696082800627,1.4474256038665771,173,,,,,,,,,,,,,,,,,,,,,,,,,,,,,,,,,,,,,,,,,,,,,,,,,,,,,,,,,,,,,,,,,,,,,,,,,,,,,
,173,,,,,,173,1.4474256038665771,1.4474256038665771,0.0005511548952199519,0.006166696082800627,1.4474256038665771,,,,,,,,,,,,,,,,,,,,,,,,,,,,,,,,,,,,,,,,,,,,,,,,,,,,,,,,,,,,,,,,,,,,,,,,
0.0009834282826079275,174,,,,,,,,,,,,,,,,,,,,,,,,,,,,,,,,,,,,,,,,,,,,,,,,,,,,,,,,,,,,,,,,,,,,,,,,,,,,,,,,,,,
,174,1.3338429927825928,1.3338429927825928,0.0005634517874568701,0.013163836672902107,1.3338429927825928,174,,,,,,,,,,,,,,,,,,,,,,,,,,,,,,,,,,,,,,,,,,,,,,,,,,,,,,,,,,,,,,,,,,,,,,,,,,,,,
,174,,,,,,174,1.3338429927825928,1.3338429927825928,0.0005634517874568701,0.013163836672902107,1.3338429927825928,,,,,,,,,,,,,,,,,,,,,,,,,,,,,,,,,,,,,,,,,,,,,,,,,,,,,,,,,,,,,,,,,,,,,,,,
0.0009829799502313896,175,,,,,,,,,,,,,,,,,,,,,,,,,,,,,,,,,,,,,,,,,,,,,,,,,,,,,,,,,,,,,,,,,,,,,,,,,,,,,,,,,,,
,175,1.3826749324798584,1.3826749324798584,0.0005757944891229272,0.01161873247474432,1.3826749324798584,175,,,,,,,,,,,,,,,,,,,,,,,,,,,,,,,,,,,,,,,,,,,,,,,,,,,,,,,,,,,,,,,,,,,,,,,,,,,,,
,175,,,,,,175,1.3826749324798584,1.3826749324798584,0.0005757944891229272,0.01161873247474432,1.3826749324798584,,,,,,,,,,,,,,,,,,,,,,,,,,,,,,,,,,,,,,,,,,,,,,,,,,,,,,,,,,,,,,,,,,,,,,,,
0.0009825257389889195,176,,,,,,,,,,,,,,,,,,,,,,,,,,,,,,,,,,,,,,,,,,,,,,,,,,,,,,,,,,,,,,,,,,,,,,,,,,,,,,,,,,,
,176,1.4984254837036133,1.4984254837036133,0.0005881806719116867,0.011401485651731491,1.4984254837036133,176,,,,,,,,,,,,,,,,,,,,,,,,,,,,,,,,,,,,,,,,,,,,,,,,,,,,,,,,,,,,,,,,,,,,,,,,,,,,,
,176,,,,,,176,1.4984254837036133,1.4984254837036133,0.0005881806719116867,0.011401485651731491,1.4984254837036133,,,,,,,,,,,,,,,,,,,,,,,,,,,,,,,,,,,,,,,,,,,,,,,,,,,,,,,,,,,,,,,,,,,,,,,,
0.0009820656544149379,177,,,,,,,,,,,,,,,,,,,,,,,,,,,,,,,,,,,,,,,,,,,,,,,,,,,,,,,,,,,,,,,,,,,,,,,,,,,,,,,,,,,
,177,1.257902979850769,1.257902979850769,0.0006006084731779993,0.005592571571469307,1.257902979850769,177,,,,,,,,,,,,,,,,,,,,,,,,,,,,,,,,,,,,,,,,,,,,,,,,,,,,,,,,,,,,,,,,,,,,,,,,,,,,,
,177,,,,,,177,1.257902979850769,1.257902979850769,0.0006006084731779993,0.005592571571469307,1.257902979850769,,,,,,,,,,,,,,,,,,,,,,,,,,,,,,,,,,,,,,,,,,,,,,,,,,,,,,,,,,,,,,,,,,,,,,,,
0.0009815997021154301,178,,,,,,,,,,,,,,,,,,,,,,,,,,,,,,,,,,,,,,,,,,,,,,,,,,,,,,,,,,,,,,,,,,,,,,,,,,,,,,,,,,,
,178,1.3963348865509033,1.3945820331573486,0.0006130764959380031,0.010196794755756855,1.3945820331573486,178,,,,,,,,,,,,,,,,,,,,,,,,,,,,,,,,,,,,,,,,,,,,,,,,,,,,,,,,,,,,,,,,,,,,,,,,,,,,,
,178,,,,,,178,1.3963348865509033,1.3945820331573486,0.0006130764959380031,0.010196794755756855,1.3945820331573486,,,,,,,,,,,,,,,,,,,,,,,,,,,,,,,,,,,,,,,,,,,,,,,,,,,,,,,,,,,,,,,,,,,,,,,,
0.000981127887767878,179,,,,,,,,,,,,,,,,,,,,,,,,,,,,,,,,,,,,,,,,,,,,,,,,,,,,,,,,,,,,,,,,,,,,,,,,,,,,,,,,,,,
,179,1.2118169069290161,1.2126421928405762,0.0006254978943616152,0.006373602896928787,1.2126421928405762,179,,,,,,,,,,,,,,,,,,,,,,,,,,,,,,,,,,,,,,,,,,,,,,,,,,,,,,,,,,,,,,,,,,,,,,,,,,,,,
,179,,,,,,179,1.2118169069290161,1.2126421928405762,0.0006254978943616152,0.006373602896928787,1.2126421928405762,,,,,,,,,,,,,,,,,,,,,,,,,,,,,,,,,,,,,,,,,,,,,,,,,,,,,,,,,,,,,,,,,,,,,,,,
0.0009806502171211902,180,,,,,,,,,,,,,,,,,,,,,,,,,,,,,,,,,,,,,,,,,,,,,,,,,,,,,,,,,,,,,,,,,,,,,,,,,,,,,,,,,,,
,180,2.5363547801971436,2.5363547801971436,0.0006368988542817533,0.010758277028799057,2.5363547801971436,180,,,,,,,,,,,,,,,,,,,,,,,,,,,,,,,,,,,,,,,,,,,,,,,,,,,,,,,,,,,,,,,,,,,,,,,,,,,,,
,180,,,,,,180,2.5363547801971436,2.5363547801971436,0.0006368988542817533,0.010758277028799057,2.5363547801971436,,,,,,,,,,,,,,,,,,,,,,,,,,,,,,,,,,,,,,,,,,,,,,,,,,,,,,,,,,,,,,,,,,,,,,,,
0.000980166695995633,181,,,,,,,,,,,,,,,,,,,,,,,,,,,,,,,,,,,,,,,,,,,,,,,,,,,,,,,,,,,,,,,,,,,,,,,,,,,,,,,,,,,
,181,1.1571401357650757,1.1571401357650757,0.0006484471959993243,0.008967614732682705,1.1571401357650757,181,,,,,,,,,,,,,,,,,,,,,,,,,,,,,,,,,,,,,,,,,,,,,,,,,,,,,,,,,,,,,,,,,,,,,,,,,,,,,
,181,,,,,,181,1.1571401357650757,1.1571401357650757,0.0006484471959993243,0.008967614732682705,1.1571401357650757,,,,,,,,,,,,,,,,,,,,,,,,,,,,,,,,,,,,,,,,,,,,,,,,,,,,,,,,,,,,,,,,,,,,,,,,
0.0009796773302827586,182,,,,,,,,,,,,,,,,,,,,,,,,,,,,,,,,,,,,,,,,,,,,,,,,,,,,,,,,,,,,,,,,,,,,,,,,,,,,,,,,,,,
,182,1.3714593648910522,1.3714593648910522,0.0006601308123208582,0.006716806907206774,1.3714593648910522,182,,,,,,,,,,,,,,,,,,,,,,,,,,,,,,,,,,,,,,,,,,,,,,,,,,,,,,,,,,,,,,,,,,,,,,,,,,,,,
,182,,,,,,182,1.3714593648910522,1.3714593648910522,0.0006601308123208582,0.006716806907206774,1.3714593648910522,,,,,,,,,,,,,,,,,,,,,,,,,,,,,,,,,,,,,,,,,,,,,,,,,,,,,,,,,,,,,,,,,,,,,,,,
0.000979182125945334,183,,,,,,,,,,,,,,,,,,,,,,,,,,,,,,,,,,,,,,,,,,,,,,,,,,,,,,,,,,,,,,,,,,,,,,,,,,,,,,,,,,,
,183,2.417480230331421,2.417480230331421,0.0006719389348290861,0.011481507681310177,2.417480230331421,183,,,,,,,,,,,,,,,,,,,,,,,,,,,,,,,,,,,,,,,,,,,,,,,,,,,,,,,,,,,,,,,,,,,,,,,,,,,,,
,183,,,,,,183,2.417480230331421,2.417480230331421,0.0006719389348290861,0.011481507681310177,2.417480230331421,,,,,,,,,,,,,,,,,,,,,,,,,,,,,,,,,,,,,,,,,,,,,,,,,,,,,,,,,,,,,,,,,,,,,,,,
0.0009786810890172674,184,,,,,,,,,,,,,,,,,,,,,,,,,,,,,,,,,,,,,,,,,,,,,,,,,,,,,,,,,,,,,,,,,,,,,,,,,,,,,,,,,,,
,184,1.3199337720870972,1.3199337720870972,0.0006838615518063307,0.012222413904964924,1.3199337720870972,184,,,,,,,,,,,,,,,,,,,,,,,,,,,,,,,,,,,,,,,,,,,,,,,,,,,,,,,,,,,,,,,,,,,,,,,,,,,,,
,184,,,,,,184,1.3199337720870972,1.3199337720870972,0.0006838615518063307,0.012222413904964924,1.3199337720870972,,,,,,,,,,,,,,,,,,,,,,,,,,,,,,,,,,,,,,,,,,,,,,,,,,,,,,,,,,,,,,,,,,,,,,,,
0.0009781742256035361,185,,,,,,,,,,,,,,,,,,,,,,,,,,,,,,,,,,,,,,,,,,,,,,,,,,,,,,,,,,,,,,,,,,,,,,,,,,,,,,,,,,,
,185,1.6292537450790405,1.6292537450790405,0.0006958896410651505,0.03285999223589897,1.6292537450790405,185,,,,,,,,,,,,,,,,,,,,,,,,,,,,,,,,,,,,,,,,,,,,,,,,,,,,,,,,,,,,,,,,,,,,,,,,,,,,,
,185,,,,,,185,1.6292537450790405,1.6292537450790405,0.0006958896410651505,0.03285999223589897,1.6292537450790405,,,,,,,,,,,,,,,,,,,,,,,,,,,,,,,,,,,,,,,,,,,,,,,,,,,,,,,,,,,,,,,,,,,,,,,,
0.0009776615418801106,186,,,,,,,,,,,,,,,,,,,,,,,,,,,,,,,,,,,,,,,,,,,,,,,,,,,,,,,,,,,,,,,,,,,,,,,,,,,,,,,,,,,
,186,1.342810034751892,1.342810034751892,0.0007080151117406785,0.005849596578627825,1.342810034751892,186,,,,,,,,,,,,,,,,,,,,,,,,,,,,,,,,,,,,,,,,,,,,,,,,,,,,,,,,,,,,,,,,,,,,,,,,,,,,,
,186,,,,,,186,1.342810034751892,1.342810034751892,0.0007080151117406785,0.005849596578627825,1.342810034751892,,,,,,,,,,,,,,,,,,,,,,,,,,,,,,,,,,,,,,,,,,,,,,,,,,,,,,,,,,,,,,,,,,,,,,,,
0.0009771430440938802,187,,,,,,,,,,,,,,,,,,,,,,,,,,,,,,,,,,,,,,,,,,,,,,,,,,,,,,,,,,,,,,,,,,,,,,,,,,,,,,,,,,,
,187,1.3686031103134155,1.3686031103134155,0.0007202308624982834,0.007784361019730568,1.3686031103134155,187,,,,,,,,,,,,,,,,,,,,,,,,,,,,,,,,,,,,,,,,,,,,,,,,,,,,,,,,,,,,,,,,,,,,,,,,,,,,,
,187,,,,,,187,1.3686031103134155,1.3686031103134155,0.0007202308624982834,0.007784361019730568,1.3686031103134155,,,,,,,,,,,,,,,,,,,,,,,,,,,,,,,,,,,,,,,,,,,,,,,,,,,,,,,,,,,,,,,,,,,,,,,,
0.0009766187385625768,188,,,,,,,,,,,,,,,,,,,,,,,,,,,,,,,,,,,,,,,,,,,,,,,,,,,,,,,,,,,,,,,,,,,,,,,,,,,,,,,,,,,
,188,1.3742717504501343,1.3742717504501343,0.0007325300248339772,0.006119081750512123,1.3742717504501343,188,,,,,,,,,,,,,,,,,,,,,,,,,,,,,,,,,,,,,,,,,,,,,,,,,,,,,,,,,,,,,,,,,,,,,,,,,,,,,
,188,,,,,,188,1.3742717504501343,1.3742717504501343,0.0007325300248339772,0.006119081750512123,1.3742717504501343,,,,,,,,,,,,,,,,,,,,,,,,,,,,,,,,,,,,,,,,,,,,,,,,,,,,,,,,,,,,,,,,,,,,,,,,
0.0009760886316746981,189,,,,,,,,,,,,,,,,,,,,,,,,,,,,,,,,,,,,,,,,,,,,,,,,,,,,,,,,,,,,,,,,,,,,,,,,,,,,,,,,,,,
,189,1.075830340385437,1.075830340385437,0.0007449067197740078,0.006269549019634724,1.075830340385437,189,,,,,,,,,,,,,,,,,,,,,,,,,,,,,,,,,,,,,,,,,,,,,,,,,,,,,,,,,,,,,,,,,,,,,,,,,,,,,
,189,,,,,,189,1.075830340385437,1.075830340385437,0.0007449067197740078,0.006269549019634724,1.075830340385437,,,,,,,,,,,,,,,,,,,,,,,,,,,,,,,,,,,,,,,,,,,,,,,,,,,,,,,,,,,,,,,,,,,,,,,,
0.0009755527298894291,190,,,,,,,,,,,,,,,,,,,,,,,,,,,,,,,,,,,,,,,,,,,,,,,,,,,,,,,,,,,,,,,,,,,,,,,,,,,,,,,,,,,
,190,1.4356616735458374,1.4356616735458374,0.0007573553593829274,0.010637888684868813,1.4356616735458374,190,,,,,,,,,,,,,,,,,,,,,,,,,,,,,,,,,,,,,,,,,,,,,,,,,,,,,,,,,,,,,,,,,,,,,,,,,,,,,
,190,,,,,,190,1.4356616735458374,1.4356616735458374,0.0007573553593829274,0.010637888684868813,1.4356616735458374,,,,,,,,,,,,,,,,,,,,,,,,,,,,,,,,,,,,,,,,,,,,,,,,,,,,,,,,,,,,,,,,,,,,,,,,
0.0009750110397365637,191,,,,,,,,,,,,,,,,,,,,,,,,,,,,,,,,,,,,,,,,,,,,,,,,,,,,,,,,,,,,,,,,,,,,,,,,,,,,,,,,,,,
,191,1.0486114025115967,1.0486114025115967,0.0007698711706325412,0.004639975726604462,1.0486114025115967,191,,,,,,,,,,,,,,,,,,,,,,,,,,,,,,,,,,,,,,,,,,,,,,,,,,,,,,,,,,,,,,,,,,,,,,,,,,,,,
,191,,,,,,191,1.0486114025115967,1.0486114025115967,0.0007698711706325412,0.004639975726604462,1.0486114025115967,,,,,,,,,,,,,,,,,,,,,,,,,,,,,,,,,,,,,,,,,,,,,,,,,,,,,,,,,,,,,,,,,,,,,,,,
0.0009744635678164258,192,,,,,,,,,,,,,,,,,,,,,,,,,,,,,,,,,,,,,,,,,,,,,,,,,,,,,,,,,,,,,,,,,,,,,,,,,,,,,,,,,,,
,192,1.225519061088562,1.225519061088562,0.0007824496133252978,0.006844058632850647,1.225519061088562,192,,,,,,,,,,,,,,,,,,,,,,,,,,,,,,,,,,,,,,,,,,,,,,,,,,,,,,,,,,,,,,,,,,,,,,,,,,,,,
,192,,,,,,192,1.225519061088562,1.225519061088562,0.0007824496133252978,0.006844058632850647,1.225519061088562,,,,,,,,,,,,,,,,,,,,,,,,,,,,,,,,,,,,,,,,,,,,,,,,,,,,,,,,,,,,,,,,,,,,,,,,
0.0009739103207997878,193,,,,,,,,,,,,,,,,,,,,,,,,,,,,,,,,,,,,,,,,,,,,,,,,,,,,,,,,,,,,,,,,,,,,,,,,,,,,,,,,,,,
,193,1.2134770154953003,1.2134770154953003,0.0007950866711325943,0.005323388613760471,1.2134770154953003,193,,,,,,,,,,,,,,,,,,,,,,,,,,,,,,,,,,,,,,,,,,,,,,,,,,,,,,,,,,,,,,,,,,,,,,,,,,,,,
,193,,,,,,193,1.2134770154953003,1.2134770154953003,0.0007950866711325943,0.005323388613760471,1.2134770154953003,,,,,,,,,,,,,,,,,,,,,,,,,,,,,,,,,,,,,,,,,,,,,,,,,,,,,,,,,,,,,,,,,,,,,,,,
0.0009733513054277901,194,,,,,,,,,,,,,,,,,,,,,,,,,,,,,,,,,,,,,,,,,,,,,,,,,,,,,,,,,,,,,,,,,,,,,,,,,,,,,,,,,,,
,194,1.1221694946289062,1.1221694946289062,0.0008077786187641323,0.00537289772182703,1.1221694946289062,194,,,,,,,,,,,,,,,,,,,,,,,,,,,,,,,,,,,,,,,,,,,,,,,,,,,,,,,,,,,,,,,,,,,,,,,,,,,,,
,194,,,,,,194,1.1221694946289062,1.1221694946289062,0.0008077786187641323,0.00537289772182703,1.1221694946289062,,,,,,,,,,,,,,,,,,,,,,,,,,,,,,,,,,,,,,,,,,,,,,,,,,,,,,,,,,,,,,,,,,,,,,,,
0.0009727865285118585,195,,,,,,,,,,,,,,,,,,,,,,,,,,,,,,,,,,,,,,,,,,,,,,,,,,,,,,,,,,,,,,,,,,,,,,,,,,,,,,,,,,,
,195,1.1461732387542725,1.1461732387542725,0.0008205220801755786,0.007039236836135387,1.1461732387542725,195,,,,,,,,,,,,,,,,,,,,,,,,,,,,,,,,,,,,,,,,,,,,,,,,,,,,,,,,,,,,,,,,,,,,,,,,,,,,,
,195,,,,,,195,1.1461732387542725,1.1461732387542725,0.0008205220801755786,0.007039236836135387,1.1461732387542725,,,,,,,,,,,,,,,,,,,,,,,,,,,,,,,,,,,,,,,,,,,,,,,,,,,,,,,,,,,,,,,,,,,,,,,,
0.0009722159969336216,196,,,,,,,,,,,,,,,,,,,,,,,,,,,,,,,,,,,,,,,,,,,,,,,,,,,,,,,,,,,,,,,,,,,,,,,,,,,,,,,,,,,
,196,1.6178233623504639,1.6109421253204346,0.0008333141449838877,0.013594704680144787,1.6109421253204346,196,,,,,,,,,,,,,,,,,,,,,,,,,,,,,,,,,,,,,,,,,,,,,,,,,,,,,,,,,,,,,,,,,,,,,,,,,,,,,
,196,,,,,,196,1.6178233623504639,1.6109421253204346,0.0008333141449838877,0.013594704680144787,1.6109421253204346,,,,,,,,,,,,,,,,,,,,,,,,,,,,,,,,,,,,,,,,,,,,,,,,,,,,,,,,,,,,,,,,,,,,,,,,
0.0009716397176448263,197,,,,,,,,,,,,,,,,,,,,,,,,,,,,,,,,,,,,,,,,,,,,,,,,,,,,,,,,,,,,,,,,,,,,,,,,,,,,,,,,,,,
,197,1.0117186307907104,1.0117186307907104,0.0008457153453491628,0.004472881089895964,1.0117186307907104,197,,,,,,,,,,,,,,,,,,,,,,,,,,,,,,,,,,,,,,,,,,,,,,,,,,,,,,,,,,,,,,,,,,,,,,,,,,,,,
,197,,,,,,197,1.0117186307907104,1.0117186307907104,0.0008457153453491628,0.004472881089895964,1.0117186307907104,,,,,,,,,,,,,,,,,,,,,,,,,,,,,,,,,,,,,,,,,,,,,,,,,,,,,,,,,,,,,,,,,,,,,,,,
0.0009710576976672544,198,,,,,,,,,,,,,,,,,,,,,,,,,,,,,,,,,,,,,,,,,,,,,,,,,,,,,,,,,,,,,,,,,,,,,,,,,,,,,,,,,,,
,198,1.7153438329696655,1.7153438329696655,0.0008582024020142853,0.007328686770051718,1.7153438329696655,198,,,,,,,,,,,,,,,,,,,,,,,,,,,,,,,,,,,,,,,,,,,,,,,,,,,,,,,,,,,,,,,,,,,,,,,,,,,,,
,198,,,,,,198,1.7153438329696655,1.7153438329696655,0.0008582024020142853,0.007328686770051718,1.7153438329696655,,,,,,,,,,,,,,,,,,,,,,,,,,,,,,,,,,,,,,,,,,,,,,,,,,,,,,,,,,,,,,,,,,,,,,,,
0.0009704699440926354,199,,,,,,,,,,,,,,,,,,,,,,,,,,,,,,,,,,,,,,,,,,,,,,,,,,,,,,,,,,,,,,,,,,,,,,,,,,,,,,,,,,,
,199,1.1581485271453857,1.1581485271453857,0.0008707690867595375,0.005924884229898453,1.1581485271453857,199,,,,,,,,,,,,,,,,,,,,,,,,,,,,,,,,,,,,,,,,,,,,,,,,,,,,,,,,,,,,,,,,,,,,,,,,,,,,,
,199,,,,,,199,,,,,,2.791353940963745,2.791353940963745,0.000883409462403506,0.012670086696743965,2.791353940963745,0.8887645602226257,0.8901305198669434,0.000883409462403506,0.004425070248544216,0.8901305198669434,-0.06751969456672668,0.25755152106285095,0.31000614166259766,0.16291244328022003,0.1001301035284996,0.0613592229783535,0.045658063143491745,0.03075876086950302,0.004299569875001907,0.06751969456672668,0.6603851914405823,0.3644629716873169,0.25456497073173523,0.22519083321094513,0.2048957347869873,0.17842315137386322,0.31465381383895874,0.1778094321489334,0.1213114783167839,0.07479880005121231,0.0541674867272377,0.03492774814367294,0.0043864124454557896,0.0779002234339714,28.71006202697754,18.786767959594727,24.10777473449707,35.97270965576172,71.62650299072266,3443.7578125,603.8269653320312,-0.06709320843219757,0.24732732772827148,0.309201717376709,0.16475535929203033,0.09787797182798386,0.05989847704768181,0.04364824295043945,0.030745934695005417,0.0056332554668188095,0.06709320843219757,0.6729877591133118,0.3573593497276306,0.2534908652305603,0.2221919298171997,0.2116953730583191,0.2406637966632843,0.32639819383621216,0.1790929138660431,0.11878600716590881,0.072727270424366,0.05152032524347305,0.03472118824720383,0.005735192447900772,0.07709714770317078,29.390478134155273,18.837736129760742,25.285938262939453,38.712257385253906,77.37178802490234,3665.005859375,642.4340209960938
,199,,,,,,199,1.1581485271453857,1.1581485271453857,0.0008707690867595375,0.005924884229898453,1.1581485271453857,,,,,,,,,,,,,,,,,,,,,,,,,,,,,,,,,,,,,,,,,,,,,,,,,,,,,,,,,,,,,,,,,,,,,,,,
0.000969876464082561,200,,,,,,,,,,,,,,,,,,,,,,,,,,,,,,,,,,,,,,,,,,,,,,,,,,,,,,,,,,,,,,,,,,,,,,,,,,,,,,,,,,,
,200,2.7802467346191406,2.7802467346191406,0.000883409462403506,0.01780032552778721,2.7802467346191406,200,,,,,,,,,,,,,,,,,,,,,,,,,,,,,,,,,,,,,,,,,,,,,,,,,,,,,,,,,,,,,,,,,,,,,,,,,,,,,
,200,,,,,,200,2.7802467346191406,2.7802467346191406,0.000883409462403506,0.01780032552778721,2.7802467346191406,,,,,,,,,,,,,,,,,,,,,,,,,,,,,,,,,,,,,,,,,,,,,,,,,,,,,,,,,,,,,,,,,,,,,,,,
0.0009692772648683978,201,,,,,,,,,,,,,,,,,,,,,,,,,,,,,,,,,,,,,,,,,,,,,,,,,,,,,,,,,,,,,,,,,,,,,,,,,,,,,,,,,,,
,201,1.1135748624801636,1.1135748624801636,0.0008961183484643698,0.0051664020866155624,1.1135748624801636,201,,,,,,,,,,,,,,,,,,,,,,,,,,,,,,,,,,,,,,,,,,,,,,,,,,,,,,,,,,,,,,,,,,,,,,,,,,,,,
,201,,,,,,201,1.1135748624801636,1.1135748624801636,0.0008961183484643698,0.0051664020866155624,1.1135748624801636,,,,,,,,,,,,,,,,,,,,,,,,,,,,,,,,,,,,,,,,,,,,,,,,,,,,,,,,,,,,,,,,,,,,,,,,
0.0009686723537511995,202,,,,,,,,,,,,,,,,,,,,,,,,,,,,,,,,,,,,,,,,,,,,,,,,,,,,,,,,,,,,,,,,,,,,,,,,,,,,,,,,,,,
,202,1.068662166595459,1.068662166595459,0.0009088907390832901,0.005203663371503353,1.068662166595459,202,,,,,,,,,,,,,,,,,,,,,,,,,,,,,,,,,,,,,,,,,,,,,,,,,,,,,,,,,,,,,,,,,,,,,,,,,,,,,
,202,,,,,,202,1.068662166595459,1.068662166595459,0.0009088907390832901,0.005203663371503353,1.068662166595459,,,,,,,,,,,,,,,,,,,,,,,,,,,,,,,,,,,,,,,,,,,,,,,,,,,,,,,,,,,,,,,,,,,,,,,,
0.0009680617381016168,203,,,,,,,,,,,,,,,,,,,,,,,,,,,,,,,,,,,,,,,,,,,,,,,,,,,,,,,,,,,,,,,,,,,,,,,,,,,,,,,,,,,
,203,1.1456245183944702,1.1456245183944702,0.0009217225015163422,0.00766964303329587,1.1456245183944702,203,,,,,,,,,,,,,,,,,,,,,,,,,,,,,,,,,,,,,,,,,,,,,,,,,,,,,,,,,,,,,,,,,,,,,,,,,,,,,
,203,,,,,,203,1.1456245183944702,1.1456245183944702,0.0009217225015163422,0.00766964303329587,1.1456245183944702,,,,,,,,,,,,,,,,,,,,,,,,,,,,,,,,,,,,,,,,,,,,,,,,,,,,,,,,,,,,,,,,,,,,,,,,
0.0009674454253598087,204,,,,,,,,,,,,,,,,,,,,,,,,,,,,,,,,,,,,,,,,,,,,,,,,,,,,,,,,,,,,,,,,,,,,,,,,,,,,,,,,,,,
,204,1.5503978729248047,1.5503978729248047,0.000934609561227262,0.013775947503745556,1.5503978729248047,204,,,,,,,,,,,,,,,,,,,,,,,,,,,,,,,,,,,,,,,,,,,,,,,,,,,,,,,,,,,,,,,,,,,,,,,,,,,,,
,204,,,,,,204,1.5503978729248047,1.5503978729248047,0.000934609561227262,0.013775947503745556,1.5503978729248047,,,,,,,,,,,,,,,,,,,,,,,,,,,,,,,,,,,,,,,,,,,,,,,,,,,,,,,,,,,,,,,,,,,,,,,,
0.0009668234230353518,205,,,,,,,,,,,,,,,,,,,,,,,,,,,,,,,,,,,,,,,,,,,,,,,,,,,,,,,,,,,,,,,,,,,,,,,,,,,,,,,,,,,
,205,1.528960943222046,1.528960943222046,0.000947548309341073,0.014799718745052814,1.528960943222046,205,,,,,,,,,,,,,,,,,,,,,,,,,,,,,,,,,,,,,,,,,,,,,,,,,,,,,,,,,,,,,,,,,,,,,,,,,,,,,
,205,,,,,,205,1.528960943222046,1.528960943222046,0.000947548309341073,0.014799718745052814,1.528960943222046,,,,,,,,,,,,,,,,,,,,,,,,,,,,,,,,,,,,,,,,,,,,,,,,,,,,,,,,,,,,,,,,,,,,,,,,
0.0009661957387071478,206,,,,,,,,,,,,,,,,,,,,,,,,,,,,,,,,,,,,,,,,,,,,,,,,,,,,,,,,,,,,,,,,,,,,,,,,,,,,,,,,,,,
,206,1.2073264122009277,1.2073264122009277,0.0009605354280211031,0.007011258974671364,1.2073264122009277,206,,,,,,,,,,,,,,,,,,,,,,,,,,,,,,,,,,,,,,,,,,,,,,,,,,,,,,,,,,,,,,,,,,,,,,,,,,,,,
,206,,,,,,206,1.2073264122009277,1.2073264122009277,0.0009605354280211031,0.007011258974671364,1.2073264122009277,,,,,,,,,,,,,,,,,,,,,,,,,,,,,,,,,,,,,,,,,,,,,,,,,,,,,,,,,,,,,,,,,,,,,,,,
0.0009655623800233325,207,,,,,,,,,,,,,,,,,,,,,,,,,,,,,,,,,,,,,,,,,,,,,,,,,,,,,,,,,,,,,,,,,,,,,,,,,,,,,,,,,,,
,207,1.8393291234970093,1.8393291234970093,0.0009735681232996285,0.008497434668242931,1.8393291234970093,207,,,,,,,,,,,,,,,,,,,,,,,,,,,,,,,,,,,,,,,,,,,,,,,,,,,,,,,,,,,,,,,,,,,,,,,,,,,,,
,207,,,,,,207,1.8393291234970093,1.8393291234970093,0.0009735681232996285,0.008497434668242931,1.8393291234970093,,,,,,,,,,,,,,,,,,,,,,,,,,,,,,,,,,,,,,,,,,,,,,,,,,,,,,,,,,,,,,,,,,,,,,,,
0.0009649233547011811,208,,,,,,,,,,,,,,,,,,,,,,,,,,,,,,,,,,,,,,,,,,,,,,,,,,,,,,,,,,,,,,,,,,,,,,,,,,,,,,,,,,,
,208,1.2778446674346924,1.2770370244979858,0.0009866436012089252,0.02068353444337845,1.2770370244979858,208,,,,,,,,,,,,,,,,,,,,,,,,,,,,,,,,,,,,,,,,,,,,,,,,,,,,,,,,,,,,,,,,,,,,,,,,,,,,,
,208,,,,,,208,1.2778446674346924,1.2770370244979858,0.0009866436012089252,0.02068353444337845,1.2770370244979858,,,,,,,,,,,,,,,,,,,,,,,,,,,,,,,,,,,,,,,,,,,,,,,,,,,,,,,,,,,,,,,,,,,,,,,,
0.0009642786705270159,209,,,,,,,,,,,,,,,,,,,,,,,,,,,,,,,,,,,,,,,,,,,,,,,,,,,,,,,,,,,,,,,,,,,,,,,,,,,,,,,,,,,
,209,1.0925507545471191,1.0925507545471191,0.0009995877044275403,0.010215968824923038,1.0925507545471191,209,,,,,,,,,,,,,,,,,,,,,,,,,,,,,,,,,,,,,,,,,,,,,,,,,,,,,,,,,,,,,,,,,,,,,,,,,,,,,
,209,,,,,,209,1.0925507545471191,1.0925507545471191,0.0009995877044275403,0.010215968824923038,1.0925507545471191,,,,,,,,,,,,,,,,,,,,,,,,,,,,,,,,,,,,,,,,,,,,,,,,,,,,,,,,,,,,,,,,,,,,,,,,
0.00096362833535611,210,,,,,,,,,,,,,,,,,,,,,,,,,,,,,,,,,,,,,,,,,,,,,,,,,,,,,,,,,,,,,,,,,,,,,,,,,,,,,,,,,,,
,210,1.9351857900619507,1.9250978231430054,0.0010125869885087013,0.008489444851875305,1.9250978231430054,210,,,,,,,,,,,,,,,,,,,,,,,,,,,,,,,,,,,,,,,,,,,,,,,,,,,,,,,,,,,,,,,,,,,,,,,,,,,,,
,210,,,,,,210,1.9351857900619507,1.9250978231430054,0.0010125869885087013,0.008489444851875305,1.9250978231430054,,,,,,,,,,,,,,,,,,,,,,,,,,,,,,,,,,,,,,,,,,,,,,,,,,,,,,,,,,,,,,,,,,,,,,,,
0.0009629723571125921,211,,,,,,,,,,,,,,,,,,,,,,,,,,,,,,,,,,,,,,,,,,,,,,,,,,,,,,,,,,,,,,,,,,,,,,,,,,,,,,,,,,,
,211,1.244835615158081,1.244835615158081,0.001025249483063817,0.005783931352198124,1.244835615158081,211,,,,,,,,,,,,,,,,,,,,,,,,,,,,,,,,,,,,,,,,,,,,,,,,,,,,,,,,,,,,,,,,,,,,,,,,,,,,,
,211,,,,,,211,1.244835615158081,1.244835615158081,0.001025249483063817,0.005783931352198124,1.244835615158081,,,,,,,,,,,,,,,,,,,,,,,,,,,,,,,,,,,,,,,,,,,,,,,,,,,,,,,,,,,,,,,,,,,,,,,,
0.0009623107437893501,212,,,,,,,,,,,,,,,,,,,,,,,,,,,,,,,,,,,,,,,,,,,,,,,,,,,,,,,,,,,,,,,,,,,,,,,,,,,,,,,,,,,
,212,1.1365902423858643,1.1369473934173584,0.0010379981249570847,0.006417807191610336,1.1369473934173584,212,,,,,,,,,,,,,,,,,,,,,,,,,,,,,,,,,,,,,,,,,,,,,,,,,,,,,,,,,,,,,,,,,,,,,,,,,,,,,
,212,,,,,,212,1.1365902423858643,1.1369473934173584,0.0010379981249570847,0.006417807191610336,1.1369473934173584,,,,,,,,,,,,,,,,,,,,,,,,,,,,,,,,,,,,,,,,,,,,,,,,,,,,,,,,,,,,,,,,,,,,,,,,
0.0009616435034479336,213,,,,,,,,,,,,,,,,,,,,,,,,,,,,,,,,,,,,,,,,,,,,,,,,,,,,,,,,,,,,,,,,,,,,,,,,,,,,,,,,,,,
,213,1.171234130859375,1.171234130859375,0.0010500684147700667,0.005012350622564554,1.171234130859375,213,,,,,,,,,,,,,,,,,,,,,,,,,,,,,,,,,,,,,,,,,,,,,,,,,,,,,,,,,,,,,,,,,,,,,,,,,,,,,
,213,,,,,,213,1.171234130859375,1.171234130859375,0.0010500684147700667,0.005012350622564554,1.171234130859375,,,,,,,,,,,,,,,,,,,,,,,,,,,,,,,,,,,,,,,,,,,,,,,,,,,,,,,,,,,,,,,,,,,,,,,,
0.0009609706442184556,214,,,,,,,,,,,,,,,,,,,,,,,,,,,,,,,,,,,,,,,,,,,,,,,,,,,,,,,,,,,,,,,,,,,,,,,,,,,,,,,,,,,
,214,1.2811778783798218,1.2811778783798218,0.001062286552041769,0.006562075577676296,1.2811778783798218,214,,,,,,,,,,,,,,,,,,,,,,,,,,,,,,,,,,,,,,,,,,,,,,,,,,,,,,,,,,,,,,,,,,,,,,,,,,,,,
,214,,,,,,214,1.2811778783798218,1.2811778783798218,0.001062286552041769,0.006562075577676296,1.2811778783798218,,,,,,,,,,,,,,,,,,,,,,,,,,,,,,,,,,,,,,,,,,,,,,,,,,,,,,,,,,,,,,,,,,,,,,,,
0.0009602921742994936,215,,,,,,,,,,,,,,,,,,,,,,,,,,,,,,,,,,,,,,,,,,,,,,,,,,,,,,,,,,,,,,,,,,,,,,,,,,,,,,,,,,,
,215,2.7897653579711914,2.796332836151123,0.0010746392654255033,0.012442591600120068,2.796332836151123,215,,,,,,,,,,,,,,,,,,,,,,,,,,,,,,,,,,,,,,,,,,,,,,,,,,,,,,,,,,,,,,,,,,,,,,,,,,,,,
,215,,,,,,215,2.7897653579711914,2.796332836151123,0.0010746392654255033,0.012442591600120068,2.796332836151123,,,,,,,,,,,,,,,,,,,,,,,,,,,,,,,,,,,,,,,,,,,,,,,,,,,,,,,,,,,,,,,,,,,,,,,,
0.0009596081019579892,216,,,,,,,,,,,,,,,,,,,,,,,,,,,,,,,,,,,,,,,,,,,,,,,,,,,,,,,,,,,,,,,,,,,,,,,,,,,,,,,,,,,
,216,1.2861294746398926,1.2826744318008423,0.001086565782316029,0.006905530113726854,1.2826744318008423,216,,,,,,,,,,,,,,,,,,,,,,,,,,,,,,,,,,,,,,,,,,,,,,,,,,,,,,,,,,,,,,,,,,,,,,,,,,,,,
,216,,,,,,216,1.2861294746398926,1.2826744318008423,0.001086565782316029,0.006905530113726854,1.2826744318008423,,,,,,,,,,,,,,,,,,,,,,,,,,,,,,,,,,,,,,,,,,,,,,,,,,,,,,,,,,,,,,,,,,,,,,,,
0.0009589184355291481,217,,,,,,,,,,,,,,,,,,,,,,,,,,,,,,,,,,,,,,,,,,,,,,,,,,,,,,,,,,,,,,,,,,,,,,,,,,,,,,,,,,,
,217,1.484224796295166,1.484224796295166,0.0010981200030073524,0.009169286116957664,1.484224796295166,217,,,,,,,,,,,,,,,,,,,,,,,,,,,,,,,,,,,,,,,,,,,,,,,,,,,,,,,,,,,,,,,,,,,,,,,,,,,,,
,217,,,,,,217,1.484224796295166,1.484224796295166,0.0010981200030073524,0.009169286116957664,1.484224796295166,,,,,,,,,,,,,,,,,,,,,,,,,,,,,,,,,,,,,,,,,,,,,,,,,,,,,,,,,,,,,,,,,,,,,,,,
0.0009582231834163383,218,,,,,,,,,,,,,,,,,,,,,,,,,,,,,,,,,,,,,,,,,,,,,,,,,,,,,,,,,,,,,,,,,,,,,,,,,,,,,,,,,,,
,218,1.1056151390075684,1.1043962240219116,0.0011098792310804129,0.0048922100104391575,1.1043962240219116,218,,,,,,,,,,,,,,,,,,,,,,,,,,,,,,,,,,,,,,,,,,,,,,,,,,,,,,,,,,,,,,,,,,,,,,,,,,,,,
,218,,,,,,218,1.1056151390075684,1.1043962240219116,0.0011098792310804129,0.0048922100104391575,1.1043962240219116,,,,,,,,,,,,,,,,,,,,,,,,,,,,,,,,,,,,,,,,,,,,,,,,,,,,,,,,,,,,,,,,,,,,,,,,
0.0009575223540909871,219,,,,,,,,,,,,,,,,,,,,,,,,,,,,,,,,,,,,,,,,,,,,,,,,,,,,,,,,,,,,,,,,,,,,,,,,,,,,,,,,,,,
,219,1.4593505859375,1.4538506269454956,0.0011214334517717361,0.006987305358052254,1.4538506269454956,219,,,,,,,,,,,,,,,,,,,,,,,,,,,,,,,,,,,,,,,,,,,,,,,,,,,,,,,,,,,,,,,,,,,,,,,,,,,,,
,219,,,,,,219,1.4593505859375,1.4538506269454956,0.0011214334517717361,0.006987305358052254,1.4538506269454956,,,,,,,,,,,,,,,,,,,,,,,,,,,,,,,,,,,,,,,,,,,,,,,,,,,,,,,,,,,,,,,,,,,,,,,,
0.0009568159560924787,220,,,,,,,,,,,,,,,,,,,,,,,,,,,,,,,,,,,,,,,,,,,,,,,,,,,,,,,,,,,,,,,,,,,,,,,,,,,,,,,,,,,
,220,1.0907549858093262,1.0907549858093262,0.001132890465669334,0.010021567344665527,1.0907549858093262,220,,,,,,,,,,,,,,,,,,,,,,,,,,,,,,,,,,,,,,,,,,,,,,,,,,,,,,,,,,,,,,,,,,,,,,,,,,,,,
,220,,,,,,220,1.0907549858093262,1.0907549858093262,0.001132890465669334,0.010021567344665527,1.0907549858093262,,,,,,,,,,,,,,,,,,,,,,,,,,,,,,,,,,,,,,,,,,,,,,,,,,,,,,,,,,,,,,,,,,,,,,,,
0.00095610399802805,221,,,,,,,,,,,,,,,,,,,,,,,,,,,,,,,,,,,,,,,,,,,,,,,,,,,,,,,,,,,,,,,,,,,,,,,,,,,,,,,,,,,
,221,1.4521286487579346,1.4521286487579346,0.0011445666896179318,0.008595217019319534,1.4521286487579346,221,,,,,,,,,,,,,,,,,,,,,,,,,,,,,,,,,,,,,,,,,,,,,,,,,,,,,,,,,,,,,,,,,,,,,,,,,,,,,
,221,,,,,,221,1.4521286487579346,1.4521286487579346,0.0011445666896179318,0.008595217019319534,1.4521286487579346,,,,,,,,,,,,,,,,,,,,,,,,,,,,,,,,,,,,,,,,,,,,,,,,,,,,,,,,,,,,,,,,,,,,,,,,
0.000955386488572685,222,,,,,,,,,,,,,,,,,,,,,,,,,,,,,,,,,,,,,,,,,,,,,,,,,,,,,,,,,,,,,,,,,,,,,,,,,,,,,,,,,,,
,222,1.1546034812927246,1.1546034812927246,0.0011564422165974975,0.00494087440893054,1.1546034812927246,222,,,,,,,,,,,,,,,,,,,,,,,,,,,,,,,,,,,,,,,,,,,,,,,,,,,,,,,,,,,,,,,,,,,,,,,,,,,,,
,222,,,,,,222,1.1546034812927246,1.1546034812927246,0.0011564422165974975,0.00494087440893054,1.1546034812927246,,,,,,,,,,,,,,,,,,,,,,,,,,,,,,,,,,,,,,,,,,,,,,,,,,,,,,,,,,,,,,,,,,,,,,,,
0.0009546634364690105,223,,,,,,,,,,,,,,,,,,,,,,,,,,,,,,,,,,,,,,,,,,,,,,,,,,,,,,,,,,,,,,,,,,,,,,,,,,,,,,,,,,,
,223,1.9015034437179565,1.9015034437179565,0.0011684986529871821,0.008067929185926914,1.9015034437179565,223,,,,,,,,,,,,,,,,,,,,,,,,,,,,,,,,,,,,,,,,,,,,,,,,,,,,,,,,,,,,,,,,,,,,,,,,,,,,,
,223,,,,,,223,1.9015034437179565,1.9015034437179565,0.0011684986529871821,0.008067929185926914,1.9015034437179565,,,,,,,,,,,,,,,,,,,,,,,,,,,,,,,,,,,,,,,,,,,,,,,,,,,,,,,,,,,,,,,,,,,,,,,,
0.0009539348505271876,224,,,,,,,,,,,,,,,,,,,,,,,,,,,,,,,,,,,,,,,,,,,,,,,,,,,,,,,,,,,,,,,,,,,,,,,,,,,,,,,,,,,
,224,1.1982595920562744,1.1982595920562744,0.0011807199334725738,0.005403140559792519,1.1982595920562744,224,,,,,,,,,,,,,,,,,,,,,,,,,,,,,,,,,,,,,,,,,,,,,,,,,,,,,,,,,,,,,,,,,,,,,,,,,,,,,
,224,,,,,,224,1.1982595920562744,1.1982595920562744,0.0011807199334725738,0.005403140559792519,1.1982595920562744,,,,,,,,,,,,,,,,,,,,,,,,,,,,,,,,,,,,,,,,,,,,,,,,,,,,,,,,,,,,,,,,,,,,,,,,
0.0009532007396248064,225,,,,,,,,,,,,,,,,,,,,,,,,,,,,,,,,,,,,,,,,,,,,,,,,,,,,,,,,,,,,,,,,,,,,,,,,,,,,,,,,,,,
,225,1.2660586833953857,1.2668566703796387,0.0011930911568924785,0.006322913803160191,1.2668566703796387,225,,,,,,,,,,,,,,,,,,,,,,,,,,,,,,,,,,,,,,,,,,,,,,,,,,,,,,,,,,,,,,,,,,,,,,,,,,,,,
,225,,,,,,225,1.2660586833953857,1.2668566703796387,0.0011930911568924785,0.006322913803160191,1.2668566703796387,,,,,,,,,,,,,,,,,,,,,,,,,,,,,,,,,,,,,,,,,,,,,,,,,,,,,,,,,,,,,,,,,,,,,,,,
0.0009524611127067765,226,,,,,,,,,,,,,,,,,,,,,,,,,,,,,,,,,,,,,,,,,,,,,,,,,,,,,,,,,,,,,,,,,,,,,,,,,,,,,,,,,,,
,226,1.4571139812469482,1.4571139812469482,0.001205110689625144,0.006181096192449331,1.4571139812469482,226,,,,,,,,,,,,,,,,,,,,,,,,,,,,,,,,,,,,,,,,,,,,,,,,,,,,,,,,,,,,,,,,,,,,,,,,,,,,,
,226,,,,,,226,1.4571139812469482,1.4571139812469482,0.001205110689625144,0.006181096192449331,1.4571139812469482,,,,,,,,,,,,,,,,,,,,,,,,,,,,,,,,,,,,,,,,,,,,,,,,,,,,,,,,,,,,,,,,,,,,,,,,
0.0009517159787852185,227,,,,,,,,,,,,,,,,,,,,,,,,,,,,,,,,,,,,,,,,,,,,,,,,,,,,,,,,,,,,,,,,,,,,,,,,,,,,,,,,,,,
,227,1.0911592245101929,1.0911592245101929,0.0012173028662800789,0.007698569446802139,1.0911592245101929,227,,,,,,,,,,,,,,,,,,,,,,,,,,,,,,,,,,,,,,,,,,,,,,,,,,,,,,,,,,,,,,,,,,,,,,,,,,,,,
,227,,,,,,227,1.0911592245101929,1.0911592245101929,0.0012173028662800789,0.007698569446802139,1.0911592245101929,,,,,,,,,,,,,,,,,,,,,,,,,,,,,,,,,,,,,,,,,,,,,,,,,,,,,,,,,,,,,,,,,,,,,,,,
0.000950965346939354,228,,,,,,,,,,,,,,,,,,,,,,,,,,,,,,,,,,,,,,,,,,,,,,,,,,,,,,,,,,,,,,,,,,,,,,,,,,,,,,,,,,,
,228,1.7940599918365479,1.7849605083465576,0.0012296519707888365,0.016775477677583694,1.7849605083465576,228,,,,,,,,,,,,,,,,,,,,,,,,,,,,,,,,,,,,,,,,,,,,,,,,,,,,,,,,,,,,,,,,,,,,,,,,,,,,,
,228,,,,,,228,1.7940599918365479,1.7849605083465576,0.0012296519707888365,0.016775477677583694,1.7849605083465576,,,,,,,,,,,,,,,,,,,,,,,,,,,,,,,,,,,,,,,,,,,,,,,,,,,,,,,,,,,,,,,,,,,,,,,,
0.0009502092263153953,229,,,,,,,,,,,,,,,,,,,,,,,,,,,,,,,,,,,,,,,,,,,,,,,,,,,,,,,,,,,,,,,,,,,,,,,,,,,,,,,,,,,
,229,1.3297832012176514,1.3239120244979858,0.0012419086415320635,0.007139916997402906,1.3239120244979858,229,,,,,,,,,,,,,,,,,,,,,,,,,,,,,,,,,,,,,,,,,,,,,,,,,,,,,,,,,,,,,,,,,,,,,,,,,,,,,
,229,,,,,,229,1.3297832012176514,1.3239120244979858,0.0012419086415320635,0.007139916997402906,1.3239120244979858,,,,,,,,,,,,,,,,,,,,,,,,,,,,,,,,,,,,,,,,,,,,,,,,,,,,,,,,,,,,,,,,,,,,,,,,
0.0009494476261264335,230,,,,,,,,,,,,,,,,,,,,,,,,,,,,,,,,,,,,,,,,,,,,,,,,,,,,,,,,,,,,,,,,,,,,,,,,,,,,,,,,,,,
,230,1.428458571434021,1.428458571434021,0.0012536848662421107,0.006268925499171019,1.428458571434021,230,,,,,,,,,,,,,,,,,,,,,,,,,,,,,,,,,,,,,,,,,,,,,,,,,,,,,,,,,,,,,,,,,,,,,,,,,,,,,
,230,,,,,,230,1.428458571434021,1.428458571434021,0.0012536848662421107,0.006268925499171019,1.428458571434021,,,,,,,,,,,,,,,,,,,,,,,,,,,,,,,,,,,,,,,,,,,,,,,,,,,,,,,,,,,,,,,,,,,,,,,,
0.0009486805556523267,231,,,,,,,,,,,,,,,,,,,,,,,,,,,,,,,,,,,,,,,,,,,,,,,,,,,,,,,,,,,,,,,,,,,,,,,,,,,,,,,,,,,
,231,1.511192798614502,1.511192798614502,0.0012656631879508495,0.007347919978201389,1.511192798614502,231,,,,,,,,,,,,,,,,,,,,,,,,,,,,,,,,,,,,,,,,,,,,,,,,,,,,,,,,,,,,,,,,,,,,,,,,,,,,,
,231,,,,,,231,1.511192798614502,1.511192798614502,0.0012656631879508495,0.007347919978201389,1.511192798614502,,,,,,,,,,,,,,,,,,,,,,,,,,,,,,,,,,,,,,,,,,,,,,,,,,,,,,,,,,,,,,,,,,,,,,,,
0.0009479080242395865,232,,,,,,,,,,,,,,,,,,,,,,,,,,,,,,,,,,,,,,,,,,,,,,,,,,,,,,,,,,,,,,,,,,,,,,,,,,,,,,,,,,,
,232,1.0269488096237183,1.0269488096237183,0.001277825329452753,0.004369132220745087,1.0269488096237183,232,,,,,,,,,,,,,,,,,,,,,,,,,,,,,,,,,,,,,,,,,,,,,,,,,,,,,,,,,,,,,,,,,,,,,,,,,,,,,
,232,,,,,,232,1.0269488096237183,1.0269488096237183,0.001277825329452753,0.004369132220745087,1.0269488096237183,,,,,,,,,,,,,,,,,,,,,,,,,,,,,,,,,,,,,,,,,,,,,,,,,,,,,,,,,,,,,,,,,,,,,,,,
0.0009471300413012642,233,,,,,,,,,,,,,,,,,,,,,,,,,,,,,,,,,,,,,,,,,,,,,,,,,,,,,,,,,,,,,,,,,,,,,,,,,,,,,,,,,,,
,233,1.7404121160507202,1.7404121160507202,0.0012901542941108346,0.0074618905782699585,1.7404121160507202,233,,,,,,,,,,,,,,,,,,,,,,,,,,,,,,,,,,,,,,,,,,,,,,,,,,,,,,,,,,,,,,,,,,,,,,,,,,,,,
,233,,,,,,233,1.7404121160507202,1.7404121160507202,0.0012901542941108346,0.0074618905782699585,1.7404121160507202,,,,,,,,,,,,,,,,,,,,,,,,,,,,,,,,,,,,,,,,,,,,,,,,,,,,,,,,,,,,,,,,,,,,,,,,
0.0009463466163168365,234,,,,,,,,,,,,,,,,,,,,,,,,,,,,,,,,,,,,,,,,,,,,,,,,,,,,,,,,,,,,,,,,,,,,,,,,,,,,,,,,,,,
,234,1.1168893575668335,1.1168893575668335,0.0013026348315179348,0.004808796104043722,1.1168893575668335,234,,,,,,,,,,,,,,,,,,,,,,,,,,,,,,,,,,,,,,,,,,,,,,,,,,,,,,,,,,,,,,,,,,,,,,,,,,,,,
,234,,,,,,234,1.1168893575668335,1.1168893575668335,0.0013026348315179348,0.004808796104043722,1.1168893575668335,,,,,,,,,,,,,,,,,,,,,,,,,,,,,,,,,,,,,,,,,,,,,,,,,,,,,,,,,,,,,,,,,,,,,,,,
0.0009455577588320895,235,,,,,,,,,,,,,,,,,,,,,,,,,,,,,,,,,,,,,,,,,,,,,,,,,,,,,,,,,,,,,,,,,,,,,,,,,,,,,,,,,,,
,235,1.3735040426254272,1.3735040426254272,0.0013152534374967217,0.010528352111577988,1.3735040426254272,235,,,,,,,,,,,,,,,,,,,,,,,,,,,,,,,,,,,,,,,,,,,,,,,,,,,,,,,,,,,,,,,,,,,,,,,,,,,,,
,235,,,,,,235,1.3735040426254272,1.3735040426254272,0.0013152534374967217,0.010528352111577988,1.3735040426254272,,,,,,,,,,,,,,,,,,,,,,,,,,,,,,,,,,,,,,,,,,,,,,,,,,,,,,,,,,,,,,,,,,,,,,,,
0.0009447634784590029,236,,,,,,,,,,,,,,,,,,,,,,,,,,,,,,,,,,,,,,,,,,,,,,,,,,,,,,,,,,,,,,,,,,,,,,,,,,,,,,,,,,,
,236,1.0478675365447998,1.0478675365447998,0.0013279977720230818,0.004468732979148626,1.0478675365447998,236,,,,,,,,,,,,,,,,,,,,,,,,,,,,,,,,,,,,,,,,,,,,,,,,,,,,,,,,,,,,,,,,,,,,,,,,,,,,,
,236,,,,,,236,1.0478675365447998,1.0478675365447998,0.0013279977720230818,0.004468732979148626,1.0478675365447998,,,,,,,,,,,,,,,,,,,,,,,,,,,,,,,,,,,,,,,,,,,,,,,,,,,,,,,,,,,,,,,,,,,,,,,,
0.0009439637848756322,237,,,,,,,,,,,,,,,,,,,,,,,,,,,,,,,,,,,,,,,,,,,,,,,,,,,,,,,,,,,,,,,,,,,,,,,,,,,,,,,,,,,
,237,1.0976300239562988,1.0976300239562988,0.0013408565428107977,0.014717030338943005,1.0976300239562988,237,,,,,,,,,,,,,,,,,,,,,,,,,,,,,,,,,,,,,,,,,,,,,,,,,,,,,,,,,,,,,,,,,,,,,,,,,,,,,
,237,,,,,,237,1.0976300239562988,1.0976300239562988,0.0013408565428107977,0.014717030338943005,1.0976300239562988,,,,,,,,,,,,,,,,,,,,,,,,,,,,,,,,,,,,,,,,,,,,,,,,,,,,,,,,,,,,,,,,,,,,,,,,
0.0009431586878259915,238,,,,,,,,,,,,,,,,,,,,,,,,,,,,,,,,,,,,,,,,,,,,,,,,,,,,,,,,,,,,,,,,,,,,,,,,,,,,,,,,,,,
,238,1.2024496793746948,1.2024496793746948,0.0013538197381421924,0.010103470645844936,1.2024496793746948,238,,,,,,,,,,,,,,,,,,,,,,,,,,,,,,,,,,,,,,,,,,,,,,,,,,,,,,,,,,,,,,,,,,,,,,,,,,,,,
,238,,,,,,238,1.2024496793746948,1.2024496793746948,0.0013538197381421924,0.010103470645844936,1.2024496793746948,,,,,,,,,,,,,,,,,,,,,,,,,,,,,,,,,,,,,,,,,,,,,,,,,,,,,,,,,,,,,,,,,,,,,,,,
0.0009423481971199342,239,,,,,,,,,,,,,,,,,,,,,,,,,,,,,,,,,,,,,,,,,,,,,,,,,,,,,,,,,,,,,,,,,,,,,,,,,,,,,,,,,,,
,239,1.1972908973693848,1.1937425136566162,0.0013668783940374851,0.013615754432976246,1.1937425136566162,239,,,,,,,,,,,,,,,,,,,,,,,,,,,,,,,,,,,,,,,,,,,,,,,,,,,,,,,,,,,,,,,,,,,,,,,,,,,,,
,239,,,,,,239,1.1972908973693848,1.1937425136566162,0.0013668783940374851,0.013615754432976246,1.1937425136566162,,,,,,,,,,,,,,,,,,,,,,,,,,,,,,,,,,,,,,,,,,,,,,,,,,,,,,,,,,,,,,,,,,,,,,,,
0.0009415323226330338,240,,,,,,,,,,,,,,,,,,,,,,,,,,,,,,,,,,,,,,,,,,,,,,,,,,,,,,,,,,,,,,,,,,,,,,,,,,,,,,,,,,,
,240,1.1267120838165283,1.1267120838165283,0.0013795371633023024,0.005085729993879795,1.1267120838165283,240,,,,,,,,,,,,,,,,,,,,,,,,,,,,,,,,,,,,,,,,,,,,,,,,,,,,,,,,,,,,,,,,,,,,,,,,,,,,,
,240,,,,,,240,1.1267120838165283,1.1267120838165283,0.0013795371633023024,0.005085729993879795,1.1267120838165283,,,,,,,,,,,,,,,,,,,,,,,,,,,,,,,,,,,,,,,,,,,,,,,,,,,,,,,,,,,,,,,,,,,,,,,,
0.0009407110743064634,241,,,,,,,,,,,,,,,,,,,,,,,,,,,,,,,,,,,,,,,,,,,,,,,,,,,,,,,,,,,,,,,,,,,,,,,,,,,,,,,,,,,
,241,1.075763463973999,1.0751287937164307,0.001392323523759842,0.005230718292295933,1.0751287937164307,241,,,,,,,,,,,,,,,,,,,,,,,,,,,,,,,,,,,,,,,,,,,,,,,,,,,,,,,,,,,,,,,,,,,,,,,,,,,,,
,241,,,,,,241,1.075763463973999,1.0751287937164307,0.001392323523759842,0.005230718292295933,1.0751287937164307,,,,,,,,,,,,,,,,,,,,,,,,,,,,,,,,,,,,,,,,,,,,,,,,,,,,,,,,,,,,,,,,,,,,,,,,
0.0009398844621468747,242,,,,,,,,,,,,,,,,,,,,,,,,,,,,,,,,,,,,,,,,,,,,,,,,,,,,,,,,,,,,,,,,,,,,,,,,,,,,,,,,,,,
,242,1.2626112699508667,1.2626112699508667,0.0014042810071259737,0.006548518780618906,1.2626112699508667,242,,,,,,,,,,,,,,,,,,,,,,,,,,,,,,,,,,,,,,,,,,,,,,,,,,,,,,,,,,,,,,,,,,,,,,,,,,,,,
,242,,,,,,242,1.2626112699508667,1.2626112699508667,0.0014042810071259737,0.006548518780618906,1.2626112699508667,,,,,,,,,,,,,,,,,,,,,,,,,,,,,,,,,,,,,,,,,,,,,,,,,,,,,,,,,,,,,,,,,,,,,,,,
0.000939052496226276,243,,,,,,,,,,,,,,,,,,,,,,,,,,,,,,,,,,,,,,,,,,,,,,,,,,,,,,,,,,,,,,,,,,,,,,,,,,,,,,,,,,,
,243,0.9828600883483887,0.9828600883483887,0.0014164374442771077,0.004398065153509378,0.9828600883483887,243,,,,,,,,,,,,,,,,,,,,,,,,,,,,,,,,,,,,,,,,,,,,,,,,,,,,,,,,,,,,,,,,,,,,,,,,,,,,,
,243,,,,,,243,0.9828600883483887,0.9828600883483887,0.0014164374442771077,0.004398065153509378,0.9828600883483887,,,,,,,,,,,,,,,,,,,,,,,,,,,,,,,,,,,,,,,,,,,,,,,,,,,,,,,,,,,,,,,,,,,,,,,,
0.0009382151866819096,244,,,,,,,,,,,,,,,,,,,,,,,,,,,,,,,,,,,,,,,,,,,,,,,,,,,,,,,,,,,,,,,,,,,,,,,,,,,,,,,,,,,
,244,1.1449618339538574,1.1449618339538574,0.0014260107418522239,0.008909429423511028,1.1449618339538574,244,,,,,,,,,,,,,,,,,,,,,,,,,,,,,,,,,,,,,,,,,,,,,,,,,,,,,,,,,,,,,,,,,,,,,,,,,,,,,
,244,,,,,,244,1.1449618339538574,1.1449618339538574,0.0014260107418522239,0.008909429423511028,1.1449618339538574,,,,,,,,,,,,,,,,,,,,,,,,,,,,,,,,,,,,,,,,,,,,,,,,,,,,,,,,,,,,,,,,,,,,,,,,
0.000937372543716128,245,,,,,,,,,,,,,,,,,,,,,,,,,,,,,,,,,,,,,,,,,,,,,,,,,,,,,,,,,,,,,,,,,,,,,,,,,,,,,,,,,,,
,245,1.1190598011016846,1.1198928356170654,0.0014360207132995129,0.00692698685452342,1.1198928356170654,245,,,,,,,,,,,,,,,,,,,,,,,,,,,,,,,,,,,,,,,,,,,,,,,,,,,,,,,,,,,,,,,,,,,,,,,,,,,,,
,245,,,,,,245,1.1190598011016846,1.1198928356170654,0.0014360207132995129,0.00692698685452342,1.1198928356170654,,,,,,,,,,,,,,,,,,,,,,,,,,,,,,,,,,,,,,,,,,,,,,,,,,,,,,,,,,,,,,,,,,,,,,,,
0.0009365245775962696,246,,,,,,,,,,,,,,,,,,,,,,,,,,,,,,,,,,,,,,,,,,,,,,,,,,,,,,,,,,,,,,,,,,,,,,,,,,,,,,,,,,,
,246,1.1261659860610962,1.1261659860610962,0.0014452774776145816,0.010861523449420929,1.1261659860610962,246,,,,,,,,,,,,,,,,,,,,,,,,,,,,,,,,,,,,,,,,,,,,,,,,,,,,,,,,,,,,,,,,,,,,,,,,,,,,,
,246,,,,,,246,1.1261659860610962,1.1261659860610962,0.0014452774776145816,0.010861523449420929,1.1261659860610962,,,,,,,,,,,,,,,,,,,,,,,,,,,,,,,,,,,,,,,,,,,,,,,,,,,,,,,,,,,,,,,,,,,,,,,,
0.0009356712986545343,247,,,,,,,,,,,,,,,,,,,,,,,,,,,,,,,,,,,,,,,,,,,,,,,,,,,,,,,,,,,,,,,,,,,,,,,,,,,,,,,,,,,
,247,1.1853779554367065,1.1853779554367065,0.001455004676245153,0.00886457972228527,1.1853779554367065,247,,,,,,,,,,,,,,,,,,,,,,,,,,,,,,,,,,,,,,,,,,,,,,,,,,,,,,,,,,,,,,,,,,,,,,,,,,,,,
,247,,,,,,247,1.1853779554367065,1.1853779554367065,0.001455004676245153,0.00886457972228527,1.1853779554367065,,,,,,,,,,,,,,,,,,,,,,,,,,,,,,,,,,,,,,,,,,,,,,,,,,,,,,,,,,,,,,,,,,,,,,,,
0.0009348127172878566,248,,,,,,,,,,,,,,,,,,,,,,,,,,,,,,,,,,,,,,,,,,,,,,,,,,,,,,,,,,,,,,,,,,,,,,,,,,,,,,,,,,,
,248,1.3707504272460938,1.3707504272460938,0.0014651566743850708,0.005820875521749258,1.3707504272460938,248,,,,,,,,,,,,,,,,,,,,,,,,,,,,,,,,,,,,,,,,,,,,,,,,,,,,,,,,,,,,,,,,,,,,,,,,,,,,,
,248,,,,,,248,1.3707504272460938,1.3707504272460938,0.0014651566743850708,0.005820875521749258,1.3707504272460938,,,,,,,,,,,,,,,,,,,,,,,,,,,,,,,,,,,,,,,,,,,,,,,,,,,,,,,,,,,,,,,,,,,,,,,,
0.0009339488439577795,249,,,,,,,,,,,,,,,,,,,,,,,,,,,,,,,,,,,,,,,,,,,,,,,,,,,,,,,,,,,,,,,,,,,,,,,,,,,,,,,,,,,
,249,1.1449178457260132,1.1449178457260132,0.001475692493841052,0.016320323571562767,1.1449178457260132,249,,,,,,,,,,,,,,,,,,,,,,,,,,,,,,,,,,,,,,,,,,,,,,,,,,,,,,,,,,,,,,,,,,,,,,,,,,,,,
,249,,,,,,249,,,,,,1.1154245138168335,1.1154245138168335,0.0014865753473713994,0.007855348289012909,1.1154245138168335,1.0112965106964111,1.0112965106964111,0.0014865753473713994,0.02739257737994194,1.0112965106964111,-0.06549929082393646,0.31860339641571045,0.4114844799041748,0.1683173030614853,0.10393816977739334,0.057031843811273575,0.038453761488199234,0.02288832701742649,0.0023663612082600594,0.06549929082393646,0.828438937664032,0.534949779510498,0.3757608234882355,0.31106871366500854,0.2547597587108612,0.16182565689086914,0.41113394498825073,0.17439620196819305,0.11426259577274323,0.0630008727312088,0.04203352332115173,0.024530772119760513,0.002395724644884467,0.07010328024625778,46.96735763549805,45.6212272644043,74.04214477539062,113.99087524414062,224.48548889160156,9496.6435546875,1666.95849609375,-0.06837135553359985,0.3076392710208893,0.39900052547454834,0.1655818223953247,0.10136385262012482,0.0626666247844696,0.0464094877243042,0.030724765732884407,0.0034815738908946514,0.06837135553359985,0.8271905779838562,0.5033150315284729,0.38292157649993896,0.3456924855709076,0.31323662400245667,0.2199169099330902,0.43204551935195923,0.1715148538351059,0.11263008415699005,0.06970605254173279,0.05087874084711075,0.032943982630968094,0.0035251080989837646,0.07353314012289047,48.412418365478516,41.564266204833984,62.809852600097656,96.08512878417969,188.16636657714844,8100.6796875,1422.9530029296875
,249,,,,,,249,1.1449178457260132,1.1449178457260132,0.001475692493841052,0.016320323571562767,1.1449178457260132,,,,,,,,,,,,,,,,,,,,,,,,,,,,,,,,,,,,,,,,,,,,,,,,,,,,,,,,,,,,,,,,,,,,,,,,
0.000933079689190327,250,,,,,,,,,,,,,,,,,,,,,,,,,,,,,,,,,,,,,,,,,,,,,,,,,,,,,,,,,,,,,,,,,,,,,,,,,,,,,,,,,,,
,250,1.0077265501022339,1.0077265501022339,0.0014865753473713994,0.010136286728084087,1.0077265501022339,250,,,,,,,,,,,,,,,,,,,,,,,,,,,,,,,,,,,,,,,,,,,,,,,,,,,,,,,,,,,,,,,,,,,,,,,,,,,,,
,250,,,,,,250,1.0077265501022339,1.0077265501022339,0.0014865753473713994,0.010136286728084087,1.0077265501022339,,,,,,,,,,,,,,,,,,,,,,,,,,,,,,,,,,,,,,,,,,,,,,,,,,,,,,,,,,,,,,,,,,,,,,,,
0.0009322052635758753,251,,,,,,,,,,,,,,,,,,,,,,,,,,,,,,,,,,,,,,,,,,,,,,,,,,,,,,,,,,,,,,,,,,,,,,,,,,,,,,,,,,,
,251,1.8391239643096924,1.8391239643096924,0.0014977718237787485,0.010462003760039806,1.8391239643096924,251,,,,,,,,,,,,,,,,,,,,,,,,,,,,,,,,,,,,,,,,,,,,,,,,,,,,,,,,,,,,,,,,,,,,,,,,,,,,,
,251,,,,,,251,1.8391239643096924,1.8391239643096924,0.0014977718237787485,0.010462003760039806,1.8391239643096924,,,,,,,,,,,,,,,,,,,,,,,,,,,,,,,,,,,,,,,,,,,,,,,,,,,,,,,,,,,,,,,,,,,,,,,,
0.0009313255777690249,252,,,,,,,,,,,,,,,,,,,,,,,,,,,,,,,,,,,,,,,,,,,,,,,,,,,,,,,,,,,,,,,,,,,,,,,,,,,,,,,,,,,
,252,1.0168583393096924,1.0167245864868164,0.0015092521207407117,0.004314450081437826,1.0167245864868164,252,,,,,,,,,,,,,,,,,,,,,,,,,,,,,,,,,,,,,,,,,,,,,,,,,,,,,,,,,,,,,,,,,,,,,,,,,,,,,
,252,,,,,,252,1.0168583393096924,1.0167245864868164,0.0015092521207407117,0.004314450081437826,1.0167245864868164,,,,,,,,,,,,,,,,,,,,,,,,,,,,,,,,,,,,,,,,,,,,,,,,,,,,,,,,,,,,,,,,,,,,,,,,
0.0009304406424884697,253,,,,,,,,,,,,,,,,,,,,,,,,,,,,,,,,,,,,,,,,,,,,,,,,,,,,,,,,,,,,,,,,,,,,,,,,,,,,,,,,,,,
,253,1.1280686855316162,1.1280686855316162,0.0015196256572380662,0.006270125973969698,1.1280686855316162,253,,,,,,,,,,,,,,,,,,,,,,,,,,,,,,,,,,,,,,,,,,,,,,,,,,,,,,,,,,,,,,,,,,,,,,,,,,,,,
,253,,,,,,253,1.1280686855316162,1.1280686855316162,0.0015196256572380662,0.006270125973969698,1.1280686855316162,,,,,,,,,,,,,,,,,,,,,,,,,,,,,,,,,,,,,,,,,,,,,,,,,,,,,,,,,,,,,,,,,,,,,,,,
0.0009295504685168667,254,,,,,,,,,,,,,,,,,,,,,,,,,,,,,,,,,,,,,,,,,,,,,,,,,,,,,,,,,,,,,,,,,,,,,,,,,,,,,,,,,,,
,254,1.1448094844818115,1.1448094844818115,0.0015303659019991755,0.01591295748949051,1.1448094844818115,254,,,,,,,,,,,,,,,,,,,,,,,,,,,,,,,,,,,,,,,,,,,,,,,,,,,,,,,,,,,,,,,,,,,,,,,,,,,,,
,254,,,,,,254,1.1448094844818115,1.1448094844818115,0.0015303659019991755,0.01591295748949051,1.1448094844818115,,,,,,,,,,,,,,,,,,,,,,,,,,,,,,,,,,,,,,,,,,,,,,,,,,,,,,,,,,,,,,,,,,,,,,,,
0.0009286550667007049,255,,,,,,,,,,,,,,,,,,,,,,,,,,,,,,,,,,,,,,,,,,,,,,,,,,,,,,,,,,,,,,,,,,,,,,,,,,,,,,,,,,,
,255,1.1900277137756348,1.1900277137756348,0.0015414380468428135,0.00531859090551734,1.1900277137756348,255,,,,,,,,,,,,,,,,,,,,,,,,,,,,,,,,,,,,,,,,,,,,,,,,,,,,,,,,,,,,,,,,,,,,,,,,,,,,,
,255,,,,,,255,1.1900277137756348,1.1900277137756348,0.0015414380468428135,0.00531859090551734,1.1900277137756348,,,,,,,,,,,,,,,,,,,,,,,,,,,,,,,,,,,,,,,,,,,,,,,,,,,,,,,,,,,,,,,,,,,,,,,,
0.0009277544479501729,256,,,,,,,,,,,,,,,,,,,,,,,,,,,,,,,,,,,,,,,,,,,,,,,,,,,,,,,,,,,,,,,,,,,,,,,,,,,,,,,,,,,
,256,1.175004005432129,1.175004005432129,0.001552809844724834,0.005563077516853809,1.175004005432129,256,,,,,,,,,,,,,,,,,,,,,,,,,,,,,,,,,,,,,,,,,,,,,,,,,,,,,,,,,,,,,,,,,,,,,,,,,,,,,
,256,,,,,,256,1.175004005432129,1.175004005432129,0.001552809844724834,0.005563077516853809,1.175004005432129,,,,,,,,,,,,,,,,,,,,,,,,,,,,,,,,,,,,,,,,,,,,,,,,,,,,,,,,,,,,,,,,,,,,,,,,
0.0009268486232390258,257,,,,,,,,,,,,,,,,,,,,,,,,,,,,,,,,,,,,,,,,,,,,,,,,,,,,,,,,,,,,,,,,,,,,,,,,,,,,,,,,,,,
,257,0.9772445559501648,0.9772445559501648,0.0015644525410607457,0.007512009236961603,0.9772445559501648,257,,,,,,,,,,,,,,,,,,,,,,,,,,,,,,,,,,,,,,,,,,,,,,,,,,,,,,,,,,,,,,,,,,,,,,,,,,,,,
,257,,,,,,257,0.9772445559501648,0.9772445559501648,0.0015644525410607457,0.007512009236961603,0.9772445559501648,,,,,,,,,,,,,,,,,,,,,,,,,,,,,,,,,,,,,,,,,,,,,,,,,,,,,,,,,,,,,,,,,,,,,,,,
0.0009259376036044521,258,,,,,,,,,,,,,,,,,,,,,,,,,,,,,,,,,,,,,,,,,,,,,,,,,,,,,,,,,,,,,,,,,,,,,,,,,,,,,,,,,,,
,258,1.057591438293457,1.0577696561813354,0.0015735444612801075,0.00456360075622797,1.0577696561813354,258,,,,,,,,,,,,,,,,,,,,,,,,,,,,,,,,,,,,,,,,,,,,,,,,,,,,,,,,,,,,,,,,,,,,,,,,,,,,,
,258,,,,,,258,1.057591438293457,1.0577696561813354,0.0015735444612801075,0.00456360075622797,1.0577696561813354,,,,,,,,,,,,,,,,,,,,,,,,,,,,,,,,,,,,,,,,,,,,,,,,,,,,,,,,,,,,,,,,,,,,,,,,
0.0009250214001469383,259,,,,,,,,,,,,,,,,,,,,,,,,,,,,,,,,,,,,,,,,,,,,,,,,,,,,,,,,,,,,,,,,,,,,,,,,,,,,,,,,,,,
,259,1.0270482301712036,1.0267858505249023,0.0015820000553503633,0.004566203337162733,1.0267858505249023,259,,,,,,,,,,,,,,,,,,,,,,,,,,,,,,,,,,,,,,,,,,,,,,,,,,,,,,,,,,,,,,,,,,,,,,,,,,,,,
,259,,,,,,259,1.0270482301712036,1.0267858505249023,0.0015820000553503633,0.004566203337162733,1.0267858505249023,,,,,,,,,,,,,,,,,,,,,,,,,,,,,,,,,,,,,,,,,,,,,,,,,,,,,,,,,,,,,,,,,,,,,,,,
0.0009241000240301344,260,,,,,,,,,,,,,,,,,,,,,,,,,,,,,,,,,,,,,,,,,,,,,,,,,,,,,,,,,,,,,,,,,,,,,,,,,,,,,,,,,,,
,260,1.041933536529541,1.041933536529541,0.0015897916164249182,0.008124236948788166,1.041933536529541,260,,,,,,,,,,,,,,,,,,,,,,,,,,,,,,,,,,,,,,,,,,,,,,,,,,,,,,,,,,,,,,,,,,,,,,,,,,,,,
,260,,,,,,260,1.041933536529541,1.041933536529541,0.0015897916164249182,0.008124236948788166,1.041933536529541,,,,,,,,,,,,,,,,,,,,,,,,,,,,,,,,,,,,,,,,,,,,,,,,,,,,,,,,,,,,,,,,,,,,,,,,
0.0009231734864807179,261,,,,,,,,,,,,,,,,,,,,,,,,,,,,,,,,,,,,,,,,,,,,,,,,,,,,,,,,,,,,,,,,,,,,,,,,,,,,,,,,,,,
,261,1.059988021850586,1.059988021850586,0.0015982115874066949,0.005590459331870079,1.059988021850586,261,,,,,,,,,,,,,,,,,,,,,,,,,,,,,,,,,,,,,,,,,,,,,,,,,,,,,,,,,,,,,,,,,,,,,,,,,,,,,
,261,,,,,,261,1.059988021850586,1.059988021850586,0.0015982115874066949,0.005590459331870079,1.059988021850586,,,,,,,,,,,,,,,,,,,,,,,,,,,,,,,,,,,,,,,,,,,,,,,,,,,,,,,,,,,,,,,,,,,,,,,,
0.0009222417987882562,262,,,,,,,,,,,,,,,,,,,,,,,,,,,,,,,,,,,,,,,,,,,,,,,,,,,,,,,,,,,,,,,,,,,,,,,,,,,,,,,,,,,
,262,0.9917745590209961,0.9917745590209961,0.0016071986174210906,0.005705437157303095,0.9917745590209961,262,,,,,,,,,,,,,,,,,,,,,,,,,,,,,,,,,,,,,,,,,,,,,,,,,,,,,,,,,,,,,,,,,,,,,,,,,,,,,
,262,,,,,,262,0.9917745590209961,0.9917745590209961,0.0016071986174210906,0.005705437157303095,0.9917745590209961,,,,,,,,,,,,,,,,,,,,,,,,,,,,,,,,,,,,,,,,,,,,,,,,,,,,,,,,,,,,,,,,,,,,,,,,
0.0009213049723050699,263,,,,,,,,,,,,,,,,,,,,,,,,,,,,,,,,,,,,,,,,,,,,,,,,,,,,,,,,,,,,,,,,,,,,,,,,,,,,,,,,,,,
,263,1.2162790298461914,1.2123873233795166,0.0016138923820108175,0.010722833685576916,1.2123873233795166,263,,,,,,,,,,,,,,,,,,,,,,,,,,,,,,,,,,,,,,,,,,,,,,,,,,,,,,,,,,,,,,,,,,,,,,,,,,,,,
,263,,,,,,263,1.2162790298461914,1.2123873233795166,0.0016138923820108175,0.010722833685576916,1.2123873233795166,,,,,,,,,,,,,,,,,,,,,,,,,,,,,,,,,,,,,,,,,,,,,,,,,,,,,,,,,,,,,,,,,,,,,,,,
0.000920363018446094,264,,,,,,,,,,,,,,,,,,,,,,,,,,,,,,,,,,,,,,,,,,,,,,,,,,,,,,,,,,,,,,,,,,,,,,,,,,,,,,,,,,,
,264,1.2834205627441406,1.2834205627441406,0.0016206888249143958,0.008770817890763283,1.2834205627441406,264,,,,,,,,,,,,,,,,,,,,,,,,,,,,,,,,,,,,,,,,,,,,,,,,,,,,,,,,,,,,,,,,,,,,,,,,,,,,,
,264,,,,,,264,1.2834205627441406,1.2834205627441406,0.0016206888249143958,0.008770817890763283,1.2834205627441406,,,,,,,,,,,,,,,,,,,,,,,,,,,,,,,,,,,,,,,,,,,,,,,,,,,,,,,,,,,,,,,,,,,,,,,,
0.0009194159486887389,265,,,,,,,,,,,,,,,,,,,,,,,,,,,,,,,,,,,,,,,,,,,,,,,,,,,,,,,,,,,,,,,,,,,,,,,,,,,,,,,,,,,
,265,0.9604400396347046,0.9603639841079712,0.001628215773962438,0.006235970184206963,0.9603639841079712,265,,,,,,,,,,,,,,,,,,,,,,,,,,,,,,,,,,,,,,,,,,,,,,,,,,,,,,,,,,,,,,,,,,,,,,,,,,,,,
,265,,,,,,265,0.9604400396347046,0.9603639841079712,0.001628215773962438,0.006235970184206963,0.9603639841079712,,,,,,,,,,,,,,,,,,,,,,,,,,,,,,,,,,,,,,,,,,,,,,,,,,,,,,,,,,,,,,,,,,,,,,,,
0.0009184637745727509,266,,,,,,,,,,,,,,,,,,,,,,,,,,,,,,,,,,,,,,,,,,,,,,,,,,,,,,,,,,,,,,,,,,,,,,,,,,,,,,,,,,,
,266,1.339809775352478,1.339809775352478,0.0016345122130587697,0.01188605185598135,1.339809775352478,266,,,,,,,,,,,,,,,,,,,,,,,,,,,,,,,,,,,,,,,,,,,,,,,,,,,,,,,,,,,,,,,,,,,,,,,,,,,,,
,266,,,,,,266,1.339809775352478,1.339809775352478,0.0016345122130587697,0.01188605185598135,1.339809775352478,,,,,,,,,,,,,,,,,,,,,,,,,,,,,,,,,,,,,,,,,,,,,,,,,,,,,,,,,,,,,,,,,,,,,,,,
0.0009175065077000711,267,,,,,,,,,,,,,,,,,,,,,,,,,,,,,,,,,,,,,,,,,,,,,,,,,,,,,,,,,,,,,,,,,,,,,,,,,,,,,,,,,,,
,267,1.0381205081939697,1.0381205081939697,0.0016415901482105255,0.006443688180297613,1.0381205081939697,267,,,,,,,,,,,,,,,,,,,,,,,,,,,,,,,,,,,,,,,,,,,,,,,,,,,,,,,,,,,,,,,,,,,,,,,,,,,,,
,267,,,,,,267,1.0381205081939697,1.0381205081939697,0.0016415901482105255,0.006443688180297613,1.0381205081939697,,,,,,,,,,,,,,,,,,,,,,,,,,,,,,,,,,,,,,,,,,,,,,,,,,,,,,,,,,,,,,,,,,,,,,,,
0.0009165441597346943,268,,,,,,,,,,,,,,,,,,,,,,,,,,,,,,,,,,,,,,,,,,,,,,,,,,,,,,,,,,,,,,,,,,,,,,,,,,,,,,,,,,,
,268,1.1337203979492188,1.1337203979492188,0.001649372628889978,0.0072730849497020245,1.1337203979492188,268,,,,,,,,,,,,,,,,,,,,,,,,,,,,,,,,,,,,,,,,,,,,,,,,,,,,,,,,,,,,,,,,,,,,,,,,,,,,,
,268,,,,,,268,1.1337203979492188,1.1337203979492188,0.001649372628889978,0.0072730849497020245,1.1337203979492188,,,,,,,,,,,,,,,,,,,,,,,,,,,,,,,,,,,,,,,,,,,,,,,,,,,,,,,,,,,,,,,,,,,,,,,,
0.0009155767424025265,269,,,,,,,,,,,,,,,,,,,,,,,,,,,,,,,,,,,,,,,,,,,,,,,,,,,,,,,,,,,,,,,,,,,,,,,,,,,,,,,,,,,
,269,0.8837043046951294,0.8837043046951294,0.0016577907372266054,0.0037546867970377207,0.8837043046951294,269,,,,,,,,,,,,,,,,,,,,,,,,,,,,,,,,,,,,,,,,,,,,,,,,,,,,,,,,,,,,,,,,,,,,,,,,,,,,,
,269,,,,,,269,0.8837043046951294,0.8837043046951294,0.0016577907372266054,0.0037546867970377207,0.8837043046951294,,,,,,,,,,,,,,,,,,,,,,,,,,,,,,,,,,,,,,,,,,,,,,,,,,,,,,,,,,,,,,,,,,,,,,,,
0.0009146042674912429,270,,,,,,,,,,,,,,,,,,,,,,,,,,,,,,,,,,,,,,,,,,,,,,,,,,,,,,,,,,,,,,,,,,,,,,,,,,,,,,,,,,,
,270,0.9082621932029724,0.9082621932029724,0.001663964823819697,0.004859719425439835,0.9082621932029724,270,,,,,,,,,,,,,,,,,,,,,,,,,,,,,,,,,,,,,,,,,,,,,,,,,,,,,,,,,,,,,,,,,,,,,,,,,,,,,
,270,,,,,,270,0.9082621932029724,0.9082621932029724,0.001663964823819697,0.004859719425439835,0.9082621932029724,,,,,,,,,,,,,,,,,,,,,,,,,,,,,,,,,,,,,,,,,,,,,,,,,,,,,,,,,,,,,,,,,,,,,,,,
0.0009136267468501431,271,,,,,,,,,,,,,,,,,,,,,,,,,,,,,,,,,,,,,,,,,,,,,,,,,,,,,,,,,,,,,,,,,,,,,,,,,,,,,,,,,,,
,271,0.9890472292900085,0.9890472292900085,0.0016681163106113672,0.004625174682587385,0.9890472292900085,271,,,,,,,,,,,,,,,,,,,,,,,,,,,,,,,,,,,,,,,,,,,,,,,,,,,,,,,,,,,,,,,,,,,,,,,,,,,,,
,271,,,,,,271,0.9890472292900085,0.9890472292900085,0.0016681163106113672,0.004625174682587385,0.9890472292900085,,,,,,,,,,,,,,,,,,,,,,,,,,,,,,,,,,,,,,,,,,,,,,,,,,,,,,,,,,,,,,,,,,,,,,,,
0.0009126441923900079,272,,,,,,,,,,,,,,,,,,,,,,,,,,,,,,,,,,,,,,,,,,,,,,,,,,,,,,,,,,,,,,,,,,,,,,,,,,,,,,,,,,,
,272,3.3565640449523926,3.3565640449523926,0.0016704450827091932,0.08277972042560577,3.3565640449523926,272,,,,,,,,,,,,,,,,,,,,,,,,,,,,,,,,,,,,,,,,,,,,,,,,,,,,,,,,,,,,,,,,,,,,,,,,,,,,,
,272,,,,,,272,3.3565640449523926,3.3565640449523926,0.0016704450827091932,0.08277972042560577,3.3565640449523926,,,,,,,,,,,,,,,,,,,,,,,,,,,,,,,,,,,,,,,,,,,,,,,,,,,,,,,,,,,,,,,,,,,,,,,,
0.0009116566160829533,273,,,,,,,,,,,,,,,,,,,,,,,,,,,,,,,,,,,,,,,,,,,,,,,,,,,,,,,,,,,,,,,,,,,,,,,,,,,,,,,,,,,
,273,1.1441116333007812,1.1423635482788086,0.0016739522106945515,0.011508125811815262,1.1423635482788086,273,,,,,,,,,,,,,,,,,,,,,,,,,,,,,,,,,,,,,,,,,,,,,,,,,,,,,,,,,,,,,,,,,,,,,,,,,,,,,
,273,,,,,,273,1.1441116333007812,1.1423635482788086,0.0016739522106945515,0.011508125811815262,1.1423635482788086,,,,,,,,,,,,,,,,,,,,,,,,,,,,,,,,,,,,,,,,,,,,,,,,,,,,,,,,,,,,,,,,,,,,,,,,
0.0009106640299622847,274,,,,,,,,,,,,,,,,,,,,,,,,,,,,,,,,,,,,,,,,,,,,,,,,,,,,,,,,,,,,,,,,,,,,,,,,,,,,,,,,,,,
,274,0.8397442698478699,0.8397442698478699,0.0016784004401415586,0.004100833088159561,0.8397442698478699,274,,,,,,,,,,,,,,,,,,,,,,,,,,,,,,,,,,,,,,,,,,,,,,,,,,,,,,,,,,,,,,,,,,,,,,,,,,,,,
,274,,,,,,274,0.8397442698478699,0.8397442698478699,0.0016784004401415586,0.004100833088159561,0.8397442698478699,,,,,,,,,,,,,,,,,,,,,,,,,,,,,,,,,,,,,,,,,,,,,,,,,,,,,,,,,,,,,,,,,,,,,,,,
0.0009096664461223509,275,,,,,,,,,,,,,,,,,,,,,,,,,,,,,,,,,,,,,,,,,,,,,,,,,,,,,,,,,,,,,,,,,,,,,,,,,,,,,,,,,,,
,275,0.959326446056366,0.959326446056366,0.001680993940681219,0.004084743559360504,0.959326446056366,275,,,,,,,,,,,,,,,,,,,,,,,,,,,,,,,,,,,,,,,,,,,,,,,,,,,,,,,,,,,,,,,,,,,,,,,,,,,,,
,275,,,,,,275,0.959326446056366,0.959326446056366,0.001680993940681219,0.004084743559360504,0.959326446056366,,,,,,,,,,,,,,,,,,,,,,,,,,,,,,,,,,,,,,,,,,,,,,,,,,,,,,,,,,,,,,,,,,,,,,,,
0.0009086638767183961,276,,,,,,,,,,,,,,,,,,,,,,,,,,,,,,,,,,,,,,,,,,,,,,,,,,,,,,,,,,,,,,,,,,,,,,,,,,,,,,,,,,,
,276,2.0711612701416016,2.0711612701416016,0.0016819157171994448,0.0625142976641655,2.0711612701416016,276,,,,,,,,,,,,,,,,,,,,,,,,,,,,,,,,,,,,,,,,,,,,,,,,,,,,,,,,,,,,,,,,,,,,,,,,,,,,,
,276,,,,,,276,2.0711612701416016,2.0711612701416016,0.0016819157171994448,0.0625142976641655,2.0711612701416016,,,,,,,,,,,,,,,,,,,,,,,,,,,,,,,,,,,,,,,,,,,,,,,,,,,,,,,,,,,,,,,,,,,,,,,,
0.0009076563339664123,277,,,,,,,,,,,,,,,,,,,,,,,,,,,,,,,,,,,,,,,,,,,,,,,,,,,,,,,,,,,,,,,,,,,,,,,,,,,,,,,,,,,
,277,0.9338372945785522,0.9338372945785522,0.0016841585747897625,0.005966894328594208,0.9338372945785522,277,,,,,,,,,,,,,,,,,,,,,,,,,,,,,,,,,,,,,,,,,,,,,,,,,,,,,,,,,,,,,,,,,,,,,,,,,,,,,
,277,,,,,,277,0.9338372945785522,0.9338372945785522,0.0016841585747897625,0.005966894328594208,0.9338372945785522,,,,,,,,,,,,,,,,,,,,,,,,,,,,,,,,,,,,,,,,,,,,,,,,,,,,,,,,,,,,,,,,,,,,,,,,
0.0009066438301429898,278,,,,,,,,,,,,,,,,,,,,,,,,,,,,,,,,,,,,,,,,,,,,,,,,,,,,,,,,,,,,,,,,,,,,,,,,,,,,,,,,,,,
,278,0.8931279182434082,0.8931279182434082,0.001684763003140688,0.003867671824991703,0.8931279182434082,278,,,,,,,,,,,,,,,,,,,,,,,,,,,,,,,,,,,,,,,,,,,,,,,,,,,,,,,,,,,,,,,,,,,,,,,,,,,,,
,278,,,,,,278,0.8931279182434082,0.8931279182434082,0.001684763003140688,0.003867671824991703,0.8931279182434082,,,,,,,,,,,,,,,,,,,,,,,,,,,,,,,,,,,,,,,,,,,,,,,,,,,,,,,,,,,,,,,,,,,,,,,,
0.0009056263775851682,279,,,,,,,,,,,,,,,,,,,,,,,,,,,,,,,,,,,,,,,,,,,,,,,,,,,,,,,,,,,,,,,,,,,,,,,,,,,,,,,,,,,
,279,0.9563853144645691,0.9563853144645691,0.001683891168795526,0.0040582288056612015,0.9563853144645691,279,,,,,,,,,,,,,,,,,,,,,,,,,,,,,,,,,,,,,,,,,,,,,,,,,,,,,,,,,,,,,,,,,,,,,,,,,,,,,
,279,,,,,,279,0.9563853144645691,0.9563853144645691,0.001683891168795526,0.0040582288056612015,0.9563853144645691,,,,,,,,,,,,,,,,,,,,,,,,,,,,,,,,,,,,,,,,,,,,,,,,,,,,,,,,,,,,,,,,,,,,,,,,
0.0009046039886902857,280,,,,,,,,,,,,,,,,,,,,,,,,,,,,,,,,,,,,,,,,,,,,,,,,,,,,,,,,,,,,,,,,,,,,,,,,,,,,,,,,,,,
,280,1.0041511058807373,1.0041511058807373,0.0016816885909065604,0.006125480402261019,1.0041511058807373,280,,,,,,,,,,,,,,,,,,,,,,,,,,,,,,,,,,,,,,,,,,,,,,,,,,,,,,,,,,,,,,,,,,,,,,,,,,,,,
,280,,,,,,280,1.0041511058807373,1.0041511058807373,0.0016816885909065604,0.006125480402261019,1.0041511058807373,,,,,,,,,,,,,,,,,,,,,,,,,,,,,,,,,,,,,,,,,,,,,,,,,,,,,,,,,,,,,,,,,,,,,,,,
0.0009035766759158285,281,,,,,,,,,,,,,,,,,,,,,,,,,,,,,,,,,,,,,,,,,,,,,,,,,,,,,,,,,,,,,,,,,,,,,,,,,,,,,,,,,,,
,281,1.0981663465499878,1.0981663465499878,0.001681119087152183,0.00568239064887166,1.0981663465499878,281,,,,,,,,,,,,,,,,,,,,,,,,,,,,,,,,,,,,,,,,,,,,,,,,,,,,,,,,,,,,,,,,,,,,,,,,,,,,,
,281,,,,,,281,1.0981663465499878,1.0981663465499878,0.001681119087152183,0.00568239064887166,1.0981663465499878,,,,,,,,,,,,,,,,,,,,,,,,,,,,,,,,,,,,,,,,,,,,,,,,,,,,,,,,,,,,,,,,,,,,,,,,
0.0009025444517792784,282,,,,,,,,,,,,,,,,,,,,,,,,,,,,,,,,,,,,,,,,,,,,,,,,,,,,,,,,,,,,,,,,,,,,,,,,,,,,,,,,,,,
,282,0.9987601041793823,0.9987601041793823,0.00168202118948102,0.005507254507392645,0.9987601041793823,282,,,,,,,,,,,,,,,,,,,,,,,,,,,,,,,,,,,,,,,,,,,,,,,,,,,,,,,,,,,,,,,,,,,,,,,,,,,,,
,282,,,,,,282,0.9987601041793823,0.9987601041793823,0.00168202118948102,0.005507254507392645,0.9987601041793823,,,,,,,,,,,,,,,,,,,,,,,,,,,,,,,,,,,,,,,,,,,,,,,,,,,,,,,,,,,,,,,,,,,,,,,,
0.000901507328857961,283,,,,,,,,,,,,,,,,,,,,,,,,,,,,,,,,,,,,,,,,,,,,,,,,,,,,,,,,,,,,,,,,,,,,,,,,,,,,,,,,,,,
,283,0.8240294456481934,0.8240294456481934,0.0016814166447147727,0.004635784775018692,0.8240294456481934,283,,,,,,,,,,,,,,,,,,,,,,,,,,,,,,,,,,,,,,,,,,,,,,,,,,,,,,,,,,,,,,,,,,,,,,,,,,,,,
,283,,,,,,283,0.8240294456481934,0.8240294456481934,0.0016814166447147727,0.004635784775018692,0.8240294456481934,,,,,,,,,,,,,,,,,,,,,,,,,,,,,,,,,,,,,,,,,,,,,,,,,,,,,,,,,,,,,,,,,,,,,,,,
0.0009004653197888917,284,,,,,,,,,,,,,,,,,,,,,,,,,,,,,,,,,,,,,,,,,,,,,,,,,,,,,,,,,,,,,,,,,,,,,,,,,,,,,,,,,,,
,284,0.8858542442321777,0.8858542442321777,0.0016794527182355523,0.004050386603921652,0.8858542442321777,284,,,,,,,,,,,,,,,,,,,,,,,,,,,,,,,,,,,,,,,,,,,,,,,,,,,,,,,,,,,,,,,,,,,,,,,,,,,,,
,284,,,,,,284,0.8858542442321777,0.8858542442321777,0.0016794527182355523,0.004050386603921652,0.8858542442321777,,,,,,,,,,,,,,,,,,,,,,,,,,,,,,,,,,,,,,,,,,,,,,,,,,,,,,,,,,,,,,,,,,,,,,,,
0.0008994184372686222,285,,,,,,,,,,,,,,,,,,,,,,,,,,,,,,,,,,,,,,,,,,,,,,,,,,,,,,,,,,,,,,,,,,,,,,,,,,,,,,,,,,,
,285,0.8288218379020691,0.8288218379020691,0.001676263869740069,0.0035160870756953955,0.8288218379020691,285,,,,,,,,,,,,,,,,,,,,,,,,,,,,,,,,,,,,,,,,,,,,,,,,,,,,,,,,,,,,,,,,,,,,,,,,,,,,,
,285,,,,,,285,0.8288218379020691,0.8288218379020691,0.001676263869740069,0.0035160870756953955,0.8288218379020691,,,,,,,,,,,,,,,,,,,,,,,,,,,,,,,,,,,,,,,,,,,,,,,,,,,,,,,,,,,,,,,,,,,,,,,,
0.0008983666940530855,286,,,,,,,,,,,,,,,,,,,,,,,,,,,,,,,,,,,,,,,,,,,,,,,,,,,,,,,,,,,,,,,,,,,,,,,,,,,,,,,,,,,
,286,0.862729549407959,0.862729549407959,0.0016719711711630225,0.0036999115254729986,0.862729549407959,286,,,,,,,,,,,,,,,,,,,,,,,,,,,,,,,,,,,,,,,,,,,,,,,,,,,,,,,,,,,,,,,,,,,,,,,,,,,,,
,286,,,,,,286,0.862729549407959,0.862729549407959,0.0016719711711630225,0.0036999115254729986,0.862729549407959,,,,,,,,,,,,,,,,,,,,,,,,,,,,,,,,,,,,,,,,,,,,,,,,,,,,,,,,,,,,,,,,,,,,,,,,
0.0008973101029574408,287,,,,,,,,,,,,,,,,,,,,,,,,,,,,,,,,,,,,,,,,,,,,,,,,,,,,,,,,,,,,,,,,,,,,,,,,,,,,,,,,,,,
,287,1.1545804738998413,1.1545804738998413,0.001666683703660965,0.3000788688659668,1.1545804738998413,287,,,,,,,,,,,,,,,,,,,,,,,,,,,,,,,,,,,,,,,,,,,,,,,,,,,,,,,,,,,,,,,,,,,,,,,,,,,,,
,287,,,,,,287,1.1545804738998413,1.1545804738998413,0.001666683703660965,0.3000788688659668,1.1545804738998413,,,,,,,,,,,,,,,,,,,,,,,,,,,,,,,,,,,,,,,,,,,,,,,,,,,,,,,,,,,,,,,,,,,,,,,,
0.0008962486768559172,288,,,,,,,,,,,,,,,,,,,,,,,,,,,,,,,,,,,,,,,,,,,,,,,,,,,,,,,,,,,,,,,,,,,,,,,,,,,,,,,,,,,
,288,0.9706151485443115,0.9706151485443115,0.0016633395571261644,0.0065616583451628685,0.9706151485443115,288,,,,,,,,,,,,,,,,,,,,,,,,,,,,,,,,,,,,,,,,,,,,,,,,,,,,,,,,,,,,,,,,,,,,,,,,,,,,,
,288,,,,,,288,0.9706151485443115,0.9706151485443115,0.0016633395571261644,0.0065616583451628685,0.9706151485443115,,,,,,,,,,,,,,,,,,,,,,,,,,,,,,,,,,,,,,,,,,,,,,,,,,,,,,,,,,,,,,,,,,,,,,,,
0.0008951824286816567,289,,,,,,,,,,,,,,,,,,,,,,,,,,,,,,,,,,,,,,,,,,,,,,,,,,,,,,,,,,,,,,,,,,,,,,,,,,,,,,,,,,,
,289,1.0193123817443848,1.0193123817443848,0.001658905646763742,0.005334046203643084,1.0193123817443848,289,,,,,,,,,,,,,,,,,,,,,,,,,,,,,,,,,,,,,,,,,,,,,,,,,,,,,,,,,,,,,,,,,,,,,,,,,,,,,
,289,,,,,,289,1.0193123817443848,1.0193123817443848,0.001658905646763742,0.005334046203643084,1.0193123817443848,,,,,,,,,,,,,,,,,,,,,,,,,,,,,,,,,,,,,,,,,,,,,,,,,,,,,,,,,,,,,,,,,,,,,,,,
0.000894111371426557,290,,,,,,,,,,,,,,,,,,,,,,,,,,,,,,,,,,,,,,,,,,,,,,,,,,,,,,,,,,,,,,,,,,,,,,,,,,,,,,,,,,,
,290,1.0718209743499756,1.0718209743499756,0.0016563311219215393,0.007900978438556194,1.0718209743499756,290,,,,,,,,,,,,,,,,,,,,,,,,,,,,,,,,,,,,,,,,,,,,,,,,,,,,,,,,,,,,,,,,,,,,,,,,,,,,,
,290,,,,,,290,1.0718209743499756,1.0718209743499756,0.0016563311219215393,0.007900978438556194,1.0718209743499756,,,,,,,,,,,,,,,,,,,,,,,,,,,,,,,,,,,,,,,,,,,,,,,,,,,,,,,,,,,,,,,,,,,,,,,,
0.0008930355181411127,291,,,,,,,,,,,,,,,,,,,,,,,,,,,,,,,,,,,,,,,,,,,,,,,,,,,,,,,,,,,,,,,,,,,,,,,,,,,,,,,,,,,
,291,0.9126811027526855,0.9126811027526855,0.0016554318135604262,0.003886693622916937,0.9126811027526855,291,,,,,,,,,,,,,,,,,,,,,,,,,,,,,,,,,,,,,,,,,,,,,,,,,,,,,,,,,,,,,,,,,,,,,,,,,,,,,
,291,,,,,,291,0.9126811027526855,0.9126811027526855,0.0016554318135604262,0.003886693622916937,0.9126811027526855,,,,,,,,,,,,,,,,,,,,,,,,,,,,,,,,,,,,,,,,,,,,,,,,,,,,,,,,,,,,,,,,,,,,,,,,
0.0008919548819342565,292,,,,,,,,,,,,,,,,,,,,,,,,,,,,,,,,,,,,,,,,,,,,,,,,,,,,,,,,,,,,,,,,,,,,,,,,,,,,,,,,,,,
,292,1.0396602153778076,1.0396602153778076,0.0016531990841031075,0.005784960463643074,1.0396602153778076,292,,,,,,,,,,,,,,,,,,,,,,,,,,,,,,,,,,,,,,,,,,,,,,,,,,,,,,,,,,,,,,,,,,,,,,,,,,,,,
,292,,,,,,292,1.0396602153778076,1.0396602153778076,0.0016531990841031075,0.005784960463643074,1.0396602153778076,,,,,,,,,,,,,,,,,,,,,,,,,,,,,,,,,,,,,,,,,,,,,,,,,,,,,,,,,,,,,,,,,,,,,,,,
0.0008908694759731994,293,,,,,,,,,,,,,,,,,,,,,,,,,,,,,,,,,,,,,,,,,,,,,,,,,,,,,,,,,,,,,,,,,,,,,,,,,,,,,,,,,,,
,293,0.9544568061828613,0.9544568061828613,0.0016526082763448358,0.004349039867520332,0.9544568061828613,293,,,,,,,,,,,,,,,,,,,,,,,,,,,,,,,,,,,,,,,,,,,,,,,,,,,,,,,,,,,,,,,,,,,,,,,,,,,,,
,293,,,,,,293,0.9544568061828613,0.9544568061828613,0.0016526082763448358,0.004349039867520332,0.9544568061828613,,,,,,,,,,,,,,,,,,,,,,,,,,,,,,,,,,,,,,,,,,,,,,,,,,,,,,,,,,,,,,,,,,,,,,,,
0.0008897793134832707,294,,,,,,,,,,,,,,,,,,,,,,,,,,,,,,,,,,,,,,,,,,,,,,,,,,,,,,,,,,,,,,,,,,,,,,,,,,,,,,,,,,,
,294,0.822100818157196,0.822100818157196,0.0016506524989381433,0.0072470796294510365,0.822100818157196,294,,,,,,,,,,,,,,,,,,,,,,,,,,,,,,,,,,,,,,,,,,,,,,,,,,,,,,,,,,,,,,,,,,,,,,,,,,,,,
,294,,,,,,294,0.822100818157196,0.822100818157196,0.0016506524989381433,0.0072470796294510365,0.822100818157196,,,,,,,,,,,,,,,,,,,,,,,,,,,,,,,,,,,,,,,,,,,,,,,,,,,,,,,,,,,,,,,,,,,,,,,,
0.0008886844077477563,295,,,,,,,,,,,,,,,,,,,,,,,,,,,,,,,,,,,,,,,,,,,,,,,,,,,,,,,,,,,,,,,,,,,,,,,,,,,,,,,,,,,
,295,0.9922203421592712,0.9922203421592712,0.0016474673757329583,0.004222039598971605,0.9922203421592712,295,,,,,,,,,,,,,,,,,,,,,,,,,,,,,,,,,,,,,,,,,,,,,,,,,,,,,,,,,,,,,,,,,,,,,,,,,,,,,
,295,,,,,,295,0.9922203421592712,0.9922203421592712,0.0016474673757329583,0.004222039598971605,0.9922203421592712,,,,,,,,,,,,,,,,,,,,,,,,,,,,,,,,,,,,,,,,,,,,,,,,,,,,,,,,,,,,,,,,,,,,,,,,
0.0008875847721077371,296,,,,,,,,,,,,,,,,,,,,,,,,,,,,,,,,,,,,,,,,,,,,,,,,,,,,,,,,,,,,,,,,,,,,,,,,,,,,,,,,,,,
,296,0.8203551173210144,0.8203551173210144,0.0016431744443252683,0.0070752049796283245,0.8203551173210144,296,,,,,,,,,,,,,,,,,,,,,,,,,,,,,,,,,,,,,,,,,,,,,,,,,,,,,,,,,,,,,,,,,,,,,,,,,,,,,
,296,,,,,,296,0.8203551173210144,0.8203551173210144,0.0016431744443252683,0.0070752049796283245,0.8203551173210144,,,,,,,,,,,,,,,,,,,,,,,,,,,,,,,,,,,,,,,,,,,,,,,,,,,,,,,,,,,,,,,,,,,,,,,,
0.0008864804199619263,297,,,,,,,,,,,,,,,,,,,,,,,,,,,,,,,,,,,,,,,,,,,,,,,,,,,,,,,,,,,,,,,,,,,,,,,,,,,,,,,,,,,
,297,1.1460859775543213,1.1460859775543213,0.0016378836007788777,0.026024827733635902,1.1460859775543213,297,,,,,,,,,,,,,,,,,,,,,,,,,,,,,,,,,,,,,,,,,,,,,,,,,,,,,,,,,,,,,,,,,,,,,,,,,,,,,
,297,,,,,,297,1.1460859775543213,1.1460859775543213,0.0016378836007788777,0.026024827733635902,1.1460859775543213,,,,,,,,,,,,,,,,,,,,,,,,,,,,,,,,,,,,,,,,,,,,,,,,,,,,,,,,,,,,,,,,,,,,,,,,
0.000885371364766506,298,,,,,,,,,,,,,,,,,,,,,,,,,,,,,,,,,,,,,,,,,,,,,,,,,,,,,,,,,,,,,,,,,,,,,,,,,,,,,,,,,,,
,298,0.8420702815055847,0.8420702815055847,0.0016345405019819736,0.003759773913770914,0.8420702815055847,298,,,,,,,,,,,,,,,,,,,,,,,,,,,,,,,,,,,,,,,,,,,,,,,,,,,,,,,,,,,,,,,,,,,,,,,,,,,,,
,298,,,,,,298,0.8420702815055847,0.8420702815055847,0.0016345405019819736,0.003759773913770914,0.8420702815055847,,,,,,,,,,,,,,,,,,,,,,,,,,,,,,,,,,,,,,,,,,,,,,,,,,,,,,,,,,,,,,,,,,,,,,,,
0.0008842576200349644,299,,,,,,,,,,,,,,,,,,,,,,,,,,,,,,,,,,,,,,,,,,,,,,,,,,,,,,,,,,,,,,,,,,,,,,,,,,,,,,,,,,,
,299,1.1109306812286377,1.1109306812286377,0.0016301046125590801,0.010045971721410751,1.1109306812286377,299,,,,,,,,,,,,,,,,,,,,,,,,,,,,,,,,,,,,,,,,,,,,,,,,,,,,,,,,,,,,,,,,,,,,,,,,,,,,,
,299,,,,,,299,,,,,,0.9343516230583191,0.9335669875144958,0.0016275321831926703,0.003978402353823185,0.9335669875144958,0.884401798248291,0.8849626183509827,0.0016275321831926703,0.005827086977660656,0.8849626183509827,-0.0600719079375267,0.16945868730545044,0.2758224904537201,0.15923871099948883,0.09156954288482666,0.049739569425582886,0.03520810604095459,0.023391813039779663,0.00128369708545506,0.0600719079375267,0.6550350785255432,0.33784806728363037,0.18976011872291565,0.14967285096645355,0.12330009043216705,0.03319500759243965,0.24813520908355713,0.17381496727466583,0.11159778386354446,0.06315162032842636,0.044011544436216354,0.028058592230081558,0.0013335555559024215,0.0703280121088028,29.559961318969727,19.075712203979492,18.7927303314209,24.071430206298828,40.19241714477539,1289.6513671875,236.89060974121094,-0.05577041581273079,0.17752988636493683,0.2800586223602295,0.1525088995695114,0.08500000089406967,0.046383872628211975,0.03186941146850586,0.017509562894701958,0.0013507428811863065,0.05577041581273079,0.6289383172988892,0.30753931403160095,0.1738274246454239,0.13413304090499878,0.09338168799877167,0.03734438121318817,0.2291940301656723,0.1675880253314972,0.10511832684278488,0.05950119346380234,0.04012396186590195,0.021095750853419304,0.0013994713081046939,0.06580445170402527,29.31427764892578,17.8153133392334,17.763734817504883,23.26017951965332,40.7833137512207,1482.0799560546875,268.5028076171875
,299,,,,,,299,1.1109306812286377,1.1109306812286377,0.0016301046125590801,0.010045971721410751,1.1109306812286377,,,,,,,,,,,,,,,,,,,,,,,,,,,,,,,,,,,,,,,,,,,,,,,,,,,,,,,,,,,,,,,,,,,,,,,,
0.0008831391993379289,300,,,,,,,,,,,,,,,,,,,,,,,,,,,,,,,,,,,,,,,,,,,,,,,,,,,,,,,,,,,,,,,,,,,,,,,,,,,,,,,,,,,
,300,0.8914410471916199,0.8914410471916199,0.0016275321831926703,0.007905176840722561,0.8914410471916199,300,,,,,,,,,,,,,,,,,,,,,,,,,,,,,,,,,,,,,,,,,,,,,,,,,,,,,,,,,,,,,,,,,,,,,,,,,,,,,
,300,,,,,,300,0.8914410471916199,0.8914410471916199,0.0016275321831926703,0.007905176840722561,0.8914410471916199,,,,,,,,,,,,,,,,,,,,,,,,,,,,,,,,,,,,,,,,,,,,,,,,,,,,,,,,,,,,,,,,,,,,,,,,
0.0008820161163030034,301,,,,,,,,,,,,,,,,,,,,,,,,,,,,,,,,,,,,,,,,,,,,,,,,,,,,,,,,,,,,,,,,,,,,,,,,,,,,,,,,,,,
,301,0.7601098418235779,0.7601098418235779,0.0016237901290878654,0.006942753680050373,0.7601098418235779,301,,,,,,,,,,,,,,,,,,,,,,,,,,,,,,,,,,,,,,,,,,,,,,,,,,,,,,,,,,,,,,,,,,,,,,,,,,,,,
,301,,,,,,301,0.7601098418235779,0.7601098418235779,0.0016237901290878654,0.006942753680050373,0.7601098418235779,,,,,,,,,,,,,,,,,,,,,,,,,,,,,,,,,,,,,,,,,,,,,,,,,,,,,,,,,,,,,,,,,,,,,,,,
0.0008808883846145995,302,,,,,,,,,,,,,,,,,,,,,,,,,,,,,,,,,,,,,,,,,,,,,,,,,,,,,,,,,,,,,,,,,,,,,,,,,,,,,,,,,,,
,302,0.9340102076530457,0.9349032640457153,0.0016189940506592393,0.0044843037612736225,0.9349032640457153,302,,,,,,,,,,,,,,,,,,,,,,,,,,,,,,,,,,,,,,,,,,,,,,,,,,,,,,,,,,,,,,,,,,,,,,,,,,,,,
,302,,,,,,302,0.9340102076530457,0.9349032640457153,0.0016189940506592393,0.0044843037612736225,0.9349032640457153,,,,,,,,,,,,,,,,,,,,,,,,,,,,,,,,,,,,,,,,,,,,,,,,,,,,,,,,,,,,,,,,,,,,,,,,
0.0008797560180137724,303,,,,,,,,,,,,,,,,,,,,,,,,,,,,,,,,,,,,,,,,,,,,,,,,,,,,,,,,,,,,,,,,,,,,,,,,,,,,,,,,,,,
,303,0.8379182815551758,0.8379182815551758,0.0016141555970534682,0.007212274242192507,0.8379182815551758,303,,,,,,,,,,,,,,,,,,,,,,,,,,,,,,,,,,,,,,,,,,,,,,,,,,,,,,,,,,,,,,,,,,,,,,,,,,,,,
,303,,,,,,303,0.8379182815551758,0.8379182815551758,0.0016141555970534682,0.007212274242192507,0.8379182815551758,,,,,,,,,,,,,,,,,,,,,,,,,,,,,,,,,,,,,,,,,,,,,,,,,,,,,,,,,,,,,,,,,,,,,,,,
0.0008786190302980519,304,,,,,,,,,,,,,,,,,,,,,,,,,,,,,,,,,,,,,,,,,,,,,,,,,,,,,,,,,,,,,,,,,,,,,,,,,,,,,,,,,,,
,304,0.7631988525390625,0.7602554559707642,0.0016083723166957498,0.004293567035347223,0.7602554559707642,304,,,,,,,,,,,,,,,,,,,,,,,,,,,,,,,,,,,,,,,,,,,,,,,,,,,,,,,,,,,,,,,,,,,,,,,,,,,,,
,304,,,,,,304,0.7631988525390625,0.7602554559707642,0.0016083723166957498,0.004293567035347223,0.7602554559707642,,,,,,,,,,,,,,,,,,,,,,,,,,,,,,,,,,,,,,,,,,,,,,,,,,,,,,,,,,,,,,,,,,,,,,,,
0.0008774774353212744,305,,,,,,,,,,,,,,,,,,,,,,,,,,,,,,,,,,,,,,,,,,,,,,,,,,,,,,,,,,,,,,,,,,,,,,,,,,,,,,,,,,,
,305,0.9433577060699463,0.9433577060699463,0.0016021605115383863,0.00593995489180088,0.9433577060699463,305,,,,,,,,,,,,,,,,,,,,,,,,,,,,,,,,,,,,,,,,,,,,,,,,,,,,,,,,,,,,,,,,,,,,,,,,,,,,,
,305,,,,,,305,0.9433577060699463,0.9433577060699463,0.0016021605115383863,0.00593995489180088,0.9433577060699463,,,,,,,,,,,,,,,,,,,,,,,,,,,,,,,,,,,,,,,,,,,,,,,,,,,,,,,,,,,,,,,,,,,,,,,,
0.000876331246993414,306,,,,,,,,,,,,,,,,,,,,,,,,,,,,,,,,,,,,,,,,,,,,,,,,,,,,,,,,,,,,,,,,,,,,,,,,,,,,,,,,,,,
,306,1.046506643295288,1.046506643295288,0.0015951403183862567,0.009651673957705498,1.046506643295288,306,,,,,,,,,,,,,,,,,,,,,,,,,,,,,,,,,,,,,,,,,,,,,,,,,,,,,,,,,,,,,,,,,,,,,,,,,,,,,
,306,,,,,,306,1.046506643295288,1.046506643295288,0.0015951403183862567,0.009651673957705498,1.046506643295288,,,,,,,,,,,,,,,,,,,,,,,,,,,,,,,,,,,,,,,,,,,,,,,,,,,,,,,,,,,,,,,,,,,,,,,,
0.0008751804792804143,307,,,,,,,,,,,,,,,,,,,,,,,,,,,,,,,,,,,,,,,,,,,,,,,,,,,,,,,,,,,,,,,,,,,,,,,,,,,,,,,,,,,
,307,0.8051575422286987,0.8036069273948669,0.0015902422601357102,0.003451440716162324,0.8036069273948669,307,,,,,,,,,,,,,,,,,,,,,,,,,,,,,,,,,,,,,,,,,,,,,,,,,,,,,,,,,,,,,,,,,,,,,,,,,,,,,
,307,,,,,,307,0.8051575422286987,0.8036069273948669,0.0015902422601357102,0.003451440716162324,0.8036069273948669,,,,,,,,,,,,,,,,,,,,,,,,,,,,,,,,,,,,,,,,,,,,,,,,,,,,,,,,,,,,,,,,,,,,,,,,
0.0008740251462040164,308,,,,,,,,,,,,,,,,,,,,,,,,,,,,,,,,,,,,,,,,,,,,,,,,,,,,,,,,,,,,,,,,,,,,,,,,,,,,,,,,,,,
,308,0.8423808813095093,0.8423808813095093,0.0015844260342419147,0.004544995259493589,0.8423808813095093,308,,,,,,,,,,,,,,,,,,,,,,,,,,,,,,,,,,,,,,,,,,,,,,,,,,,,,,,,,,,,,,,,,,,,,,,,,,,,,
,308,,,,,,308,0.8423808813095093,0.8423808813095093,0.0015844260342419147,0.004544995259493589,0.8423808813095093,,,,,,,,,,,,,,,,,,,,,,,,,,,,,,,,,,,,,,,,,,,,,,,,,,,,,,,,,,,,,,,,,,,,,,,,
0.0008728652618415894,309,,,,,,,,,,,,,,,,,,,,,,,,,,,,,,,,,,,,,,,,,,,,,,,,,,,,,,,,,,,,,,,,,,,,,,,,,,,,,,,,,,,
,309,0.9408017992973328,0.9408017992973328,0.0015777618391439319,0.005243976600468159,0.9408017992973328,309,,,,,,,,,,,,,,,,,,,,,,,,,,,,,,,,,,,,,,,,,,,,,,,,,,,,,,,,,,,,,,,,,,,,,,,,,,,,,
,309,,,,,,309,0.9408017992973328,0.9408017992973328,0.0015777618391439319,0.005243976600468159,0.9408017992973328,,,,,,,,,,,,,,,,,,,,,,,,,,,,,,,,,,,,,,,,,,,,,,,,,,,,,,,,,,,,,,,,,,,,,,,,
0.0008717008403259582,310,,,,,,,,,,,,,,,,,,,,,,,,,,,,,,,,,,,,,,,,,,,,,,,,,,,,,,,,,,,,,,,,,,,,,,,,,,,,,,,,,,,
,310,0.7454583048820496,0.7454583048820496,0.001570334192365408,0.003161858767271042,0.7454583048820496,310,,,,,,,,,,,,,,,,,,,,,,,,,,,,,,,,,,,,,,,,,,,,,,,,,,,,,,,,,,,,,,,,,,,,,,,,,,,,,
,310,,,,,,310,0.7454583048820496,0.7454583048820496,0.001570334192365408,0.003161858767271042,0.7454583048820496,,,,,,,,,,,,,,,,,,,,,,,,,,,,,,,,,,,,,,,,,,,,,,,,,,,,,,,,,,,,,,,,,,,,,,,,
0.0008705318958452315,311,,,,,,,,,,,,,,,,,,,,,,,,,,,,,,,,,,,,,,,,,,,,,,,,,,,,,,,,,,,,,,,,,,,,,,,,,,,,,,,,,,,
,311,1.393352746963501,1.393352746963501,0.0015622188802808523,0.007316008675843477,1.393352746963501,311,,,,,,,,,,,,,,,,,,,,,,,,,,,,,,,,,,,,,,,,,,,,,,,,,,,,,,,,,,,,,,,,,,,,,,,,,,,,,
,311,,,,,,311,1.393352746963501,1.393352746963501,0.0015622188802808523,0.007316008675843477,1.393352746963501,,,,,,,,,,,,,,,,,,,,,,,,,,,,,,,,,,,,,,,,,,,,,,,,,,,,,,,,,,,,,,,,,,,,,,,,
0.0008693584426426288,312,,,,,,,,,,,,,,,,,,,,,,,,,,,,,,,,,,,,,,,,,,,,,,,,,,,,,,,,,,,,,,,,,,,,,,,,,,,,,,,,,,,
,312,0.7610825300216675,0.7610825300216675,0.0015563354827463627,0.003885630052536726,0.7610825300216675,312,,,,,,,,,,,,,,,,,,,,,,,,,,,,,,,,,,,,,,,,,,,,,,,,,,,,,,,,,,,,,,,,,,,,,,,,,,,,,
,312,,,,,,312,0.7610825300216675,0.7610825300216675,0.0015563354827463627,0.003885630052536726,0.7610825300216675,,,,,,,,,,,,,,,,,,,,,,,,,,,,,,,,,,,,,,,,,,,,,,,,,,,,,,,,,,,,,,,,,,,,,,,,
0.0008681804950163072,313,,,,,,,,,,,,,,,,,,,,,,,,,,,,,,,,,,,,,,,,,,,,,,,,,,,,,,,,,,,,,,,,,,,,,,,,,,,,,,,,,,,
,313,1.2213786840438843,1.2213786840438843,0.0015496109845116735,0.051834478974342346,1.2213786840438843,313,,,,,,,,,,,,,,,,,,,,,,,,,,,,,,,,,,,,,,,,,,,,,,,,,,,,,,,,,,,,,,,,,,,,,,,,,,,,,
,313,,,,,,313,1.2213786840438843,1.2213786840438843,0.0015496109845116735,0.051834478974342346,1.2213786840438843,,,,,,,,,,,,,,,,,,,,,,,,,,,,,,,,,,,,,,,,,,,,,,,,,,,,,,,,,,,,,,,,,,,,,,,,
0.0008669980673191867,314,,,,,,,,,,,,,,,,,,,,,,,,,,,,,,,,,,,,,,,,,,,,,,,,,,,,,,,,,,,,,,,,,,,,,,,,,,,,,,,,,,,
,314,0.7919964790344238,0.7905102968215942,0.001544979983009398,0.005749849136918783,0.7905102968215942,314,,,,,,,,,,,,,,,,,,,,,,,,,,,,,,,,,,,,,,,,,,,,,,,,,,,,,,,,,,,,,,,,,,,,,,,,,,,,,
,314,,,,,,314,0.7919964790344238,0.7905102968215942,0.001544979983009398,0.005749849136918783,0.7905102968215942,,,,,,,,,,,,,,,,,,,,,,,,,,,,,,,,,,,,,,,,,,,,,,,,,,,,,,,,,,,,,,,,,,,,,,,,
0.0008658111739587756,315,,,,,,,,,,,,,,,,,,,,,,,,,,,,,,,,,,,,,,,,,,,,,,,,,,,,,,,,,,,,,,,,,,,,,,,,,,,,,,,,,,,
,315,0.9518906474113464,0.9525829553604126,0.00153991614934057,0.007242914754897356,0.9525829553604126,315,,,,,,,,,,,,,,,,,,,,,,,,,,,,,,,,,,,,,,,,,,,,,,,,,,,,,,,,,,,,,,,,,,,,,,,,,,,,,
,315,,,,,,315,0.9518906474113464,0.9525829553604126,0.00153991614934057,0.007242914754897356,0.9525829553604126,,,,,,,,,,,,,,,,,,,,,,,,,,,,,,,,,,,,,,,,,,,,,,,,,,,,,,,,,,,,,,,,,,,,,,,,
0.0008646198293969949,316,,,,,,,,,,,,,,,,,,,,,,,,,,,,,,,,,,,,,,,,,,,,,,,,,,,,,,,,,,,,,,,,,,,,,,,,,,,,,,,,,,,
,316,0.8697079420089722,0.8697079420089722,0.0015350185567513108,0.00490348506718874,0.8697079420089722,316,,,,,,,,,,,,,,,,,,,,,,,,,,,,,,,,,,,,,,,,,,,,,,,,,,,,,,,,,,,,,,,,,,,,,,,,,,,,,
,316,,,,,,316,0.8697079420089722,0.8697079420089722,0.0015350185567513108,0.00490348506718874,0.8697079420089722,,,,,,,,,,,,,,,,,,,,,,,,,,,,,,,,,,,,,,,,,,,,,,,,,,,,,,,,,,,,,,,,,,,,,,,,
0.0008634240481500023,317,,,,,,,,,,,,,,,,,,,,,,,,,,,,,,,,,,,,,,,,,,,,,,,,,,,,,,,,,,,,,,,,,,,,,,,,,,,,,,,,,,,
,317,0.8897992968559265,0.8897992968559265,0.001529182307422161,0.007704789284616709,0.8897992968559265,317,,,,,,,,,,,,,,,,,,,,,,,,,,,,,,,,,,,,,,,,,,,,,,,,,,,,,,,,,,,,,,,,,,,,,,,,,,,,,
,317,,,,,,317,0.8897992968559265,0.8897992968559265,0.001529182307422161,0.007704789284616709,0.8897992968559265,,,,,,,,,,,,,,,,,,,,,,,,,,,,,,,,,,,,,,,,,,,,,,,,,,,,,,,,,,,,,,,,,,,,,,,,
0.0008622238447880149,318,,,,,,,,,,,,,,,,,,,,,,,,,,,,,,,,,,,,,,,,,,,,,,,,,,,,,,,,,,,,,,,,,,,,,,,,,,,,,,,,,,,
,318,0.8572447299957275,0.8583313226699829,0.0015225004171952605,0.004501092713326216,0.8583313226699829,318,,,,,,,,,,,,,,,,,,,,,,,,,,,,,,,,,,,,,,,,,,,,,,,,,,,,,,,,,,,,,,,,,,,,,,,,,,,,,
,318,,,,,,318,0.8572447299957275,0.8583313226699829,0.0015225004171952605,0.004501092713326216,0.8583313226699829,,,,,,,,,,,,,,,,,,,,,,,,,,,,,,,,,,,,,,,,,,,,,,,,,,,,,,,,,,,,,,,,,,,,,,,,
0.0008610192339351317,319,,,,,,,,,,,,,,,,,,,,,,,,,,,,,,,,,,,,,,,,,,,,,,,,,,,,,,,,,,,,,,,,,,,,,,,,,,,,,,,,,,,
,319,1.1399166584014893,1.1377729177474976,0.0015150300459936261,0.008324289694428444,1.1377729177474976,319,,,,,,,,,,,,,,,,,,,,,,,,,,,,,,,,,,,,,,,,,,,,,,,,,,,,,,,,,,,,,,,,,,,,,,,,,,,,,
,319,,,,,,319,1.1399166584014893,1.1377729177474976,0.0015150300459936261,0.008324289694428444,1.1377729177474976,,,,,,,,,,,,,,,,,,,,,,,,,,,,,,,,,,,,,,,,,,,,,,,,,,,,,,,,,,,,,,,,,,,,,,,,
0.000859810230269156,320,,,,,,,,,,,,,,,,,,,,,,,,,,,,,,,,,,,,,,,,,,,,,,,,,,,,,,,,,,,,,,,,,,,,,,,,,,,,,,,,,,,
,320,0.726768434047699,0.726768434047699,0.001508959336206317,0.0035594874061644077,0.726768434047699,320,,,,,,,,,,,,,,,,,,,,,,,,,,,,,,,,,,,,,,,,,,,,,,,,,,,,,,,,,,,,,,,,,,,,,,,,,,,,,
,320,,,,,,320,0.726768434047699,0.726768434047699,0.001508959336206317,0.0035594874061644077,0.726768434047699,,,,,,,,,,,,,,,,,,,,,,,,,,,,,,,,,,,,,,,,,,,,,,,,,,,,,,,,,,,,,,,,,,,,,,,,
0.0008585968485214159,321,,,,,,,,,,,,,,,,,,,,,,,,,,,,,,,,,,,,,,,,,,,,,,,,,,,,,,,,,,,,,,,,,,,,,,,,,,,,,,,,,,,
,321,1.1924355030059814,1.1924355030059814,0.0015020669670775533,0.6120171546936035,1.1924355030059814,321,,,,,,,,,,,,,,,,,,,,,,,,,,,,,,,,,,,,,,,,,,,,,,,,,,,,,,,,,,,,,,,,,,,,,,,,,,,,,
,321,,,,,,321,1.1924355030059814,1.1924355030059814,0.0015020669670775533,0.6120171546936035,1.1924355030059814,,,,,,,,,,,,,,,,,,,,,,,,,,,,,,,,,,,,,,,,,,,,,,,,,,,,,,,,,,,,,,,,,,,,,,,,
0.0008573791034765851,322,,,,,,,,,,,,,,,,,,,,,,,,,,,,,,,,,,,,,,,,,,,,,,,,,,,,,,,,,,,,,,,,,,,,,,,,,,,,,,,,,,,
,322,0.7898354530334473,0.7898354530334473,0.0014972849749028683,0.0034609073773026466,0.7898354530334473,322,,,,,,,,,,,,,,,,,,,,,,,,,,,,,,,,,,,,,,,,,,,,,,,,,,,,,,,,,,,,,,,,,,,,,,,,,,,,,
,322,,,,,,322,0.7898354530334473,0.7898354530334473,0.0014972849749028683,0.0034609073773026466,0.7898354530334473,,,,,,,,,,,,,,,,,,,,,,,,,,,,,,,,,,,,,,,,,,,,,,,,,,,,,,,,,,,,,,,,,,,,,,,,
0.0008561570099725025,323,,,,,,,,,,,,,,,,,,,,,,,,,,,,,,,,,,,,,,,,,,,,,,,,,,,,,,,,,,,,,,,,,,,,,,,,,,,,,,,,,,,
,323,0.9954789876937866,0.9954789876937866,0.0014915534993633628,0.005569551605731249,0.9954789876937866,323,,,,,,,,,,,,,,,,,,,,,,,,,,,,,,,,,,,,,,,,,,,,,,,,,,,,,,,,,,,,,,,,,,,,,,,,,,,,,
,323,,,,,,323,0.9954789876937866,0.9954789876937866,0.0014915534993633628,0.005569551605731249,0.9954789876937866,,,,,,,,,,,,,,,,,,,,,,,,,,,,,,,,,,,,,,,,,,,,,,,,,,,,,,,,,,,,,,,,,,,,,,,,
0.0008549305828999919,324,,,,,,,,,,,,,,,,,,,,,,,,,,,,,,,,,,,,,,,,,,,,,,,,,,,,,,,,,,,,,,,,,,,,,,,,,,,,,,,,,,,
,324,0.7605106830596924,0.7605106830596924,0.001484968001022935,0.003966421354562044,0.7605106830596924,324,,,,,,,,,,,,,,,,,,,,,,,,,,,,,,,,,,,,,,,,,,,,,,,,,,,,,,,,,,,,,,,,,,,,,,,,,,,,,
,324,,,,,,324,0.7605106830596924,0.7605106830596924,0.001484968001022935,0.003966421354562044,0.7605106830596924,,,,,,,,,,,,,,,,,,,,,,,,,,,,,,,,,,,,,,,,,,,,,,,,,,,,,,,,,,,,,,,,,,,,,,,,
0.0008536998372026801,325,,,,,,,,,,,,,,,,,,,,,,,,,,,,,,,,,,,,,,,,,,,,,,,,,,,,,,,,,,,,,,,,,,,,,,,,,,,,,,,,,,,
,325,0.8017430305480957,0.8017430305480957,0.0014776131138205528,0.0034005928318947554,0.8017430305480957,325,,,,,,,,,,,,,,,,,,,,,,,,,,,,,,,,,,,,,,,,,,,,,,,,,,,,,,,,,,,,,,,,,,,,,,,,,,,,,
,325,,,,,,325,0.8017430305480957,0.8017430305480957,0.0014776131138205528,0.0034005928318947554,0.8017430305480957,,,,,,,,,,,,,,,,,,,,,,,,,,,,,,,,,,,,,,,,,,,,,,,,,,,,,,,,,,,,,,,,,,,,,,,,
0.0008524647878768153,326,,,,,,,,,,,,,,,,,,,,,,,,,,,,,,,,,,,,,,,,,,,,,,,,,,,,,,,,,,,,,,,,,,,,,,,,,,,,,,,,,,,
,326,1.1911137104034424,1.1885465383529663,0.0014695661375299096,0.3095739781856537,1.1885465383529663,326,,,,,,,,,,,,,,,,,,,,,,,,,,,,,,,,,,,,,,,,,,,,,,,,,,,,,,,,,,,,,,,,,,,,,,,,,,,,,
,326,,,,,,326,1.1911137104034424,1.1885465383529663,0.0014695661375299096,0.3095739781856537,1.1885465383529663,,,,,,,,,,,,,,,,,,,,,,,,,,,,,,,,,,,,,,,,,,,,,,,,,,,,,,,,,,,,,,,,,,,,,,,,
0.0008512254499710834,327,,,,,,,,,,,,,,,,,,,,,,,,,,,,,,,,,,,,,,,,,,,,,,,,,,,,,,,,,,,,,,,,,,,,,,,,,,,,,,,,,,,
,327,0.7170753479003906,0.7170753479003906,0.0014633511891588569,0.005100713577121496,0.7170753479003906,327,,,,,,,,,,,,,,,,,,,,,,,,,,,,,,,,,,,,,,,,,,,,,,,,,,,,,,,,,,,,,,,,,,,,,,,,,,,,,
,327,,,,,,327,0.7170753479003906,0.7170753479003906,0.0014633511891588569,0.005100713577121496,0.7170753479003906,,,,,,,,,,,,,,,,,,,,,,,,,,,,,,,,,,,,,,,,,,,,,,,,,,,,,,,,,,,,,,,,,,,,,,,,
0.000849981838586426,328,,,,,,,,,,,,,,,,,,,,,,,,,,,,,,,,,,,,,,,,,,,,,,,,,,,,,,,,,,,,,,,,,,,,,,,,,,,,,,,,,,,
,328,1.055701732635498,1.0550220012664795,0.0014563309960067272,0.005867890082299709,1.0550220012664795,328,,,,,,,,,,,,,,,,,,,,,,,,,,,,,,,,,,,,,,,,,,,,,,,,,,,,,,,,,,,,,,,,,,,,,,,,,,,,,
,328,,,,,,328,1.055701732635498,1.0550220012664795,0.0014563309960067272,0.005867890082299709,1.0550220012664795,,,,,,,,,,,,,,,,,,,,,,,,,,,,,,,,,,,,,,,,,,,,,,,,,,,,,,,,,,,,,,,,,,,,,,,,
0.0008487339688758549,329,,,,,,,,,,,,,,,,,,,,,,,,,,,,,,,,,,,,,,,,,,,,,,,,,,,,,,,,,,,,,,,,,,,,,,,,,,,,,,,,,,,
,329,1.0831782817840576,1.0831782817840576,0.001450465526431799,0.009670276194810867,1.0831782817840576,329,,,,,,,,,,,,,,,,,,,,,,,,,,,,,,,,,,,,,,,,,,,,,,,,,,,,,,,,,,,,,,,,,,,,,,,,,,,,,
,329,,,,,,329,1.0831782817840576,1.0831782817840576,0.001450465526431799,0.009670276194810867,1.0831782817840576,,,,,,,,,,,,,,,,,,,,,,,,,,,,,,,,,,,,,,,,,,,,,,,,,,,,,,,,,,,,,,,,,,,,,,,,
0.0008474818560442691,330,,,,,,,,,,,,,,,,,,,,,,,,,,,,,,,,,,,,,,,,,,,,,,,,,,,,,,,,,,,,,,,,,,,,,,,,,,,,,,,,,,,
,330,0.7998642921447754,0.8014324307441711,0.001446607057005167,0.007954350672662258,0.8014324307441711,330,,,,,,,,,,,,,,,,,,,,,,,,,,,,,,,,,,,,,,,,,,,,,,,,,,,,,,,,,,,,,,,,,,,,,,,,,,,,,
,330,,,,,,330,0.7998642921447754,0.8014324307441711,0.001446607057005167,0.007954350672662258,0.8014324307441711,,,,,,,,,,,,,,,,,,,,,,,,,,,,,,,,,,,,,,,,,,,,,,,,,,,,,,,,,,,,,,,,,,,,,,,,
0.0008462255153482681,331,,,,,,,,,,,,,,,,,,,,,,,,,,,,,,,,,,,,,,,,,,,,,,,,,,,,,,,,,,,,,,,,,,,,,,,,,,,,,,,,,,,
,331,0.8518717288970947,0.8500335812568665,0.0014417439233511686,0.004748285282403231,0.8500335812568665,331,,,,,,,,,,,,,,,,,,,,,,,,,,,,,,,,,,,,,,,,,,,,,,,,,,,,,,,,,,,,,,,,,,,,,,,,,,,,,
,331,,,,,,331,0.8518717288970947,0.8500335812568665,0.0014417439233511686,0.004748285282403231,0.8500335812568665,,,,,,,,,,,,,,,,,,,,,,,,,,,,,,,,,,,,,,,,,,,,,,,,,,,,,,,,,,,,,,,,,,,,,,,,
0.000844964962095967,332,,,,,,,,,,,,,,,,,,,,,,,,,,,,,,,,,,,,,,,,,,,,,,,,,,,,,,,,,,,,,,,,,,,,,,,,,,,,,,,,,,,
,332,0.8129539489746094,0.8154954314231873,0.0014360884670168161,0.00499276677146554,0.8154954314231873,332,,,,,,,,,,,,,,,,,,,,,,,,,,,,,,,,,,,,,,,,,,,,,,,,,,,,,,,,,,,,,,,,,,,,,,,,,,,,,
,332,,,,,,332,0.8129539489746094,0.8154954314231873,0.0014360884670168161,0.00499276677146554,0.8154954314231873,,,,,,,,,,,,,,,,,,,,,,,,,,,,,,,,,,,,,,,,,,,,,,,,,,,,,,,,,,,,,,,,,,,,,,,,
0.0008437002116468093,333,,,,,,,,,,,,,,,,,,,,,,,,,,,,,,,,,,,,,,,,,,,,,,,,,,,,,,,,,,,,,,,,,,,,,,,,,,,,,,,,,,,
,333,0.7388250231742859,0.7399690747261047,0.0014297091402113438,0.003295222530141473,0.7399690747261047,333,,,,,,,,,,,,,,,,,,,,,,,,,,,,,,,,,,,,,,,,,,,,,,,,,,,,,,,,,,,,,,,,,,,,,,,,,,,,,
,333,,,,,,333,0.7388250231742859,0.7399690747261047,0.0014297091402113438,0.003295222530141473,0.7399690747261047,,,,,,,,,,,,,,,,,,,,,,,,,,,,,,,,,,,,,,,,,,,,,,,,,,,,,,,,,,,,,,,,,,,,,,,,
0.00084243127941138,334,,,,,,,,,,,,,,,,,,,,,,,,,,,,,,,,,,,,,,,,,,,,,,,,,,,,,,,,,,,,,,,,,,,,,,,,,,,,,,,,,,,
,334,0.832014262676239,0.832014262676239,0.0014226462226361036,0.007659300696104765,0.832014262676239,334,,,,,,,,,,,,,,,,,,,,,,,,,,,,,,,,,,,,,,,,,,,,,,,,,,,,,,,,,,,,,,,,,,,,,,,,,,,,,
,334,,,,,,334,0.832014262676239,0.832014262676239,0.0014226462226361036,0.007659300696104765,0.832014262676239,,,,,,,,,,,,,,,,,,,,,,,,,,,,,,,,,,,,,,,,,,,,,,,,,,,,,,,,,,,,,,,,,,,,,,,,
0.0008411581808512181,335,,,,,,,,,,,,,,,,,,,,,,,,,,,,,,,,,,,,,,,,,,,,,,,,,,,,,,,,,,,,,,,,,,,,,,,,,,,,,,,,,,,
,335,0.7764782905578613,0.7764782905578613,0.0014148654881864786,0.003361921291798353,0.7764782905578613,335,,,,,,,,,,,,,,,,,,,,,,,,,,,,,,,,,,,,,,,,,,,,,,,,,,,,,,,,,,,,,,,,,,,,,,,,,,,,,
,335,,,,,,335,0.7764782905578613,0.7764782905578613,0.0014148654881864786,0.003361921291798353,0.7764782905578613,,,,,,,,,,,,,,,,,,,,,,,,,,,,,,,,,,,,,,,,,,,,,,,,,,,,,,,,,,,,,,,,,,,,,,,,
0.0008398809314786275,336,,,,,,,,,,,,,,,,,,,,,,,,,,,,,,,,,,,,,,,,,,,,,,,,,,,,,,,,,,,,,,,,,,,,,,,,,,,,,,,,,,,
,336,0.7203871607780457,0.7203871607780457,0.0014064384158700705,0.005051626358181238,0.7203871607780457,336,,,,,,,,,,,,,,,,,,,,,,,,,,,,,,,,,,,,,,,,,,,,,,,,,,,,,,,,,,,,,,,,,,,,,,,,,,,,,
,336,,,,,,336,0.7203871607780457,0.7203871607780457,0.0014064384158700705,0.005051626358181238,0.7203871607780457,,,,,,,,,,,,,,,,,,,,,,,,,,,,,,,,,,,,,,,,,,,,,,,,,,,,,,,,,,,,,,,,,,,,,,,,
0.000838599546856489,337,,,,,,,,,,,,,,,,,,,,,,,,,,,,,,,,,,,,,,,,,,,,,,,,,,,,,,,,,,,,,,,,,,,,,,,,,,,,,,,,,,,
,337,0.6498357653617859,0.6498357653617859,0.001397430431097746,0.0028269386384636164,0.6498357653617859,337,,,,,,,,,,,,,,,,,,,,,,,,,,,,,,,,,,,,,,,,,,,,,,,,,,,,,,,,,,,,,,,,,,,,,,,,,,,,,
,337,,,,,,337,0.6498357653617859,0.6498357653617859,0.001397430431097746,0.0028269386384636164,0.6498357653617859,,,,,,,,,,,,,,,,,,,,,,,,,,,,,,,,,,,,,,,,,,,,,,,,,,,,,,,,,,,,,,,,,,,,,,,,
0.0008373140425980697,338,,,,,,,,,,,,,,,,,,,,,,,,,,,,,,,,,,,,,,,,,,,,,,,,,,,,,,,,,,,,,,,,,,,,,,,,,,,,,,,,,,,
,338,1.0520738363265991,1.0514236688613892,0.001387899974361062,0.01702914759516716,1.0514236688613892,338,,,,,,,,,,,,,,,,,,,,,,,,,,,,,,,,,,,,,,,,,,,,,,,,,,,,,,,,,,,,,,,,,,,,,,,,,,,,,
,338,,,,,,338,1.0520738363265991,1.0514236688613892,0.001387899974361062,0.01702914759516716,1.0514236688613892,,,,,,,,,,,,,,,,,,,,,,,,,,,,,,,,,,,,,,,,,,,,,,,,,,,,,,,,,,,,,,,,,,,,,,,,
0.0008360244343668336,339,,,,,,,,,,,,,,,,,,,,,,,,,,,,,,,,,,,,,,,,,,,,,,,,,,,,,,,,,,,,,,,,,,,,,,,,,,,,,,,,,,,
,339,0.7609604597091675,0.7633391618728638,0.00137983332388103,0.0036458338145166636,0.7633391618728638,339,,,,,,,,,,,,,,,,,,,,,,,,,,,,,,,,,,,,,,,,,,,,,,,,,,,,,,,,,,,,,,,,,,,,,,,,,,,,,
,339,,,,,,339,0.7609604597091675,0.7633391618728638,0.00137983332388103,0.0036458338145166636,0.7633391618728638,,,,,,,,,,,,,,,,,,,,,,,,,,,,,,,,,,,,,,,,,,,,,,,,,,,,,,,,,,,,,,,,,,,,,,,,
0.0008347307378762496,340,,,,,,,,,,,,,,,,,,,,,,,,,,,,,,,,,,,,,,,,,,,,,,,,,,,,,,,,,,,,,,,,,,,,,,,,,,,,,,,,,,,
,340,1.1087672710418701,1.1087672710418701,0.0013711939100176096,0.1008121520280838,1.1087672710418701,340,,,,,,,,,,,,,,,,,,,,,,,,,,,,,,,,,,,,,,,,,,,,,,,,,,,,,,,,,,,,,,,,,,,,,,,,,,,,,
,340,,,,,,340,1.1087672710418701,1.1087672710418701,0.0013711939100176096,0.1008121520280838,1.1087672710418701,,,,,,,,,,,,,,,,,,,,,,,,,,,,,,,,,,,,,,,,,,,,,,,,,,,,,,,,,,,,,,,,,,,,,,,,
0.0008334329688896013,341,,,,,,,,,,,,,,,,,,,,,,,,,,,,,,,,,,,,,,,,,,,,,,,,,,,,,,,,,,,,,,,,,,,,,,,,,,,,,,,,,,,
,341,0.8104938864707947,0.8140809535980225,0.0013648354215547442,0.0035888063721358776,0.8140809535980225,341,,,,,,,,,,,,,,,,,,,,,,,,,,,,,,,,,,,,,,,,,,,,,,,,,,,,,,,,,,,,,,,,,,,,,,,,,,,,,
,341,,,,,,341,0.8104938864707947,0.8140809535980225,0.0013648354215547442,0.0035888063721358776,0.8140809535980225,,,,,,,,,,,,,,,,,,,,,,,,,,,,,,,,,,,,,,,,,,,,,,,,,,,,,,,,,,,,,,,,,,,,,,,,
0.0008321311432197945,342,,,,,,,,,,,,,,,,,,,,,,,,,,,,,,,,,,,,,,,,,,,,,,,,,,,,,,,,,,,,,,,,,,,,,,,,,,,,,,,,,,,
,342,0.6655322313308716,0.6608374118804932,0.0013579253572970629,0.0028233681805431843,0.6608374118804932,342,,,,,,,,,,,,,,,,,,,,,,,,,,,,,,,,,,,,,,,,,,,,,,,,,,,,,,,,,,,,,,,,,,,,,,,,,,,,,
,342,,,,,,342,0.6655322313308716,0.6608374118804932,0.0013579253572970629,0.0028233681805431843,0.6608374118804932,,,,,,,,,,,,,,,,,,,,,,,,,,,,,,,,,,,,,,,,,,,,,,,,,,,,,,,,,,,,,,,,,,,,,,,,
0.0008308252767291639,343,,,,,,,,,,,,,,,,,,,,,,,,,,,,,,,,,,,,,,,,,,,,,,,,,,,,,,,,,,,,,,,,,,,,,,,,,,,,,,,,,,,
,343,1.1189885139465332,1.1189885139465332,0.0013505046954378486,0.01933819241821766,1.1189885139465332,343,,,,,,,,,,,,,,,,,,,,,,,,,,,,,,,,,,,,,,,,,,,,,,,,,,,,,,,,,,,,,,,,,,,,,,,,,,,,,
,343,,,,,,343,1.1189885139465332,1.1189885139465332,0.0013505046954378486,0.01933819241821766,1.1189885139465332,,,,,,,,,,,,,,,,,,,,,,,,,,,,,,,,,,,,,,,,,,,,,,,,,,,,,,,,,,,,,,,,,,,,,,,,
0.0008295153853292807,344,,,,,,,,,,,,,,,,,,,,,,,,,,,,,,,,,,,,,,,,,,,,,,,,,,,,,,,,,,,,,,,,,,,,,,,,,,,,,,,,,,,
,344,0.6662631034851074,0.6651719212532043,0.0013452415587380528,0.004926768597215414,0.6651719212532043,344,,,,,,,,,,,,,,,,,,,,,,,,,,,,,,,,,,,,,,,,,,,,,,,,,,,,,,,,,,,,,,,,,,,,,,,,,,,,,
,344,,,,,,344,0.6662631034851074,0.6651719212532043,0.0013452415587380528,0.004926768597215414,0.6651719212532043,,,,,,,,,,,,,,,,,,,,,,,,,,,,,,,,,,,,,,,,,,,,,,,,,,,,,,,,,,,,,,,,,,,,,,,,
0.0008282014849807581,345,,,,,,,,,,,,,,,,,,,,,,,,,,,,,,,,,,,,,,,,,,,,,,,,,,,,,,,,,,,,,,,,,,,,,,,,,,,,,,,,,,,
,345,0.8160382509231567,0.8160382509231567,0.0013391136890277267,0.004729990381747484,0.8160382509231567,345,,,,,,,,,,,,,,,,,,,,,,,,,,,,,,,,,,,,,,,,,,,,,,,,,,,,,,,,,,,,,,,,,,,,,,,,,,,,,
,345,,,,,,345,0.8160382509231567,0.8160382509231567,0.0013391136890277267,0.004729990381747484,0.8160382509231567,,,,,,,,,,,,,,,,,,,,,,,,,,,,,,,,,,,,,,,,,,,,,,,,,,,,,,,,,,,,,,,,,,,,,,,,
0.0008268835916930574,346,,,,,,,,,,,,,,,,,,,,,,,,,,,,,,,,,,,,,,,,,,,,,,,,,,,,,,,,,,,,,,,,,,,,,,,,,,,,,,,,,,,
,346,0.6758965253829956,0.6758965253829956,0.0013321798760443926,0.0030040114652365446,0.6758965253829956,346,,,,,,,,,,,,,,,,,,,,,,,,,,,,,,,,,,,,,,,,,,,,,,,,,,,,,,,,,,,,,,,,,,,,,,,,,,,,,
,346,,,,,,346,0.6758965253829956,0.6758965253829956,0.0013321798760443926,0.0030040114652365446,0.6758965253829956,,,,,,,,,,,,,,,,,,,,,,,,,,,,,,,,,,,,,,,,,,,,,,,,,,,,,,,,,,,,,,,,,,,,,,,,
0.0008255617215242922,347,,,,,,,,,,,,,,,,,,,,,,,,,,,,,,,,,,,,,,,,,,,,,,,,,,,,,,,,,,,,,,,,,,,,,,,,,,,,,,,,,,,
,347,0.8349279761314392,0.8349279761314392,0.0013245216105133295,0.003908941522240639,0.8349279761314392,347,,,,,,,,,,,,,,,,,,,,,,,,,,,,,,,,,,,,,,,,,,,,,,,,,,,,,,,,,,,,,,,,,,,,,,,,,,,,,
,347,,,,,,347,0.8349279761314392,0.8349279761314392,0.0013245216105133295,0.003908941522240639,0.8349279761314392,,,,,,,,,,,,,,,,,,,,,,,,,,,,,,,,,,,,,,,,,,,,,,,,,,,,,,,,,,,,,,,,,,,,,,,,
0.0008242358905810336,348,,,,,,,,,,,,,,,,,,,,,,,,,,,,,,,,,,,,,,,,,,,,,,,,,,,,,,,,,,,,,,,,,,,,,,,,,,,,,,,,,,,
,348,0.6685744524002075,0.6640822291374207,0.001316211884841323,0.005789198912680149,0.6640822291374207,348,,,,,,,,,,,,,,,,,,,,,,,,,,,,,,,,,,,,,,,,,,,,,,,,,,,,,,,,,,,,,,,,,,,,,,,,,,,,,
,348,,,,,,348,0.6685744524002075,0.6640822291374207,0.001316211884841323,0.005789198912680149,0.6640822291374207,,,,,,,,,,,,,,,,,,,,,,,,,,,,,,,,,,,,,,,,,,,,,,,,,,,,,,,,,,,,,,,,,,,,,,,,
0.0008229061150181131,349,,,,,,,,,,,,,,,,,,,,,,,,,,,,,,,,,,,,,,,,,,,,,,,,,,,,,,,,,,,,,,,,,,,,,,,,,,,,,,,,,,,
,349,1.1356635093688965,1.1356635093688965,0.0013073766604065895,0.1224629282951355,1.1356635093688965,349,,,,,,,,,,,,,,,,,,,,,,,,,,,,,,,,,,,,,,,,,,,,,,,,,,,,,,,,,,,,,,,,,,,,,,,,,,,,,
,349,,,,,,349,,,,,,0.6916996836662292,0.6916996836662292,0.0013008377281948924,0.0062438505701720715,0.6916996836662292,0.6102132797241211,0.6102132797241211,0.0013008377281948924,0.005066197365522385,0.6102132797241211,-0.05858895555138588,0.27221670746803284,0.3512481153011322,0.1636124700307846,0.0885905772447586,0.04575444757938385,0.031436987221241,0.0199977345764637,0.0021415110677480698,0.05858895555138588,0.7621567249298096,0.38065922260284424,0.2284282147884369,0.18620501458644867,0.16001813113689423,0.10373439639806747,0.3035336136817932,0.17241564393043518,0.10351044684648514,0.05411824584007263,0.03644416108727455,0.022343186661601067,0.0021818815730512142,0.06516892462968826,40.67094421386719,28.148380279541016,37.08182907104492,54.33453369140625,106.75721740722656,4704.70361328125,828.6160888671875,-0.062355887144804,0.27224400639533997,0.34955477714538574,0.16249774396419525,0.09304337948560715,0.05263157933950424,0.036975640803575516,0.024391626939177513,0.0045953537337481976,0.062355887144804,0.7499702572822571,0.39713960886001587,0.25975653529167175,0.21892039477825165,0.19492293894290924,0.22406628727912903,0.34079599380493164,0.17180520296096802,0.10834625363349915,0.061918579041957855,0.04259495064616203,0.027124203741550446,0.004669664427638054,0.0694098100066185,39.66107177734375,27.96454429626465,36.63026428222656,54.98006820678711,107.48824310302734,4792.1533203125,843.146240234375
,349,,,,,,349,1.1356635093688965,1.1356635093688965,0.0013073766604065895,0.1224629282951355,1.1356635093688965,,,,,,,,,,,,,,,,,,,,,,,,,,,,,,,,,,,,,,,,,,,,,,,,,,,,,,,,,,,,,,,,,,,,,,,,
0.0008215724110384263,350,,,,,,,,,,,,,,,,,,,,,,,,,,,,,,,,,,,,,,,,,,,,,,,,,,,,,,,,,,,,,,,,,,,,,,,,,,,,,,,,,,,
,350,0.7050009965896606,0.7050009965896606,0.0013008377281948924,0.003054898465052247,0.7050009965896606,350,,,,,,,,,,,,,,,,,,,,,,,,,,,,,,,,,,,,,,,,,,,,,,,,,,,,,,,,,,,,,,,,,,,,,,,,,,,,,
,350,,,,,,350,0.7050009965896606,0.7050009965896606,0.0013008377281948924,0.003054898465052247,0.7050009965896606,,,,,,,,,,,,,,,,,,,,,,,,,,,,,,,,,,,,,,,,,,,,,,,,,,,,,,,,,,,,,,,,,,,,,,,,
0.0008202347948927352,351,,,,,,,,,,,,,,,,,,,,,,,,,,,,,,,,,,,,,,,,,,,,,,,,,,,,,,,,,,,,,,,,,,,,,,,,,,,,,,,,,,,
,351,0.6725742816925049,0.6679846048355103,0.001293537556193769,0.0028637731447815895,0.6679846048355103,351,,,,,,,,,,,,,,,,,,,,,,,,,,,,,,,,,,,,,,,,,,,,,,,,,,,,,,,,,,,,,,,,,,,,,,,,,,,,,
,351,,,,,,351,0.6725742816925049,0.6679846048355103,0.001293537556193769,0.0028637731447815895,0.6679846048355103,,,,,,,,,,,,,,,,,,,,,,,,,,,,,,,,,,,,,,,,,,,,,,,,,,,,,,,,,,,,,,,,,,,,,,,,
0.0008188932828794704,352,,,,,,,,,,,,,,,,,,,,,,,,,,,,,,,,,,,,,,,,,,,,,,,,,,,,,,,,,,,,,,,,,,,,,,,,,,,,,,,,,,,
,352,0.8706075549125671,0.8675904870033264,0.001285554957576096,0.004852717742323875,0.8675904870033264,352,,,,,,,,,,,,,,,,,,,,,,,,,,,,,,,,,,,,,,,,,,,,,,,,,,,,,,,,,,,,,,,,,,,,,,,,,,,,,
,352,,,,,,352,0.8706075549125671,0.8675904870033264,0.001285554957576096,0.004852717742323875,0.8675904870033264,,,,,,,,,,,,,,,,,,,,,,,,,,,,,,,,,,,,,,,,,,,,,,,,,,,,,,,,,,,,,,,,,,,,,,,,
0.0008175478913445325,353,,,,,,,,,,,,,,,,,,,,,,,,,,,,,,,,,,,,,,,,,,,,,,,,,,,,,,,,,,,,,,,,,,,,,,,,,,,,,,,,,,,
,353,1.0845199823379517,1.0845199823379517,0.00127789203543216,0.07564891129732132,1.0845199823379517,353,,,,,,,,,,,,,,,,,,,,,,,,,,,,,,,,,,,,,,,,,,,,,,,,,,,,,,,,,,,,,,,,,,,,,,,,,,,,,
,353,,,,,,353,1.0845199823379517,1.0845199823379517,0.00127789203543216,0.07564891129732132,1.0845199823379517,,,,,,,,,,,,,,,,,,,,,,,,,,,,,,,,,,,,,,,,,,,,,,,,,,,,,,,,,,,,,,,,,,,,,,,,
0.0008161986366810929,354,,,,,,,,,,,,,,,,,,,,,,,,,,,,,,,,,,,,,,,,,,,,,,,,,,,,,,,,,,,,,,,,,,,,,,,,,,,,,,,,,,,
,354,1.0518770217895508,1.0512433052062988,0.001272406312637031,0.007753961253911257,1.0512433052062988,354,,,,,,,,,,,,,,,,,,,,,,,,,,,,,,,,,,,,,,,,,,,,,,,,,,,,,,,,,,,,,,,,,,,,,,,,,,,,,
,354,,,,,,354,1.0518770217895508,1.0512433052062988,0.001272406312637031,0.007753961253911257,1.0512433052062988,,,,,,,,,,,,,,,,,,,,,,,,,,,,,,,,,,,,,,,,,,,,,,,,,,,,,,,,,,,,,,,,,,,,,,,,
0.0008148455353293937,355,,,,,,,,,,,,,,,,,,,,,,,,,,,,,,,,,,,,,,,,,,,,,,,,,,,,,,,,,,,,,,,,,,,,,,,,,,,,,,,,,,,
,355,0.6749431490898132,0.6749431490898132,0.00126794190146029,0.003508431138470769,0.6749431490898132,355,,,,,,,,,,,,,,,,,,,,,,,,,,,,,,,,,,,,,,,,,,,,,,,,,,,,,,,,,,,,,,,,,,,,,,,,,,,,,
,355,,,,,,355,0.6749431490898132,0.6749431490898132,0.00126794190146029,0.003508431138470769,0.6749431490898132,,,,,,,,,,,,,,,,,,,,,,,,,,,,,,,,,,,,,,,,,,,,,,,,,,,,,,,,,,,,,,,,,,,,,,,,
0.0008134886037765479,356,,,,,,,,,,,,,,,,,,,,,,,,,,,,,,,,,,,,,,,,,,,,,,,,,,,,,,,,,,,,,,,,,,,,,,,,,,,,,,,,,,,
,356,0.7164432406425476,0.7159065008163452,0.0012625124072656035,0.003519246354699135,0.7159065008163452,356,,,,,,,,,,,,,,,,,,,,,,,,,,,,,,,,,,,,,,,,,,,,,,,,,,,,,,,,,,,,,,,,,,,,,,,,,,,,,
,356,,,,,,356,0.7164432406425476,0.7159065008163452,0.0012625124072656035,0.003519246354699135,0.7159065008163452,,,,,,,,,,,,,,,,,,,,,,,,,,,,,,,,,,,,,,,,,,,,,,,,,,,,,,,,,,,,,,,,,,,,,,,,
0.0008121278585563383,357,,,,,,,,,,,,,,,,,,,,,,,,,,,,,,,,,,,,,,,,,,,,,,,,,,,,,,,,,,,,,,,,,,,,,,,,,,,,,,,,,,,
,357,0.8795304298400879,0.8815109729766846,0.00125633436255157,0.006483499892055988,0.8815109729766846,357,,,,,,,,,,,,,,,,,,,,,,,,,,,,,,,,,,,,,,,,,,,,,,,,,,,,,,,,,,,,,,,,,,,,,,,,,,,,,
,357,,,,,,357,0.8795304298400879,0.8815109729766846,0.00125633436255157,0.006483499892055988,0.8815109729766846,,,,,,,,,,,,,,,,,,,,,,,,,,,,,,,,,,,,,,,,,,,,,,,,,,,,,,,,,,,,,,,,,,,,,,,,
0.0008107633162490158,358,,,,,,,,,,,,,,,,,,,,,,,,,,,,,,,,,,,,,,,,,,,,,,,,,,,,,,,,,,,,,,,,,,,,,,,,,,,,,,,,,,,
,358,0.6675971746444702,0.6675971746444702,0.0012492028763517737,0.004876506514847279,0.6675971746444702,358,,,,,,,,,,,,,,,,,,,,,,,,,,,,,,,,,,,,,,,,,,,,,,,,,,,,,,,,,,,,,,,,,,,,,,,,,,,,,
,358,,,,,,358,0.6675971746444702,0.6675971746444702,0.0012492028763517737,0.004876506514847279,0.6675971746444702,,,,,,,,,,,,,,,,,,,,,,,,,,,,,,,,,,,,,,,,,,,,,,,,,,,,,,,,,,,,,,,,,,,,,,,,
0.0008093949934810981,359,,,,,,,,,,,,,,,,,,,,,,,,,,,,,,,,,,,,,,,,,,,,,,,,,,,,,,,,,,,,,,,,,,,,,,,,,,,,,,,,,,,
,359,0.5833119750022888,0.5833119750022888,0.0012413754593580961,0.004765362478792667,0.5833119750022888,359,,,,,,,,,,,,,,,,,,,,,,,,,,,,,,,,,,,,,,,,,,,,,,,,,,,,,,,,,,,,,,,,,,,,,,,,,,,,,
,359,,,,,,359,0.5833119750022888,0.5833119750022888,0.0012413754593580961,0.004765362478792667,0.5833119750022888,,,,,,,,,,,,,,,,,,,,,,,,,,,,,,,,,,,,,,,,,,,,,,,,,,,,,,,,,,,,,,,,,,,,,,,,
0.000808022906925166,360,,,,,,,,,,,,,,,,,,,,,,,,,,,,,,,,,,,,,,,,,,,,,,,,,,,,,,,,,,,,,,,,,,,,,,,,,,,,,,,,,,,
,360,0.7868194580078125,0.789674699306488,0.0012329224264249206,0.0045852987095713615,0.789674699306488,360,,,,,,,,,,,,,,,,,,,,,,,,,,,,,,,,,,,,,,,,,,,,,,,,,,,,,,,,,,,,,,,,,,,,,,,,,,,,,
,360,,,,,,360,0.7868194580078125,0.789674699306488,0.0012329224264249206,0.0045852987095713615,0.789674699306488,,,,,,,,,,,,,,,,,,,,,,,,,,,,,,,,,,,,,,,,,,,,,,,,,,,,,,,,,,,,,,,,,,,,,,,,
0.0008066470732996614,361,,,,,,,,,,,,,,,,,,,,,,,,,,,,,,,,,,,,,,,,,,,,,,,,,,,,,,,,,,,,,,,,,,,,,,,,,,,,,,,,,,,
,361,0.6254218816757202,0.6254218816757202,0.0012239442439749837,0.004643690772354603,0.6254218816757202,361,,,,,,,,,,,,,,,,,,,,,,,,,,,,,,,,,,,,,,,,,,,,,,,,,,,,,,,,,,,,,,,,,,,,,,,,,,,,,
,361,,,,,,361,0.6254218816757202,0.6254218816757202,0.0012239442439749837,0.004643690772354603,0.6254218816757202,,,,,,,,,,,,,,,,,,,,,,,,,,,,,,,,,,,,,,,,,,,,,,,,,,,,,,,,,,,,,,,,,,,,,,,,
0.0008052675093686828,362,,,,,,,,,,,,,,,,,,,,,,,,,,,,,,,,,,,,,,,,,,,,,,,,,,,,,,,,,,,,,,,,,,,,,,,,,,,,,,,,,,,
,362,0.5737065672874451,0.5795626640319824,0.0012144572101533413,0.0035442609805613756,0.5795626640319824,362,,,,,,,,,,,,,,,,,,,,,,,,,,,,,,,,,,,,,,,,,,,,,,,,,,,,,,,,,,,,,,,,,,,,,,,,,,,,,
,362,,,,,,362,0.5737065672874451,0.5795626640319824,0.0012144572101533413,0.0035442609805613756,0.5795626640319824,,,,,,,,,,,,,,,,,,,,,,,,,,,,,,,,,,,,,,,,,,,,,,,,,,,,,,,,,,,,,,,,,,,,,,,,
0.0008038842319417813,363,,,,,,,,,,,,,,,,,,,,,,,,,,,,,,,,,,,,,,,,,,,,,,,,,,,,,,,,,,,,,,,,,,,,,,,,,,,,,,,,,,,
,363,0.6575044393539429,0.6575044393539429,0.0012045202311128378,0.005853773560374975,0.6575044393539429,363,,,,,,,,,,,,,,,,,,,,,,,,,,,,,,,,,,,,,,,,,,,,,,,,,,,,,,,,,,,,,,,,,,,,,,,,,,,,,
,363,,,,,,363,0.6575044393539429,0.6575044393539429,0.0012045202311128378,0.005853773560374975,0.6575044393539429,,,,,,,,,,,,,,,,,,,,,,,,,,,,,,,,,,,,,,,,,,,,,,,,,,,,,,,,,,,,,,,,,,,,,,,,
0.0008024972578737558,364,,,,,,,,,,,,,,,,,,,,,,,,,,,,,,,,,,,,,,,,,,,,,,,,,,,,,,,,,,,,,,,,,,,,,,,,,,,,,,,,,,,
,364,0.5339524745941162,0.5339524745941162,0.001194172422401607,0.004071126226335764,0.5339524745941162,364,,,,,,,,,,,,,,,,,,,,,,,,,,,,,,,,,,,,,,,,,,,,,,,,,,,,,,,,,,,,,,,,,,,,,,,,,,,,,
,364,,,,,,364,0.5339524745941162,0.5339524745941162,0.001194172422401607,0.004071126226335764,0.5339524745941162,,,,,,,,,,,,,,,,,,,,,,,,,,,,,,,,,,,,,,,,,,,,,,,,,,,,,,,,,,,,,,,,,,,,,,,,
0.0008011066040644478,365,,,,,,,,,,,,,,,,,,,,,,,,,,,,,,,,,,,,,,,,,,,,,,,,,,,,,,,,,,,,,,,,,,,,,,,,,,,,,,,,,,,
,365,0.5423415899276733,0.5423415899276733,0.001183455577120185,0.004566496703773737,0.5423415899276733,365,,,,,,,,,,,,,,,,,,,,,,,,,,,,,,,,,,,,,,,,,,,,,,,,,,,,,,,,,,,,,,,,,,,,,,,,,,,,,
,365,,,,,,365,0.5423415899276733,0.5423415899276733,0.001183455577120185,0.004566496703773737,0.5423415899276733,,,,,,,,,,,,,,,,,,,,,,,,,,,,,,,,,,,,,,,,,,,,,,,,,,,,,,,,,,,,,,,,,,,,,,,,
0.0007997122874585347,366,,,,,,,,,,,,,,,,,,,,,,,,,,,,,,,,,,,,,,,,,,,,,,,,,,,,,,,,,,,,,,,,,,,,,,,,,,,,,,,,,,,
,366,0.5137735605239868,0.5137735605239868,0.0011724077630788088,0.002843250287696719,0.5137735605239868,366,,,,,,,,,,,,,,,,,,,,,,,,,,,,,,,,,,,,,,,,,,,,,,,,,,,,,,,,,,,,,,,,,,,,,,,,,,,,,
,366,,,,,,366,0.5137735605239868,0.5137735605239868,0.0011724077630788088,0.002843250287696719,0.5137735605239868,,,,,,,,,,,,,,,,,,,,,,,,,,,,,,,,,,,,,,,,,,,,,,,,,,,,,,,,,,,,,,,,,,,,,,,,
0.0007983143250453247,367,,,,,,,,,,,,,,,,,,,,,,,,,,,,,,,,,,,,,,,,,,,,,,,,,,,,,,,,,,,,,,,,,,,,,,,,,,,,,,,,,,,
,367,0.6273362636566162,0.6273362636566162,0.001161063089966774,0.003393599297851324,0.6273362636566162,367,,,,,,,,,,,,,,,,,,,,,,,,,,,,,,,,,,,,,,,,,,,,,,,,,,,,,,,,,,,,,,,,,,,,,,,,,,,,,
,367,,,,,,367,0.6273362636566162,0.6273362636566162,0.001161063089966774,0.003393599297851324,0.6273362636566162,,,,,,,,,,,,,,,,,,,,,,,,,,,,,,,,,,,,,,,,,,,,,,,,,,,,,,,,,,,,,,,,,,,,,,,,
0.0007969127338585485,368,,,,,,,,,,,,,,,,,,,,,,,,,,,,,,,,,,,,,,,,,,,,,,,,,,,,,,,,,,,,,,,,,,,,,,,,,,,,,,,,,,,
,368,0.5682494044303894,0.5657315254211426,0.0011494522914290428,0.0024117762222886086,0.5657315254211426,368,,,,,,,,,,,,,,,,,,,,,,,,,,,,,,,,,,,,,,,,,,,,,,,,,,,,,,,,,,,,,,,,,,,,,,,,,,,,,
,368,,,,,,368,0.5682494044303894,0.5657315254211426,0.0011494522914290428,0.0024117762222886086,0.5657315254211426,,,,,,,,,,,,,,,,,,,,,,,,,,,,,,,,,,,,,,,,,,,,,,,,,,,,,,,,,,,,,,,,,,,,,,,,
0.0007955075309761524,369,,,,,,,,,,,,,,,,,,,,,,,,,,,,,,,,,,,,,,,,,,,,,,,,,,,,,,,,,,,,,,,,,,,,,,,,,,,,,,,,,,,
,369,0.4795287549495697,0.4721980690956116,0.0011376088950783014,0.0021012029610574245,0.4721980690956116,369,,,,,,,,,,,,,,,,,,,,,,,,,,,,,,,,,,,,,,,,,,,,,,,,,,,,,,,,,,,,,,,,,,,,,,,,,,,,,
,369,,,,,,369,0.4795287549495697,0.4721980690956116,0.0011376088950783014,0.0021012029610574245,0.4721980690956116,,,,,,,,,,,,,,,,,,,,,,,,,,,,,,,,,,,,,,,,,,,,,,,,,,,,,,,,,,,,,,,,,,,,,,,,
0.00079409873352009,370,,,,,,,,,,,,,,,,,,,,,,,,,,,,,,,,,,,,,,,,,,,,,,,,,,,,,,,,,,,,,,,,,,,,,,,,,,,,,,,,,,,
,370,0.796736478805542,0.7996405363082886,0.001125574461184442,0.006694503594189882,0.7996405363082886,370,,,,,,,,,,,,,,,,,,,,,,,,,,,,,,,,,,,,,,,,,,,,,,,,,,,,,,,,,,,,,,,,,,,,,,,,,,,,,
,370,,,,,,370,0.796736478805542,0.7996405363082886,0.001125574461184442,0.006694503594189882,0.7996405363082886,,,,,,,,,,,,,,,,,,,,,,,,,,,,,,,,,,,,,,,,,,,,,,,,,,,,,,,,,,,,,,,,,,,,,,,,
0.0007926863586561138,371,,,,,,,,,,,,,,,,,,,,,,,,,,,,,,,,,,,,,,,,,,,,,,,,,,,,,,,,,,,,,,,,,,,,,,,,,,,,,,,,,,,
,371,0.6866521835327148,0.6903128027915955,0.0011134138330817223,0.004653663374483585,0.6903128027915955,371,,,,,,,,,,,,,,,,,,,,,,,,,,,,,,,,,,,,,,,,,,,,,,,,,,,,,,,,,,,,,,,,,,,,,,,,,,,,,
,371,,,,,,371,0.6866521835327148,0.6903128027915955,0.0011134138330817223,0.004653663374483585,0.6903128027915955,,,,,,,,,,,,,,,,,,,,,,,,,,,,,,,,,,,,,,,,,,,,,,,,,,,,,,,,,,,,,,,,,,,,,,,,
0.0007912704235935657,372,,,,,,,,,,,,,,,,,,,,,,,,,,,,,,,,,,,,,,,,,,,,,,,,,,,,,,,,,,,,,,,,,,,,,,,,,,,,,,,,,,,
,372,0.6174765229225159,0.6220220327377319,0.0011011033784598112,0.003565270686522126,0.6220220327377319,372,,,,,,,,,,,,,,,,,,,,,,,,,,,,,,,,,,,,,,,,,,,,,,,,,,,,,,,,,,,,,,,,,,,,,,,,,,,,,
,372,,,,,,372,0.6174765229225159,0.6220220327377319,0.0011011033784598112,0.003565270686522126,0.6220220327377319,,,,,,,,,,,,,,,,,,,,,,,,,,,,,,,,,,,,,,,,,,,,,,,,,,,,,,,,,,,,,,,,,,,,,,,,
0.0007898509455851676,373,,,,,,,,,,,,,,,,,,,,,,,,,,,,,,,,,,,,,,,,,,,,,,,,,,,,,,,,,,,,,,,,,,,,,,,,,,,,,,,,,,,
,373,0.5188171863555908,0.5253905653953552,0.0010886440286412835,0.0026573340874165297,0.5253905653953552,373,,,,,,,,,,,,,,,,,,,,,,,,,,,,,,,,,,,,,,,,,,,,,,,,,,,,,,,,,,,,,,,,,,,,,,,,,,,,,
,373,,,,,,373,0.5188171863555908,0.5253905653953552,0.0010886440286412835,0.0026573340874165297,0.5253905653953552,,,,,,,,,,,,,,,,,,,,,,,,,,,,,,,,,,,,,,,,,,,,,,,,,,,,,,,,,,,,,,,,,,,,,,,,
0.0007884279419268114,374,,,,,,,,,,,,,,,,,,,,,,,,,,,,,,,,,,,,,,,,,,,,,,,,,,,,,,,,,,,,,,,,,,,,,,,,,,,,,,,,,,,
,374,0.4852428138256073,0.492542564868927,0.0010760454460978508,0.0021686956752091646,0.492542564868927,374,,,,,,,,,,,,,,,,,,,,,,,,,,,,,,,,,,,,,,,,,,,,,,,,,,,,,,,,,,,,,,,,,,,,,,,,,,,,,
,374,,,,,,374,0.4852428138256073,0.492542564868927,0.0010760454460978508,0.0021686956752091646,0.492542564868927,,,,,,,,,,,,,,,,,,,,,,,,,,,,,,,,,,,,,,,,,,,,,,,,,,,,,,,,,,,,,,,,,,,,,,,,
0.0007870014299573471,375,,,,,,,,,,,,,,,,,,,,,,,,,,,,,,,,,,,,,,,,,,,,,,,,,,,,,,,,,,,,,,,,,,,,,,,,,,,,,,,,,,,
,375,1.201998233795166,1.201998233795166,0.0010633168276399374,0.054390519857406616,1.201998233795166,375,,,,,,,,,,,,,,,,,,,,,,,,,,,,,,,,,,,,,,,,,,,,,,,,,,,,,,,,,,,,,,,,,,,,,,,,,,,,,
,375,,,,,,375,1.201998233795166,1.201998233795166,0.0010633168276399374,0.054390519857406616,1.201998233795166,,,,,,,,,,,,,,,,,,,,,,,,,,,,,,,,,,,,,,,,,,,,,,,,,,,,,,,,,,,,,,,,,,,,,,,,
0.0007855714270583734,376,,,,,,,,,,,,,,,,,,,,,,,,,,,,,,,,,,,,,,,,,,,,,,,,,,,,,,,,,,,,,,,,,,,,,,,,,,,,,,,,,,,
,376,0.4882378578186035,0.48099780082702637,0.0010532560991123319,0.0023912382312119007,0.48099780082702637,376,,,,,,,,,,,,,,,,,,,,,,,,,,,,,,,,,,,,,,,,,,,,,,,,,,,,,,,,,,,,,,,,,,,,,,,,,,,,,
,376,,,,,,376,0.4882378578186035,0.48099780082702637,0.0010532560991123319,0.0023912382312119007,0.48099780082702637,,,,,,,,,,,,,,,,,,,,,,,,,,,,,,,,,,,,,,,,,,,,,,,,,,,,,,,,,,,,,,,,,,,,,,,,
0.0007841379506540238,377,,,,,,,,,,,,,,,,,,,,,,,,,,,,,,,,,,,,,,,,,,,,,,,,,,,,,,,,,,,,,,,,,,,,,,,,,,,,,,,,,,,
,377,0.4526248872280121,0.4526248872280121,0.0010429557878524065,0.0023372904397547245,0.4526248872280121,377,,,,,,,,,,,,,,,,,,,,,,,,,,,,,,,,,,,,,,,,,,,,,,,,,,,,,,,,,,,,,,,,,,,,,,,,,,,,,
,377,,,,,,377,0.4526248872280121,0.4526248872280121,0.0010429557878524065,0.0023372904397547245,0.4526248872280121,,,,,,,,,,,,,,,,,,,,,,,,,,,,,,,,,,,,,,,,,,,,,,,,,,,,,,,,,,,,,,,,,,,,,,,,
0.0007827010182107562,378,,,,,,,,,,,,,,,,,,,,,,,,,,,,,,,,,,,,,,,,,,,,,,,,,,,,,,,,,,,,,,,,,,,,,,,,,,,,,,,,,,,
,378,0.4686052203178406,0.4684240221977234,0.0010322955204173923,0.0020220729056745768,0.4684240221977234,378,,,,,,,,,,,,,,,,,,,,,,,,,,,,,,,,,,,,,,,,,,,,,,,,,,,,,,,,,,,,,,,,,,,,,,,,,,,,,
,378,,,,,,378,0.4686052203178406,0.4684240221977234,0.0010322955204173923,0.0020220729056745768,0.4684240221977234,,,,,,,,,,,,,,,,,,,,,,,,,,,,,,,,,,,,,,,,,,,,,,,,,,,,,,,,,,,,,,,,,,,,,,,,
0.000781260647237139,379,,,,,,,,,,,,,,,,,,,,,,,,,,,,,,,,,,,,,,,,,,,,,,,,,,,,,,,,,,,,,,,,,,,,,,,,,,,,,,,,,,,
,379,0.4275757670402527,0.4275757670402527,0.0010213309433311224,0.0019661334808915854,0.4275757670402527,379,,,,,,,,,,,,,,,,,,,,,,,,,,,,,,,,,,,,,,,,,,,,,,,,,,,,,,,,,,,,,,,,,,,,,,,,,,,,,
,379,,,,,,379,0.4275757670402527,0.4275757670402527,0.0010213309433311224,0.0019661334808915854,0.4275757670402527,,,,,,,,,,,,,,,,,,,,,,,,,,,,,,,,,,,,,,,,,,,,,,,,,,,,,,,,,,,,,,,,,,,,,,,,
0.0007798168552836378,380,,,,,,,,,,,,,,,,,,,,,,,,,,,,,,,,,,,,,,,,,,,,,,,,,,,,,,,,,,,,,,,,,,,,,,,,,,,,,,,,,,,
,380,0.5004469156265259,0.5004469156265259,0.0010100753279402852,0.0023540619295090437,0.5004469156265259,380,,,,,,,,,,,,,,,,,,,,,,,,,,,,,,,,,,,,,,,,,,,,,,,,,,,,,,,,,,,,,,,,,,,,,,,,,,,,,
,380,,,,,,380,0.5004469156265259,0.5004469156265259,0.0010100753279402852,0.0023540619295090437,0.5004469156265259,,,,,,,,,,,,,,,,,,,,,,,,,,,,,,,,,,,,,,,,,,,,,,,,,,,,,,,,,,,,,,,,,,,,,,,,
0.0007783696599424019,381,,,,,,,,,,,,,,,,,,,,,,,,,,,,,,,,,,,,,,,,,,,,,,,,,,,,,,,,,,,,,,,,,,,,,,,,,,,,,,,,,,,
,381,0.504137396812439,0.497103750705719,0.0009985589422285557,0.0025738226249814034,0.497103750705719,381,,,,,,,,,,,,,,,,,,,,,,,,,,,,,,,,,,,,,,,,,,,,,,,,,,,,,,,,,,,,,,,,,,,,,,,,,,,,,
,381,,,,,,381,0.504137396812439,0.497103750705719,0.0009985589422285557,0.0025738226249814034,0.497103750705719,,,,,,,,,,,,,,,,,,,,,,,,,,,,,,,,,,,,,,,,,,,,,,,,,,,,,,,,,,,,,,,,,,,,,,,,
0.0007769190788470499,382,,,,,,,,,,,,,,,,,,,,,,,,,,,,,,,,,,,,,,,,,,,,,,,,,,,,,,,,,,,,,,,,,,,,,,,,,,,,,,,,,,,
,382,0.41066545248031616,0.41066545248031616,0.0009869169443845749,0.0024260887876152992,0.41066545248031616,382,,,,,,,,,,,,,,,,,,,,,,,,,,,,,,,,,,,,,,,,,,,,,,,,,,,,,,,,,,,,,,,,,,,,,,,,,,,,,
,382,,,,,,382,0.41066545248031616,0.41066545248031616,0.0009869169443845749,0.0024260887876152992,0.41066545248031616,,,,,,,,,,,,,,,,,,,,,,,,,,,,,,,,,,,,,,,,,,,,,,,,,,,,,,,,,,,,,,,,,,,,,,,,
0.0007754651296724549,383,,,,,,,,,,,,,,,,,,,,,,,,,,,,,,,,,,,,,,,,,,,,,,,,,,,,,,,,,,,,,,,,,,,,,,,,,,,,,,,,,,,
,383,0.5091225504875183,0.5080863833427429,0.0009750555036589503,0.002747998107224703,0.5080863833427429,383,,,,,,,,,,,,,,,,,,,,,,,,,,,,,,,,,,,,,,,,,,,,,,,,,,,,,,,,,,,,,,,,,,,,,,,,,,,,,
,383,,,,,,383,0.5091225504875183,0.5080863833427429,0.0009750555036589503,0.002747998107224703,0.5080863833427429,,,,,,,,,,,,,,,,,,,,,,,,,,,,,,,,,,,,,,,,,,,,,,,,,,,,,,,,,,,,,,,,,,,,,,,,
0.0007740078301345285,384,,,,,,,,,,,,,,,,,,,,,,,,,,,,,,,,,,,,,,,,,,,,,,,,,,,,,,,,,,,,,,,,,,,,,,,,,,,,,,,,,,,
,384,0.4359471797943115,0.43961599469184875,0.000963105820119381,0.0019303414737805724,0.43961599469184875,384,,,,,,,,,,,,,,,,,,,,,,,,,,,,,,,,,,,,,,,,,,,,,,,,,,,,,,,,,,,,,,,,,,,,,,,,,,,,,
,384,,,,,,384,0.4359471797943115,0.43961599469184875,0.000963105820119381,0.0019303414737805724,0.43961599469184875,,,,,,,,,,,,,,,,,,,,,,,,,,,,,,,,,,,,,,,,,,,,,,,,,,,,,,,,,,,,,,,,,,,,,,,,
0.0007725471979900056,385,,,,,,,,,,,,,,,,,,,,,,,,,,,,,,,,,,,,,,,,,,,,,,,,,,,,,,,,,,,,,,,,,,,,,,,,,,,,,,,,,,,
,385,0.7484045028686523,0.755390465259552,0.0009509896044619381,0.006598006468266249,0.755390465259552,385,,,,,,,,,,,,,,,,,,,,,,,,,,,,,,,,,,,,,,,,,,,,,,,,,,,,,,,,,,,,,,,,,,,,,,,,,,,,,
,385,,,,,,385,0.7484045028686523,0.755390465259552,0.0009509896044619381,0.006598006468266249,0.755390465259552,,,,,,,,,,,,,,,,,,,,,,,,,,,,,,,,,,,,,,,,,,,,,,,,,,,,,,,,,,,,,,,,,,,,,,,,
0.0007710832510362283,386,,,,,,,,,,,,,,,,,,,,,,,,,,,,,,,,,,,,,,,,,,,,,,,,,,,,,,,,,,,,,,,,,,,,,,,,,,,,,,,,,,,
,386,0.5569254755973816,0.5569254755973816,0.0009387694881297648,0.002500588772818446,0.5569254755973816,386,,,,,,,,,,,,,,,,,,,,,,,,,,,,,,,,,,,,,,,,,,,,,,,,,,,,,,,,,,,,,,,,,,,,,,,,,,,,,
,386,,,,,,386,0.5569254755973816,0.5569254755973816,0.0009387694881297648,0.002500588772818446,0.5569254755973816,,,,,,,,,,,,,,,,,,,,,,,,,,,,,,,,,,,,,,,,,,,,,,,,,,,,,,,,,,,,,,,,,,,,,,,,
0.0007696160071109277,387,,,,,,,,,,,,,,,,,,,,,,,,,,,,,,,,,,,,,,,,,,,,,,,,,,,,,,,,,,,,,,,,,,,,,,,,,,,,,,,,,,,
,387,0.41649073362350464,0.4242676794528961,0.0009263930260203779,0.0017794276354834437,0.4242676794528961,387,,,,,,,,,,,,,,,,,,,,,,,,,,,,,,,,,,,,,,,,,,,,,,,,,,,,,,,,,,,,,,,,,,,,,,,,,,,,,
,387,,,,,,387,0.41649073362350464,0.4242676794528961,0.0009263930260203779,0.0017794276354834437,0.4242676794528961,,,,,,,,,,,,,,,,,,,,,,,,,,,,,,,,,,,,,,,,,,,,,,,,,,,,,,,,,,,,,,,,,,,,,,,,
0.0007681454840920084,388,,,,,,,,,,,,,,,,,,,,,,,,,,,,,,,,,,,,,,,,,,,,,,,,,,,,,,,,,,,,,,,,,,,,,,,,,,,,,,,,,,,
,388,0.4676731526851654,0.4676731526851654,0.0009138827444985509,0.002074981341138482,0.4676731526851654,388,,,,,,,,,,,,,,,,,,,,,,,,,,,,,,,,,,,,,,,,,,,,,,,,,,,,,,,,,,,,,,,,,,,,,,,,,,,,,
,388,,,,,,388,0.4676731526851654,0.4676731526851654,0.0009138827444985509,0.002074981341138482,0.4676731526851654,,,,,,,,,,,,,,,,,,,,,,,,,,,,,,,,,,,,,,,,,,,,,,,,,,,,,,,,,,,,,,,,,,,,,,,,
0.0007666716998973292,389,,,,,,,,,,,,,,,,,,,,,,,,,,,,,,,,,,,,,,,,,,,,,,,,,,,,,,,,,,,,,,,,,,,,,,,,,,,,,,,,,,,
,389,0.40860089659690857,0.40860089659690857,0.0009012475493364036,0.001776308286935091,0.40860089659690857,389,,,,,,,,,,,,,,,,,,,,,,,,,,,,,,,,,,,,,,,,,,,,,,,,,,,,,,,,,,,,,,,,,,,,,,,,,,,,,
,389,,,,,,389,0.40860089659690857,0.40860089659690857,0.0009012475493364036,0.001776308286935091,0.40860089659690857,,,,,,,,,,,,,,,,,,,,,,,,,,,,,,,,,,,,,,,,,,,,,,,,,,,,,,,,,,,,,,,,,,,,,,,,
0.0007651946724844856,390,,,,,,,,,,,,,,,,,,,,,,,,,,,,,,,,,,,,,,,,,,,,,,,,,,,,,,,,,,,,,,,,,,,,,,,,,,,,,,,,,,,
,390,0.34425491094589233,0.34425491094589233,0.0008885014685802162,0.0028581207152456045,0.34425491094589233,390,,,,,,,,,,,,,,,,,,,,,,,,,,,,,,,,,,,,,,,,,,,,,,,,,,,,,,,,,,,,,,,,,,,,,,,,,,,,,
,390,,,,,,390,0.34425491094589233,0.34425491094589233,0.0008885014685802162,0.0028581207152456045,0.34425491094589233,,,,,,,,,,,,,,,,,,,,,,,,,,,,,,,,,,,,,,,,,,,,,,,,,,,,,,,,,,,,,,,,,,,,,,,,
0.0007637144198505901,391,,,,,,,,,,,,,,,,,,,,,,,,,,,,,,,,,,,,,,,,,,,,,,,,,,,,,,,,,,,,,,,,,,,,,,,,,,,,,,,,,,,
,391,0.35396289825439453,0.35396289825439453,0.000875657016877085,0.0018648436525836587,0.35396289825439453,391,,,,,,,,,,,,,,,,,,,,,,,,,,,,,,,,,,,,,,,,,,,,,,,,,,,,,,,,,,,,,,,,,,,,,,,,,,,,,
,391,,,,,,391,0.35396289825439453,0.35396289825439453,0.000875657016877085,0.0018648436525836587,0.35396289825439453,,,,,,,,,,,,,,,,,,,,,,,,,,,,,,,,,,,,,,,,,,,,,,,,,,,,,,,,,,,,,,,,,,,,,,,,
0.0007622309600320542,392,,,,,,,,,,,,,,,,,,,,,,,,,,,,,,,,,,,,,,,,,,,,,,,,,,,,,,,,,,,,,,,,,,,,,,,,,,,,,,,,,,,
,392,0.4678136706352234,0.4678136706352234,0.0008627253118902445,0.002404066501185298,0.4678136706352234,392,,,,,,,,,,,,,,,,,,,,,,,,,,,,,,,,,,,,,,,,,,,,,,,,,,,,,,,,,,,,,,,,,,,,,,,,,,,,,
,392,,,,,,392,0.4678136706352234,0.4678136706352234,0.0008627253118902445,0.002404066501185298,0.4678136706352234,,,,,,,,,,,,,,,,,,,,,,,,,,,,,,,,,,,,,,,,,,,,,,,,,,,,,,,,,,,,,,,,,,,,,,,,
0.0007607443111043676,393,,,,,,,,,,,,,,,,,,,,,,,,,,,,,,,,,,,,,,,,,,,,,,,,,,,,,,,,,,,,,,,,,,,,,,,,,,,,,,,,,,,
,393,0.36529648303985596,0.36529648303985596,0.0008497167145833373,0.0015549694653600454,0.36529648303985596,393,,,,,,,,,,,,,,,,,,,,,,,,,,,,,,,,,,,,,,,,,,,,,,,,,,,,,,,,,,,,,,,,,,,,,,,,,,,,,
,393,,,,,,393,0.36529648303985596,0.36529648303985596,0.0008497167145833373,0.0015549694653600454,0.36529648303985596,,,,,,,,,,,,,,,,,,,,,,,,,,,,,,,,,,,,,,,,,,,,,,,,,,,,,,,,,,,,,,,,,,,,,,,,
0.0007592544911818782,394,,,,,,,,,,,,,,,,,,,,,,,,,,,,,,,,,,,,,,,,,,,,,,,,,,,,,,,,,,,,,,,,,,,,,,,,,,,,,,,,,,,
,394,0.3764309585094452,0.38397476077079773,0.0008366398978978395,0.0016276785172522068,0.38397476077079773,394,,,,,,,,,,,,,,,,,,,,,,,,,,,,,,,,,,,,,,,,,,,,,,,,,,,,,,,,,,,,,,,,,,,,,,,,,,,,,
,394,,,,,,394,0.3764309585094452,0.38397476077079773,0.0008366398978978395,0.0016276785172522068,0.38397476077079773,,,,,,,,,,,,,,,,,,,,,,,,,,,,,,,,,,,,,,,,,,,,,,,,,,,,,,,,,,,,,,,,,,,,,,,,
0.0007577615184175717,395,,,,,,,,,,,,,,,,,,,,,,,,,,,,,,,,,,,,,,,,,,,,,,,,,,,,,,,,,,,,,,,,,,,,,,,,,,,,,,,,,,,
,395,0.3978155553340912,0.3978155553340912,0.0008235060959123075,0.0018466613255441189,0.3978155553340912,395,,,,,,,,,,,,,,,,,,,,,,,,,,,,,,,,,,,,,,,,,,,,,,,,,,,,,,,,,,,,,,,,,,,,,,,,,,,,,
,395,,,,,,395,0.3978155553340912,0.3978155553340912,0.0008235060959123075,0.0018466613255441189,0.3978155553340912,,,,,,,,,,,,,,,,,,,,,,,,,,,,,,,,,,,,,,,,,,,,,,,,,,,,,,,,,,,,,,,,,,,,,,,,
0.00075626541100285,396,,,,,,,,,,,,,,,,,,,,,,,,,,,,,,,,,,,,,,,,,,,,,,,,,,,,,,,,,,,,,,,,,,,,,,,,,,,,,,,,,,,
,396,0.30881139636039734,0.30881139636039734,0.0008103196742013097,0.0021699212957173586,0.30881139636039734,396,,,,,,,,,,,,,,,,,,,,,,,,,,,,,,,,,,,,,,,,,,,,,,,,,,,,,,,,,,,,,,,,,,,,,,,,,,,,,
,396,,,,,,396,0.30881139636039734,0.30881139636039734,0.0008103196742013097,0.0021699212957173586,0.30881139636039734,,,,,,,,,,,,,,,,,,,,,,,,,,,,,,,,,,,,,,,,,,,,,,,,,,,,,,,,,,,,,,,,,,,,,,,,
0.0007547661871673101,397,,,,,,,,,,,,,,,,,,,,,,,,,,,,,,,,,,,,,,,,,,,,,,,,,,,,,,,,,,,,,,,,,,,,,,,,,,,,,,,,,,,
,397,0.2843196392059326,0.2843196392059326,0.0007970875012688339,0.0017986897146329284,0.2843196392059326,397,,,,,,,,,,,,,,,,,,,,,,,,,,,,,,,,,,,,,,,,,,,,,,,,,,,,,,,,,,,,,,,,,,,,,,,,,,,,,
,397,,,,,,397,0.2843196392059326,0.2843196392059326,0.0007970875012688339,0.0017986897146329284,0.2843196392059326,,,,,,,,,,,,,,,,,,,,,,,,,,,,,,,,,,,,,,,,,,,,,,,,,,,,,,,,,,,,,,,,,,,,,,,,
0.0007532638651785212,398,,,,,,,,,,,,,,,,,,,,,,,,,,,,,,,,,,,,,,,,,,,,,,,,,,,,,,,,,,,,,,,,,,,,,,,,,,,,,,,,,,,
,398,0.27932125329971313,0.27932125329971313,0.0007838155725039542,0.002245287410914898,0.27932125329971313,398,,,,,,,,,,,,,,,,,,,,,,,,,,,,,,,,,,,,,,,,,,,,,,,,,,,,,,,,,,,,,,,,,,,,,,,,,,,,,
,398,,,,,,398,0.27932125329971313,0.27932125329971313,0.0007838155725039542,0.002245287410914898,0.27932125329971313,,,,,,,,,,,,,,,,,,,,,,,,,,,,,,,,,,,,,,,,,,,,,,,,,,,,,,,,,,,,,,,,,,,,,,,,
0.0007517584633418021,399,,,,,,,,,,,,,,,,,,,,,,,,,,,,,,,,,,,,,,,,,,,,,,,,,,,,,,,,,,,,,,,,,,,,,,,,,,,,,,,,,,,
,399,0.43815359473228455,0.43414098024368286,0.0007705094758421183,0.0022516450844705105,0.43414098024368286,399,,,,,,,,,,,,,,,,,,,,,,,,,,,,,,,,,,,,,,,,,,,,,,,,,,,,,,,,,,,,,,,,,,,,,,,,,,,,,
,399,,,,,,399,,,,,,0.27525174617767334,0.27525174617767334,0.0007577980286441743,0.00202295184135437,0.27525174617767334,0.494193971157074,0.494193971157074,0.0007577980286441743,0.0025169963482767344,0.494193971157074,-0.06422863155603409,0.2141352891921997,0.2938205301761627,0.16295070946216583,0.09793242067098618,0.056876715272665024,0.04087895154953003,0.023986879736185074,0.0027460921555757523,0.06422863155603409,0.6265010237693787,0.3508240282535553,0.23720014095306396,0.20338058471679688,0.15911151468753815,0.1078837662935257,0.28081685304641724,0.18048396706581116,0.1196073368191719,0.06960861384868622,0.048672277480363846,0.02746908739209175,0.0028098993934690952,0.07477519661188126,25.07929801940918,17.906553268432617,24.168682098388672,36.341651916503906,69.83351135253906,3068.172119140625,540.2503051757812,-0.05940848961472511,0.19283513724803925,0.2795647382736206,0.1490207016468048,0.09510720521211624,0.05380133539438248,0.03523879498243332,0.020768754184246063,0.0025141420774161816,0.05940848961472511,0.5753180384635925,0.32771357893943787,0.20497672259807587,0.15730643272399902,0.1214868575334549,0.08298751711845398,0.2449648529291153,0.16743944585323334,0.11816132813692093,0.06798883527517319,0.04343898221850395,0.02443917654454708,0.002585984067991376,0.07067562639713287,24.572507858276367,16.009851455688477,18.9183349609375,27.294979095458984,51.432132720947266,2143.4970703125,380.2874755859375
,399,,,,,,399,0.43815359473228455,0.43414098024368286,0.0007705094758421183,0.0022516450844705105,0.43414098024368286,,,,,,,,,,,,,,,,,,,,,,,,,,,,,,,,,,,,,,,,,,,,,,,,,,,,,,,,,,,,,,,,,,,,,,,,
0.0007502499999999997,400,,,,,,,,,,,,,,,,,,,,,,,,,,,,,,,,,,,,,,,,,,,,,,,,,,,,,,,,,,,,,,,,,,,,,,,,,,,,,,,,,,,
,400,0.2959424555301666,0.2959424555301666,0.0007577980286441743,0.001394534599967301,0.2959424555301666,400,,,,,,,,,,,,,,,,,,,,,,,,,,,,,,,,,,,,,,,,,,,,,,,,,,,,,,,,,,,,,,,,,,,,,,,,,,,,,
,400,,,,,,400,0.2959424555301666,0.2959424555301666,0.0007577980286441743,0.001394534599967301,0.2959424555301666,,,,,,,,,,,,,,,,,,,,,,,,,,,,,,,,,,,,,,,,,,,,,,,,,,,,,,,,,,,,,,,,,,,,,,,,
0.0007487384935332636,401,,,,,,,,,,,,,,,,,,,,,,,,,,,,,,,,,,,,,,,,,,,,,,,,,,,,,,,,,,,,,,,,,,,,,,,,,,,,,,,,,,,
,401,0.29116207361221313,0.29116207361221313,0.0007449990371242166,0.0012364409631118178,0.29116207361221313,401,,,,,,,,,,,,,,,,,,,,,,,,,,,,,,,,,,,,,,,,,,,,,,,,,,,,,,,,,,,,,,,,,,,,,,,,,,,,,
,401,,,,,,401,0.29116207361221313,0.29116207361221313,0.0007449990371242166,0.0012364409631118178,0.29116207361221313,,,,,,,,,,,,,,,,,,,,,,,,,,,,,,,,,,,,,,,,,,,,,,,,,,,,,,,,,,,,,,,,,,,,,,,,
0.000747223962358823,402,,,,,,,,,,,,,,,,,,,,,,,,,,,,,,,,,,,,,,,,,,,,,,,,,,,,,,,,,,,,,,,,,,,,,,,,,,,,,,,,,,,
,402,0.47004732489585876,0.47004732489585876,0.0007321226876229048,0.0030261892825365067,0.47004732489585876,402,,,,,,,,,,,,,,,,,,,,,,,,,,,,,,,,,,,,,,,,,,,,,,,,,,,,,,,,,,,,,,,,,,,,,,,,,,,,,
,402,,,,,,402,0.47004732489585876,0.47004732489585876,0.0007321226876229048,0.0030261892825365067,0.47004732489585876,,,,,,,,,,,,,,,,,,,,,,,,,,,,,,,,,,,,,,,,,,,,,,,,,,,,,,,,,,,,,,,,,,,,,,,,
0.0007457064249307625,403,,,,,,,,,,,,,,,,,,,,,,,,,,,,,,,,,,,,,,,,,,,,,,,,,,,,,,,,,,,,,,,,,,,,,,,,,,,,,,,,,,,
,403,0.4879288673400879,0.4879288673400879,0.0007191784679889679,0.002986667212098837,0.4879288673400879,403,,,,,,,,,,,,,,,,,,,,,,,,,,,,,,,,,,,,,,,,,,,,,,,,,,,,,,,,,,,,,,,,,,,,,,,,,,,,,
,403,,,,,,403,0.4879288673400879,0.4879288673400879,0.0007191784679889679,0.002986667212098837,0.4879288673400879,,,,,,,,,,,,,,,,,,,,,,,,,,,,,,,,,,,,,,,,,,,,,,,,,,,,,,,,,,,,,,,,,,,,,,,,
0.0007441858997397967,404,,,,,,,,,,,,,,,,,,,,,,,,,,,,,,,,,,,,,,,,,,,,,,,,,,,,,,,,,,,,,,,,,,,,,,,,,,,,,,,,,,,
,404,0.2755216062068939,0.2723756730556488,0.0007061746437102556,0.0026471021119505167,0.2723756730556488,404,,,,,,,,,,,,,,,,,,,,,,,,,,,,,,,,,,,,,,,,,,,,,,,,,,,,,,,,,,,,,,,,,,,,,,,,,,,,,
,404,,,,,,404,0.2755216062068939,0.2723756730556488,0.0007061746437102556,0.0026471021119505167,0.2723756730556488,,,,,,,,,,,,,,,,,,,,,,,,,,,,,,,,,,,,,,,,,,,,,,,,,,,,,,,,,,,,,,,,,,,,,,,,
0.0007426624053130452,405,,,,,,,,,,,,,,,,,,,,,,,,,,,,,,,,,,,,,,,,,,,,,,,,,,,,,,,,,,,,,,,,,,,,,,,,,,,,,,,,,,,
,405,0.4091211259365082,0.40526655316352844,0.0006931202951818705,0.00208832835778594,0.40526655316352844,405,,,,,,,,,,,,,,,,,,,,,,,,,,,,,,,,,,,,,,,,,,,,,,,,,,,,,,,,,,,,,,,,,,,,,,,,,,,,,
,405,,,,,,405,0.4091211259365082,0.40526655316352844,0.0006931202951818705,0.00208832835778594,0.40526655316352844,,,,,,,,,,,,,,,,,,,,,,,,,,,,,,,,,,,,,,,,,,,,,,,,,,,,,,,,,,,,,,,,,,,,,,,,
0.0007411359602138065,406,,,,,,,,,,,,,,,,,,,,,,,,,,,,,,,,,,,,,,,,,,,,,,,,,,,,,,,,,,,,,,,,,,,,,,,,,,,,,,,,,,,
,406,0.2960004210472107,0.2765940725803375,0.0006800213595852256,0.0012970169773325324,0.2765940725803375,406,,,,,,,,,,,,,,,,,,,,,,,,,,,,,,,,,,,,,,,,,,,,,,,,,,,,,,,,,,,,,,,,,,,,,,,,,,,,,
,406,,,,,,406,0.2960004210472107,0.2765940725803375,0.0006800213595852256,0.0012970169773325324,0.2765940725803375,,,,,,,,,,,,,,,,,,,,,,,,,,,,,,,,,,,,,,,,,,,,,,,,,,,,,,,,,,,,,,,,,,,,,,,,
0.000739606583041333,407,,,,,,,,,,,,,,,,,,,,,,,,,,,,,,,,,,,,,,,,,,,,,,,,,,,,,,,,,,,,,,,,,,,,,,,,,,,,,,,,,,,
,407,0.27956998348236084,0.27956998348236084,0.0006673317402601242,0.0011870127636939287,0.27956998348236084,407,,,,,,,,,,,,,,,,,,,,,,,,,,,,,,,,,,,,,,,,,,,,,,,,,,,,,,,,,,,,,,,,,,,,,,,,,,,,,
,407,,,,,,407,0.27956998348236084,0.27956998348236084,0.0006673317402601242,0.0011870127636939287,0.27956998348236084,,,,,,,,,,,,,,,,,,,,,,,,,,,,,,,,,,,,,,,,,,,,,,,,,,,,,,,,,,,,,,,,,,,,,,,,
0.0007380742924306023,408,,,,,,,,,,,,,,,,,,,,,,,,,,,,,,,,,,,,,,,,,,,,,,,,,,,,,,,,,,,,,,,,,,,,,,,,,,,,,,,,,,,
,408,0.3538672924041748,0.3538672924041748,0.0006545630749315023,0.0035324860364198685,0.3538672924041748,408,,,,,,,,,,,,,,,,,,,,,,,,,,,,,,,,,,,,,,,,,,,,,,,,,,,,,,,,,,,,,,,,,,,,,,,,,,,,,
,408,,,,,,408,0.3538672924041748,0.3538672924041748,0.0006545630749315023,0.0035324860364198685,0.3538672924041748,,,,,,,,,,,,,,,,,,,,,,,,,,,,,,,,,,,,,,,,,,,,,,,,,,,,,,,,,,,,,,,,,,,,,,,,
0.0007365391070520923,409,,,,,,,,,,,,,,,,,,,,,,,,,,,,,,,,,,,,,,,,,,,,,,,,,,,,,,,,,,,,,,,,,,,,,,,,,,,,,,,,,,,
,409,0.30735868215560913,0.30735868215560913,0.0006417250842787325,0.0013596212957054377,0.30735868215560913,409,,,,,,,,,,,,,,,,,,,,,,,,,,,,,,,,,,,,,,,,,,,,,,,,,,,,,,,,,,,,,,,,,,,,,,,,,,,,,
,409,,,,,,409,0.30735868215560913,0.30735868215560913,0.0006417250842787325,0.0013596212957054377,0.30735868215560913,,,,,,,,,,,,,,,,,,,,,,,,,,,,,,,,,,,,,,,,,,,,,,,,,,,,,,,,,,,,,,,,,,,,,,,,
0.0007350010456115521,410,,,,,,,,,,,,,,,,,,,,,,,,,,,,,,,,,,,,,,,,,,,,,,,,,,,,,,,,,,,,,,,,,,,,,,,,,,,,,,,,,,,
,410,1.1208380460739136,1.1208380460739136,0.00062882638303563,0.0587252601981163,1.1208380460739136,410,,,,,,,,,,,,,,,,,,,,,,,,,,,,,,,,,,,,,,,,,,,,,,,,,,,,,,,,,,,,,,,,,,,,,,,,,,,,,
,410,,,,,,410,1.1208380460739136,1.1208380460739136,0.00062882638303563,0.0587252601981163,1.1208380460739136,,,,,,,,,,,,,,,,,,,,,,,,,,,,,,,,,,,,,,,,,,,,,,,,,,,,,,,,,,,,,,,,,,,,,,,,
0.0007334601268497754,411,,,,,,,,,,,,,,,,,,,,,,,,,,,,,,,,,,,,,,,,,,,,,,,,,,,,,,,,,,,,,,,,,,,,,,,,,,,,,,,,,,,
,411,0.30673009157180786,0.31644806265830994,0.0006185736856423318,0.002386795822530985,0.31644806265830994,411,,,,,,,,,,,,,,,,,,,,,,,,,,,,,,,,,,,,,,,,,,,,,,,,,,,,,,,,,,,,,,,,,,,,,,,,,,,,,
,411,,,,,,411,0.30673009157180786,0.31644806265830994,0.0006185736856423318,0.002386795822530985,0.31644806265830994,,,,,,,,,,,,,,,,,,,,,,,,,,,,,,,,,,,,,,,,,,,,,,,,,,,,,,,,,,,,,,,,,,,,,,,,
0.0007319163695423707,412,,,,,,,,,,,,,,,,,,,,,,,,,,,,,,,,,,,,,,,,,,,,,,,,,,,,,,,,,,,,,,,,,,,,,,,,,,,,,,,,,,,
,412,0.2711103856563568,0.2812351584434509,0.0006080059101805091,0.0011672727996483445,0.2812351584434509,412,,,,,,,,,,,,,,,,,,,,,,,,,,,,,,,,,,,,,,,,,,,,,,,,,,,,,,,,,,,,,,,,,,,,,,,,,,,,,
,412,,,,,,412,0.2711103856563568,0.2812351584434509,0.0006080059101805091,0.0011672727996483445,0.2812351584434509,,,,,,,,,,,,,,,,,,,,,,,,,,,,,,,,,,,,,,,,,,,,,,,,,,,,,,,,,,,,,,,,,,,,,,,,
0.0007303697924995336,413,,,,,,,,,,,,,,,,,,,,,,,,,,,,,,,,,,,,,,,,,,,,,,,,,,,,,,,,,,,,,,,,,,,,,,,,,,,,,,,,,,,
,413,0.25822246074676514,0.25822246074676514,0.0005971542559564114,0.0014162043808028102,0.25822246074676514,413,,,,,,,,,,,,,,,,,,,,,,,,,,,,,,,,,,,,,,,,,,,,,,,,,,,,,,,,,,,,,,,,,,,,,,,,,,,,,
,413,,,,,,413,0.25822246074676514,0.25822246074676514,0.0005971542559564114,0.0014162043808028102,0.25822246074676514,,,,,,,,,,,,,,,,,,,,,,,,,,,,,,,,,,,,,,,,,,,,,,,,,,,,,,,,,,,,,,,,,,,,,,,,
0.0007288204145658175,414,,,,,,,,,,,,,,,,,,,,,,,,,,,,,,,,,,,,,,,,,,,,,,,,,,,,,,,,,,,,,,,,,,,,,,,,,,,,,,,,,,,
,414,0.22221657633781433,0.21881237626075745,0.0005860485835000873,0.0013755219988524914,0.21881237626075745,414,,,,,,,,,,,,,,,,,,,,,,,,,,,,,,,,,,,,,,,,,,,,,,,,,,,,,,,,,,,,,,,,,,,,,,,,,,,,,
,414,,,,,,414,0.22221657633781433,0.21881237626075745,0.0005860485835000873,0.0013755219988524914,0.21881237626075745,,,,,,,,,,,,,,,,,,,,,,,,,,,,,,,,,,,,,,,,,,,,,,,,,,,,,,,,,,,,,,,,,,,,,,,,
0.0007272682546199033,415,,,,,,,,,,,,,,,,,,,,,,,,,,,,,,,,,,,,,,,,,,,,,,,,,,,,,,,,,,,,,,,,,,,,,,,,,,,,,,,,,,,
,415,0.23081302642822266,0.23081302642822266,0.000574724399484694,0.0009826564928516746,0.23081302642822266,415,,,,,,,,,,,,,,,,,,,,,,,,,,,,,,,,,,,,,,,,,,,,,,,,,,,,,,,,,,,,,,,,,,,,,,,,,,,,,
,415,,,,,,415,0.23081302642822266,0.23081302642822266,0.000574724399484694,0.0009826564928516746,0.23081302642822266,,,,,,,,,,,,,,,,,,,,,,,,,,,,,,,,,,,,,,,,,,,,,,,,,,,,,,,,,,,,,,,,,,,,,,,,
0.0007257133315743703,416,,,,,,,,,,,,,,,,,,,,,,,,,,,,,,,,,,,,,,,,,,,,,,,,,,,,,,,,,,,,,,,,,,,,,,,,,,,,,,,,,,,
,416,1.0039331912994385,1.0039784908294678,0.0005631971289403737,0.030301926657557487,1.0039784908294678,416,,,,,,,,,,,,,,,,,,,,,,,,,,,,,,,,,,,,,,,,,,,,,,,,,,,,,,,,,,,,,,,,,,,,,,,,,,,,,
,416,,,,,,416,1.0039331912994385,1.0039784908294678,0.0005631971289403737,0.030301926657557487,1.0039784908294678,,,,,,,,,,,,,,,,,,,,,,,,,,,,,,,,,,,,,,,,,,,,,,,,,,,,,,,,,,,,,,,,,,,,,,,,
0.000724155664375465,417,,,,,,,,,,,,,,,,,,,,,,,,,,,,,,,,,,,,,,,,,,,,,,,,,,,,,,,,,,,,,,,,,,,,,,,,,,,,,,,,,,,
,417,0.2631343603134155,0.2631343603134155,0.0005525964661501348,0.0019899688195437193,0.2631343603134155,417,,,,,,,,,,,,,,,,,,,,,,,,,,,,,,,,,,,,,,,,,,,,,,,,,,,,,,,,,,,,,,,,,,,,,,,,,,,,,
,417,,,,,,417,0.2631343603134155,0.2631343603134155,0.0005525964661501348,0.0019899688195437193,0.2631343603134155,,,,,,,,,,,,,,,,,,,,,,,,,,,,,,,,,,,,,,,,,,,,,,,,,,,,,,,,,,,,,,,,,,,,,,,,
0.0007225952720028708,418,,,,,,,,,,,,,,,,,,,,,,,,,,,,,,,,,,,,,,,,,,,,,,,,,,,,,,,,,,,,,,,,,,,,,,,,,,,,,,,,,,,
,418,0.21384601294994354,0.20289215445518494,0.0005417232750914991,0.0016304710879921913,0.20289215445518494,418,,,,,,,,,,,,,,,,,,,,,,,,,,,,,,,,,,,,,,,,,,,,,,,,,,,,,,,,,,,,,,,,,,,,,,,,,,,,,
,418,,,,,,418,0.21384601294994354,0.20289215445518494,0.0005417232750914991,0.0016304710879921913,0.20289215445518494,,,,,,,,,,,,,,,,,,,,,,,,,,,,,,,,,,,,,,,,,,,,,,,,,,,,,,,,,,,,,,,,,,,,,,,,
0.0007210321734694763,419,,,,,,,,,,,,,,,,,,,,,,,,,,,,,,,,,,,,,,,,,,,,,,,,,,,,,,,,,,,,,,,,,,,,,,,,,,,,,,,,,,,
,419,0.20047098398208618,0.20047098398208618,0.0005307710380293429,0.001250752480700612,0.20047098398208618,419,,,,,,,,,,,,,,,,,,,,,,,,,,,,,,,,,,,,,,,,,,,,,,,,,,,,,,,,,,,,,,,,,,,,,,,,,,,,,
,419,,,,,,419,0.20047098398208618,0.20047098398208618,0.0005307710380293429,0.001250752480700612,0.20047098398208618,,,,,,,,,,,,,,,,,,,,,,,,,,,,,,,,,,,,,,,,,,,,,,,,,,,,,,,,,,,,,,,,,,,,,,,,
0.0007194663878211438,420,,,,,,,,,,,,,,,,,,,,,,,,,,,,,,,,,,,,,,,,,,,,,,,,,,,,,,,,,,,,,,,,,,,,,,,,,,,,,,,,,,,
,420,0.19517390429973602,0.20384059846401215,0.00051958515541628,0.0011206818744540215,0.20384059846401215,420,,,,,,,,,,,,,,,,,,,,,,,,,,,,,,,,,,,,,,,,,,,,,,,,,,,,,,,,,,,,,,,,,,,,,,,,,,,,,
,420,,,,,,420,0.19517390429973602,0.20384059846401215,0.00051958515541628,0.0011206818744540215,0.20384059846401215,,,,,,,,,,,,,,,,,,,,,,,,,,,,,,,,,,,,,,,,,,,,,,,,,,,,,,,,,,,,,,,,,,,,,,,,
0.0007178979341364773,421,,,,,,,,,,,,,,,,,,,,,,,,,,,,,,,,,,,,,,,,,,,,,,,,,,,,,,,,,,,,,,,,,,,,,,,,,,,,,,,,,,,
,421,0.22594913840293884,0.22594913840293884,0.0005081912386231124,0.0009761138935573399,0.22594913840293884,421,,,,,,,,,,,,,,,,,,,,,,,,,,,,,,,,,,,,,,,,,,,,,,,,,,,,,,,,,,,,,,,,,,,,,,,,,,,,,
,421,,,,,,421,0.22594913840293884,0.22594913840293884,0.0005081912386231124,0.0009761138935573399,0.22594913840293884,,,,,,,,,,,,,,,,,,,,,,,,,,,,,,,,,,,,,,,,,,,,,,,,,,,,,,,,,,,,,,,,,,,,,,,,
0.0007163268315265898,422,,,,,,,,,,,,,,,,,,,,,,,,,,,,,,,,,,,,,,,,,,,,,,,,,,,,,,,,,,,,,,,,,,,,,,,,,,,,,,,,,,,
,422,0.22378753125667572,0.22378753125667572,0.0004966116975992918,0.000950486515648663,0.22378753125667572,422,,,,,,,,,,,,,,,,,,,,,,,,,,,,,,,,,,,,,,,,,,,,,,,,,,,,,,,,,,,,,,,,,,,,,,,,,,,,,
,422,,,,,,422,0.22378753125667572,0.22378753125667572,0.0004966116975992918,0.000950486515648663,0.22378753125667572,,,,,,,,,,,,,,,,,,,,,,,,,,,,,,,,,,,,,,,,,,,,,,,,,,,,,,,,,,,,,,,,,,,,,,,,
0.000714753099134871,423,,,,,,,,,,,,,,,,,,,,,,,,,,,,,,,,,,,,,,,,,,,,,,,,,,,,,,,,,,,,,,,,,,,,,,,,,,,,,,,,,,,
,423,0.5340921878814697,0.5406039953231812,0.00048486690502613783,0.004093989264219999,0.5406039953231812,423,,,,,,,,,,,,,,,,,,,,,,,,,,,,,,,,,,,,,,,,,,,,,,,,,,,,,,,,,,,,,,,,,,,,,,,,,,,,,
,423,,,,,,423,0.5340921878814697,0.5406039953231812,0.00048486690502613783,0.004093989264219999,0.5406039953231812,,,,,,,,,,,,,,,,,,,,,,,,,,,,,,,,,,,,,,,,,,,,,,,,,,,,,,,,,,,,,,,,,,,,,,,,
0.0007131767561367534,424,,,,,,,,,,,,,,,,,,,,,,,,,,,,,,,,,,,,,,,,,,,,,,,,,,,,,,,,,,,,,,,,,,,,,,,,,,,,,,,,,,,
,424,0.2983628511428833,0.2983628511428833,0.00047298477147705853,0.0014422732638195157,0.2983628511428833,424,,,,,,,,,,,,,,,,,,,,,,,,,,,,,,,,,,,,,,,,,,,,,,,,,,,,,,,,,,,,,,,,,,,,,,,,,,,,,
,424,,,,,,424,0.2983628511428833,0.2983628511428833,0.00047298477147705853,0.0014422732638195157,0.2983628511428833,,,,,,,,,,,,,,,,,,,,,,,,,,,,,,,,,,,,,,,,,,,,,,,,,,,,,,,,,,,,,,,,,,,,,,,,
0.000711597821739479,425,,,,,,,,,,,,,,,,,,,,,,,,,,,,,,,,,,,,,,,,,,,,,,,,,,,,,,,,,,,,,,,,,,,,,,,,,,,,,,,,,,,
,425,0.29022032022476196,0.29022032022476196,0.0004609714378602803,0.0015269105788320303,0.29022032022476196,425,,,,,,,,,,,,,,,,,,,,,,,,,,,,,,,,,,,,,,,,,,,,,,,,,,,,,,,,,,,,,,,,,,,,,,,,,,,,,
,425,,,,,,425,0.29022032022476196,0.29022032022476196,0.0004609714378602803,0.0015269105788320303,0.29022032022476196,,,,,,,,,,,,,,,,,,,,,,,,,,,,,,,,,,,,,,,,,,,,,,,,,,,,,,,,,,,,,,,,,,,,,,,,
0.0007100163151818651,426,,,,,,,,,,,,,,,,,,,,,,,,,,,,,,,,,,,,,,,,,,,,,,,,,,,,,,,,,,,,,,,,,,,,,,,,,,,,,,,,,,,
,426,0.19401419162750244,0.2035638988018036,0.0004488420090638101,0.001056489534676075,0.2035638988018036,426,,,,,,,,,,,,,,,,,,,,,,,,,,,,,,,,,,,,,,,,,,,,,,,,,,,,,,,,,,,,,,,,,,,,,,,,,,,,,
,426,,,,,,426,0.19401419162750244,0.2035638988018036,0.0004488420090638101,0.001056489534676075,0.2035638988018036,,,,,,,,,,,,,,,,,,,,,,,,,,,,,,,,,,,,,,,,,,,,,,,,,,,,,,,,,,,,,,,,,,,,,,,,
0.00070843225573407,427,,,,,,,,,,,,,,,,,,,,,,,,,,,,,,,,,,,,,,,,,,,,,,,,,,,,,,,,,,,,,,,,,,,,,,,,,,,,,,,,,,,
,427,0.17878195643424988,0.17878195643424988,0.0004366120556369424,0.001678228029049933,0.17878195643424988,427,,,,,,,,,,,,,,,,,,,,,,,,,,,,,,,,,,,,,,,,,,,,,,,,,,,,,,,,,,,,,,,,,,,,,,,,,,,,,
,427,,,,,,427,0.17878195643424988,0.17878195643424988,0.0004366120556369424,0.001678228029049933,0.17878195643424988,,,,,,,,,,,,,,,,,,,,,,,,,,,,,,,,,,,,,,,,,,,,,,,,,,,,,,,,,,,,,,,,,,,,,,,,
0.0007068456626973583,428,,,,,,,,,,,,,,,,,,,,,,,,,,,,,,,,,,,,,,,,,,,,,,,,,,,,,,,,,,,,,,,,,,,,,,,,,,,,,,,,,,,
,428,0.16977334022521973,0.17843855917453766,0.00042429144377820194,0.0007736809784546494,0.17843855917453766,428,,,,,,,,,,,,,,,,,,,,,,,,,,,,,,,,,,,,,,,,,,,,,,,,,,,,,,,,,,,,,,,,,,,,,,,,,,,,,
,428,,,,,,428,0.16977334022521973,0.17843855917453766,0.00042429144377820194,0.0007736809784546494,0.17843855917453766,,,,,,,,,,,,,,,,,,,,,,,,,,,,,,,,,,,,,,,,,,,,,,,,,,,,,,,,,,,,,,,,,,,,,,,,
0.0007052565554038652,429,,,,,,,,,,,,,,,,,,,,,,,,,,,,,,,,,,,,,,,,,,,,,,,,,,,,,,,,,,,,,,,,,,,,,,,,,,,,,,,,,,,
,429,0.1752592772245407,0.1681114137172699,0.0004118912620469928,0.0010934548918157816,0.1681114137172699,429,,,,,,,,,,,,,,,,,,,,,,,,,,,,,,,,,,,,,,,,,,,,,,,,,,,,,,,,,,,,,,,,,,,,,,,,,,,,,
,429,,,,,,429,0.1752592772245407,0.1681114137172699,0.0004118912620469928,0.0010934548918157816,0.1681114137172699,,,,,,,,,,,,,,,,,,,,,,,,,,,,,,,,,,,,,,,,,,,,,,,,,,,,,,,,,,,,,,,,,,,,,,,,
0.000703664953216362,430,,,,,,,,,,,,,,,,,,,,,,,,,,,,,,,,,,,,,,,,,,,,,,,,,,,,,,,,,,,,,,,,,,,,,,,,,,,,,,,,,,,
,430,0.1661674976348877,0.1661674976348877,0.0003999950713478029,0.001022525248117745,0.1661674976348877,430,,,,,,,,,,,,,,,,,,,,,,,,,,,,,,,,,,,,,,,,,,,,,,,,,,,,,,,,,,,,,,,,,,,,,,,,,,,,,
,430,,,,,,430,0.1661674976348877,0.1661674976348877,0.0003999950713478029,0.001022525248117745,0.1661674976348877,,,,,,,,,,,,,,,,,,,,,,,,,,,,,,,,,,,,,,,,,,,,,,,,,,,,,,,,,,,,,,,,,,,,,,,,
0.0007020708755280185,431,,,,,,,,,,,,,,,,,,,,,,,,,,,,,,,,,,,,,,,,,,,,,,,,,,,,,,,,,,,,,,,,,,,,,,,,,,,,,,,,,,,
,431,0.17675726115703583,0.1605418622493744,0.0003879801952280104,0.0007501969230361283,0.1605418622493744,431,,,,,,,,,,,,,,,,,,,,,,,,,,,,,,,,,,,,,,,,,,,,,,,,,,,,,,,,,,,,,,,,,,,,,,,,,,,,,
,431,,,,,,431,0.17675726115703583,0.1605418622493744,0.0003879801952280104,0.0007501969230361283,0.1605418622493744,,,,,,,,,,,,,,,,,,,,,,,,,,,,,,,,,,,,,,,,,,,,,,,,,,,,,,,,,,,,,,,,,,,,,,,,
0.0007004743417621687,432,,,,,,,,,,,,,,,,,,,,,,,,,,,,,,,,,,,,,,,,,,,,,,,,,,,,,,,,,,,,,,,,,,,,,,,,,,,,,,,,,,,
,432,0.16167598962783813,0.16167598962783813,0.00037589570274576545,0.0007638257811777294,0.16167598962783813,432,,,,,,,,,,,,,,,,,,,,,,,,,,,,,,,,,,,,,,,,,,,,,,,,,,,,,,,,,,,,,,,,,,,,,,,,,,,,,
,432,,,,,,432,0.16167598962783813,0.16167598962783813,0.00037589570274576545,0.0007638257811777294,0.16167598962783813,,,,,,,,,,,,,,,,,,,,,,,,,,,,,,,,,,,,,,,,,,,,,,,,,,,,,,,,,,,,,,,,,,,,,,,,
0.0006988753713720727,433,,,,,,,,,,,,,,,,,,,,,,,,,,,,,,,,,,,,,,,,,,,,,,,,,,,,,,,,,,,,,,,,,,,,,,,,,,,,,,,,,,,
,433,0.26590216159820557,0.2754879891872406,0.000363715342245996,0.0015124022029340267,0.2754879891872406,433,,,,,,,,,,,,,,,,,,,,,,,,,,,,,,,,,,,,,,,,,,,,,,,,,,,,,,,,,,,,,,,,,,,,,,,,,,,,,
,433,,,,,,433,0.26590216159820557,0.2754879891872406,0.000363715342245996,0.0015124022029340267,0.2754879891872406,,,,,,,,,,,,,,,,,,,,,,,,,,,,,,,,,,,,,,,,,,,,,,,,,,,,,,,,,,,,,,,,,,,,,,,,
0.0006972739838406798,434,,,,,,,,,,,,,,,,,,,,,,,,,,,,,,,,,,,,,,,,,,,,,,,,,,,,,,,,,,,,,,,,,,,,,,,,,,,,,,,,,,,
,434,0.260507196187973,0.2545270323753357,0.00035145212314091623,0.001370583544485271,0.2545270323753357,434,,,,,,,,,,,,,,,,,,,,,,,,,,,,,,,,,,,,,,,,,,,,,,,,,,,,,,,,,,,,,,,,,,,,,,,,,,,,,
,434,,,,,,434,0.260507196187973,0.2545270323753357,0.00035145212314091623,0.001370583544485271,0.2545270323753357,,,,,,,,,,,,,,,,,,,,,,,,,,,,,,,,,,,,,,,,,,,,,,,,,,,,,,,,,,,,,,,,,,,,,,,,
0.0006956701986803921,435,,,,,,,,,,,,,,,,,,,,,,,,,,,,,,,,,,,,,,,,,,,,,,,,,,,,,,,,,,,,,,,,,,,,,,,,,,,,,,,,,,,
,435,0.1727999746799469,0.1727999746799469,0.0003396670217625797,0.000743574055377394,0.1727999746799469,435,,,,,,,,,,,,,,,,,,,,,,,,,,,,,,,,,,,,,,,,,,,,,,,,,,,,,,,,,,,,,,,,,,,,,,,,,,,,,
,435,,,,,,435,0.1727999746799469,0.1727999746799469,0.0003396670217625797,0.000743574055377394,0.1727999746799469,,,,,,,,,,,,,,,,,,,,,,,,,,,,,,,,,,,,,,,,,,,,,,,,,,,,,,,,,,,,,,,,,,,,,,,,
0.0006940640354328252,436,,,,,,,,,,,,,,,,,,,,,,,,,,,,,,,,,,,,,,,,,,,,,,,,,,,,,,,,,,,,,,,,,,,,,,,,,,,,,,,,,,,
,436,0.14425143599510193,0.14425143599510193,0.0003277616633567959,0.000710680556949228,0.14425143599510193,436,,,,,,,,,,,,,,,,,,,,,,,,,,,,,,,,,,,,,,,,,,,,,,,,,,,,,,,,,,,,,,,,,,,,,,,,,,,,,
,436,,,,,,436,0.14425143599510193,0.14425143599510193,0.0003277616633567959,0.000710680556949228,0.14425143599510193,,,,,,,,,,,,,,,,,,,,,,,,,,,,,,,,,,,,,,,,,,,,,,,,,,,,,,,,,,,,,,,,,,,,,,,,
0.0006924555136685718,437,,,,,,,,,,,,,,,,,,,,,,,,,,,,,,,,,,,,,,,,,,,,,,,,,,,,,,,,,,,,,,,,,,,,,,,,,,,,,,,,,,,
,437,0.14414764940738678,0.14414764940738678,0.0003157501050736755,0.000888769282028079,0.14414764940738678,437,,,,,,,,,,,,,,,,,,,,,,,,,,,,,,,,,,,,,,,,,,,,,,,,,,,,,,,,,,,,,,,,,,,,,,,,,,,,,
,437,,,,,,437,0.14414764940738678,0.14414764940738678,0.0003157501050736755,0.000888769282028079,0.14414764940738678,,,,,,,,,,,,,,,,,,,,,,,,,,,,,,,,,,,,,,,,,,,,,,,,,,,,,,,,,,,,,,,,,,,,,,,,
0.0006908446529869617,438,,,,,,,,,,,,,,,,,,,,,,,,,,,,,,,,,,,,,,,,,,,,,,,,,,,,,,,,,,,,,,,,,,,,,,,,,,,,,,,,,,,
,438,0.34468016028404236,0.35197579860687256,0.0003036450652871281,0.002438149182125926,0.35197579860687256,438,,,,,,,,,,,,,,,,,,,,,,,,,,,,,,,,,,,,,,,,,,,,,,,,,,,,,,,,,,,,,,,,,,,,,,,,,,,,,
,438,,,,,,438,0.34468016028404236,0.35197579860687256,0.0003036450652871281,0.002438149182125926,0.35197579860687256,,,,,,,,,,,,,,,,,,,,,,,,,,,,,,,,,,,,,,,,,,,,,,,,,,,,,,,,,,,,,,,,,,,,,,,,
0.0006892314730158242,439,,,,,,,,,,,,,,,,,,,,,,,,,,,,,,,,,,,,,,,,,,,,,,,,,,,,,,,,,,,,,,,,,,,,,,,,,,,,,,,,,,,
,439,0.3870614469051361,0.3870614469051361,0.0002914602227974683,0.0028004609048366547,0.3870614469051361,439,,,,,,,,,,,,,,,,,,,,,,,,,,,,,,,,,,,,,,,,,,,,,,,,,,,,,,,,,,,,,,,,,,,,,,,,,,,,,
,439,,,,,,439,0.3870614469051361,0.3870614469051361,0.0002914602227974683,0.0028004609048366547,0.3870614469051361,,,,,,,,,,,,,,,,,,,,,,,,,,,,,,,,,,,,,,,,,,,,,,,,,,,,,,,,,,,,,,,,,,,,,,,,
0.0006876159934112478,440,,,,,,,,,,,,,,,,,,,,,,,,,,,,,,,,,,,,,,,,,,,,,,,,,,,,,,,,,,,,,,,,,,,,,,,,,,,,,,,,,,,
,440,0.1790989488363266,0.1790989488363266,0.00027920331922359765,0.0007830274989828467,0.1790989488363266,440,,,,,,,,,,,,,,,,,,,,,,,,,,,,,,,,,,,,,,,,,,,,,,,,,,,,,,,,,,,,,,,,,,,,,,,,,,,,,
,440,,,,,,440,0.1790989488363266,0.1790989488363266,0.00027920331922359765,0.0007830274989828467,0.1790989488363266,,,,,,,,,,,,,,,,,,,,,,,,,,,,,,,,,,,,,,,,,,,,,,,,,,,,,,,,,,,,,,,,,,,,,,,,
0.0006859982338573422,441,,,,,,,,,,,,,,,,,,,,,,,,,,,,,,,,,,,,,,,,,,,,,,,,,,,,,,,,,,,,,,,,,,,,,,,,,,,,,,,,,,,
,441,0.31273990869522095,0.31273990869522095,0.0002668836386874318,0.0021283442620187998,0.31273990869522095,441,,,,,,,,,,,,,,,,,,,,,,,,,,,,,,,,,,,,,,,,,,,,,,,,,,,,,,,,,,,,,,,,,,,,,,,,,,,,,
,441,,,,,,441,0.31273990869522095,0.31273990869522095,0.0002668836386874318,0.0021283442620187998,0.31273990869522095,,,,,,,,,,,,,,,,,,,,,,,,,,,,,,,,,,,,,,,,,,,,,,,,,,,,,,,,,,,,,,,,,,,,,,,,
0.0006843782140659966,442,,,,,,,,,,,,,,,,,,,,,,,,,,,,,,,,,,,,,,,,,,,,,,,,,,,,,,,,,,,,,,,,,,,,,,,,,,,,,,,,,,,
,442,0.16729579865932465,0.17335645854473114,0.0002545095339883119,0.0009481468005105853,0.17335645854473114,442,,,,,,,,,,,,,,,,,,,,,,,,,,,,,,,,,,,,,,,,,,,,,,,,,,,,,,,,,,,,,,,,,,,,,,,,,,,,,
,442,,,,,,442,0.16729579865932465,0.17335645854473114,0.0002545095339883119,0.0009481468005105853,0.17335645854473114,,,,,,,,,,,,,,,,,,,,,,,,,,,,,,,,,,,,,,,,,,,,,,,,,,,,,,,,,,,,,,,,,,,,,,,,
0.0006827559537766408,443,,,,,,,,,,,,,,,,,,,,,,,,,,,,,,,,,,,,,,,,,,,,,,,,,,,,,,,,,,,,,,,,,,,,,,,,,,,,,,,,,,,
,443,0.3760448098182678,0.3760448098182678,0.00024208903778344393,0.003071323037147522,0.3760448098182678,443,,,,,,,,,,,,,,,,,,,,,,,,,,,,,,,,,,,,,,,,,,,,,,,,,,,,,,,,,,,,,,,,,,,,,,,,,,,,,
,443,,,,,,443,0.3760448098182678,0.3760448098182678,0.00024208903778344393,0.003071323037147522,0.3760448098182678,,,,,,,,,,,,,,,,,,,,,,,,,,,,,,,,,,,,,,,,,,,,,,,,,,,,,,,,,,,,,,,,,,,,,,,,
0.0006811314727560051,444,,,,,,,,,,,,,,,,,,,,,,,,,,,,,,,,,,,,,,,,,,,,,,,,,,,,,,,,,,,,,,,,,,,,,,,,,,,,,,,,,,,
,444,0.24544835090637207,0.2535151541233063,0.00022962842194829136,0.001063440809957683,0.2535151541233063,444,,,,,,,,,,,,,,,,,,,,,,,,,,,,,,,,,,,,,,,,,,,,,,,,,,,,,,,,,,,,,,,,,,,,,,,,,,,,,
,444,,,,,,444,0.24544835090637207,0.2535151541233063,0.00022962842194829136,0.001063440809957683,0.2535151541233063,,,,,,,,,,,,,,,,,,,,,,,,,,,,,,,,,,,,,,,,,,,,,,,,,,,,,,,,,,,,,,,,,,,,,,,,
0.0006795047907978773,445,,,,,,,,,,,,,,,,,,,,,,,,,,,,,,,,,,,,,,,,,,,,,,,,,,,,,,,,,,,,,,,,,,,,,,,,,,,,,,,,,,,
,445,0.1731223315000534,0.1731223315000534,0.0002171359519707039,0.0007349489605985582,0.1731223315000534,445,,,,,,,,,,,,,,,,,,,,,,,,,,,,,,,,,,,,,,,,,,,,,,,,,,,,,,,,,,,,,,,,,,,,,,,,,,,,,
,445,,,,,,445,0.1731223315000534,0.1731223315000534,0.0002171359519707039,0.0007349489605985582,0.1731223315000534,,,,,,,,,,,,,,,,,,,,,,,,,,,,,,,,,,,,,,,,,,,,,,,,,,,,,,,,,,,,,,,,,,,,,,,,
0.0006778759277228644,446,,,,,,,,,,,,,,,,,,,,,,,,,,,,,,,,,,,,,,,,,,,,,,,,,,,,,,,,,,,,,,,,,,,,,,,,,,,,,,,,,,,
,446,0.2268977165222168,0.235579252243042,0.00020461472740862519,0.001208627363666892,0.235579252243042,446,,,,,,,,,,,,,,,,,,,,,,,,,,,,,,,,,,,,,,,,,,,,,,,,,,,,,,,,,,,,,,,,,,,,,,,,,,,,,
,446,,,,,,446,0.2268977165222168,0.235579252243042,0.00020461472740862519,0.001208627363666892,0.235579252243042,,,,,,,,,,,,,,,,,,,,,,,,,,,,,,,,,,,,,,,,,,,,,,,,,,,,,,,,,,,,,,,,,,,,,,,,
0.0006762449033781485,447,,,,,,,,,,,,,,,,,,,,,,,,,,,,,,,,,,,,,,,,,,,,,,,,,,,,,,,,,,,,,,,,,,,,,,,,,,,,,,,,,,,
,447,0.1733192503452301,0.18313749134540558,0.00019207195146009326,0.001198173500597477,0.18313749134540558,447,,,,,,,,,,,,,,,,,,,,,,,,,,,,,,,,,,,,,,,,,,,,,,,,,,,,,,,,,,,,,,,,,,,,,,,,,,,,,
,447,,,,,,447,0.1733192503452301,0.18313749134540558,0.00019207195146009326,0.001198173500597477,0.18313749134540558,,,,,,,,,,,,,,,,,,,,,,,,,,,,,,,,,,,,,,,,,,,,,,,,,,,,,,,,,,,,,,,,,,,,,,,,
0.0006746117376372467,448,,,,,,,,,,,,,,,,,,,,,,,,,,,,,,,,,,,,,,,,,,,,,,,,,,,,,,,,,,,,,,,,,,,,,,,,,,,,,,,,,,,
,448,0.15120923519134521,0.15120923519134521,0.000179510228917934,0.0007116089691407979,0.15120923519134521,448,,,,,,,,,,,,,,,,,,,,,,,,,,,,,,,,,,,,,,,,,,,,,,,,,,,,,,,,,,,,,,,,,,,,,,,,,,,,,
,448,,,,,,448,0.15120923519134521,0.15120923519134521,0.000179510228917934,0.0007116089691407979,0.15120923519134521,,,,,,,,,,,,,,,,,,,,,,,,,,,,,,,,,,,,,,,,,,,,,,,,,,,,,,,,,,,,,,,,,,,,,,,,
0.0006729764503997681,449,,,,,,,,,,,,,,,,,,,,,,,,,,,,,,,,,,,,,,,,,,,,,,,,,,,,,,,,,,,,,,,,,,,,,,,,,,,,,,,,,,,
,449,0.32933127880096436,0.33040279150009155,0.00016693300858605653,0.0025244306307286024,0.33040279150009155,449,,,,,,,,,,,,,,,,,,,,,,,,,,,,,,,,,,,,,,,,,,,,,,,,,,,,,,,,,,,,,,,,,,,,,,,,,,,,,
,449,,,,,,449,,,,,,0.1669551134109497,0.1669551134109497,0.00015450506180059165,0.0010753516107797623,0.1669551134109497,0.20545808970928192,0.20545808970928192,0.00015450506180059165,0.0008762860670685768,0.20545808970928192,-0.06714633107185364,0.22246462106704712,0.3020761013031006,0.16094768047332764,0.10293670743703842,0.06537678092718124,0.044021569192409515,0.026017090305685997,0.003578173229470849,0.06714633107185364,0.625133752822876,0.3851108253002167,0.2873254418373108,0.2314612865447998,0.18495014309883118,0.14937752485275269,0.31055983901023865,0.17814067006111145,0.1231822595000267,0.0780300423502922,0.05155766010284424,0.02938634343445301,0.003652597311884165,0.07732492685317993,25.631195068359375,20.34343147277832,28.2210750579834,41.94878387451172,82.44556427001953,3481.095947265625,613.281005859375,-0.0625576451420784,0.23158307373523712,0.3110625147819519,0.1621118038892746,0.10410422831773758,0.053595684468746185,0.03377028554677963,0.02017343044281006,0.00159042002633214,0.0625576451420784,0.636131227016449,0.3980867564678192,0.24722521007061005,0.18893130123615265,0.15185856819152832,0.07053938508033752,0.2821287512779236,0.17868055403232574,0.12355224043130875,0.06404786556959152,0.039496179670095444,0.022734984755516052,0.0016244625439867377,0.07168938219547272,26.380794525146484,21.607439041137695,31.011676788330078,47.62627410888672,92.86206817626953,3924.5791015625,690.6779174804688
,449,,,,,,449,0.32933127880096436,0.33040279150009155,0.00016693300858605653,0.0025244306307286024,0.33040279150009155,,,,,,,,,,,,,,,,,,,,,,,,,,,,,,,,,,,,,,,,,,,,,,,,,,,,,,,,,,,,,,,,,,,,,,,,
0.0006713390615911717,450,,,,,,,,,,,,,,,,,,,,,,,,,,,,,,,,,,,,,,,,,,,,,,,,,,,,,,,,,,,,,,,,,,,,,,,,,,,,,,,,,,,
,450,0.20419327914714813,0.19288191199302673,0.00015450506180059165,0.0008664531051181257,0.19288191199302673,450,,,,,,,,,,,,,,,,,,,,,,,,,,,,,,,,,,,,,,,,,,,,,,,,,,,,,,,,,,,,,,,,,,,,,,,,,,,,,
,450,,,,,,450,0.20419327914714813,0.19288191199302673,0.00015450506180059165,0.0008664531051181257,0.19288191199302673,,,,,,,,,,,,,,,,,,,,,,,,,,,,,,,,,,,,,,,,,,,,,,,,,,,,,,,,,,,,,,,,,,,,,,,,
0.0006696995911625232,451,,,,,,,,,,,,,,,,,,,,,,,,,,,,,,,,,,,,,,,,,,,,,,,,,,,,,,,,,,,,,,,,,,,,,,,,,,,,,,,,,,,
,451,0.1498526781797409,0.1498526781797409,0.0001420525659341365,0.0014148863265290856,0.1498526781797409,451,,,,,,,,,,,,,,,,,,,,,,,,,,,,,,,,,,,,,,,,,,,,,,,,,,,,,,,,,,,,,,,,,,,,,,,,,,,,,
,451,,,,,,451,0.1498526781797409,0.1498526781797409,0.0001420525659341365,0.0014148863265290856,0.1498526781797409,,,,,,,,,,,,,,,,,,,,,,,,,,,,,,,,,,,,,,,,,,,,,,,,,,,,,,,,,,,,,,,,,,,,,,,,
0.0006680580590902525,452,,,,,,,,,,,,,,,,,,,,,,,,,,,,,,,,,,,,,,,,,,,,,,,,,,,,,,,,,,,,,,,,,,,,,,,,,,,,,,,,,,,
,452,0.1488129198551178,0.1488129198551178,0.00012957995932083577,0.0006619975320063531,0.1488129198551178,452,,,,,,,,,,,,,,,,,,,,,,,,,,,,,,,,,,,,,,,,,,,,,,,,,,,,,,,,,,,,,,,,,,,,,,,,,,,,,
,452,,,,,,452,0.1488129198551178,0.1488129198551178,0.00012957995932083577,0.0006619975320063531,0.1488129198551178,,,,,,,,,,,,,,,,,,,,,,,,,,,,,,,,,,,,,,,,,,,,,,,,,,,,,,,,,,,,,,,,,,,,,,,,
0.0006664144853759099,453,,,,,,,,,,,,,,,,,,,,,,,,,,,,,,,,,,,,,,,,,,,,,,,,,,,,,,,,,,,,,,,,,,,,,,,,,,,,,,,,,,,
,453,0.315740704536438,0.315740704536438,0.00011709131649695337,0.002204242628067732,0.315740704536438,453,,,,,,,,,,,,,,,,,,,,,,,,,,,,,,,,,,,,,,,,,,,,,,,,,,,,,,,,,,,,,,,,,,,,,,,,,,,,,
,453,,,,,,453,0.315740704536438,0.315740704536438,0.00011709131649695337,0.002204242628067732,0.315740704536438,,,,,,,,,,,,,,,,,,,,,,,,,,,,,,,,,,,,,,,,,,,,,,,,,,,,,,,,,,,,,,,,,,,,,,,,
0.0006647688900459223,454,,,,,,,,,,,,,,,,,,,,,,,,,,,,,,,,,,,,,,,,,,,,,,,,,,,,,,,,,,,,,,,,,,,,,,,,,,,,,,,,,,,
,454,0.17556267976760864,0.17556267976760864,0.00010459057375555858,0.0008675263379700482,0.17556267976760864,454,,,,,,,,,,,,,,,,,,,,,,,,,,,,,,,,,,,,,,,,,,,,,,,,,,,,,,,,,,,,,,,,,,,,,,,,,,,,,
,454,,,,,,454,0.17556267976760864,0.17556267976760864,0.00010459057375555858,0.0008675263379700482,0.17556267976760864,,,,,,,,,,,,,,,,,,,,,,,,,,,,,,,,,,,,,,,,,,,,,,,,,,,,,,,,,,,,,,,,,,,,,,,,
0.0006631212931513498,455,,,,,,,,,,,,,,,,,,,,,,,,,,,,,,,,,,,,,,,,,,,,,,,,,,,,,,,,,,,,,,,,,,,,,,,,,,,,,,,,,,,
,455,0.37755870819091797,0.37755870819091797,9.208107076119632e-05,0.0031009295489639044,0.37755870819091797,455,,,,,,,,,,,,,,,,,,,,,,,,,,,,,,,,,,,,,,,,,,,,,,,,,,,,,,,,,,,,,,,,,,,,,,,,,,,,,
,455,,,,,,455,0.37755870819091797,0.37755870819091797,9.208107076119632e-05,0.0031009295489639044,0.37755870819091797,,,,,,,,,,,,,,,,,,,,,,,,,,,,,,,,,,,,,,,,,,,,,,,,,,,,,,,,,,,,,,,,,,,,,,,,
0.0006614717147676403,456,,,,,,,,,,,,,,,,,,,,,,,,,,,,,,,,,,,,,,,,,,,,,,,,,,,,,,,,,,,,,,,,,,,,,,,,,,,,,,,,,,,
,456,0.7784263491630554,0.7784263491630554,7.956582703627646e-05,0.01419609785079956,0.7784263491630554,456,,,,,,,,,,,,,,,,,,,,,,,,,,,,,,,,,,,,,,,,,,,,,,,,,,,,,,,,,,,,,,,,,,,,,,,,,,,,,
,456,,,,,,456,0.7784263491630554,0.7784263491630554,7.956582703627646e-05,0.01419609785079956,0.7784263491630554,,,,,,,,,,,,,,,,,,,,,,,,,,,,,,,,,,,,,,,,,,,,,,,,,,,,,,,,,,,,,,,,,,,,,,,,
0.0006598201749943859,457,,,,,,,,,,,,,,,,,,,,,,,,,,,,,,,,,,,,,,,,,,,,,,,,,,,,,,,,,,,,,,,,,,,,,,,,,,,,,,,,,,,
,457,0.17484697699546814,0.17484697699546814,6.704773113597184e-05,0.0007586100255139172,0.17484697699546814,457,,,,,,,,,,,,,,,,,,,,,,,,,,,,,,,,,,,,,,,,,,,,,,,,,,,,,,,,,,,,,,,,,,,,,,,,,,,,,
,457,,,,,,457,0.17484697699546814,0.17484697699546814,6.704773113597184e-05,0.0007586100255139172,0.17484697699546814,,,,,,,,,,,,,,,,,,,,,,,,,,,,,,,,,,,,,,,,,,,,,,,,,,,,,,,,,,,,,,,,,,,,,,,,
0.0006581666939550777,458,,,,,,,,,,,,,,,,,,,,,,,,,,,,,,,,,,,,,,,,,,,,,,,,,,,,,,,,,,,,,,,,,,,,,,,,,,,,,,,,,,,
,458,0.15396039187908173,0.1419329196214676,5.4529253247892484e-05,0.0006667222478426993,0.1419329196214676,458,,,,,,,,,,,,,,,,,,,,,,,,,,,,,,,,,,,,,,,,,,,,,,,,,,,,,,,,,,,,,,,,,,,,,,,,,,,,,
,458,,,,,,458,0.15396039187908173,0.1419329196214676,5.4529253247892484e-05,0.0006667222478426993,0.1419329196214676,,,,,,,,,,,,,,,,,,,,,,,,,,,,,,,,,,,,,,,,,,,,,,,,,,,,,,,,,,,,,,,,,,,,,,,,
0.0006565112917968601,459,,,,,,,,,,,,,,,,,,,,,,,,,,,,,,,,,,,,,,,,,,,,,,,,,,,,,,,,,,,,,,,,,,,,,,,,,,,,,,,,,,,
,459,0.18436959385871887,0.1943565458059311,4.201333285891451e-05,0.0008411916787736118,0.1943565458059311,459,,,,,,,,,,,,,,,,,,,,,,,,,,,,,,,,,,,,,,,,,,,,,,,,,,,,,,,,,,,,,,,,,,,,,,,,,,,,,
,459,,,,,,459,0.18436959385871887,0.1943565458059311,4.201333285891451e-05,0.0008411916787736118,0.1943565458059311,,,,,,,,,,,,,,,,,,,,,,,,,,,,,,,,,,,,,,,,,,,,,,,,,,,,,,,,,,,,,,,,,,,,,,,,
0.0006548539886902862,460,,,,,,,,,,,,,,,,,,,,,,,,,,,,,,,,,,,,,,,,,,,,,,,,,,,,,,,,,,,,,,,,,,,,,,,,,,,,,,,,,,,
,460,0.14723460376262665,0.14723460376262665,2.9502318284357898e-05,0.0009240797953680158,0.14723460376262665,460,,,,,,,,,,,,,,,,,,,,,,,,,,,,,,,,,,,,,,,,,,,,,,,,,,,,,,,,,,,,,,,,,,,,,,,,,,,,,
,460,,,,,,460,0.14723460376262665,0.14723460376262665,2.9502318284357898e-05,0.0009240797953680158,0.14723460376262665,,,,,,,,,,,,,,,,,,,,,,,,,,,,,,,,,,,,,,,,,,,,,,,,,,,,,,,,,,,,,,,,,,,,,,,,
0.0006531948048290713,461,,,,,,,,,,,,,,,,,,,,,,,,,,,,,,,,,,,,,,,,,,,,,,,,,,,,,,,,,,,,,,,,,,,,,,,,,,,,,,,,,,,
,461,0.14336055517196655,0.14336055517196655,1.6996853446471505e-05,0.0008185632759705186,0.14336055517196655,461,,,,,,,,,,,,,,,,,,,,,,,,,,,,,,,,,,,,,,,,,,,,,,,,,,,,,,,,,,,,,,,,,,,,,,,,,,,,,
,461,,,,,,461,0.14336055517196655,0.14336055517196655,1.6996853446471505e-05,0.0008185632759705186,0.14336055517196655,,,,,,,,,,,,,,,,,,,,,,,,,,,,,,,,,,,,,,,,,,,,,,,,,,,,,,,,,,,,,,,,,,,,,,,,
0.000651533760429847,462,,,,,,,,,,,,,,,,,,,,,,,,,,,,,,,,,,,,,,,,,,,,,,,,,,,,,,,,,,,,,,,,,,,,,,,,,,,,,,,,,,,
,462,0.19958487153053284,0.18924731016159058,4.498705493460875e-06,0.0009647847036831081,0.18924731016159058,462,,,,,,,,,,,,,,,,,,,,,,,,,,,,,,,,,,,,,,,,,,,,,,,,,,,,,,,,,,,,,,,,,,,,,,,,,,,,,
,462,,,,,,462,0.19958487153053284,0.18924731016159058,4.498705493460875e-06,0.0009647847036831081,0.18924731016159058,,,,,,,,,,,,,,,,,,,,,,,,,,,,,,,,,,,,,,,,,,,,,,,,,,,,,,,,,,,,,,,,,,,,,,,,
0.0006498708757319151,463,,,,,,,,,,,,,,,,,,,,,,,,,,,,,,,,,,,,,,,,,,,,,,,,,,,,,,,,,,,,,,,,,,,,,,,,,,,,,,,,,,,
,463,0.13997182250022888,0.13974401354789734,-7.875874871388078e-06,0.0007349431980401278,0.13974401354789734,463,,,,,,,,,,,,,,,,,,,,,,,,,,,,,,,,,,,,,,,,,,,,,,,,,,,,,,,,,,,,,,,,,,,,,,,,,,,,,
,463,,,,,,463,0.13997182250022888,0.13974401354789734,-7.875874871388078e-06,0.0007349431980401278,0.13974401354789734,,,,,,,,,,,,,,,,,,,,,,,,,,,,,,,,,,,,,,,,,,,,,,,,,,,,,,,,,,,,,,,,,,,,,,,,
0.0006482061709970012,464,,,,,,,,,,,,,,,,,,,,,,,,,,,,,,,,,,,,,,,,,,,,,,,,,,,,,,,,,,,,,,,,,,,,,,,,,,,,,,,,,,,
,464,0.132421612739563,0.14283041656017303,-2.0250776287866756e-05,0.0012024205643683672,0.14283041656017303,464,,,,,,,,,,,,,,,,,,,,,,,,,,,,,,,,,,,,,,,,,,,,,,,,,,,,,,,,,,,,,,,,,,,,,,,,,,,,,
,464,,,,,,464,0.132421612739563,0.14283041656017303,-2.0250776287866756e-05,0.0012024205643683672,0.14283041656017303,,,,,,,,,,,,,,,,,,,,,,,,,,,,,,,,,,,,,,,,,,,,,,,,,,,,,,,,,,,,,,,,,,,,,,,,
0.0006465396665090069,465,,,,,,,,,,,,,,,,,,,,,,,,,,,,,,,,,,,,,,,,,,,,,,,,,,,,,,,,,,,,,,,,,,,,,,,,,,,,,,,,,,,
,465,0.1281089186668396,0.12434835731983185,-3.262404425186105e-05,0.0007314791437238455,0.12434835731983185,465,,,,,,,,,,,,,,,,,,,,,,,,,,,,,,,,,,,,,,,,,,,,,,,,,,,,,,,,,,,,,,,,,,,,,,,,,,,,,
,465,,,,,,465,0.1281089186668396,0.12434835731983185,-3.262404425186105e-05,0.0007314791437238455,0.12434835731983185,,,,,,,,,,,,,,,,,,,,,,,,,,,,,,,,,,,,,,,,,,,,,,,,,,,,,,,,,,,,,,,,,,,,,,,,
0.0006448713825737633,466,,,,,,,,,,,,,,,,,,,,,,,,,,,,,,,,,,,,,,,,,,,,,,,,,,,,,,,,,,,,,,,,,,,,,,,,,,,,,,,,,,,
,466,0.12113108485937119,0.12113108485937119,-4.4393927964847535e-05,0.0009796277154237032,0.12113108485937119,466,,,,,,,,,,,,,,,,,,,,,,,,,,,,,,,,,,,,,,,,,,,,,,,,,,,,,,,,,,,,,,,,,,,,,,,,,,,,,
,466,,,,,,466,0.12113108485937119,0.12113108485937119,-4.4393927964847535e-05,0.0009796277154237032,0.12113108485937119,,,,,,,,,,,,,,,,,,,,,,,,,,,,,,,,,,,,,,,,,,,,,,,,,,,,,,,,,,,,,,,,,,,,,,,,
0.0006432013395187841,467,,,,,,,,,,,,,,,,,,,,,,,,,,,,,,,,,,,,,,,,,,,,,,,,,,,,,,,,,,,,,,,,,,,,,,,,,,,,,,,,,,,
,467,0.21407149732112885,0.21407149732112885,-5.62194618396461e-05,0.0011800008360296488,0.21407149732112885,467,,,,,,,,,,,,,,,,,,,,,,,,,,,,,,,,,,,,,,,,,,,,,,,,,,,,,,,,,,,,,,,,,,,,,,,,,,,,,
,467,,,,,,467,0.21407149732112885,0.21407149732112885,-5.62194618396461e-05,0.0011800008360296488,0.21407149732112885,,,,,,,,,,,,,,,,,,,,,,,,,,,,,,,,,,,,,,,,,,,,,,,,,,,,,,,,,,,,,,,,,,,,,,,,
0.0006415295576930167,468,,,,,,,,,,,,,,,,,,,,,,,,,,,,,,,,,,,,,,,,,,,,,,,,,,,,,,,,,,,,,,,,,,,,,,,,,,,,,,,,,,,
,468,0.8065537214279175,0.809375524520874,-6.809271144447848e-05,0.013938740827143192,0.809375524520874,468,,,,,,,,,,,,,,,,,,,,,,,,,,,,,,,,,,,,,,,,,,,,,,,,,,,,,,,,,,,,,,,,,,,,,,,,,,,,,
,468,,,,,,468,0.8065537214279175,0.809375524520874,-6.809271144447848e-05,0.013938740827143192,0.809375524520874,,,,,,,,,,,,,,,,,,,,,,,,,,,,,,,,,,,,,,,,,,,,,,,,,,,,,,,,,,,,,,,,,,,,,,,,
0.0006398560574665949,469,,,,,,,,,,,,,,,,,,,,,,,,,,,,,,,,,,,,,,,,,,,,,,,,,,,,,,,,,,,,,,,,,,,,,,,,,,,,,,,,,,,
,469,0.14254087209701538,0.1411435306072235,-7.999075023690239e-05,0.001195379882119596,0.1411435306072235,469,,,,,,,,,,,,,,,,,,,,,,,,,,,,,,,,,,,,,,,,,,,,,,,,,,,,,,,,,,,,,,,,,,,,,,,,,,,,,
,469,,,,,,469,0.14254087209701538,0.1411435306072235,-7.999075023690239e-05,0.001195379882119596,0.1411435306072235,,,,,,,,,,,,,,,,,,,,,,,,,,,,,,,,,,,,,,,,,,,,,,,,,,,,,,,,,,,,,,,,,,,,,,,,
0.000638180859230591,470,,,,,,,,,,,,,,,,,,,,,,,,,,,,,,,,,,,,,,,,,,,,,,,,,,,,,,,,,,,,,,,,,,,,,,,,,,,,,,,,,,,
,470,0.12914305925369263,0.11801411211490631,-9.192364814225584e-05,0.0006101264152675867,0.11801411211490631,470,,,,,,,,,,,,,,,,,,,,,,,,,,,,,,,,,,,,,,,,,,,,,,,,,,,,,,,,,,,,,,,,,,,,,,,,,,,,,
,470,,,,,,470,0.12914305925369263,0.11801411211490631,-9.192364814225584e-05,0.0006101264152675867,0.11801411211490631,,,,,,,,,,,,,,,,,,,,,,,,,,,,,,,,,,,,,,,,,,,,,,,,,,,,,,,,,,,,,,,,,,,,,,,,
0.0006365039833967666,471,,,,,,,,,,,,,,,,,,,,,,,,,,,,,,,,,,,,,,,,,,,,,,,,,,,,,,,,,,,,,,,,,,,,,,,,,,,,,,,,,,,
,471,0.11373671144247055,0.11373671144247055,-0.00010357873543398455,0.000992720597423613,0.11373671144247055,471,,,,,,,,,,,,,,,,,,,,,,,,,,,,,,,,,,,,,,,,,,,,,,,,,,,,,,,,,,,,,,,,,,,,,,,,,,,,,
,471,,,,,,471,0.11373671144247055,0.11373671144247055,-0.00010357873543398455,0.000992720597423613,0.11373671144247055,,,,,,,,,,,,,,,,,,,,,,,,,,,,,,,,,,,,,,,,,,,,,,,,,,,,,,,,,,,,,,,,,,,,,,,,
0.0006348254503973251,472,,,,,,,,,,,,,,,,,,,,,,,,,,,,,,,,,,,,,,,,,,,,,,,,,,,,,,,,,,,,,,,,,,,,,,,,,,,,,,,,,,,
,472,0.13142988085746765,0.10916578024625778,-0.00011528946197358891,0.0005576962721534073,0.10916578024625778,472,,,,,,,,,,,,,,,,,,,,,,,,,,,,,,,,,,,,,,,,,,,,,,,,,,,,,,,,,,,,,,,,,,,,,,,,,,,,,
,472,,,,,,472,0.13142988085746765,0.10916578024625778,-0.00011528946197358891,0.0005576962721534073,0.10916578024625778,,,,,,,,,,,,,,,,,,,,,,,,,,,,,,,,,,,,,,,,,,,,,,,,,,,,,,,,,,,,,,,,,,,,,,,,
0.0006331452806846608,473,,,,,,,,,,,,,,,,,,,,,,,,,,,,,,,,,,,,,,,,,,,,,,,,,,,,,,,,,,,,,,,,,,,,,,,,,,,,,,,,,,,
,473,0.11807527393102646,0.11807527393102646,-0.00012684962712228298,0.0005233807023614645,0.11807527393102646,473,,,,,,,,,,,,,,,,,,,,,,,,,,,,,,,,,,,,,,,,,,,,,,,,,,,,,,,,,,,,,,,,,,,,,,,,,,,,,
,473,,,,,,473,0.11807527393102646,0.11807527393102646,-0.00012684962712228298,0.0005233807023614645,0.11807527393102646,,,,,,,,,,,,,,,,,,,,,,,,,,,,,,,,,,,,,,,,,,,,,,,,,,,,,,,,,,,,,,,,,,,,,,,,
0.0006314634947311118,474,,,,,,,,,,,,,,,,,,,,,,,,,,,,,,,,,,,,,,,,,,,,,,,,,,,,,,,,,,,,,,,,,,,,,,,,,,,,,,,,,,,
,474,0.12138444185256958,0.12138444185256958,-0.00013847017544321716,0.0005192264798097312,0.12138444185256958,474,,,,,,,,,,,,,,,,,,,,,,,,,,,,,,,,,,,,,,,,,,,,,,,,,,,,,,,,,,,,,,,,,,,,,,,,,,,,,
,474,,,,,,474,0.12138444185256958,0.12138444185256958,-0.00013847017544321716,0.0005192264798097312,0.12138444185256958,,,,,,,,,,,,,,,,,,,,,,,,,,,,,,,,,,,,,,,,,,,,,,,,,,,,,,,,,,,,,,,,,,,,,,,,
0.000629780113028709,475,,,,,,,,,,,,,,,,,,,,,,,,,,,,,,,,,,,,,,,,,,,,,,,,,,,,,,,,,,,,,,,,,,,,,,,,,,,,,,,,,,,
,475,0.1073005199432373,0.1073005199432373,-0.0001501427759649232,0.0005443189875222743,0.1073005199432373,475,,,,,,,,,,,,,,,,,,,,,,,,,,,,,,,,,,,,,,,,,,,,,,,,,,,,,,,,,,,,,,,,,,,,,,,,,,,,,
,475,,,,,,475,0.1073005199432373,0.1073005199432373,-0.0001501427759649232,0.0005443189875222743,0.1073005199432373,,,,,,,,,,,,,,,,,,,,,,,,,,,,,,,,,,,,,,,,,,,,,,,,,,,,,,,,,,,,,,,,,,,,,,,,
0.0006280951560889273,476,,,,,,,,,,,,,,,,,,,,,,,,,,,,,,,,,,,,,,,,,,,,,,,,,,,,,,,,,,,,,,,,,,,,,,,,,,,,,,,,,,,
,476,0.10146134346723557,0.10146134346723557,-0.0001618596288608387,0.0007783384062349796,0.10146134346723557,476,,,,,,,,,,,,,,,,,,,,,,,,,,,,,,,,,,,,,,,,,,,,,,,,,,,,,,,,,,,,,,,,,,,,,,,,,,,,,
,476,,,,,,476,0.10146134346723557,0.10146134346723557,-0.0001618596288608387,0.0007783384062349796,0.10146134346723557,,,,,,,,,,,,,,,,,,,,,,,,,,,,,,,,,,,,,,,,,,,,,,,,,,,,,,,,,,,,,,,,,,,,,,,,
0.0006264086444424354,477,,,,,,,,,,,,,,,,,,,,,,,,,,,,,,,,,,,,,,,,,,,,,,,,,,,,,,,,,,,,,,,,,,,,,,,,,,,,,,,,,,,
,477,1.082319736480713,1.0812642574310303,-0.0001736138656269759,0.11671067029237747,1.0812642574310303,477,,,,,,,,,,,,,,,,,,,,,,,,,,,,,,,,,,,,,,,,,,,,,,,,,,,,,,,,,,,,,,,,,,,,,,,,,,,,,
,477,,,,,,477,1.082319736480713,1.0812642574310303,-0.0001736138656269759,0.11671067029237747,1.0812642574310303,,,,,,,,,,,,,,,,,,,,,,,,,,,,,,,,,,,,,,,,,,,,,,,,,,,,,,,,,,,,,,,,,,,,,,,,
0.0006247205986388448,478,,,,,,,,,,,,,,,,,,,,,,,,,,,,,,,,,,,,,,,,,,,,,,,,,,,,,,,,,,,,,,,,,,,,,,,,,,,,,,,,,,,
,478,0.11282863467931747,0.11362214386463165,-0.00018333434127271175,0.0005289595574140549,0.11362214386463165,478,,,,,,,,,,,,,,,,,,,,,,,,,,,,,,,,,,,,,,,,,,,,,,,,,,,,,,,,,,,,,,,,,,,,,,,,,,,,,
,478,,,,,,478,0.11282863467931747,0.11362214386463165,-0.00018333434127271175,0.0005289595574140549,0.11362214386463165,,,,,,,,,,,,,,,,,,,,,,,,,,,,,,,,,,,,,,,,,,,,,,,,,,,,,,,,,,,,,,,,,,,,,,,,
0.0006230310392464619,479,,,,,,,,,,,,,,,,,,,,,,,,,,,,,,,,,,,,,,,,,,,,,,,,,,,,,,,,,,,,,,,,,,,,,,,,,,,,,,,,,,,
,479,0.6203629374504089,0.6203629374504089,-0.00019328818598296493,0.00658329576253891,0.6203629374504089,479,,,,,,,,,,,,,,,,,,,,,,,,,,,,,,,,,,,,,,,,,,,,,,,,,,,,,,,,,,,,,,,,,,,,,,,,,,,,,
,479,,,,,,479,0.6203629374504089,0.6203629374504089,-0.00019328818598296493,0.00658329576253891,0.6203629374504089,,,,,,,,,,,,,,,,,,,,,,,,,,,,,,,,,,,,,,,,,,,,,,,,,,,,,,,,,,,,,,,,,,,,,,,,
0.000621339986852034,480,,,,,,,,,,,,,,,,,,,,,,,,,,,,,,,,,,,,,,,,,,,,,,,,,,,,,,,,,,,,,,,,,,,,,,,,,,,,,,,,,,,
,480,0.11479463428258896,0.11479463428258896,-0.00020345071970950812,0.0006469973595812917,0.11479463428258896,480,,,,,,,,,,,,,,,,,,,,,,,,,,,,,,,,,,,,,,,,,,,,,,,,,,,,,,,,,,,,,,,,,,,,,,,,,,,,,
,480,,,,,,480,0.11479463428258896,0.11479463428258896,-0.00020345071970950812,0.0006469973595812917,0.11479463428258896,,,,,,,,,,,,,,,,,,,,,,,,,,,,,,,,,,,,,,,,,,,,,,,,,,,,,,,,,,,,,,,,,,,,,,,,
0.0006196474620605013,481,,,,,,,,,,,,,,,,,,,,,,,,,,,,,,,,,,,,,,,,,,,,,,,,,,,,,,,,,,,,,,,,,,,,,,,,,,,,,,,,,,,
,481,0.38754814863204956,0.38754814863204956,-0.00021379832469392568,0.0030164550989866257,0.38754814863204956,481,,,,,,,,,,,,,,,,,,,,,,,,,,,,,,,,,,,,,,,,,,,,,,,,,,,,,,,,,,,,,,,,,,,,,,,,,,,,,
,481,,,,,,481,0.38754814863204956,0.38754814863204956,-0.00021379832469392568,0.0030164550989866257,0.38754814863204956,,,,,,,,,,,,,,,,,,,,,,,,,,,,,,,,,,,,,,,,,,,,,,,,,,,,,,,,,,,,,,,,,,,,,,,,
0.0006179534854947437,482,,,,,,,,,,,,,,,,,,,,,,,,,,,,,,,,,,,,,,,,,,,,,,,,,,,,,,,,,,,,,,,,,,,,,,,,,,,,,,,,,,,
,482,0.1368466317653656,0.1368466317653656,-0.00022430978424381465,0.0007089899154379964,0.1368466317653656,482,,,,,,,,,,,,,,,,,,,,,,,,,,,,,,,,,,,,,,,,,,,,,,,,,,,,,,,,,,,,,,,,,,,,,,,,,,,,,
,482,,,,,,482,0.1368466317653656,0.1368466317653656,-0.00022430978424381465,0.0007089899154379964,0.1368466317653656,,,,,,,,,,,,,,,,,,,,,,,,,,,,,,,,,,,,,,,,,,,,,,,,,,,,,,,,,,,,,,,,,,,,,,,,
0.0006162580777953315,483,,,,,,,,,,,,,,,,,,,,,,,,,,,,,,,,,,,,,,,,,,,,,,,,,,,,,,,,,,,,,,,,,,,,,,,,,,,,,,,,,,,
,483,0.11791299283504486,0.11791299283504486,-0.00023496607900597155,0.0007474382291547954,0.11791299283504486,483,,,,,,,,,,,,,,,,,,,,,,,,,,,,,,,,,,,,,,,,,,,,,,,,,,,,,,,,,,,,,,,,,,,,,,,,,,,,,
,483,,,,,,483,0.11791299283504486,0.11791299283504486,-0.00023496607900597155,0.0007474382291547954,0.11791299283504486,,,,,,,,,,,,,,,,,,,,,,,,,,,,,,,,,,,,,,,,,,,,,,,,,,,,,,,,,,,,,,,,,,,,,,,,
0.0006145612596202725,484,,,,,,,,,,,,,,,,,,,,,,,,,,,,,,,,,,,,,,,,,,,,,,,,,,,,,,,,,,,,,,,,,,,,,,,,,,,,,,,,,,,
,484,0.20650610327720642,0.217058926820755,-0.0002457501250319183,0.0010564489057287574,0.217058926820755,484,,,,,,,,,,,,,,,,,,,,,,,,,,,,,,,,,,,,,,,,,,,,,,,,,,,,,,,,,,,,,,,,,,,,,,,,,,,,,
,484,,,,,,484,0.20650610327720642,0.217058926820755,-0.0002457501250319183,0.0010564489057287574,0.217058926820755,,,,,,,,,,,,,,,,,,,,,,,,,,,,,,,,,,,,,,,,,,,,,,,,,,,,,,,,,,,,,,,,,,,,,,,,
0.0006128630516447604,485,,,,,,,,,,,,,,,,,,,,,,,,,,,,,,,,,,,,,,,,,,,,,,,,,,,,,,,,,,,,,,,,,,,,,,,,,,,,,,,,,,,
,485,0.11772571504116058,0.10763116180896759,-0.0002566459879744798,0.0006181366625241935,0.10763116180896759,485,,,,,,,,,,,,,,,,,,,,,,,,,,,,,,,,,,,,,,,,,,,,,,,,,,,,,,,,,,,,,,,,,,,,,,,,,,,,,
,485,,,,,,485,0.11772571504116058,0.10763116180896759,-0.0002566459879744798,0.0006181366625241935,0.10763116180896759,,,,,,,,,,,,,,,,,,,,,,,,,,,,,,,,,,,,,,,,,,,,,,,,,,,,,,,,,,,,,,,,,,,,,,,,
0.0006111634745609239,486,,,,,,,,,,,,,,,,,,,,,,,,,,,,,,,,,,,,,,,,,,,,,,,,,,,,,,,,,,,,,,,,,,,,,,,,,,,,,,,,,,,
,486,0.16102151572704315,0.16102151572704315,-0.0002672341070137918,0.0007299653952941298,0.16102151572704315,486,,,,,,,,,,,,,,,,,,,,,,,,,,,,,,,,,,,,,,,,,,,,,,,,,,,,,,,,,,,,,,,,,,,,,,,,,,,,,
,486,,,,,,486,0.16102151572704315,0.16102151572704315,-0.0002672341070137918,0.0007299653952941298,0.16102151572704315,,,,,,,,,,,,,,,,,,,,,,,,,,,,,,,,,,,,,,,,,,,,,,,,,,,,,,,,,,,,,,,,,,,,,,,,
0.0006094625490775729,487,,,,,,,,,,,,,,,,,,,,,,,,,,,,,,,,,,,,,,,,,,,,,,,,,,,,,,,,,,,,,,,,,,,,,,,,,,,,,,,,,,,
,487,0.11315023899078369,0.11315023899078369,-0.0002779493806883693,0.0005096935201436281,0.11315023899078369,487,,,,,,,,,,,,,,,,,,,,,,,,,,,,,,,,,,,,,,,,,,,,,,,,,,,,,,,,,,,,,,,,,,,,,,,,,,,,,
,487,,,,,,487,0.11315023899078369,0.11315023899078369,-0.0002779493806883693,0.0005096935201436281,0.11315023899078369,,,,,,,,,,,,,,,,,,,,,,,,,,,,,,,,,,,,,,,,,,,,,,,,,,,,,,,,,,,,,,,,,,,,,,,,
0.000607760295919948,488,,,,,,,,,,,,,,,,,,,,,,,,,,,,,,,,,,,,,,,,,,,,,,,,,,,,,,,,,,,,,,,,,,,,,,,,,,,,,,,,,,,
,488,0.1264960765838623,0.13862667977809906,-0.0002887763548642397,0.0005394548061303794,0.13862667977809906,488,,,,,,,,,,,,,,,,,,,,,,,,,,,,,,,,,,,,,,,,,,,,,,,,,,,,,,,,,,,,,,,,,,,,,,,,,,,,,
,488,,,,,,488,0.1264960765838623,0.13862667977809906,-0.0002887763548642397,0.0005394548061303794,0.13862667977809906,,,,,,,,,,,,,,,,,,,,,,,,,,,,,,,,,,,,,,,,,,,,,,,,,,,,,,,,,,,,,,,,,,,,,,,,
0.0006060567358294665,489,,,,,,,,,,,,,,,,,,,,,,,,,,,,,,,,,,,,,,,,,,,,,,,,,,,,,,,,,,,,,,,,,,,,,,,,,,,,,,,,,,,
,489,0.4365789294242859,0.4365789294242859,-0.00029970123432576656,0.0043191988952457905,0.4365789294242859,489,,,,,,,,,,,,,,,,,,,,,,,,,,,,,,,,,,,,,,,,,,,,,,,,,,,,,,,,,,,,,,,,,,,,,,,,,,,,,
,489,,,,,,489,0.4365789294242859,0.4365789294242859,-0.00029970123432576656,0.0043191988952457905,0.4365789294242859,,,,,,,,,,,,,,,,,,,,,,,,,,,,,,,,,,,,,,,,,,,,,,,,,,,,,,,,,,,,,,,,,,,,,,,,
0.0006043518895634707,490,,,,,,,,,,,,,,,,,,,,,,,,,,,,,,,,,,,,,,,,,,,,,,,,,,,,,,,,,,,,,,,,,,,,,,,,,,,,,,,,,,,
,490,0.11752763390541077,0.11752763390541077,-0.0003107115044258535,0.0008342954679392278,0.11752763390541077,490,,,,,,,,,,,,,,,,,,,,,,,,,,,,,,,,,,,,,,,,,,,,,,,,,,,,,,,,,,,,,,,,,,,,,,,,,,,,,
,490,,,,,,490,0.11752763390541077,0.11752763390541077,-0.0003107115044258535,0.0008342954679392278,0.11752763390541077,,,,,,,,,,,,,,,,,,,,,,,,,,,,,,,,,,,,,,,,,,,,,,,,,,,,,,,,,,,,,,,,,,,,,,,,
0.0006026457778949741,491,,,,,,,,,,,,,,,,,,,,,,,,,,,,,,,,,,,,,,,,,,,,,,,,,,,,,,,,,,,,,,,,,,,,,,,,,,,,,,,,,,,
,491,0.18355509638786316,0.19319723546504974,-0.000321796047501266,0.000926770968362689,0.19319723546504974,491,,,,,,,,,,,,,,,,,,,,,,,,,,,,,,,,,,,,,,,,,,,,,,,,,,,,,,,,,,,,,,,,,,,,,,,,,,,,,
,491,,,,,,491,0.18355509638786316,0.19319723546504974,-0.000321796047501266,0.000926770968362689,0.19319723546504974,,,,,,,,,,,,,,,,,,,,,,,,,,,,,,,,,,,,,,,,,,,,,,,,,,,,,,,,,,,,,,,,,,,,,,,,
0.0006009384216124093,492,,,,,,,,,,,,,,,,,,,,,,,,,,,,,,,,,,,,,,,,,,,,,,,,,,,,,,,,,,,,,,,,,,,,,,,,,,,,,,,,,,,
,492,0.11014549434185028,0.09743917733430862,-0.00033294386230409145,0.0010060559725388885,0.09743917733430862,492,,,,,,,,,,,,,,,,,,,,,,,,,,,,,,,,,,,,,,,,,,,,,,,,,,,,,,,,,,,,,,,,,,,,,,,,,,,,,
,492,,,,,,492,0.11014549434185028,0.09743917733430862,-0.00033294386230409145,0.0010060559725388885,0.09743917733430862,,,,,,,,,,,,,,,,,,,,,,,,,,,,,,,,,,,,,,,,,,,,,,,,,,,,,,,,,,,,,,,,,,,,,,,,
0.0005992298415193734,493,,,,,,,,,,,,,,,,,,,,,,,,,,,,,,,,,,,,,,,,,,,,,,,,,,,,,,,,,,,,,,,,,,,,,,,,,,,,,,,,,,,
,493,0.10762999951839447,0.09962039440870285,-0.0003441347798798233,0.0008239788585342467,0.09962039440870285,493,,,,,,,,,,,,,,,,,,,,,,,,,,,,,,,,,,,,,,,,,,,,,,,,,,,,,,,,,,,,,,,,,,,,,,,,,,,,,
,493,,,,,,493,0.10762999951839447,0.09962039440870285,-0.0003441347798798233,0.0008239788585342467,0.09962039440870285,,,,,,,,,,,,,,,,,,,,,,,,,,,,,,,,,,,,,,,,,,,,,,,,,,,,,,,,,,,,,,,,,,,,,,,,
0.000597520058434376,494,,,,,,,,,,,,,,,,,,,,,,,,,,,,,,,,,,,,,,,,,,,,,,,,,,,,,,,,,,,,,,,,,,,,,,,,,,,,,,,,,,,
,494,0.554837703704834,0.554837703704834,-0.00035537302028387785,0.00695954542607069,0.554837703704834,494,,,,,,,,,,,,,,,,,,,,,,,,,,,,,,,,,,,,,,,,,,,,,,,,,,,,,,,,,,,,,,,,,,,,,,,,,,,,,
,494,,,,,,494,0.554837703704834,0.554837703704834,-0.00035537302028387785,0.00695954542607069,0.554837703704834,,,,,,,,,,,,,,,,,,,,,,,,,,,,,,,,,,,,,,,,,,,,,,,,,,,,,,,,,,,,,,,,,,,,,,,,
0.0005958090931905841,495,,,,,,,,,,,,,,,,,,,,,,,,,,,,,,,,,,,,,,,,,,,,,,,,,,,,,,,,,,,,,,,,,,,,,,,,,,,,,,,,,,,
,495,1.1603987216949463,1.1596810817718506,-0.00036665209336206317,0.5955743193626404,1.1596810817718506,495,,,,,,,,,,,,,,,,,,,,,,,,,,,,,,,,,,,,,,,,,,,,,,,,,,,,,,,,,,,,,,,,,,,,,,,,,,,,,
,495,,,,,,495,1.1603987216949463,1.1596810817718506,-0.00036665209336206317,0.5955743193626404,1.1596810817718506,,,,,,,,,,,,,,,,,,,,,,,,,,,,,,,,,,,,,,,,,,,,,,,,,,,,,,,,,,,,,,,,,,,,,,,,
0.0005940969666355695,496,,,,,,,,,,,,,,,,,,,,,,,,,,,,,,,,,,,,,,,,,,,,,,,,,,,,,,,,,,,,,,,,,,,,,,,,,,,,,,,,,,,
,496,0.1137128472328186,0.101438969373703,-0.00037563356454484165,0.0005871969624422491,0.101438969373703,496,,,,,,,,,,,,,,,,,,,,,,,,,,,,,,,,,,,,,,,,,,,,,,,,,,,,,,,,,,,,,,,,,,,,,,,,,,,,,
,496,,,,,,496,0.1137128472328186,0.101438969373703,-0.00037563356454484165,0.0005871969624422491,0.101438969373703,,,,,,,,,,,,,,,,,,,,,,,,,,,,,,,,,,,,,,,,,,,,,,,,,,,,,,,,,,,,,,,,,,,,,,,,
0.0005923836996310538,497,,,,,,,,,,,,,,,,,,,,,,,,,,,,,,,,,,,,,,,,,,,,,,,,,,,,,,,,,,,,,,,,,,,,,,,,,,,,,,,,,,,
,497,0.11725833266973495,0.11725833266973495,-0.00038481081719510257,0.0005255794967524707,0.11725833266973495,497,,,,,,,,,,,,,,,,,,,,,,,,,,,,,,,,,,,,,,,,,,,,,,,,,,,,,,,,,,,,,,,,,,,,,,,,,,,,,
,497,,,,,,497,0.11725833266973495,0.11725833266973495,-0.00038481081719510257,0.0005255794967524707,0.11725833266973495,,,,,,,,,,,,,,,,,,,,,,,,,,,,,,,,,,,,,,,,,,,,,,,,,,,,,,,,,,,,,,,,,,,,,,,,
0.0005906693130526547,498,,,,,,,,,,,,,,,,,,,,,,,,,,,,,,,,,,,,,,,,,,,,,,,,,,,,,,,,,,,,,,,,,,,,,,,,,,,,,,,,,,,
,498,0.11018695682287216,0.11018695682287216,-0.000394230242818594,0.0007329304935410619,0.11018695682287216,498,,,,,,,,,,,,,,,,,,,,,,,,,,,,,,,,,,,,,,,,,,,,,,,,,,,,,,,,,,,,,,,,,,,,,,,,,,,,,
,498,,,,,,498,0.11018695682287216,0.11018695682287216,-0.000394230242818594,0.0007329304935410619,0.11018695682287216,,,,,,,,,,,,,,,,,,,,,,,,,,,,,,,,,,,,,,,,,,,,,,,,,,,,,,,,,,,,,,,,,,,,,,,,
0.000588953827789632,499,,,,,,,,,,,,,,,,,,,,,,,,,,,,,,,,,,,,,,,,,,,,,,,,,,,,,,,,,,,,,,,,,,,,,,,,,,,,,,,,,,,
,499,0.11953532695770264,0.13119818270206451,-0.0004038646293338388,0.0005284742801450193,0.13119818270206451,499,,,,,,,,,,,,,,,,,,,,,,,,,,,,,,,,,,,,,,,,,,,,,,,,,,,,,,,,,,,,,,,,,,,,,,,,,,,,,
,499,,,,,,499,,,,,,0.07843382656574249,0.07843382656574249,-0.0004136897041462362,0.0004607117152772844,0.07843382656574249,0.403303325176239,0.403303325176239,-0.0004136897041462362,0.0046719713136553764,0.403303325176239,-0.06028272584080696,0.1835806518793106,0.24369315803050995,0.15593194961547852,0.09375976771116257,0.04857240244746208,0.033744797110557556,0.02360752411186695,0.006079907529056072,0.06028272584080696,0.5100463628768921,0.2557302415370941,0.15288220345973969,0.12595419585704803,0.11604714393615723,0.1742737889289856,0.22248898446559906,0.183403879404068,0.128945991396904,0.06645914167165756,0.04406294599175453,0.02878344990313053,0.006260247435420752,0.07631927728652954,16.097238540649414,8.186488151550293,11.014211654663086,17.006982803344727,33.83236312866211,1612.9842529296875,283.1869201660156,-0.0662117451429367,0.22586828470230103,0.2806324064731598,0.1658923476934433,0.10881157219409943,0.05706062540411949,0.03907068818807602,0.02497834339737892,0.0014569091144949198,0.0662117451429367,0.5943407416343689,0.3575487732887268,0.22359469532966614,0.1829334795475006,0.15684497356414795,0.05394188314676285,0.26153409481048584,0.18707431852817535,0.13525618612766266,0.0711599811911583,0.047330182045698166,0.028852568939328194,0.0014951120829209685,0.07852806150913239,21.00834083557129,14.544723510742188,20.54945945739746,31.09274673461914,61.50653839111328,2709.279541015625,476.3302307128906
,499,,,,,,499,0.11953532695770264,0.13119818270206451,-0.0004038646293338388,0.0005284742801450193,0.13119818270206451,,,,,,,,,,,,,,,,,,,,,,,,,,,,,,,,,,,,,,,,,,,,,,,,,,,,,,,,,,,,,,,,,,,,,,,,
0.0005872372647446318,500,,,,,,,,,,,,,,,,,,,,,,,,,,,,,,,,,,,,,,,,,,,,,,,,,,,,,,,,,,,,,,,,,,,,,,,,,,,,,,,,,,,
,500,0.10316117852926254,0.10316117852926254,-0.0004136897041462362,0.0007308193598873913,0.10316117852926254,500,,,,,,,,,,,,,,,,,,,,,,,,,,,,,,,,,,,,,,,,,,,,,,,,,,,,,,,,,,,,,,,,,,,,,,,,,,,,,
,500,,,,,,500,0.10316117852926254,0.10316117852926254,-0.0004136897041462362,0.0007308193598873913,0.10316117852926254,,,,,,,,,,,,,,,,,,,,,,,,,,,,,,,,,,,,,,,,,,,,,,,,,,,,,,,,,,,,,,,,,,,,,,,,
0.0005855196448334333,501,,,,,,,,,,,,,,,,,,,,,,,,,,,,,,,,,,,,,,,,,,,,,,,,,,,,,,,,,,,,,,,,,,,,,,,,,,,,,,,,,,,
,501,0.0994894951581955,0.09033528715372086,-0.0004236833192408085,0.0006306535797193646,0.09033528715372086,501,,,,,,,,,,,,,,,,,,,,,,,,,,,,,,,,,,,,,,,,,,,,,,,,,,,,,,,,,,,,,,,,,,,,,,,,,,,,,
,501,,,,,,501,0.0994894951581955,0.09033528715372086,-0.0004236833192408085,0.0006306535797193646,0.09033528715372086,,,,,,,,,,,,,,,,,,,,,,,,,,,,,,,,,,,,,,,,,,,,,,,,,,,,,,,,,,,,,,,,,,,,,,,,
0.0005838009889846932,502,,,,,,,,,,,,,,,,,,,,,,,,,,,,,,,,,,,,,,,,,,,,,,,,,,,,,,,,,,,,,,,,,,,,,,,,,,,,,,,,,,,
,502,0.09663008898496628,0.09663008898496628,-0.00043347428436391056,0.0007596040377393365,0.09663008898496628,502,,,,,,,,,,,,,,,,,,,,,,,,,,,,,,,,,,,,,,,,,,,,,,,,,,,,,,,,,,,,,,,,,,,,,,,,,,,,,
,502,,,,,,502,0.09663008898496628,0.09663008898496628,-0.00043347428436391056,0.0007596040377393365,0.09663008898496628,,,,,,,,,,,,,,,,,,,,,,,,,,,,,,,,,,,,,,,,,,,,,,,,,,,,,,,,,,,,,,,,,,,,,,,,
0.0005820813181396904,503,,,,,,,,,,,,,,,,,,,,,,,,,,,,,,,,,,,,,,,,,,,,,,,,,,,,,,,,,,,,,,,,,,,,,,,,,,,,,,,,,,,
,503,0.12376123666763306,0.12376123666763306,-0.0004434321017470211,0.0005264083738438785,0.12376123666763306,503,,,,,,,,,,,,,,,,,,,,,,,,,,,,,,,,,,,,,,,,,,,,,,,,,,,,,,,,,,,,,,,,,,,,,,,,,,,,,
,503,,,,,,503,0.12376123666763306,0.12376123666763306,-0.0004434321017470211,0.0005264083738438785,0.12376123666763306,,,,,,,,,,,,,,,,,,,,,,,,,,,,,,,,,,,,,,,,,,,,,,,,,,,,,,,,,,,,,,,,,,,,,,,,
0.0005803606532520716,504,,,,,,,,,,,,,,,,,,,,,,,,,,,,,,,,,,,,,,,,,,,,,,,,,,,,,,,,,,,,,,,,,,,,,,,,,,,,,,,,,,,
,504,0.09467929601669312,0.09450764209032059,-0.00045353712630458176,0.0008597111445851624,0.09450764209032059,504,,,,,,,,,,,,,,,,,,,,,,,,,,,,,,,,,,,,,,,,,,,,,,,,,,,,,,,,,,,,,,,,,,,,,,,,,,,,,
,504,,,,,,504,0.09467929601669312,0.09450764209032059,-0.00045353712630458176,0.0008597111445851624,0.09450764209032059,,,,,,,,,,,,,,,,,,,,,,,,,,,,,,,,,,,,,,,,,,,,,,,,,,,,,,,,,,,,,,,,,,,,,,,,
0.0005786390152875956,505,,,,,,,,,,,,,,,,,,,,,,,,,,,,,,,,,,,,,,,,,,,,,,,,,,,,,,,,,,,,,,,,,,,,,,,,,,,,,,,,,,,
,505,0.09406133741140366,0.09406133741140366,-0.0004634404322132468,0.0004485303070396185,0.09406133741140366,505,,,,,,,,,,,,,,,,,,,,,,,,,,,,,,,,,,,,,,,,,,,,,,,,,,,,,,,,,,,,,,,,,,,,,,,,,,,,,
,505,,,,,,505,0.09406133741140366,0.09406133741140366,-0.0004634404322132468,0.0004485303070396185,0.09406133741140366,,,,,,,,,,,,,,,,,,,,,,,,,,,,,,,,,,,,,,,,,,,,,,,,,,,,,,,,,,,,,,,,,,,,,,,,
0.0005769164252238772,506,,,,,,,,,,,,,,,,,,,,,,,,,,,,,,,,,,,,,,,,,,,,,,,,,,,,,,,,,,,,,,,,,,,,,,,,,,,,,,,,,,,
,506,0.08607479184865952,0.07366640120744705,-0.0004734912363346666,0.0006919009611010551,0.07366640120744705,506,,,,,,,,,,,,,,,,,,,,,,,,,,,,,,,,,,,,,,,,,,,,,,,,,,,,,,,,,,,,,,,,,,,,,,,,,,,,,
,506,,,,,,506,0.08607479184865952,0.07366640120744705,-0.0004734912363346666,0.0006919009611010551,0.07366640120744705,,,,,,,,,,,,,,,,,,,,,,,,,,,,,,,,,,,,,,,,,,,,,,,,,,,,,,,,,,,,,,,,,,,,,,,,
0.0005751929040501331,507,,,,,,,,,,,,,,,,,,,,,,,,,,,,,,,,,,,,,,,,,,,,,,,,,,,,,,,,,,,,,,,,,,,,,,,,,,,,,,,,,,,
,507,0.0815052017569542,0.0815052017569542,-0.000483471347251907,0.0008260529721155763,0.0815052017569542,507,,,,,,,,,,,,,,,,,,,,,,,,,,,,,,,,,,,,,,,,,,,,,,,,,,,,,,,,,,,,,,,,,,,,,,,,,,,,,
,507,,,,,,507,0.0815052017569542,0.0815052017569542,-0.000483471347251907,0.0008260529721155763,0.0815052017569542,,,,,,,,,,,,,,,,,,,,,,,,,,,,,,,,,,,,,,,,,,,,,,,,,,,,,,,,,,,,,,,,,,,,,,,,
0.0005734684727669248,508,,,,,,,,,,,,,,,,,,,,,,,,,,,,,,,,,,,,,,,,,,,,,,,,,,,,,,,,,,,,,,,,,,,,,,,,,,,,,,,,,,,
,508,0.5995897054672241,0.6053719520568848,-0.0004935857141390443,0.005421995650976896,0.6053719520568848,508,,,,,,,,,,,,,,,,,,,,,,,,,,,,,,,,,,,,,,,,,,,,,,,,,,,,,,,,,,,,,,,,,,,,,,,,,,,,,
,508,,,,,,508,0.5995897054672241,0.6053719520568848,-0.0004935857141390443,0.005421995650976896,0.6053719520568848,,,,,,,,,,,,,,,,,,,,,,,,,,,,,,,,,,,,,,,,,,,,,,,,,,,,,,,,,,,,,,,,,,,,,,,,
0.0005717431523859033,509,,,,,,,,,,,,,,,,,,,,,,,,,,,,,,,,,,,,,,,,,,,,,,,,,,,,,,,,,,,,,,,,,,,,,,,,,,,,,,,,,,,
,509,0.08644288778305054,0.08644288778305054,-0.0005038156523369253,0.0005939523107372224,0.08644288778305054,509,,,,,,,,,,,,,,,,,,,,,,,,,,,,,,,,,,,,,,,,,,,,,,,,,,,,,,,,,,,,,,,,,,,,,,,,,,,,,
,509,,,,,,509,0.08644288778305054,0.08644288778305054,-0.0005038156523369253,0.0005939523107372224,0.08644288778305054,,,,,,,,,,,,,,,,,,,,,,,,,,,,,,,,,,,,,,,,,,,,,,,,,,,,,,,,,,,,,,,,,,,,,,,,
0.0005700169639295528,510,,,,,,,,,,,,,,,,,,,,,,,,,,,,,,,,,,,,,,,,,,,,,,,,,,,,,,,,,,,,,,,,,,,,,,,,,,,,,,,,,,,
,510,0.20960037410259247,0.20960037410259247,-0.0005141490837559104,0.0011992845684289932,0.20960037410259247,510,,,,,,,,,,,,,,,,,,,,,,,,,,,,,,,,,,,,,,,,,,,,,,,,,,,,,,,,,,,,,,,,,,,,,,,,,,,,,
,510,,,,,,510,0.20960037410259247,0.20960037410259247,-0.0005141490837559104,0.0011992845684289932,0.20960037410259247,,,,,,,,,,,,,,,,,,,,,,,,,,,,,,,,,,,,,,,,,,,,,,,,,,,,,,,,,,,,,,,,,,,,,,,,
0.0005682899284309352,511,,,,,,,,,,,,,,,,,,,,,,,,,,,,,,,,,,,,,,,,,,,,,,,,,,,,,,,,,,,,,,,,,,,,,,,,,,,,,,,,,,,
,511,0.09495586156845093,0.08356822282075882,-0.0005245727952569723,0.00042241322807967663,0.08356822282075882,511,,,,,,,,,,,,,,,,,,,,,,,,,,,,,,,,,,,,,,,,,,,,,,,,,,,,,,,,,,,,,,,,,,,,,,,,,,,,,
,511,,,,,,511,0.09495586156845093,0.08356822282075882,-0.0005245727952569723,0.00042241322807967663,0.08356822282075882,,,,,,,,,,,,,,,,,,,,,,,,,,,,,,,,,,,,,,,,,,,,,,,,,,,,,,,,,,,,,,,,,,,,,,,,
0.000566562066933433,512,,,,,,,,,,,,,,,,,,,,,,,,,,,,,,,,,,,,,,,,,,,,,,,,,,,,,,,,,,,,,,,,,,,,,,,,,,,,,,,,,,,
,512,0.0926467701792717,0.09059423208236694,-0.0005348620470613241,0.0004085624241270125,0.09059423208236694,512,,,,,,,,,,,,,,,,,,,,,,,,,,,,,,,,,,,,,,,,,,,,,,,,,,,,,,,,,,,,,,,,,,,,,,,,,,,,,
,512,,,,,,512,0.0926467701792717,0.09059423208236694,-0.0005348620470613241,0.0004085624241270125,0.09059423208236694,,,,,,,,,,,,,,,,,,,,,,,,,,,,,,,,,,,,,,,,,,,,,,,,,,,,,,,,,,,,,,,,,,,,,,,,
0.0005648334004904928,513,,,,,,,,,,,,,,,,,,,,,,,,,,,,,,,,,,,,,,,,,,,,,,,,,,,,,,,,,,,,,,,,,,,,,,,,,,,,,,,,,,,
,513,0.09826652705669403,0.09826652705669403,-0.0005452404147945344,0.00041682712617330253,0.09826652705669403,513,,,,,,,,,,,,,,,,,,,,,,,,,,,,,,,,,,,,,,,,,,,,,,,,,,,,,,,,,,,,,,,,,,,,,,,,,,,,,
,513,,,,,,513,0.09826652705669403,0.09826652705669403,-0.0005452404147945344,0.00041682712617330253,0.09826652705669403,,,,,,,,,,,,,,,,,,,,,,,,,,,,,,,,,,,,,,,,,,,,,,,,,,,,,,,,,,,,,,,,,,,,,,,,
0.0005631039501653702,514,,,,,,,,,,,,,,,,,,,,,,,,,,,,,,,,,,,,,,,,,,,,,,,,,,,,,,,,,,,,,,,,,,,,,,,,,,,,,,,,,,,
,514,0.6932894587516785,0.6932894587516785,-0.0005556963151320815,0.01072633545845747,0.6932894587516785,514,,,,,,,,,,,,,,,,,,,,,,,,,,,,,,,,,,,,,,,,,,,,,,,,,,,,,,,,,,,,,,,,,,,,,,,,,,,,,
,514,,,,,,514,0.6932894587516785,0.6932894587516785,-0.0005556963151320815,0.01072633545845747,0.6932894587516785,,,,,,,,,,,,,,,,,,,,,,,,,,,,,,,,,,,,,,,,,,,,,,,,,,,,,,,,,,,,,,,,,,,,,,,,
0.0005613737370308713,515,,,,,,,,,,,,,,,,,,,,,,,,,,,,,,,,,,,,,,,,,,,,,,,,,,,,,,,,,,,,,,,,,,,,,,,,,,,,,,,,,,,
,515,0.2682946026325226,0.2682946026325226,-0.0005662189796566963,0.0020361084025353193,0.2682946026325226,515,,,,,,,,,,,,,,,,,,,,,,,,,,,,,,,,,,,,,,,,,,,,,,,,,,,,,,,,,,,,,,,,,,,,,,,,,,,,,
,515,,,,,,515,0.2682946026325226,0.2682946026325226,-0.0005662189796566963,0.0020361084025353193,0.2682946026325226,,,,,,,,,,,,,,,,,,,,,,,,,,,,,,,,,,,,,,,,,,,,,,,,,,,,,,,,,,,,,,,,,,,,,,,,
0.0005596427821690975,516,,,,,,,,,,,,,,,,,,,,,,,,,,,,,,,,,,,,,,,,,,,,,,,,,,,,,,,,,,,,,,,,,,,,,,,,,,,,,,,,,,,
,516,0.39497387409210205,0.39497387409210205,-0.0005767990369349718,0.004123976919800043,0.39497387409210205,516,,,,,,,,,,,,,,,,,,,,,,,,,,,,,,,,,,,,,,,,,,,,,,,,,,,,,,,,,,,,,,,,,,,,,,,,,,,,,
,516,,,,,,516,0.39497387409210205,0.39497387409210205,-0.0005767990369349718,0.004123976919800043,0.39497387409210205,,,,,,,,,,,,,,,,,,,,,,,,,,,,,,,,,,,,,,,,,,,,,,,,,,,,,,,,,,,,,,,,,,,,,,,,
0.0005579111066711871,517,,,,,,,,,,,,,,,,,,,,,,,,,,,,,,,,,,,,,,,,,,,,,,,,,,,,,,,,,,,,,,,,,,,,,,,,,,,,,,,,,,,
,517,0.11122971773147583,0.11122971773147583,-0.000587427755817771,0.0004733472887892276,0.11122971773147583,517,,,,,,,,,,,,,,,,,,,,,,,,,,,,,,,,,,,,,,,,,,,,,,,,,,,,,,,,,,,,,,,,,,,,,,,,,,,,,
,517,,,,,,517,0.11122971773147583,0.11122971773147583,-0.000587427755817771,0.0004733472887892276,0.11122971773147583,,,,,,,,,,,,,,,,,,,,,,,,,,,,,,,,,,,,,,,,,,,,,,,,,,,,,,,,,,,,,,,,,,,,,,,,
0.0005561787316370597,518,,,,,,,,,,,,,,,,,,,,,,,,,,,,,,,,,,,,,,,,,,,,,,,,,,,,,,,,,,,,,,,,,,,,,,,,,,,,,,,,,,,
,518,0.25905686616897583,0.276140034198761,-0.0005980973946861923,0.001891773659735918,0.276140034198761,518,,,,,,,,,,,,,,,,,,,,,,,,,,,,,,,,,,,,,,,,,,,,,,,,,,,,,,,,,,,,,,,,,,,,,,,,,,,,,
,518,,,,,,518,0.25905686616897583,0.276140034198761,-0.0005980973946861923,0.001891773659735918,0.276140034198761,,,,,,,,,,,,,,,,,,,,,,,,,,,,,,,,,,,,,,,,,,,,,,,,,,,,,,,,,,,,,,,,,,,,,,,,
0.0005544456781751586,519,,,,,,,,,,,,,,,,,,,,,,,,,,,,,,,,,,,,,,,,,,,,,,,,,,,,,,,,,,,,,,,,,,,,,,,,,,,,,,,,,,,
,519,0.10560949891805649,0.10560949891805649,-0.0006087995134294033,0.0007227025926113129,0.10560949891805649,519,,,,,,,,,,,,,,,,,,,,,,,,,,,,,,,,,,,,,,,,,,,,,,,,,,,,,,,,,,,,,,,,,,,,,,,,,,,,,
,519,,,,,,519,0.10560949891805649,0.10560949891805649,-0.0006087995134294033,0.0007227025926113129,0.10560949891805649,,,,,,,,,,,,,,,,,,,,,,,,,,,,,,,,,,,,,,,,,,,,,,,,,,,,,,,,,,,,,,,,,,,,,,,,
0.0005527119674021932,520,,,,,,,,,,,,,,,,,,,,,,,,,,,,,,,,,,,,,,,,,,,,,,,,,,,,,,,,,,,,,,,,,,,,,,,,,,,,,,,,,,,
,520,0.1349402517080307,0.1349402517080307,-0.0006195293972268701,0.0006198322516866028,0.1349402517080307,520,,,,,,,,,,,,,,,,,,,,,,,,,,,,,,,,,,,,,,,,,,,,,,,,,,,,,,,,,,,,,,,,,,,,,,,,,,,,,
,520,,,,,,520,0.1349402517080307,0.1349402517080307,-0.0006195293972268701,0.0006198322516866028,0.1349402517080307,,,,,,,,,,,,,,,,,,,,,,,,,,,,,,,,,,,,,,,,,,,,,,,,,,,,,,,,,,,,,,,,,,,,,,,,
0.000550977620442882,521,,,,,,,,,,,,,,,,,,,,,,,,,,,,,,,,,,,,,,,,,,,,,,,,,,,,,,,,,,,,,,,,,,,,,,,,,,,,,,,,,,,
,521,0.2088053822517395,0.2088053822517395,-0.0006302816327661276,0.0014390527503564954,0.2088053822517395,521,,,,,,,,,,,,,,,,,,,,,,,,,,,,,,,,,,,,,,,,,,,,,,,,,,,,,,,,,,,,,,,,,,,,,,,,,,,,,
,521,,,,,,521,0.2088053822517395,0.2088053822517395,-0.0006302816327661276,0.0014390527503564954,0.2088053822517395,,,,,,,,,,,,,,,,,,,,,,,,,,,,,,,,,,,,,,,,,,,,,,,,,,,,,,,,,,,,,,,,,,,,,,,,
0.0005492426584296953,522,,,,,,,,,,,,,,,,,,,,,,,,,,,,,,,,,,,,,,,,,,,,,,,,,,,,,,,,,,,,,,,,,,,,,,,,,,,,,,,,,,,
,522,0.11304279416799545,0.11304279416799545,-0.0006410510977730155,0.0010652638738974929,0.11304279416799545,522,,,,,,,,,,,,,,,,,,,,,,,,,,,,,,,,,,,,,,,,,,,,,,,,,,,,,,,,,,,,,,,,,,,,,,,,,,,,,
,522,,,,,,522,0.11304279416799545,0.11304279416799545,-0.0006410510977730155,0.0010652638738974929,0.11304279416799545,,,,,,,,,,,,,,,,,,,,,,,,,,,,,,,,,,,,,,,,,,,,,,,,,,,,,,,,,,,,,,,,,,,,,,,,
0.0005475071025025982,523,,,,,,,,,,,,,,,,,,,,,,,,,,,,,,,,,,,,,,,,,,,,,,,,,,,,,,,,,,,,,,,,,,,,,,,,,,,,,,,,,,,
,523,0.18282930552959442,0.18282930552959442,-0.0006518331938423216,0.0011554030934348702,0.18282930552959442,523,,,,,,,,,,,,,,,,,,,,,,,,,,,,,,,,,,,,,,,,,,,,,,,,,,,,,,,,,,,,,,,,,,,,,,,,,,,,,
,523,,,,,,523,0.18282930552959442,0.18282930552959442,-0.0006518331938423216,0.0011554030934348702,0.18282930552959442,,,,,,,,,,,,,,,,,,,,,,,,,,,,,,,,,,,,,,,,,,,,,,,,,,,,,,,,,,,,,,,,,,,,,,,,
0.0005457709738087913,524,,,,,,,,,,,,,,,,,,,,,,,,,,,,,,,,,,,,,,,,,,,,,,,,,,,,,,,,,,,,,,,,,,,,,,,,,,,,,,,,,,,
,524,0.10084730386734009,0.10084730386734009,-0.0006626237882301211,0.0008662993786856532,0.10084730386734009,524,,,,,,,,,,,,,,,,,,,,,,,,,,,,,,,,,,,,,,,,,,,,,,,,,,,,,,,,,,,,,,,,,,,,,,,,,,,,,
,524,,,,,,524,0.10084730386734009,0.10084730386734009,-0.0006626237882301211,0.0008662993786856532,0.10084730386734009,,,,,,,,,,,,,,,,,,,,,,,,,,,,,,,,,,,,,,,,,,,,,,,,,,,,,,,,,,,,,,,,,,,,,,,,
0.0005440342935024555,525,,,,,,,,,,,,,,,,,,,,,,,,,,,,,,,,,,,,,,,,,,,,,,,,,,,,,,,,,,,,,,,,,,,,,,,,,,,,,,,,,,,
,525,0.12327390909194946,0.11306890100240707,-0.0006734190392307937,0.0005588426138274372,0.11306890100240707,525,,,,,,,,,,,,,,,,,,,,,,,,,,,,,,,,,,,,,,,,,,,,,,,,,,,,,,,,,,,,,,,,,,,,,,,,,,,,,
,525,,,,,,525,0.12327390909194946,0.11306890100240707,-0.0006734190392307937,0.0005588426138274372,0.11306890100240707,,,,,,,,,,,,,,,,,,,,,,,,,,,,,,,,,,,,,,,,,,,,,,,,,,,,,,,,,,,,,,,,,,,,,,,,
0.0005422970827444918,526,,,,,,,,,,,,,,,,,,,,,,,,,,,,,,,,,,,,,,,,,,,,,,,,,,,,,,,,,,,,,,,,,,,,,,,,,,,,,,,,,,,
,526,0.09795167297124863,0.09795167297124863,-0.0006839650450274348,0.00042243258212693036,0.09795167297124863,526,,,,,,,,,,,,,,,,,,,,,,,,,,,,,,,,,,,,,,,,,,,,,,,,,,,,,,,,,,,,,,,,,,,,,,,,,,,,,
,526,,,,,,526,0.09795167297124863,0.09795167297124863,-0.0006839650450274348,0.00042243258212693036,0.09795167297124863,,,,,,,,,,,,,,,,,,,,,,,,,,,,,,,,,,,,,,,,,,,,,,,,,,,,,,,,,,,,,,,,,,,,,,,,
0.0005405593627022652,527,,,,,,,,,,,,,,,,,,,,,,,,,,,,,,,,,,,,,,,,,,,,,,,,,,,,,,,,,,,,,,,,,,,,,,,,,,,,,,,,,,,
,527,0.12724098563194275,0.12724098563194275,-0.0006945350323803723,0.0006243719253689051,0.12724098563194275,527,,,,,,,,,,,,,,,,,,,,,,,,,,,,,,,,,,,,,,,,,,,,,,,,,,,,,,,,,,,,,,,,,,,,,,,,,,,,,
,527,,,,,,527,0.12724098563194275,0.12724098563194275,-0.0006945350323803723,0.0006243719253689051,0.12724098563194275,,,,,,,,,,,,,,,,,,,,,,,,,,,,,,,,,,,,,,,,,,,,,,,,,,,,,,,,,,,,,,,,,,,,,,,,
0.0005388211545493462,528,,,,,,,,,,,,,,,,,,,,,,,,,,,,,,,,,,,,,,,,,,,,,,,,,,,,,,,,,,,,,,,,,,,,,,,,,,,,,,,,,,,
,528,0.0949789509177208,0.08579510450363159,-0.000705123704392463,0.00040284075657837093,0.08579510450363159,528,,,,,,,,,,,,,,,,,,,,,,,,,,,,,,,,,,,,,,,,,,,,,,,,,,,,,,,,,,,,,,,,,,,,,,,,,,,,,
,528,,,,,,528,0.0949789509177208,0.08579510450363159,-0.000705123704392463,0.00040284075657837093,0.08579510450363159,,,,,,,,,,,,,,,,,,,,,,,,,,,,,,,,,,,,,,,,,,,,,,,,,,,,,,,,,,,,,,,,,,,,,,,,
0.0005370824794652521,529,,,,,,,,,,,,,,,,,,,,,,,,,,,,,,,,,,,,,,,,,,,,,,,,,,,,,,,,,,,,,,,,,,,,,,,,,,,,,,,,,,,
,529,0.20139527320861816,0.20139527320861816,-0.000715726288035512,0.0014183210441842675,0.20139527320861816,529,,,,,,,,,,,,,,,,,,,,,,,,,,,,,,,,,,,,,,,,,,,,,,,,,,,,,,,,,,,,,,,,,,,,,,,,,,,,,
,529,,,,,,529,0.20139527320861816,0.20139527320861816,-0.000715726288035512,0.0014183210441842675,0.20139527320861816,,,,,,,,,,,,,,,,,,,,,,,,,,,,,,,,,,,,,,,,,,,,,,,,,,,,,,,,,,,,,,,,,,,,,,,,
0.0005353433586351907,530,,,,,,,,,,,,,,,,,,,,,,,,,,,,,,,,,,,,,,,,,,,,,,,,,,,,,,,,,,,,,,,,,,,,,,,,,,,,,,,,,,,
,530,0.10284348577260971,0.10284348577260971,-0.0007263385341502726,0.00045000907266512513,0.10284348577260971,530,,,,,,,,,,,,,,,,,,,,,,,,,,,,,,,,,,,,,,,,,,,,,,,,,,,,,,,,,,,,,,,,,,,,,,,,,,,,,
,530,,,,,,530,0.10284348577260971,0.10284348577260971,-0.0007263385341502726,0.00045000907266512513,0.10284348577260971,,,,,,,,,,,,,,,,,,,,,,,,,,,,,,,,,,,,,,,,,,,,,,,,,,,,,,,,,,,,,,,,,,,,,,,,
0.0005336038132498002,531,,,,,,,,,,,,,,,,,,,,,,,,,,,,,,,,,,,,,,,,,,,,,,,,,,,,,,,,,,,,,,,,,,,,,,,,,,,,,,,,,,,
,531,0.15382257103919983,0.15382257103919983,-0.0007369566592387855,0.0009257678757421672,0.15382257103919983,531,,,,,,,,,,,,,,,,,,,,,,,,,,,,,,,,,,,,,,,,,,,,,,,,,,,,,,,,,,,,,,,,,,,,,,,,,,,,,
,531,,,,,,531,0.15382257103919983,0.15382257103919983,-0.0007369566592387855,0.0009257678757421672,0.15382257103919983,,,,,,,,,,,,,,,,,,,,,,,,,,,,,,,,,,,,,,,,,,,,,,,,,,,,,,,,,,,,,,,,,,,,,,,,
0.0005318638645048922,532,,,,,,,,,,,,,,,,,,,,,,,,,,,,,,,,,,,,,,,,,,,,,,,,,,,,,,,,,,,,,,,,,,,,,,,,,,,,,,,,,,,
,532,0.09998218715190887,0.09873052686452866,-0.0007475769962184131,0.000444056378910318,0.09873052686452866,532,,,,,,,,,,,,,,,,,,,,,,,,,,,,,,,,,,,,,,,,,,,,,,,,,,,,,,,,,,,,,,,,,,,,,,,,,,,,,
,532,,,,,,532,0.09998218715190887,0.09873052686452866,-0.0007475769962184131,0.000444056378910318,0.09873052686452866,,,,,,,,,,,,,,,,,,,,,,,,,,,,,,,,,,,,,,,,,,,,,,,,,,,,,,,,,,,,,,,,,,,,,,,,
0.0005301235336011929,533,,,,,,,,,,,,,,,,,,,,,,,,,,,,,,,,,,,,,,,,,,,,,,,,,,,,,,,,,,,,,,,,,,,,,,,,,,,,,,,,,,,
,533,0.6780375242233276,0.6827055215835571,-0.0007581963436678052,0.015396584756672382,0.6827055215835571,533,,,,,,,,,,,,,,,,,,,,,,,,,,,,,,,,,,,,,,,,,,,,,,,,,,,,,,,,,,,,,,,,,,,,,,,,,,,,,
,533,,,,,,533,0.6780375242233276,0.6827055215835571,-0.0007581963436678052,0.015396584756672382,0.6827055215835571,,,,,,,,,,,,,,,,,,,,,,,,,,,,,,,,,,,,,,,,,,,,,,,,,,,,,,,,,,,,,,,,,,,,,,,,
0.0005283828417440854,534,,,,,,,,,,,,,,,,,,,,,,,,,,,,,,,,,,,,,,,,,,,,,,,,,,,,,,,,,,,,,,,,,,,,,,,,,,,,,,,,,,,
,534,0.08305396139621735,0.08305396139621735,-0.0007687979377806187,0.0008306639501824975,0.08305396139621735,534,,,,,,,,,,,,,,,,,,,,,,,,,,,,,,,,,,,,,,,,,,,,,,,,,,,,,,,,,,,,,,,,,,,,,,,,,,,,,
,534,,,,,,534,0.08305396139621735,0.08305396139621735,-0.0007687979377806187,0.0008306639501824975,0.08305396139621735,,,,,,,,,,,,,,,,,,,,,,,,,,,,,,,,,,,,,,,,,,,,,,,,,,,,,,,,,,,,,,,,,,,,,,,,
0.0005266418101433506,535,,,,,,,,,,,,,,,,,,,,,,,,,,,,,,,,,,,,,,,,,,,,,,,,,,,,,,,,,,,,,,,,,,,,,,,,,,,,,,,,,,,
,535,0.18715910613536835,0.18076913058757782,-0.0007793946424499154,0.0011827655835077167,0.18076913058757782,535,,,,,,,,,,,,,,,,,,,,,,,,,,,,,,,,,,,,,,,,,,,,,,,,,,,,,,,,,,,,,,,,,,,,,,,,,,,,,
,535,,,,,,535,0.18715910613536835,0.18076913058757782,-0.0007793946424499154,0.0011827655835077167,0.18076913058757782,,,,,,,,,,,,,,,,,,,,,,,,,,,,,,,,,,,,,,,,,,,,,,,,,,,,,,,,,,,,,,,,,,,,,,,,
0.000524900460012909,536,,,,,,,,,,,,,,,,,,,,,,,,,,,,,,,,,,,,,,,,,,,,,,,,,,,,,,,,,,,,,,,,,,,,,,,,,,,,,,,,,,,
,536,0.4331039786338806,0.4331039786338806,-0.0007895404705777764,0.004880952183157206,0.4331039786338806,536,,,,,,,,,,,,,,,,,,,,,,,,,,,,,,,,,,,,,,,,,,,,,,,,,,,,,,,,,,,,,,,,,,,,,,,,,,,,,
,536,,,,,,536,0.4331039786338806,0.4331039786338806,-0.0007895404705777764,0.004880952183157206,0.4331039786338806,,,,,,,,,,,,,,,,,,,,,,,,,,,,,,,,,,,,,,,,,,,,,,,,,,,,,,,,,,,,,,,,,,,,,,,,
0.0005231588125705624,537,,,,,,,,,,,,,,,,,,,,,,,,,,,,,,,,,,,,,,,,,,,,,,,,,,,,,,,,,,,,,,,,,,,,,,,,,,,,,,,,,,,
,537,0.09326581656932831,0.09326581656932831,-0.0007997220964170992,0.0007010234403423965,0.09326581656932831,537,,,,,,,,,,,,,,,,,,,,,,,,,,,,,,,,,,,,,,,,,,,,,,,,,,,,,,,,,,,,,,,,,,,,,,,,,,,,,
,537,,,,,,537,0.09326581656932831,0.09326581656932831,-0.0007997220964170992,0.0007010234403423965,0.09326581656932831,,,,,,,,,,,,,,,,,,,,,,,,,,,,,,,,,,,,,,,,,,,,,,,,,,,,,,,,,,,,,,,,,,,,,,,,
0.0005214168890377353,538,,,,,,,,,,,,,,,,,,,,,,,,,,,,,,,,,,,,,,,,,,,,,,,,,,,,,,,,,,,,,,,,,,,,,,,,,,,,,,,,,,,
,538,0.08983159065246582,0.08983159065246582,-0.0008099331171251833,0.0007250295602716506,0.08983159065246582,538,,,,,,,,,,,,,,,,,,,,,,,,,,,,,,,,,,,,,,,,,,,,,,,,,,,,,,,,,,,,,,,,,,,,,,,,,,,,,
,538,,,,,,538,0.08983159065246582,0.08983159065246582,-0.0008099331171251833,0.0007250295602716506,0.08983159065246582,,,,,,,,,,,,,,,,,,,,,,,,,,,,,,,,,,,,,,,,,,,,,,,,,,,,,,,,,,,,,,,,,,,,,,,,
0.0005196747106392163,539,,,,,,,,,,,,,,,,,,,,,,,,,,,,,,,,,,,,,,,,,,,,,,,,,,,,,,,,,,,,,,,,,,,,,,,,,,,,,,,,,,,
,539,0.08427858352661133,0.07174547761678696,-0.0008201674791052938,0.0006997093441896141,0.07174547761678696,539,,,,,,,,,,,,,,,,,,,,,,,,,,,,,,,,,,,,,,,,,,,,,,,,,,,,,,,,,,,,,,,,,,,,,,,,,,,,,
,539,,,,,,539,0.08427858352661133,0.07174547761678696,-0.0008201674791052938,0.0006997093441896141,0.07174547761678696,,,,,,,,,,,,,,,,,,,,,,,,,,,,,,,,,,,,,,,,,,,,,,,,,,,,,,,,,,,,,,,,,,,,,,,,
0.0005179322986028993,540,,,,,,,,,,,,,,,,,,,,,,,,,,,,,,,,,,,,,,,,,,,,,,,,,,,,,,,,,,,,,,,,,,,,,,,,,,,,,,,,,,,
,540,0.14164522290229797,0.14164522290229797,-0.000830276170745492,0.0007434201543219388,0.14164522290229797,540,,,,,,,,,,,,,,,,,,,,,,,,,,,,,,,,,,,,,,,,,,,,,,,,,,,,,,,,,,,,,,,,,,,,,,,,,,,,,
,540,,,,,,540,0.14164522290229797,0.14164522290229797,-0.000830276170745492,0.0007434201543219388,0.14164522290229797,,,,,,,,,,,,,,,,,,,,,,,,,,,,,,,,,,,,,,,,,,,,,,,,,,,,,,,,,,,,,,,,,,,,,,,,
0.0005161896741595251,541,,,,,,,,,,,,,,,,,,,,,,,,,,,,,,,,,,,,,,,,,,,,,,,,,,,,,,,,,,,,,,,,,,,,,,,,,,,,,,,,,,,
,541,0.37177443504333496,0.37177443504333496,-0.0008404129184782505,0.004306732211261988,0.37177443504333496,541,,,,,,,,,,,,,,,,,,,,,,,,,,,,,,,,,,,,,,,,,,,,,,,,,,,,,,,,,,,,,,,,,,,,,,,,,,,,,
,541,,,,,,541,0.37177443504333496,0.37177443504333496,-0.0008404129184782505,0.004306732211261988,0.37177443504333496,,,,,,,,,,,,,,,,,,,,,,,,,,,,,,,,,,,,,,,,,,,,,,,,,,,,,,,,,,,,,,,,,,,,,,,,
0.0005144468585424227,542,,,,,,,,,,,,,,,,,,,,,,,,,,,,,,,,,,,,,,,,,,,,,,,,,,,,,,,,,,,,,,,,,,,,,,,,,,,,,,,,,,,
,542,0.11003049463033676,0.09741769731044769,-0.0008505716687068343,0.0005887257284484804,0.09741769731044769,542,,,,,,,,,,,,,,,,,,,,,,,,,,,,,,,,,,,,,,,,,,,,,,,,,,,,,,,,,,,,,,,,,,,,,,,,,,,,,
,542,,,,,,542,0.11003049463033676,0.09741769731044769,-0.0008505716687068343,0.0005887257284484804,0.09741769731044769,,,,,,,,,,,,,,,,,,,,,,,,,,,,,,,,,,,,,,,,,,,,,,,,,,,,,,,,,,,,,,,,,,,,,,,,
0.0005127038729872503,543,,,,,,,,,,,,,,,,,,,,,,,,,,,,,,,,,,,,,,,,,,,,,,,,,,,,,,,,,,,,,,,,,,,,,,,,,,,,,,,,,,,
,543,0.1601259708404541,0.14814256131649017,-0.0008607466006651521,0.0008639461593702435,0.14814256131649017,543,,,,,,,,,,,,,,,,,,,,,,,,,,,,,,,,,,,,,,,,,,,,,,,,,,,,,,,,,,,,,,,,,,,,,,,,,,,,,
,543,,,,,,543,0.1601259708404541,0.14814256131649017,-0.0008607466006651521,0.0008639461593702435,0.14814256131649017,,,,,,,,,,,,,,,,,,,,,,,,,,,,,,,,,,,,,,,,,,,,,,,,,,,,,,,,,,,,,,,,,,,,,,,,
0.0005109607387317368,544,,,,,,,,,,,,,,,,,,,,,,,,,,,,,,,,,,,,,,,,,,,,,,,,,,,,,,,,,,,,,,,,,,,,,,,,,,,,,,,,,,,
,544,0.10279783606529236,0.11520466208457947,-0.0008709260728210211,0.0004373512347228825,0.11520466208457947,544,,,,,,,,,,,,,,,,,,,,,,,,,,,,,,,,,,,,,,,,,,,,,,,,,,,,,,,,,,,,,,,,,,,,,,,,,,,,,
,544,,,,,,544,0.10279783606529236,0.11520466208457947,-0.0008709260728210211,0.0004373512347228825,0.11520466208457947,,,,,,,,,,,,,,,,,,,,,,,,,,,,,,,,,,,,,,,,,,,,,,,,,,,,,,,,,,,,,,,,,,,,,,,,
0.0005092174770154231,545,,,,,,,,,,,,,,,,,,,,,,,,,,,,,,,,,,,,,,,,,,,,,,,,,,,,,,,,,,,,,,,,,,,,,,,,,,,,,,,,,,,
,545,0.7292987704277039,0.7292987704277039,-0.0008811143925413489,0.019118959084153175,0.7292987704277039,545,,,,,,,,,,,,,,,,,,,,,,,,,,,,,,,,,,,,,,,,,,,,,,,,,,,,,,,,,,,,,,,,,,,,,,,,,,,,,
,545,,,,,,545,0.7292987704277039,0.7292987704277039,-0.0008811143925413489,0.019118959084153175,0.7292987704277039,,,,,,,,,,,,,,,,,,,,,,,,,,,,,,,,,,,,,,,,,,,,,,,,,,,,,,,,,,,,,,,,,,,,,,,,
0.0005074741090794031,546,,,,,,,,,,,,,,,,,,,,,,,,,,,,,,,,,,,,,,,,,,,,,,,,,,,,,,,,,,,,,,,,,,,,,,,,,,,,,,,,,,,
,546,0.10294027626514435,0.08251161873340607,-0.0008913077763281763,0.0008274719002656639,0.08251161873340607,546,,,,,,,,,,,,,,,,,,,,,,,,,,,,,,,,,,,,,,,,,,,,,,,,,,,,,,,,,,,,,,,,,,,,,,,,,,,,,
,546,,,,,,546,0.10294027626514435,0.08251161873340607,-0.0008913077763281763,0.0008274719002656639,0.08251161873340607,,,,,,,,,,,,,,,,,,,,,,,,,,,,,,,,,,,,,,,,,,,,,,,,,,,,,,,,,,,,,,,,,,,,,,,,
0.0005057306561660648,547,,,,,,,,,,,,,,,,,,,,,,,,,,,,,,,,,,,,,,,,,,,,,,,,,,,,,,,,,,,,,,,,,,,,,,,,,,,,,,,,,,,
,547,0.09656457602977753,0.09656457602977753,-0.0009010600042529404,0.0008394916658289731,0.09656457602977753,547,,,,,,,,,,,,,,,,,,,,,,,,,,,,,,,,,,,,,,,,,,,,,,,,,,,,,,,,,,,,,,,,,,,,,,,,,,,,,
,547,,,,,,547,0.09656457602977753,0.09656457602977753,-0.0009010600042529404,0.0008394916658289731,0.09656457602977753,,,,,,,,,,,,,,,,,,,,,,,,,,,,,,,,,,,,,,,,,,,,,,,,,,,,,,,,,,,,,,,,,,,,,,,,
0.0005039871395188317,548,,,,,,,,,,,,,,,,,,,,,,,,,,,,,,,,,,,,,,,,,,,,,,,,,,,,,,,,,,,,,,,,,,,,,,,,,,,,,,,,,,,
,548,0.2719932794570923,0.28220805525779724,-0.0009108559461310506,0.0020340399350970984,0.28220805525779724,548,,,,,,,,,,,,,,,,,,,,,,,,,,,,,,,,,,,,,,,,,,,,,,,,,,,,,,,,,,,,,,,,,,,,,,,,,,,,,
,548,,,,,,548,0.2719932794570923,0.28220805525779724,-0.0009108559461310506,0.0020340399350970984,0.28220805525779724,,,,,,,,,,,,,,,,,,,,,,,,,,,,,,,,,,,,,,,,,,,,,,,,,,,,,,,,,,,,,,,,,,,,,,,,
0.0005022435803819041,549,,,,,,,,,,,,,,,,,,,,,,,,,,,,,,,,,,,,,,,,,,,,,,,,,,,,,,,,,,,,,,,,,,,,,,,,,,,,,,,,,,,
,549,0.1185593456029892,0.1185593456029892,-0.0009206864051520824,0.0005071608466096222,0.1185593456029892,549,,,,,,,,,,,,,,,,,,,,,,,,,,,,,,,,,,,,,,,,,,,,,,,,,,,,,,,,,,,,,,,,,,,,,,,,,,,,,
,549,,,,,,549,,,,,,0.10546338558197021,0.11701496690511703,-0.0009305463172495365,0.0005165134789422154,0.11701496690511703,0.07488083094358444,0.07488083094358444,-0.0009305463172495365,0.00033028668258339167,0.07488083094358444,-0.08466868847608566,0.12990598380565643,0.21903620660305023,0.19062158465385437,0.13939374685287476,0.08258146047592163,0.05648937076330185,0.0356639139354229,0.0032620513811707497,0.08466868847608566,0.6531922221183777,0.40244364738464355,0.25725027918815613,0.2006543129682541,0.16047143936157227,0.07468876242637634,0.2914501130580902,0.21208670735359192,0.17577461898326874,0.1084364652633667,0.0728929415345192,0.04384443908929825,0.003399433335289359,0.10273910313844681,19.742595672607422,10.910553932189941,11.714130401611328,15.771576881408691,27.8814640045166,1004.7235107421875,181.79063415527344,-0.07056772708892822,0.15217803418636322,0.2411181479692459,0.18644239008426666,0.12082995474338531,0.06053765490651131,0.0344545841217041,0.01958535425364971,0.0015564202331006527,0.07056772708892822,0.6595529913902283,0.3811327815055847,0.21124239265918732,0.1379498392343521,0.1006346344947815,0.04149375855922699,0.25533440709114075,0.20629578828811646,0.15032313764095306,0.07821821421384811,0.043908365070819855,0.023740775883197784,0.0016144656110554934,0.08401679247617722,21.2749080657959,13.379813194274902,15.180825233459473,20.5445613861084,37.39849853515625,1374.855224609375,247.1056365966797
,549,,,,,,549,0.1185593456029892,0.1185593456029892,-0.0009206864051520824,0.0005071608466096222,0.1185593456029892,,,,,,,,,,,,,,,,,,,,,,,,,,,,,,,,,,,,,,,,,,,,,,,,,,,,,,,,,,,,,,,,,,,,,,,,
0.0005005,550,,,,,,,,,,,,,,,,,,,,,,,,,,,,,,,,,,,,,,,,,,,,,,,,,,,,,,,,,,,,,,,,,,,,,,,,,,,,,,,,,,,
,550,0.3566301763057709,0.3489397168159485,-0.0009305463172495365,0.0037845619954168797,0.3489397168159485,550,,,,,,,,,,,,,,,,,,,,,,,,,,,,,,,,,,,,,,,,,,,,,,,,,,,,,,,,,,,,,,,,,,,,,,,,,,,,,
,550,,,,,,550,0.3566301763057709,0.3489397168159485,-0.0009305463172495365,0.0037845619954168797,0.3489397168159485,,,,,,,,,,,,,,,,,,,,,,,,,,,,,,,,,,,,,,,,,,,,,,,,,,,,,,,,,,,,,,,,,,,,,,,,
0.0004987564196180957,551,,,,,,,,,,,,,,,,,,,,,,,,,,,,,,,,,,,,,,,,,,,,,,,,,,,,,,,,,,,,,,,,,,,,,,,,,,,,,,,,,,,
,551,0.10446888208389282,0.10446888208389282,-0.0009403093717992306,0.0006136387819424272,0.10446888208389282,551,,,,,,,,,,,,,,,,,,,,,,,,,,,,,,,,,,,,,,,,,,,,,,,,,,,,,,,,,,,,,,,,,,,,,,,,,,,,,
,551,,,,,,551,0.10446888208389282,0.10446888208389282,-0.0009403093717992306,0.0006136387819424272,0.10446888208389282,,,,,,,,,,,,,,,,,,,,,,,,,,,,,,,,,,,,,,,,,,,,,,,,,,,,,,,,,,,,,,,,,,,,,,,,
0.0004970128604811681,552,,,,,,,,,,,,,,,,,,,,,,,,,,,,,,,,,,,,,,,,,,,,,,,,,,,,,,,,,,,,,,,,,,,,,,,,,,,,,,,,,,,
,552,0.7138714790344238,0.7180049419403076,-0.0009501027525402606,0.017605526372790337,0.7180049419403076,552,,,,,,,,,,,,,,,,,,,,,,,,,,,,,,,,,,,,,,,,,,,,,,,,,,,,,,,,,,,,,,,,,,,,,,,,,,,,,
,552,,,,,,552,0.7138714790344238,0.7180049419403076,-0.0009501027525402606,0.017605526372790337,0.7180049419403076,,,,,,,,,,,,,,,,,,,,,,,,,,,,,,,,,,,,,,,,,,,,,,,,,,,,,,,,,,,,,,,,,,,,,,,,
0.0004952693438339352,553,,,,,,,,,,,,,,,,,,,,,,,,,,,,,,,,,,,,,,,,,,,,,,,,,,,,,,,,,,,,,,,,,,,,,,,,,,,,,,,,,,,
,553,0.1587226539850235,0.141071617603302,-0.0009598976466804743,0.0008563746814616024,0.141071617603302,553,,,,,,,,,,,,,,,,,,,,,,,,,,,,,,,,,,,,,,,,,,,,,,,,,,,,,,,,,,,,,,,,,,,,,,,,,,,,,
,553,,,,,,553,0.1587226539850235,0.141071617603302,-0.0009598976466804743,0.0008563746814616024,0.141071617603302,,,,,,,,,,,,,,,,,,,,,,,,,,,,,,,,,,,,,,,,,,,,,,,,,,,,,,,,,,,,,,,,,,,,,,,,
0.0004935258909205969,554,,,,,,,,,,,,,,,,,,,,,,,,,,,,,,,,,,,,,,,,,,,,,,,,,,,,,,,,,,,,,,,,,,,,,,,,,,,,,,,,,,,
,554,0.10068607330322266,0.08950907737016678,-0.0009693434694781899,0.0006319300155155361,0.08950907737016678,554,,,,,,,,,,,,,,,,,,,,,,,,,,,,,,,,,,,,,,,,,,,,,,,,,,,,,,,,,,,,,,,,,,,,,,,,,,,,,
,554,,,,,,554,0.10068607330322266,0.08950907737016678,-0.0009693434694781899,0.0006319300155155361,0.08950907737016678,,,,,,,,,,,,,,,,,,,,,,,,,,,,,,,,,,,,,,,,,,,,,,,,,,,,,,,,,,,,,,,,,,,,,,,,
0.0004917825229845768,555,,,,,,,,,,,,,,,,,,,,,,,,,,,,,,,,,,,,,,,,,,,,,,,,,,,,,,,,,,,,,,,,,,,,,,,,,,,,,,,,,,,
,555,0.10369892418384552,0.10369892418384552,-0.0009785955771803856,0.00045806996058672667,0.10369892418384552,555,,,,,,,,,,,,,,,,,,,,,,,,,,,,,,,,,,,,,,,,,,,,,,,,,,,,,,,,,,,,,,,,,,,,,,,,,,,,,
,555,,,,,,555,0.10369892418384552,0.10369892418384552,-0.0009785955771803856,0.00045806996058672667,0.10369892418384552,,,,,,,,,,,,,,,,,,,,,,,,,,,,,,,,,,,,,,,,,,,,,,,,,,,,,,,,,,,,,,,,,,,,,,,,
0.0004900392612682633,556,,,,,,,,,,,,,,,,,,,,,,,,,,,,,,,,,,,,,,,,,,,,,,,,,,,,,,,,,,,,,,,,,,,,,,,,,,,,,,,,,,,
,556,0.10091865062713623,0.09055803716182709,-0.0009879181161522865,0.00045234119170345366,0.09055803716182709,556,,,,,,,,,,,,,,,,,,,,,,,,,,,,,,,,,,,,,,,,,,,,,,,,,,,,,,,,,,,,,,,,,,,,,,,,,,,,,
,556,,,,,,556,0.10091865062713623,0.09055803716182709,-0.0009879181161522865,0.00045234119170345366,0.09055803716182709,,,,,,,,,,,,,,,,,,,,,,,,,,,,,,,,,,,,,,,,,,,,,,,,,,,,,,,,,,,,,,,,,,,,,,,,
0.0004882961270127496,557,,,,,,,,,,,,,,,,,,,,,,,,,,,,,,,,,,,,,,,,,,,,,,,,,,,,,,,,,,,,,,,,,,,,,,,,,,,,,,,,,,,
,557,0.8689537048339844,0.8709135055541992,-0.0009970238897949457,0.03687780350446701,0.8709135055541992,557,,,,,,,,,,,,,,,,,,,,,,,,,,,,,,,,,,,,,,,,,,,,,,,,,,,,,,,,,,,,,,,,,,,,,,,,,,,,,
,557,,,,,,557,0.8689537048339844,0.8709135055541992,-0.0009970238897949457,0.03687780350446701,0.8709135055541992,,,,,,,,,,,,,,,,,,,,,,,,,,,,,,,,,,,,,,,,,,,,,,,,,,,,,,,,,,,,,,,,,,,,,,,,
0.0004865531414575773,558,,,,,,,,,,,,,,,,,,,,,,,,,,,,,,,,,,,,,,,,,,,,,,,,,,,,,,,,,,,,,,,,,,,,,,,,,,,,,,,,,,,
,558,0.10393847525119781,0.10393847525119781,-0.0010061453795060515,0.0007638917304575443,0.10393847525119781,558,,,,,,,,,,,,,,,,,,,,,,,,,,,,,,,,,,,,,,,,,,,,,,,,,,,,,,,,,,,,,,,,,,,,,,,,,,,,,
,558,,,,,,558,0.10393847525119781,0.10393847525119781,-0.0010061453795060515,0.0007638917304575443,0.10393847525119781,,,,,,,,,,,,,,,,,,,,,,,,,,,,,,,,,,,,,,,,,,,,,,,,,,,,,,,,,,,,,,,,,,,,,,,,
0.0004848103258404748,559,,,,,,,,,,,,,,,,,,,,,,,,,,,,,,,,,,,,,,,,,,,,,,,,,,,,,,,,,,,,,,,,,,,,,,,,,,,,,,,,,,,
,559,0.10233794897794724,0.10233794897794724,-0.0010153416078537703,0.0004638633690774441,0.10233794897794724,559,,,,,,,,,,,,,,,,,,,,,,,,,,,,,,,,,,,,,,,,,,,,,,,,,,,,,,,,,,,,,,,,,,,,,,,,,,,,,
,559,,,,,,559,0.10233794897794724,0.10233794897794724,-0.0010153416078537703,0.0004638633690774441,0.10233794897794724,,,,,,,,,,,,,,,,,,,,,,,,,,,,,,,,,,,,,,,,,,,,,,,,,,,,,,,,,,,,,,,,,,,,,,,,
0.0004830677013971006,560,,,,,,,,,,,,,,,,,,,,,,,,,,,,,,,,,,,,,,,,,,,,,,,,,,,,,,,,,,,,,,,,,,,,,,,,,,,,,,,,,,,
,560,0.10326473414897919,0.10326473414897919,-0.0010246018646284938,0.0004415426810737699,0.10326473414897919,560,,,,,,,,,,,,,,,,,,,,,,,,,,,,,,,,,,,,,,,,,,,,,,,,,,,,,,,,,,,,,,,,,,,,,,,,,,,,,
,560,,,,,,560,0.10326473414897919,0.10326473414897919,-0.0010246018646284938,0.0004415426810737699,0.10326473414897919,,,,,,,,,,,,,,,,,,,,,,,,,,,,,,,,,,,,,,,,,,,,,,,,,,,,,,,,,,,,,,,,,,,,,,,,
0.0004813252893607836,561,,,,,,,,,,,,,,,,,,,,,,,,,,,,,,,,,,,,,,,,,,,,,,,,,,,,,,,,,,,,,,,,,,,,,,,,,,,,,,,,,,,
,561,0.09117241203784943,0.07624654471874237,-0.0010339162545278668,0.0005722200148738921,0.07624654471874237,561,,,,,,,,,,,,,,,,,,,,,,,,,,,,,,,,,,,,,,,,,,,,,,,,,,,,,,,,,,,,,,,,,,,,,,,,,,,,,
,561,,,,,,561,0.09117241203784943,0.07624654471874237,-0.0010339162545278668,0.0005722200148738921,0.07624654471874237,,,,,,,,,,,,,,,,,,,,,,,,,,,,,,,,,,,,,,,,,,,,,,,,,,,,,,,,,,,,,,,,,,,,,,,,
0.00047958311096226456,562,,,,,,,,,,,,,,,,,,,,,,,,,,,,,,,,,,,,,,,,,,,,,,,,,,,,,,,,,,,,,,,,,,,,,,,,,,,,,,,,,,,
,562,0.1051064282655716,0.10960999131202698,-0.001042814808897674,0.00044717307901009917,0.10960999131202698,562,,,,,,,,,,,,,,,,,,,,,,,,,,,,,,,,,,,,,,,,,,,,,,,,,,,,,,,,,,,,,,,,,,,,,,,,,,,,,
,562,,,,,,562,0.1051064282655716,0.10960999131202698,-0.001042814808897674,0.00044717307901009917,0.10960999131202698,,,,,,,,,,,,,,,,,,,,,,,,,,,,,,,,,,,,,,,,,,,,,,,,,,,,,,,,,,,,,,,,,,,,,,,,
0.00047784118742943765,563,,,,,,,,,,,,,,,,,,,,,,,,,,,,,,,,,,,,,,,,,,,,,,,,,,,,,,,,,,,,,,,,,,,,,,,,,,,,,,,,,,,
,563,0.08623995631933212,0.07442740350961685,-0.0010514643508940935,0.000424876605393365,0.07442740350961685,563,,,,,,,,,,,,,,,,,,,,,,,,,,,,,,,,,,,,,,,,,,,,,,,,,,,,,,,,,,,,,,,,,,,,,,,,,,,,,
,563,,,,,,563,0.08623995631933212,0.07442740350961685,-0.0010514643508940935,0.000424876605393365,0.07442740350961685,,,,,,,,,,,,,,,,,,,,,,,,,,,,,,,,,,,,,,,,,,,,,,,,,,,,,,,,,,,,,,,,,,,,,,,,
0.00047609953998709097,564,,,,,,,,,,,,,,,,,,,,,,,,,,,,,,,,,,,,,,,,,,,,,,,,,,,,,,,,,,,,,,,,,,,,,,,,,,,,,,,,,,,
,564,0.5400927066802979,0.5400927066802979,-0.0010600051609799266,0.0071581220254302025,0.5400927066802979,564,,,,,,,,,,,,,,,,,,,,,,,,,,,,,,,,,,,,,,,,,,,,,,,,,,,,,,,,,,,,,,,,,,,,,,,,,,,,,
,564,,,,,,564,0.5400927066802979,0.5400927066802979,-0.0010600051609799266,0.0071581220254302025,0.5400927066802979,,,,,,,,,,,,,,,,,,,,,,,,,,,,,,,,,,,,,,,,,,,,,,,,,,,,,,,,,,,,,,,,,,,,,,,,
0.00047435818985664947,565,,,,,,,,,,,,,,,,,,,,,,,,,,,,,,,,,,,,,,,,,,,,,,,,,,,,,,,,,,,,,,,,,,,,,,,,,,,,,,,,,,,
,565,0.09437167644500732,0.08818369358778,-0.001068661455065012,0.000612738891504705,0.08818369358778,565,,,,,,,,,,,,,,,,,,,,,,,,,,,,,,,,,,,,,,,,,,,,,,,,,,,,,,,,,,,,,,,,,,,,,,,,,,,,,
,565,,,,,,565,0.09437167644500732,0.08818369358778,-0.001068661455065012,0.000612738891504705,0.08818369358778,,,,,,,,,,,,,,,,,,,,,,,,,,,,,,,,,,,,,,,,,,,,,,,,,,,,,,,,,,,,,,,,,,,,,,,,
0.0004726171582559145,566,,,,,,,,,,,,,,,,,,,,,,,,,,,,,,,,,,,,,,,,,,,,,,,,,,,,,,,,,,,,,,,,,,,,,,,,,,,,,,,,,,,
,566,0.08804859966039658,0.08804859966039658,-0.0010774180991575122,0.0006099290330894291,0.08804859966039658,566,,,,,,,,,,,,,,,,,,,,,,,,,,,,,,,,,,,,,,,,,,,,,,,,,,,,,,,,,,,,,,,,,,,,,,,,,,,,,
,566,,,,,,566,0.08804859966039658,0.08804859966039658,-0.0010774180991575122,0.0006099290330894291,0.08804859966039658,,,,,,,,,,,,,,,,,,,,,,,,,,,,,,,,,,,,,,,,,,,,,,,,,,,,,,,,,,,,,,,,,,,,,,,,
0.00047087646639880706,567,,,,,,,,,,,,,,,,,,,,,,,,,,,,,,,,,,,,,,,,,,,,,,,,,,,,,,,,,,,,,,,,,,,,,,,,,,,,,,,,,,,
,567,0.08198529481887817,0.06158008426427841,-0.0010862621711567044,0.0006806696765124798,0.06158008426427841,567,,,,,,,,,,,,,,,,,,,,,,,,,,,,,,,,,,,,,,,,,,,,,,,,,,,,,,,,,,,,,,,,,,,,,,,,,,,,,
,567,,,,,,567,0.08198529481887817,0.06158008426427841,-0.0010862621711567044,0.0006806696765124798,0.06158008426427841,,,,,,,,,,,,,,,,,,,,,,,,,,,,,,,,,,,,,,,,,,,,,,,,,,,,,,,,,,,,,,,,,,,,,,,,
0.0004691361354951078,568,,,,,,,,,,,,,,,,,,,,,,,,,,,,,,,,,,,,,,,,,,,,,,,,,,,,,,,,,,,,,,,,,,,,,,,,,,,,,,,,,,,
,568,0.16971135139465332,0.16971135139465332,-0.0010948372073471546,0.0009921131422743201,0.16971135139465332,568,,,,,,,,,,,,,,,,,,,,,,,,,,,,,,,,,,,,,,,,,,,,,,,,,,,,,,,,,,,,,,,,,,,,,,,,,,,,,
,568,,,,,,568,0.16971135139465332,0.16971135139465332,-0.0010948372073471546,0.0009921131422743201,0.16971135139465332,,,,,,,,,,,,,,,,,,,,,,,,,,,,,,,,,,,,,,,,,,,,,,,,,,,,,,,,,,,,,,,,,,,,,,,,
0.00046739618675019985,569,,,,,,,,,,,,,,,,,,,,,,,,,,,,,,,,,,,,,,,,,,,,,,,,,,,,,,,,,,,,,,,,,,,,,,,,,,,,,,,,,,,
,569,0.1780518889427185,0.1669536530971527,-0.0011035120114684105,0.0011463073315098882,0.1669536530971527,569,,,,,,,,,,,,,,,,,,,,,,,,,,,,,,,,,,,,,,,,,,,,,,,,,,,,,,,,,,,,,,,,,,,,,,,,,,,,,
,569,,,,,,569,0.1780518889427185,0.1669536530971527,-0.0011035120114684105,0.0011463073315098882,0.1669536530971527,,,,,,,,,,,,,,,,,,,,,,,,,,,,,,,,,,,,,,,,,,,,,,,,,,,,,,,,,,,,,,,,,,,,,,,,
0.00046565664136480925,570,,,,,,,,,,,,,,,,,,,,,,,,,,,,,,,,,,,,,,,,,,,,,,,,,,,,,,,,,,,,,,,,,,,,,,,,,,,,,,,,,,,
,570,0.10203775018453598,0.07667239755392075,-0.0011122382711619139,0.0004344694607425481,0.07667239755392075,570,,,,,,,,,,,,,,,,,,,,,,,,,,,,,,,,,,,,,,,,,,,,,,,,,,,,,,,,,,,,,,,,,,,,,,,,,,,,,
,570,,,,,,570,0.10203775018453598,0.07667239755392075,-0.0011122382711619139,0.0004344694607425481,0.07667239755392075,,,,,,,,,,,,,,,,,,,,,,,,,,,,,,,,,,,,,,,,,,,,,,,,,,,,,,,,,,,,,,,,,,,,,,,,
0.0004639175205347478,571,,,,,,,,,,,,,,,,,,,,,,,,,,,,,,,,,,,,,,,,,,,,,,,,,,,,,,,,,,,,,,,,,,,,,,,,,,,,,,,,,,,
,571,0.08434359729290009,0.08108950406312943,-0.0011210284428671002,0.0004684584273491055,0.08108950406312943,571,,,,,,,,,,,,,,,,,,,,,,,,,,,,,,,,,,,,,,,,,,,,,,,,,,,,,,,,,,,,,,,,,,,,,,,,,,,,,
,571,,,,,,571,0.08434359729290009,0.08108950406312943,-0.0011210284428671002,0.0004684584273491055,0.08108950406312943,,,,,,,,,,,,,,,,,,,,,,,,,,,,,,,,,,,,,,,,,,,,,,,,,,,,,,,,,,,,,,,,,,,,,,,,
0.00046217884545065403,572,,,,,,,,,,,,,,,,,,,,,,,,,,,,,,,,,,,,,,,,,,,,,,,,,,,,,,,,,,,,,,,,,,,,,,,,,,,,,,,,,,,
,572,0.10859154164791107,0.10859154164791107,-0.0011298870667815208,0.0004916698671877384,0.10859154164791107,572,,,,,,,,,,,,,,,,,,,,,,,,,,,,,,,,,,,,,,,,,,,,,,,,,,,,,,,,,,,,,,,,,,,,,,,,,,,,,
,572,,,,,,572,0.10859154164791107,0.10859154164791107,-0.0011298870667815208,0.0004916698671877384,0.10859154164791107,,,,,,,,,,,,,,,,,,,,,,,,,,,,,,,,,,,,,,,,,,,,,,,,,,,,,,,,,,,,,,,,,,,,,,,,
0.00046044063729773477,573,,,,,,,,,,,,,,,,,,,,,,,,,,,,,,,,,,,,,,,,,,,,,,,,,,,,,,,,,,,,,,,,,,,,,,,,,,,,,,,,,,,
,573,0.09066563844680786,0.08216426521539688,-0.001138803898356855,0.0003878400311805308,0.08216426521539688,573,,,,,,,,,,,,,,,,,,,,,,,,,,,,,,,,,,,,,,,,,,,,,,,,,,,,,,,,,,,,,,,,,,,,,,,,,,,,,
,573,,,,,,573,0.09066563844680786,0.08216426521539688,-0.001138803898356855,0.0003878400311805308,0.08216426521539688,,,,,,,,,,,,,,,,,,,,,,,,,,,,,,,,,,,,,,,,,,,,,,,,,,,,,,,,,,,,,,,,,,,,,,,,
0.0004587029172555084,574,,,,,,,,,,,,,,,,,,,,,,,,,,,,,,,,,,,,,,,,,,,,,,,,,,,,,,,,,,,,,,,,,,,,,,,,,,,,,,,,,,,
,574,0.2537344694137573,0.2537344694137573,-0.0011474983766674995,0.002355852397158742,0.2537344694137573,574,,,,,,,,,,,,,,,,,,,,,,,,,,,,,,,,,,,,,,,,,,,,,,,,,,,,,,,,,,,,,,,,,,,,,,,,,,,,,
,574,,,,,,574,0.2537344694137573,0.2537344694137573,-0.0011474983766674995,0.002355852397158742,0.2537344694137573,,,,,,,,,,,,,,,,,,,,,,,,,,,,,,,,,,,,,,,,,,,,,,,,,,,,,,,,,,,,,,,,,,,,,,,,
0.0004569657064975446,575,,,,,,,,,,,,,,,,,,,,,,,,,,,,,,,,,,,,,,,,,,,,,,,,,,,,,,,,,,,,,,,,,,,,,,,,,,,,,,,,,,,
,575,0.07989922165870667,0.07989922165870667,-0.001156261540018022,0.0007015478913672268,0.07989922165870667,575,,,,,,,,,,,,,,,,,,,,,,,,,,,,,,,,,,,,,,,,,,,,,,,,,,,,,,,,,,,,,,,,,,,,,,,,,,,,,
,575,,,,,,575,0.07989922165870667,0.07989922165870667,-0.001156261540018022,0.0007015478913672268,0.07989922165870667,,,,,,,,,,,,,,,,,,,,,,,,,,,,,,,,,,,,,,,,,,,,,,,,,,,,,,,,,,,,,,,,,,,,,,,,
0.0004552290261912088,576,,,,,,,,,,,,,,,,,,,,,,,,,,,,,,,,,,,,,,,,,,,,,,,,,,,,,,,,,,,,,,,,,,,,,,,,,,,,,,,,,,,
,576,0.08991575241088867,0.10162212699651718,-0.0011650833766907454,0.00038138931267894804,0.10162212699651718,576,,,,,,,,,,,,,,,,,,,,,,,,,,,,,,,,,,,,,,,,,,,,,,,,,,,,,,,,,,,,,,,,,,,,,,,,,,,,,
,576,,,,,,576,0.08991575241088867,0.10162212699651718,-0.0011650833766907454,0.00038138931267894804,0.10162212699651718,,,,,,,,,,,,,,,,,,,,,,,,,,,,,,,,,,,,,,,,,,,,,,,,,,,,,,,,,,,,,,,,,,,,,,,,
0.00045349289749740203,577,,,,,,,,,,,,,,,,,,,,,,,,,,,,,,,,,,,,,,,,,,,,,,,,,,,,,,,,,,,,,,,,,,,,,,,,,,,,,,,,,,,
,577,0.07453586161136627,0.07453586161136627,-0.001173954107798636,0.0005142263835296035,0.07453586161136627,577,,,,,,,,,,,,,,,,,,,,,,,,,,,,,,,,,,,,,,,,,,,,,,,,,,,,,,,,,,,,,,,,,,,,,,,,,,,,,
,577,,,,,,577,0.07453586161136627,0.07453586161136627,-0.001173954107798636,0.0005142263835296035,0.07453586161136627,,,,,,,,,,,,,,,,,,,,,,,,,,,,,,,,,,,,,,,,,,,,,,,,,,,,,,,,,,,,,,,,,,,,,,,,
0.0004517573415703048,578,,,,,,,,,,,,,,,,,,,,,,,,,,,,,,,,,,,,,,,,,,,,,,,,,,,,,,,,,,,,,,,,,,,,,,,,,,,,,,,,,,,
,578,0.07352935522794724,0.07352935522794724,-0.0011828661663457751,0.0007023631478659809,0.07352935522794724,578,,,,,,,,,,,,,,,,,,,,,,,,,,,,,,,,,,,,,,,,,,,,,,,,,,,,,,,,,,,,,,,,,,,,,,,,,,,,,
,578,,,,,,578,0.07352935522794724,0.07352935522794724,-0.0011828661663457751,0.0007023631478659809,0.07352935522794724,,,,,,,,,,,,,,,,,,,,,,,,,,,,,,,,,,,,,,,,,,,,,,,,,,,,,,,,,,,,,,,,,,,,,,,,
0.00045002237955711833,579,,,,,,,,,,,,,,,,,,,,,,,,,,,,,,,,,,,,,,,,,,,,,,,,,,,,,,,,,,,,,,,,,,,,,,,,,,,,,,,,,,,
,579,0.07402631640434265,0.07402631640434265,-0.001191812101751566,0.00034321623388677835,0.07402631640434265,579,,,,,,,,,,,,,,,,,,,,,,,,,,,,,,,,,,,,,,,,,,,,,,,,,,,,,,,,,,,,,,,,,,,,,,,,,,,,,
,579,,,,,,579,0.07402631640434265,0.07402631640434265,-0.001191812101751566,0.00034321623388677835,0.07402631640434265,,,,,,,,,,,,,,,,,,,,,,,,,,,,,,,,,,,,,,,,,,,,,,,,,,,,,,,,,,,,,,,,,,,,,,,,
0.00044828803259780713,580,,,,,,,,,,,,,,,,,,,,,,,,,,,,,,,,,,,,,,,,,,,,,,,,,,,,,,,,,,,,,,,,,,,,,,,,,,,,,,,,,,,
,580,0.06951291859149933,0.06951291859149933,-0.0012007851619273424,0.0006627156981267035,0.06951291859149933,580,,,,,,,,,,,,,,,,,,,,,,,,,,,,,,,,,,,,,,,,,,,,,,,,,,,,,,,,,,,,,,,,,,,,,,,,,,,,,
,580,,,,,,580,0.06951291859149933,0.06951291859149933,-0.0012007851619273424,0.0006627156981267035,0.06951291859149933,,,,,,,,,,,,,,,,,,,,,,,,,,,,,,,,,,,,,,,,,,,,,,,,,,,,,,,,,,,,,,,,,,,,,,,,
0.0004465543218248416,581,,,,,,,,,,,,,,,,,,,,,,,,,,,,,,,,,,,,,,,,,,,,,,,,,,,,,,,,,,,,,,,,,,,,,,,,,,,,,,,,,,,
,581,0.1705566644668579,0.1705566644668579,-0.0012097797589376569,0.0011106966994702816,0.1705566644668579,581,,,,,,,,,,,,,,,,,,,,,,,,,,,,,,,,,,,,,,,,,,,,,,,,,,,,,,,,,,,,,,,,,,,,,,,,,,,,,
,581,,,,,,581,0.1705566644668579,0.1705566644668579,-0.0012097797589376569,0.0011106966994702816,0.1705566644668579,,,,,,,,,,,,,,,,,,,,,,,,,,,,,,,,,,,,,,,,,,,,,,,,,,,,,,,,,,,,,,,,,,,,,,,,
0.00044482126836294035,582,,,,,,,,,,,,,,,,,,,,,,,,,,,,,,,,,,,,,,,,,,,,,,,,,,,,,,,,,,,,,,,,,,,,,,,,,,,,,,,,,,,
,582,0.06985414028167725,0.06985414028167725,-0.0012187903048470616,0.0003637147310655564,0.06985414028167725,582,,,,,,,,,,,,,,,,,,,,,,,,,,,,,,,,,,,,,,,,,,,,,,,,,,,,,,,,,,,,,,,,,,,,,,,,,,,,,
,582,,,,,,582,0.06985414028167725,0.06985414028167725,-0.0012187903048470616,0.0003637147310655564,0.06985414028167725,,,,,,,,,,,,,,,,,,,,,,,,,,,,,,,,,,,,,,,,,,,,,,,,,,,,,,,,,,,,,,,,,,,,,,,,
0.0004430888933288132,583,,,,,,,,,,,,,,,,,,,,,,,,,,,,,,,,,,,,,,,,,,,,,,,,,,,,,,,,,,,,,,,,,,,,,,,,,,,,,,,,,,,
,583,0.07110819220542908,0.08314149081707001,-0.0012278120266273618,0.0006584525690414011,0.08314149081707001,583,,,,,,,,,,,,,,,,,,,,,,,,,,,,,,,,,,,,,,,,,,,,,,,,,,,,,,,,,,,,,,,,,,,,,,,,,,,,,
,583,,,,,,583,0.07110819220542908,0.08314149081707001,-0.0012278120266273618,0.0006584525690414011,0.08314149081707001,,,,,,,,,,,,,,,,,,,,,,,,,,,,,,,,,,,,,,,,,,,,,,,,,,,,,,,,,,,,,,,,,,,,,,,,
0.00044135721783090275,584,,,,,,,,,,,,,,,,,,,,,,,,,,,,,,,,,,,,,,,,,,,,,,,,,,,,,,,,,,,,,,,,,,,,,,,,,,,,,,,,,,,
,584,0.07394784688949585,0.07394784688949585,-0.001236840384081006,0.0003177389735355973,0.07394784688949585,584,,,,,,,,,,,,,,,,,,,,,,,,,,,,,,,,,,,,,,,,,,,,,,,,,,,,,,,,,,,,,,,,,,,,,,,,,,,,,
,584,,,,,,584,0.07394784688949585,0.07394784688949585,-0.001236840384081006,0.0003177389735355973,0.07394784688949585,,,,,,,,,,,,,,,,,,,,,,,,,,,,,,,,,,,,,,,,,,,,,,,,,,,,,,,,,,,,,,,,,,,,,,,,
0.00043962626296912893,585,,,,,,,,,,,,,,,,,,,,,,,,,,,,,,,,,,,,,,,,,,,,,,,,,,,,,,,,,,,,,,,,,,,,,,,,,,,,,,,,,,,
,585,0.06654924154281616,0.06654924154281616,-0.0012458718847483397,0.0005682550254277885,0.06654924154281616,585,,,,,,,,,,,,,,,,,,,,,,,,,,,,,,,,,,,,,,,,,,,,,,,,,,,,,,,,,,,,,,,,,,,,,,,,,,,,,
,585,,,,,,585,0.06654924154281616,0.06654924154281616,-0.0012458718847483397,0.0005682550254277885,0.06654924154281616,,,,,,,,,,,,,,,,,,,,,,,,,,,,,,,,,,,,,,,,,,,,,,,,,,,,,,,,,,,,,,,,,,,,,,,,
0.0004378960498346301,586,,,,,,,,,,,,,,,,,,,,,,,,,,,,,,,,,,,,,,,,,,,,,,,,,,,,,,,,,,,,,,,,,,,,,,,,,,,,,,,,,,,
,586,0.07529394328594208,0.07529394328594208,-0.0012549026869237423,0.0003194400342181325,0.07529394328594208,586,,,,,,,,,,,,,,,,,,,,,,,,,,,,,,,,,,,,,,,,,,,,,,,,,,,,,,,,,,,,,,,,,,,,,,,,,,,,,
,586,,,,,,586,0.07529394328594208,0.07529394328594208,-0.0012549026869237423,0.0003194400342181325,0.07529394328594208,,,,,,,,,,,,,,,,,,,,,,,,,,,,,,,,,,,,,,,,,,,,,,,,,,,,,,,,,,,,,,,,,,,,,,,,
0.00043616659950950745,587,,,,,,,,,,,,,,,,,,,,,,,,,,,,,,,,,,,,,,,,,,,,,,,,,,,,,,,,,,,,,,,,,,,,,,,,,,,,,,,,,,,
,587,0.07247530668973923,0.07247530668973923,-0.0012639298802241683,0.00030953928944654763,0.07247530668973923,587,,,,,,,,,,,,,,,,,,,,,,,,,,,,,,,,,,,,,,,,,,,,,,,,,,,,,,,,,,,,,,,,,,,,,,,,,,,,,
,587,,,,,,587,0.07247530668973923,0.07247530668973923,-0.0012639298802241683,0.00030953928944654763,0.07247530668973923,,,,,,,,,,,,,,,,,,,,,,,,,,,,,,,,,,,,,,,,,,,,,,,,,,,,,,,,,,,,,,,,,,,,,,,,
0.0004344379330665674,588,,,,,,,,,,,,,,,,,,,,,,,,,,,,,,,,,,,,,,,,,,,,,,,,,,,,,,,,,,,,,,,,,,,,,,,,,,,,,,,,,,,
,588,0.067214235663414,0.067214235663414,-0.0012729506706818938,0.00029846373945474625,0.067214235663414,588,,,,,,,,,,,,,,,,,,,,,,,,,,,,,,,,,,,,,,,,,,,,,,,,,,,,,,,,,,,,,,,,,,,,,,,,,,,,,
,588,,,,,,588,0.067214235663414,0.067214235663414,-0.0012729506706818938,0.00029846373945474625,0.067214235663414,,,,,,,,,,,,,,,,,,,,,,,,,,,,,,,,,,,,,,,,,,,,,,,,,,,,,,,,,,,,,,,,,,,,,,,,
0.000432710071569065,589,,,,,,,,,,,,,,,,,,,,,,,,,,,,,,,,,,,,,,,,,,,,,,,,,,,,,,,,,,,,,,,,,,,,,,,,,,,,,,,,,,,
,589,0.40749797224998474,0.415840208530426,-0.0012819624971598387,0.005808712914586067,0.415840208530426,589,,,,,,,,,,,,,,,,,,,,,,,,,,,,,,,,,,,,,,,,,,,,,,,,,,,,,,,,,,,,,,,,,,,,,,,,,,,,,
,589,,,,,,589,0.40749797224998474,0.415840208530426,-0.0012819624971598387,0.005808712914586067,0.415840208530426,,,,,,,,,,,,,,,,,,,,,,,,,,,,,,,,,,,,,,,,,,,,,,,,,,,,,,,,,,,,,,,,,,,,,,,,
0.0004309830360704474,590,,,,,,,,,,,,,,,,,,,,,,,,,,,,,,,,,,,,,,,,,,,,,,,,,,,,,,,,,,,,,,,,,,,,,,,,,,,,,,,,,,,
,590,0.09247757494449615,0.08003649115562439,-0.0012909615179523826,0.0004103062965441495,0.08003649115562439,590,,,,,,,,,,,,,,,,,,,,,,,,,,,,,,,,,,,,,,,,,,,,,,,,,,,,,,,,,,,,,,,,,,,,,,,,,,,,,
,590,,,,,,590,0.09247757494449615,0.08003649115562439,-0.0012909615179523826,0.0004103062965441495,0.08003649115562439,,,,,,,,,,,,,,,,,,,,,,,,,,,,,,,,,,,,,,,,,,,,,,,,,,,,,,,,,,,,,,,,,,,,,,,,
0.0004292568476140969,591,,,,,,,,,,,,,,,,,,,,,,,,,,,,,,,,,,,,,,,,,,,,,,,,,,,,,,,,,,,,,,,,,,,,,,,,,,,,,,,,,,,
,591,0.3754476308822632,0.3754476308822632,-0.0012999237515032291,0.0048648822121322155,0.3754476308822632,591,,,,,,,,,,,,,,,,,,,,,,,,,,,,,,,,,,,,,,,,,,,,,,,,,,,,,,,,,,,,,,,,,,,,,,,,,,,,,
,591,,,,,,591,0.3754476308822632,0.3754476308822632,-0.0012999237515032291,0.0048648822121322155,0.3754476308822632,,,,,,,,,,,,,,,,,,,,,,,,,,,,,,,,,,,,,,,,,,,,,,,,,,,,,,,,,,,,,,,,,,,,,,,,
0.0004275315272330755,592,,,,,,,,,,,,,,,,,,,,,,,,,,,,,,,,,,,,,,,,,,,,,,,,,,,,,,,,,,,,,,,,,,,,,,,,,,,,,,,,,,,
,592,0.7201212644577026,0.7201212644577026,-0.0013088732957839966,0.027263183146715164,0.7201212644577026,592,,,,,,,,,,,,,,,,,,,,,,,,,,,,,,,,,,,,,,,,,,,,,,,,,,,,,,,,,,,,,,,,,,,,,,,,,,,,,
,592,,,,,,592,0.7201212644577026,0.7201212644577026,-0.0013088732957839966,0.027263183146715164,0.7201212644577026,,,,,,,,,,,,,,,,,,,,,,,,,,,,,,,,,,,,,,,,,,,,,,,,,,,,,,,,,,,,,,,,,,,,,,,,
0.0004258070959498672,593,,,,,,,,,,,,,,,,,,,,,,,,,,,,,,,,,,,,,,,,,,,,,,,,,,,,,,,,,,,,,,,,,,,,,,,,,,,,,,,,,,,
,593,0.07360771298408508,0.07144104689359665,-0.0013178081717342138,0.0004080879152752459,0.07144104689359665,593,,,,,,,,,,,,,,,,,,,,,,,,,,,,,,,,,,,,,,,,,,,,,,,,,,,,,,,,,,,,,,,,,,,,,,,,,,,,,
,593,,,,,,593,0.07360771298408508,0.07144104689359665,-0.0013178081717342138,0.0004080879152752459,0.07144104689359665,,,,,,,,,,,,,,,,,,,,,,,,,,,,,,,,,,,,,,,,,,,,,,,,,,,,,,,,,,,,,,,,,,,,,,,,
0.00042408357477612314,594,,,,,,,,,,,,,,,,,,,,,,,,,,,,,,,,,,,,,,,,,,,,,,,,,,,,,,,,,,,,,,,,,,,,,,,,,,,,,,,,,,,
,594,0.0735456794500351,0.0735456794500351,-0.0013267265167087317,0.0007134291809052229,0.0735456794500351,594,,,,,,,,,,,,,,,,,,,,,,,,,,,,,,,,,,,,,,,,,,,,,,,,,,,,,,,,,,,,,,,,,,,,,,,,,,,,,
,594,,,,,,594,0.0735456794500351,0.0735456794500351,-0.0013267265167087317,0.0007134291809052229,0.0735456794500351,,,,,,,,,,,,,,,,,,,,,,,,,,,,,,,,,,,,,,,,,,,,,,,,,,,,,,,,,,,,,,,,,,,,,,,,
0.00042236098471240476,595,,,,,,,,,,,,,,,,,,,,,,,,,,,,,,,,,,,,,,,,,,,,,,,,,,,,,,,,,,,,,,,,,,,,,,,,,,,,,,,,,,,
,595,0.07213860750198364,0.07213860750198364,-0.0013356271665543318,0.0004413064452819526,0.07213860750198364,595,,,,,,,,,,,,,,,,,,,,,,,,,,,,,,,,,,,,,,,,,,,,,,,,,,,,,,,,,,,,,,,,,,,,,,,,,,,,,
,595,,,,,,595,0.07213860750198364,0.07213860750198364,-0.0013356271665543318,0.0004413064452819526,0.07213860750198364,,,,,,,,,,,,,,,,,,,,,,,,,,,,,,,,,,,,,,,,,,,,,,,,,,,,,,,,,,,,,,,,,,,,,,,,
0.00042063934674792854,596,,,,,,,,,,,,,,,,,,,,,,,,,,,,,,,,,,,,,,,,,,,,,,,,,,,,,,,,,,,,,,,,,,,,,,,,,,,,,,,,,,,
,596,0.07116557657718658,0.06098815053701401,-0.0013445084914565086,0.00048699736362323165,0.06098815053701401,596,,,,,,,,,,,,,,,,,,,,,,,,,,,,,,,,,,,,,,,,,,,,,,,,,,,,,,,,,,,,,,,,,,,,,,,,,,,,,
,596,,,,,,596,0.07116557657718658,0.06098815053701401,-0.0013445084914565086,0.00048699736362323165,0.06098815053701401,,,,,,,,,,,,,,,,,,,,,,,,,,,,,,,,,,,,,,,,,,,,,,,,,,,,,,,,,,,,,,,,,,,,,,,,
0.0004189186818603097,597,,,,,,,,,,,,,,,,,,,,,,,,,,,,,,,,,,,,,,,,,,,,,,,,,,,,,,,,,,,,,,,,,,,,,,,,,,,,,,,,,,,
,597,0.08026757836341858,0.10121344774961472,-0.0013531566364690661,0.0003551740956027061,0.10121344774961472,597,,,,,,,,,,,,,,,,,,,,,,,,,,,,,,,,,,,,,,,,,,,,,,,,,,,,,,,,,,,,,,,,,,,,,,,,,,,,,
,597,,,,,,597,0.08026757836341858,0.10121344774961472,-0.0013531566364690661,0.0003551740956027061,0.10121344774961472,,,,,,,,,,,,,,,,,,,,,,,,,,,,,,,,,,,,,,,,,,,,,,,,,,,,,,,,,,,,,,,,,,,,,,,,
0.0004171990110153069,598,,,,,,,,,,,,,,,,,,,,,,,,,,,,,,,,,,,,,,,,,,,,,,,,,,,,,,,,,,,,,,,,,,,,,,,,,,,,,,,,,,,
,598,0.2617727220058441,0.26361775398254395,-0.0013618051307275891,0.0020806603133678436,0.26361775398254395,598,,,,,,,,,,,,,,,,,,,,,,,,,,,,,,,,,,,,,,,,,,,,,,,,,,,,,,,,,,,,,,,,,,,,,,,,,,,,,
,598,,,,,,598,0.2617727220058441,0.26361775398254395,-0.0013618051307275891,0.0020806603133678436,0.26361775398254395,,,,,,,,,,,,,,,,,,,,,,,,,,,,,,,,,,,,,,,,,,,,,,,,,,,,,,,,,,,,,,,,,,,,,,,,
0.0004154803551665667,599,,,,,,,,,,,,,,,,,,,,,,,,,,,,,,,,,,,,,,,,,,,,,,,,,,,,,,,,,,,,,,,,,,,,,,,,,,,,,,,,,,,
,599,0.10226975381374359,0.10226975381374359,-0.0013704505981877446,0.00045866461005061865,0.10226975381374359,599,,,,,,,,,,,,,,,,,,,,,,,,,,,,,,,,,,,,,,,,,,,,,,,,,,,,,,,,,,,,,,,,,,,,,,,,,,,,,
,599,,,,,,599,,,,,,0.055799029767513275,0.055799029767513275,-0.0013790898956358433,0.0003071273094974458,0.055799029767513275,0.06354361027479172,0.05048803612589836,-0.0013790898956358433,0.00028434256091713905,0.05048803612589836,-0.07716577500104904,0.2884136438369751,0.3215630054473877,0.1775035560131073,0.11972673237323761,0.07352155447006226,0.05358366295695305,0.03457983583211899,0.004079295787960291,0.07716577500104904,0.6225181221961975,0.4265959560871124,0.34496957063674927,0.31979280710220337,0.2951042652130127,0.23651441931724548,0.3742491900920868,0.19891349971294403,0.14268968999385834,0.08545075356960297,0.060476385056972504,0.037693243473768234,0.004133729729801416,0.08822621405124664,20.385650634765625,18.60361099243164,33.92179489135742,58.19889450073242,127.57717895507812,6813.6552734375,1178.7237548828125,-0.08259329199790955,0.27712854743003845,0.325130432844162,0.19063498079776764,0.1320621520280838,0.07804182916879654,0.05562146380543709,0.034905608743429184,0.004293719306588173,0.08259329199790955,0.7204850912094116,0.49592724442481995,0.3727174997329712,0.33233368396759033,0.2941976487636566,0.24481317400932312,0.41007906198501587,0.20585986971855164,0.15253743529319763,0.0898420661687851,0.06261879205703735,0.03809579834342003,0.004351353272795677,0.09221754968166351,25.495037078857422,22.000478744506836,35.82194900512695,58.62575912475586,124.12901306152344,6588.248046875,1142.38671875
,599,,,,,,599,0.10226975381374359,0.10226975381374359,-0.0013704505981877446,0.00045866461005061865,0.10226975381374359,,,,,,,,,,,,,,,,,,,,,,,,,,,,,,,,,,,,,,,,,,,,,,,,,,,,,,,,,,,,,,,,,,,,,,,,
0.0004137627352553684,600,,,,,,,,,,,,,,,,,,,,,,,,,,,,,,,,,,,,,,,,,,,,,,,,,,,,,,,,,,,,,,,,,,,,,,,,,,,,,,,,,,,
,600,0.16147048771381378,0.17336152493953705,-0.0013790898956358433,0.0010022588539868593,0.17336152493953705,600,,,,,,,,,,,,,,,,,,,,,,,,,,,,,,,,,,,,,,,,,,,,,,,,,,,,,,,,,,,,,,,,,,,,,,,,,,,,,
,600,,,,,,600,0.16147048771381378,0.17336152493953705,-0.0013790898956358433,0.0010022588539868593,0.17336152493953705,,,,,,,,,,,,,,,,,,,,,,,,,,,,,,,,,,,,,,,,,,,,,,,,,,,,,,,,,,,,,,,,,,,,,,,,
0.00041204617221036815,601,,,,,,,,,,,,,,,,,,,,,,,,,,,,,,,,,,,,,,,,,,,,,,,,,,,,,,,,,,,,,,,,,,,,,,,,,,,,,,,,,,,
,601,0.07646569609642029,0.07646569609642029,-0.0013877209275960922,0.000441547017544508,0.07646569609642029,601,,,,,,,,,,,,,,,,,,,,,,,,,,,,,,,,,,,,,,,,,,,,,,,,,,,,,,,,,,,,,,,,,,,,,,,,,,,,,
,601,,,,,,601,0.07646569609642029,0.07646569609642029,-0.0013877209275960922,0.000441547017544508,0.07646569609642029,,,,,,,,,,,,,,,,,,,,,,,,,,,,,,,,,,,,,,,,,,,,,,,,,,,,,,,,,,,,,,,,,,,,,,,,
0.0004103306869473453,602,,,,,,,,,,,,,,,,,,,,,,,,,,,,,,,,,,,,,,,,,,,,,,,,,,,,,,,,,,,,,,,,,,,,,,,,,,,,,,,,,,,
,602,1.1227750778198242,1.1209640502929688,-0.0013963407836854458,0.576263964176178,1.1209640502929688,602,,,,,,,,,,,,,,,,,,,,,,,,,,,,,,,,,,,,,,,,,,,,,,,,,,,,,,,,,,,,,,,,,,,,,,,,,,,,,
,602,,,,,,602,1.1227750778198242,1.1209640502929688,-0.0013963407836854458,0.576263964176178,1.1209640502929688,,,,,,,,,,,,,,,,,,,,,,,,,,,,,,,,,,,,,,,,,,,,,,,,,,,,,,,,,,,,,,,,,,,,,,,,
0.00040861630036894623,603,,,,,,,,,,,,,,,,,,,,,,,,,,,,,,,,,,,,,,,,,,,,,,,,,,,,,,,,,,,,,,,,,,,,,,,,,,,,,,,,,,,
,603,0.076097272336483,0.05325296148657799,-0.0014035699423402548,0.00039295549504458904,0.05325296148657799,603,,,,,,,,,,,,,,,,,,,,,,,,,,,,,,,,,,,,,,,,,,,,,,,,,,,,,,,,,,,,,,,,,,,,,,,,,,,,,
,603,,,,,,603,0.076097272336483,0.05325296148657799,-0.0014035699423402548,0.00039295549504458904,0.05325296148657799,,,,,,,,,,,,,,,,,,,,,,,,,,,,,,,,,,,,,,,,,,,,,,,,,,,,,,,,,,,,,,,,,,,,,,,,
0.0004069030333644305,604,,,,,,,,,,,,,,,,,,,,,,,,,,,,,,,,,,,,,,,,,,,,,,,,,,,,,,,,,,,,,,,,,,,,,,,,,,,,,,,,,,,
,604,0.13513168692588806,0.13513168692588806,-0.0014107024762779474,0.0007348706130869687,0.13513168692588806,604,,,,,,,,,,,,,,,,,,,,,,,,,,,,,,,,,,,,,,,,,,,,,,,,,,,,,,,,,,,,,,,,,,,,,,,,,,,,,
,604,,,,,,604,0.13513168692588806,0.13513168692588806,-0.0014107024762779474,0.0007348706130869687,0.13513168692588806,,,,,,,,,,,,,,,,,,,,,,,,,,,,,,,,,,,,,,,,,,,,,,,,,,,,,,,,,,,,,,,,,,,,,,,,
0.0004051909068094158,605,,,,,,,,,,,,,,,,,,,,,,,,,,,,,,,,,,,,,,,,,,,,,,,,,,,,,,,,,,,,,,,,,,,,,,,,,,,,,,,,,,,
,605,0.07738538086414337,0.07738538086414337,-0.0014179684221744537,0.00034618916106410325,0.07738538086414337,605,,,,,,,,,,,,,,,,,,,,,,,,,,,,,,,,,,,,,,,,,,,,,,,,,,,,,,,,,,,,,,,,,,,,,,,,,,,,,
,605,,,,,,605,0.07738538086414337,0.07738538086414337,-0.0014179684221744537,0.00034618916106410325,0.07738538086414337,,,,,,,,,,,,,,,,,,,,,,,,,,,,,,,,,,,,,,,,,,,,,,,,,,,,,,,,,,,,,,,,,,,,,,,,
0.0004034799415656239,606,,,,,,,,,,,,,,,,,,,,,,,,,,,,,,,,,,,,,,,,,,,,,,,,,,,,,,,,,,,,,,,,,,,,,,,,,,,,,,,,,,,
,606,0.07948682457208633,0.07948682457208633,-0.0014253510162234306,0.00034224041155539453,0.07948682457208633,606,,,,,,,,,,,,,,,,,,,,,,,,,,,,,,,,,,,,,,,,,,,,,,,,,,,,,,,,,,,,,,,,,,,,,,,,,,,,,
,606,,,,,,606,0.07948682457208633,0.07948682457208633,-0.0014253510162234306,0.00034224041155539453,0.07948682457208633,,,,,,,,,,,,,,,,,,,,,,,,,,,,,,,,,,,,,,,,,,,,,,,,,,,,,,,,,,,,,,,,,,,,,,,,
0.00040177015848062654,607,,,,,,,,,,,,,,,,,,,,,,,,,,,,,,,,,,,,,,,,,,,,,,,,,,,,,,,,,,,,,,,,,,,,,,,,,,,,,,,,,,,
,607,0.07419776171445847,0.08532049506902695,-0.0014328344259411097,0.0005192431854084134,0.08532049506902695,607,,,,,,,,,,,,,,,,,,,,,,,,,,,,,,,,,,,,,,,,,,,,,,,,,,,,,,,,,,,,,,,,,,,,,,,,,,,,,
,607,,,,,,607,0.07419776171445847,0.08532049506902695,-0.0014328344259411097,0.0005192431854084134,0.08532049506902695,,,,,,,,,,,,,,,,,,,,,,,,,,,,,,,,,,,,,,,,,,,,,,,,,,,,,,,,,,,,,,,,,,,,,,,,
0.0004000615783875906,608,,,,,,,,,,,,,,,,,,,,,,,,,,,,,,,,,,,,,,,,,,,,,,,,,,,,,,,,,,,,,,,,,,,,,,,,,,,,,,,,,,,
,608,0.07772478461265564,0.07772478461265564,-0.001440405729226768,0.00034031597897410393,0.07772478461265564,608,,,,,,,,,,,,,,,,,,,,,,,,,,,,,,,,,,,,,,,,,,,,,,,,,,,,,,,,,,,,,,,,,,,,,,,,,,,,,
,608,,,,,,608,0.07772478461265564,0.07772478461265564,-0.001440405729226768,0.00034031597897410393,0.07772478461265564,,,,,,,,,,,,,,,,,,,,,,,,,,,,,,,,,,,,,,,,,,,,,,,,,,,,,,,,,,,,,,,,,,,,,,,,
0.0003983542221050258,609,,,,,,,,,,,,,,,,,,,,,,,,,,,,,,,,,,,,,,,,,,,,,,,,,,,,,,,,,,,,,,,,,,,,,,,,,,,,,,,,,,,
,609,0.07082325220108032,0.08207105100154877,-0.001448052003979683,0.0005089494516141713,0.08207105100154877,609,,,,,,,,,,,,,,,,,,,,,,,,,,,,,,,,,,,,,,,,,,,,,,,,,,,,,,,,,,,,,,,,,,,,,,,,,,,,,
,609,,,,,,609,0.07082325220108032,0.08207105100154877,-0.001448052003979683,0.0005089494516141713,0.08207105100154877,,,,,,,,,,,,,,,,,,,,,,,,,,,,,,,,,,,,,,,,,,,,,,,,,,,,,,,,,,,,,,,,,,,,,,,,
0.0003966481104365291,610,,,,,,,,,,,,,,,,,,,,,,,,,,,,,,,,,,,,,,,,,,,,,,,,,,,,,,,,,,,,,,,,,,,,,,,,,,,,,,,,,,,
,610,0.06796708703041077,0.06796708703041077,-0.0014557624235749245,0.000453928456408903,0.06796708703041077,610,,,,,,,,,,,,,,,,,,,,,,,,,,,,,,,,,,,,,,,,,,,,,,,,,,,,,,,,,,,,,,,,,,,,,,,,,,,,,
,610,,,,,,610,0.06796708703041077,0.06796708703041077,-0.0014557624235749245,0.000453928456408903,0.06796708703041077,,,,,,,,,,,,,,,,,,,,,,,,,,,,,,,,,,,,,,,,,,,,,,,,,,,,,,,,,,,,,,,,,,,,,,,,
0.0003949432641705334,611,,,,,,,,,,,,,,,,,,,,,,,,,,,,,,,,,,,,,,,,,,,,,,,,,,,,,,,,,,,,,,,,,,,,,,,,,,,,,,,,,,,
,611,0.08701817691326141,0.08701817691326141,-0.0014635274419561028,0.00037345223245210946,0.08701817691326141,611,,,,,,,,,,,,,,,,,,,,,,,,,,,,,,,,,,,,,,,,,,,,,,,,,,,,,,,,,,,,,,,,,,,,,,,,,,,,,
,611,,,,,,611,0.08701817691326141,0.08701817691326141,-0.0014635274419561028,0.00037345223245210946,0.08701817691326141,,,,,,,,,,,,,,,,,,,,,,,,,,,,,,,,,,,,,,,,,,,,,,,,,,,,,,,,,,,,,,,,,,,,,,,,
0.0003932397040800518,612,,,,,,,,,,,,,,,,,,,,,,,,,,,,,,,,,,,,,,,,,,,,,,,,,,,,,,,,,,,,,,,,,,,,,,,,,,,,,,,,,,,
,612,0.06509064137935638,0.06509064137935638,-0.0014713378623127937,0.0005669976817443967,0.06509064137935638,612,,,,,,,,,,,,,,,,,,,,,,,,,,,,,,,,,,,,,,,,,,,,,,,,,,,,,,,,,,,,,,,,,,,,,,,,,,,,,
,612,,,,,,612,0.06509064137935638,0.06509064137935638,-0.0014713378623127937,0.0005669976817443967,0.06509064137935638,,,,,,,,,,,,,,,,,,,,,,,,,,,,,,,,,,,,,,,,,,,,,,,,,,,,,,,,,,,,,,,,,,,,,,,,
0.00039153745092242685,613,,,,,,,,,,,,,,,,,,,,,,,,,,,,,,,,,,,,,,,,,,,,,,,,,,,,,,,,,,,,,,,,,,,,,,,,,,,,,,,,,,,
,613,0.06960088014602661,0.05645244941115379,-0.0014791860012337565,0.00030934001551941037,0.05645244941115379,613,,,,,,,,,,,,,,,,,,,,,,,,,,,,,,,,,,,,,,,,,,,,,,,,,,,,,,,,,,,,,,,,,,,,,,,,,,,,,
,613,,,,,,613,0.06960088014602661,0.05645244941115379,-0.0014791860012337565,0.00030934001551941037,0.05645244941115379,,,,,,,,,,,,,,,,,,,,,,,,,,,,,,,,,,,,,,,,,,,,,,,,,,,,,,,,,,,,,,,,,,,,,,,,
0.00038983652543907605,614,,,,,,,,,,,,,,,,,,,,,,,,,,,,,,,,,,,,,,,,,,,,,,,,,,,,,,,,,,,,,,,,,,,,,,,,,,,,,,,,,,,
,614,0.06211352348327637,0.06211352348327637,-0.0014870563754811883,0.00038600247353315353,0.06211352348327637,614,,,,,,,,,,,,,,,,,,,,,,,,,,,,,,,,,,,,,,,,,,,,,,,,,,,,,,,,,,,,,,,,,,,,,,,,,,,,,
,614,,,,,,614,0.06211352348327637,0.06211352348327637,-0.0014870563754811883,0.00038600247353315353,0.06211352348327637,,,,,,,,,,,,,,,,,,,,,,,,,,,,,,,,,,,,,,,,,,,,,,,,,,,,,,,,,,,,,,,,,,,,,,,,
0.0003881369483552392,615,,,,,,,,,,,,,,,,,,,,,,,,,,,,,,,,,,,,,,,,,,,,,,,,,,,,,,,,,,,,,,,,,,,,,,,,,,,,,,,,,,,
,615,0.061946623027324677,0.061946623027324677,-0.001494951662607491,0.0005747384857386351,0.061946623027324677,615,,,,,,,,,,,,,,,,,,,,,,,,,,,,,,,,,,,,,,,,,,,,,,,,,,,,,,,,,,,,,,,,,,,,,,,,,,,,,
,615,,,,,,615,0.061946623027324677,0.061946623027324677,-0.001494951662607491,0.0005747384857386351,0.061946623027324677,,,,,,,,,,,,,,,,,,,,,,,,,,,,,,,,,,,,,,,,,,,,,,,,,,,,,,,,,,,,,,,,,,,,,,,,
0.0003864387403797274,616,,,,,,,,,,,,,,,,,,,,,,,,,,,,,,,,,,,,,,,,,,,,,,,,,,,,,,,,,,,,,,,,,,,,,,,,,,,,,,,,,,,
,616,0.06806643307209015,0.07976846396923065,-0.0015028661582618952,0.000299428851576522,0.07976846396923065,616,,,,,,,,,,,,,,,,,,,,,,,,,,,,,,,,,,,,,,,,,,,,,,,,,,,,,,,,,,,,,,,,,,,,,,,,,,,,,
,616,,,,,,616,0.06806643307209015,0.07976846396923065,-0.0015028661582618952,0.000299428851576522,0.07976846396923065,,,,,,,,,,,,,,,,,,,,,,,,,,,,,,,,,,,,,,,,,,,,,,,,,,,,,,,,,,,,,,,,,,,,,,,,
0.00038474192220466823,617,,,,,,,,,,,,,,,,,,,,,,,,,,,,,,,,,,,,,,,,,,,,,,,,,,,,,,,,,,,,,,,,,,,,,,,,,,,,,,,,,,,
,617,0.06259619444608688,0.05614910274744034,-0.0015107940416783094,0.00029092447948642075,0.05614910274744034,617,,,,,,,,,,,,,,,,,,,,,,,,,,,,,,,,,,,,,,,,,,,,,,,,,,,,,,,,,,,,,,,,,,,,,,,,,,,,,
,617,,,,,,617,0.06259619444608688,0.05614910274744034,-0.0015107940416783094,0.00029092447948642075,0.05614910274744034,,,,,,,,,,,,,,,,,,,,,,,,,,,,,,,,,,,,,,,,,,,,,,,,,,,,,,,,,,,,,,,,,,,,,,,,
0.0003830465145052563,618,,,,,,,,,,,,,,,,,,,,,,,,,,,,,,,,,,,,,,,,,,,,,,,,,,,,,,,,,,,,,,,,,,,,,,,,,,,,,,,,,,,
,618,0.38461607694625854,0.3928860127925873,-0.0015187312383204699,0.0037229268345981836,0.3928860127925873,618,,,,,,,,,,,,,,,,,,,,,,,,,,,,,,,,,,,,,,,,,,,,,,,,,,,,,,,,,,,,,,,,,,,,,,,,,,,,,
,618,,,,,,618,0.38461607694625854,0.3928860127925873,-0.0015187312383204699,0.0037229268345981836,0.3928860127925873,,,,,,,,,,,,,,,,,,,,,,,,,,,,,,,,,,,,,,,,,,,,,,,,,,,,,,,,,,,,,,,,,,,,,,,,
0.0003813525379394987,619,,,,,,,,,,,,,,,,,,,,,,,,,,,,,,,,,,,,,,,,,,,,,,,,,,,,,,,,,,,,,,,,,,,,,,,,,,,,,,,,,,,
,619,0.08802668750286102,0.10128743201494217,-0.001526671927422285,0.00039136208943091333,0.10128743201494217,619,,,,,,,,,,,,,,,,,,,,,,,,,,,,,,,,,,,,,,,,,,,,,,,,,,,,,,,,,,,,,,,,,,,,,,,,,,,,,
,619,,,,,,619,0.08802668750286102,0.10128743201494217,-0.001526671927422285,0.00039136208943091333,0.10128743201494217,,,,,,,,,,,,,,,,,,,,,,,,,,,,,,,,,,,,,,,,,,,,,,,,,,,,,,,,,,,,,,,,,,,,,,,,
0.00037966001314796593,620,,,,,,,,,,,,,,,,,,,,,,,,,,,,,,,,,,,,,,,,,,,,,,,,,,,,,,,,,,,,,,,,,,,,,,,,,,,,,,,,,,,
,620,0.06482276320457458,0.07710091769695282,-0.0015346136642619967,0.0003620105271693319,0.07710091769695282,620,,,,,,,,,,,,,,,,,,,,,,,,,,,,,,,,,,,,,,,,,,,,,,,,,,,,,,,,,,,,,,,,,,,,,,,,,,,,,
,620,,,,,,620,0.06482276320457458,0.07710091769695282,-0.0015346136642619967,0.0003620105271693319,0.07710091769695282,,,,,,,,,,,,,,,,,,,,,,,,,,,,,,,,,,,,,,,,,,,,,,,,,,,,,,,,,,,,,,,,,,,,,,,,
0.000377968960753538,621,,,,,,,,,,,,,,,,,,,,,,,,,,,,,,,,,,,,,,,,,,,,,,,,,,,,,,,,,,,,,,,,,,,,,,,,,,,,,,,,,,,
,621,0.28157997131347656,0.28157997131347656,-0.0015425531892105937,0.0027062336448580027,0.28157997131347656,621,,,,,,,,,,,,,,,,,,,,,,,,,,,,,,,,,,,,,,,,,,,,,,,,,,,,,,,,,,,,,,,,,,,,,,,,,,,,,
,621,,,,,,621,0.28157997131347656,0.28157997131347656,-0.0015425531892105937,0.0027062336448580027,0.28157997131347656,,,,,,,,,,,,,,,,,,,,,,,,,,,,,,,,,,,,,,,,,,,,,,,,,,,,,,,,,,,,,,,,,,,,,,,,
0.000376279401361155,622,,,,,,,,,,,,,,,,,,,,,,,,,,,,,,,,,,,,,,,,,,,,,,,,,,,,,,,,,,,,,,,,,,,,,,,,,,,,,,,,,,,
,622,0.13846908509731293,0.13846908509731293,-0.0015504875918850303,0.0008389672148041427,0.13846908509731293,622,,,,,,,,,,,,,,,,,,,,,,,,,,,,,,,,,,,,,,,,,,,,,,,,,,,,,,,,,,,,,,,,,,,,,,,,,,,,,
,622,,,,,,622,0.13846908509731293,0.13846908509731293,-0.0015504875918850303,0.0008389672148041427,0.13846908509731293,,,,,,,,,,,,,,,,,,,,,,,,,,,,,,,,,,,,,,,,,,,,,,,,,,,,,,,,,,,,,,,,,,,,,,,,
0.00037459135555756475,623,,,,,,,,,,,,,,,,,,,,,,,,,,,,,,,,,,,,,,,,,,,,,,,,,,,,,,,,,,,,,,,,,,,,,,,,,,,,,,,,,,,
,623,0.11137321591377258,0.11137321591377258,-0.0015584140783175826,0.0005672387778759003,0.11137321591377258,623,,,,,,,,,,,,,,,,,,,,,,,,,,,,,,,,,,,,,,,,,,,,,,,,,,,,,,,,,,,,,,,,,,,,,,,,,,,,,
,623,,,,,,623,0.11137321591377258,0.11137321591377258,-0.0015584140783175826,0.0005672387778759003,0.11137321591377258,,,,,,,,,,,,,,,,,,,,,,,,,,,,,,,,,,,,,,,,,,,,,,,,,,,,,,,,,,,,,,,,,,,,,,,,
0.0003729048439110725,624,,,,,,,,,,,,,,,,,,,,,,,,,,,,,,,,,,,,,,,,,,,,,,,,,,,,,,,,,,,,,,,,,,,,,,,,,,,,,,,,,,,
,624,0.06471019983291626,0.06471019983291626,-0.0015663300873711705,0.0006062554311938584,0.06471019983291626,624,,,,,,,,,,,,,,,,,,,,,,,,,,,,,,,,,,,,,,,,,,,,,,,,,,,,,,,,,,,,,,,,,,,,,,,,,,,,,
,624,,,,,,624,0.06471019983291626,0.06471019983291626,-0.0015663300873711705,0.0006062554311938584,0.06471019983291626,,,,,,,,,,,,,,,,,,,,,,,,,,,,,,,,,,,,,,,,,,,,,,,,,,,,,,,,,,,,,,,,,,,,,,,,
0.00037121988697129085,625,,,,,,,,,,,,,,,,,,,,,,,,,,,,,,,,,,,,,,,,,,,,,,,,,,,,,,,,,,,,,,,,,,,,,,,,,,,,,,,,,,,
,625,0.0652145966887474,0.0652145966887474,-0.0015742334071546793,0.00034954253351315856,0.0652145966887474,625,,,,,,,,,,,,,,,,,,,,,,,,,,,,,,,,,,,,,,,,,,,,,,,,,,,,,,,,,,,,,,,,,,,,,,,,,,,,,
,625,,,,,,625,0.0652145966887474,0.0652145966887474,-0.0015742334071546793,0.00034954253351315856,0.0652145966887474,,,,,,,,,,,,,,,,,,,,,,,,,,,,,,,,,,,,,,,,,,,,,,,,,,,,,,,,,,,,,,,,,,,,,,,,
0.00036953650526888793,626,,,,,,,,,,,,,,,,,,,,,,,,,,,,,,,,,,,,,,,,,,,,,,,,,,,,,,,,,,,,,,,,,,,,,,,,,,,,,,,,,,,
,626,0.06344761699438095,0.07525597512722015,-0.0015821224078536034,0.0003873805108014494,0.07525597512722015,626,,,,,,,,,,,,,,,,,,,,,,,,,,,,,,,,,,,,,,,,,,,,,,,,,,,,,,,,,,,,,,,,,,,,,,,,,,,,,
,626,,,,,,626,0.06344761699438095,0.07525597512722015,-0.0015821224078536034,0.0003873805108014494,0.07525597512722015,,,,,,,,,,,,,,,,,,,,,,,,,,,,,,,,,,,,,,,,,,,,,,,,,,,,,,,,,,,,,,,,,,,,,,,,
0.000367854719315339,627,,,,,,,,,,,,,,,,,,,,,,,,,,,,,,,,,,,,,,,,,,,,,,,,,,,,,,,,,,,,,,,,,,,,,,,,,,,,,,,,,,,
,627,0.09287311881780624,0.0919056311249733,-0.0015899947611615062,0.00043617497431114316,0.0919056311249733,627,,,,,,,,,,,,,,,,,,,,,,,,,,,,,,,,,,,,,,,,,,,,,,,,,,,,,,,,,,,,,,,,,,,,,,,,,,,,,
,627,,,,,,627,0.09287311881780624,0.0919056311249733,-0.0015899947611615062,0.00043617497431114316,0.0919056311249733,,,,,,,,,,,,,,,,,,,,,,,,,,,,,,,,,,,,,,,,,,,,,,,,,,,,,,,,,,,,,,,,,,,,,,,,
0.0003661745496026746,628,,,,,,,,,,,,,,,,,,,,,,,,,,,,,,,,,,,,,,,,,,,,,,,,,,,,,,,,,,,,,,,,,,,,,,,,,,,,,,,,,,,
,628,0.2755173444747925,0.2755173444747925,-0.0015978487208485603,0.0029728298541158438,0.2755173444747925,628,,,,,,,,,,,,,,,,,,,,,,,,,,,,,,,,,,,,,,,,,,,,,,,,,,,,,,,,,,,,,,,,,,,,,,,,,,,,,
,628,,,,,,628,0.2755173444747925,0.2755173444747925,-0.0015978487208485603,0.0029728298541158438,0.2755173444747925,,,,,,,,,,,,,,,,,,,,,,,,,,,,,,,,,,,,,,,,,,,,,,,,,,,,,,,,,,,,,,,,,,,,,,,,
0.00036449601660323307,629,,,,,,,,,,,,,,,,,,,,,,,,,,,,,,,,,,,,,,,,,,,,,,,,,,,,,,,,,,,,,,,,,,,,,,,,,,,,,,,,,,,
,629,0.07648588716983795,0.06333601474761963,-0.0016056835884228349,0.0003244148683734238,0.06333601474761963,629,,,,,,,,,,,,,,,,,,,,,,,,,,,,,,,,,,,,,,,,,,,,,,,,,,,,,,,,,,,,,,,,,,,,,,,,,,,,,
,629,,,,,,629,0.07648588716983795,0.06333601474761963,-0.0016056835884228349,0.0003244148683734238,0.06333601474761963,,,,,,,,,,,,,,,,,,,,,,,,,,,,,,,,,,,,,,,,,,,,,,,,,,,,,,,,,,,,,,,,,,,,,,,,
0.0003628191407694089,630,,,,,,,,,,,,,,,,,,,,,,,,,,,,,,,,,,,,,,,,,,,,,,,,,,,,,,,,,,,,,,,,,,,,,,,,,,,,,,,,,,,
,630,0.09483595937490463,0.09462928026914597,-0.001613496569916606,0.00043269182788208127,0.09462928026914597,630,,,,,,,,,,,,,,,,,,,,,,,,,,,,,,,,,,,,,,,,,,,,,,,,,,,,,,,,,,,,,,,,,,,,,,,,,,,,,
,630,,,,,,630,0.09483595937490463,0.09462928026914597,-0.001613496569916606,0.00043269182788208127,0.09462928026914597,,,,,,,,,,,,,,,,,,,,,,,,,,,,,,,,,,,,,,,,,,,,,,,,,,,,,,,,,,,,,,,,,,,,,,,,
0.00036114394253340497,631,,,,,,,,,,,,,,,,,,,,,,,,,,,,,,,,,,,,,,,,,,,,,,,,,,,,,,,,,,,,,,,,,,,,,,,,,,,,,,,,,,,
,631,0.06164063140749931,0.052411407232284546,-0.0016211054753512144,0.00045302536454983056,0.052411407232284546,631,,,,,,,,,,,,,,,,,,,,,,,,,,,,,,,,,,,,,,,,,,,,,,,,,,,,,,,,,,,,,,,,,,,,,,,,,,,,,
,631,,,,,,631,0.06164063140749931,0.052411407232284546,-0.0016211054753512144,0.00045302536454983056,0.052411407232284546,,,,,,,,,,,,,,,,,,,,,,,,,,,,,,,,,,,,,,,,,,,,,,,,,,,,,,,,,,,,,,,,,,,,,,,,
0.0003594704423069832,632,,,,,,,,,,,,,,,,,,,,,,,,,,,,,,,,,,,,,,,,,,,,,,,,,,,,,,,,,,,,,,,,,,,,,,,,,,,,,,,,,,,
,632,0.08439361304044724,0.08439361304044724,-0.001628521247766912,0.0003780644037760794,0.08439361304044724,632,,,,,,,,,,,,,,,,,,,,,,,,,,,,,,,,,,,,,,,,,,,,,,,,,,,,,,,,,,,,,,,,,,,,,,,,,,,,,
,632,,,,,,632,0.08439361304044724,0.08439361304044724,-0.001628521247766912,0.0003780644037760794,0.08439361304044724,,,,,,,,,,,,,,,,,,,,,,,,,,,,,,,,,,,,,,,,,,,,,,,,,,,,,,,,,,,,,,,,,,,,,,,,
0.0003577986604812157,633,,,,,,,,,,,,,,,,,,,,,,,,,,,,,,,,,,,,,,,,,,,,,,,,,,,,,,,,,,,,,,,,,,,,,,,,,,,,,,,,,,,
,633,0.6984769701957703,0.7011767625808716,-0.0016359495930373669,0.02289402112364769,0.7011767625808716,633,,,,,,,,,,,,,,,,,,,,,,,,,,,,,,,,,,,,,,,,,,,,,,,,,,,,,,,,,,,,,,,,,,,,,,,,,,,,,
,633,,,,,,633,0.6984769701957703,0.7011767625808716,-0.0016359495930373669,0.02289402112364769,0.7011767625808716,,,,,,,,,,,,,,,,,,,,,,,,,,,,,,,,,,,,,,,,,,,,,,,,,,,,,,,,,,,,,,,,,,,,,,,,
0.00035612861742623643,634,,,,,,,,,,,,,,,,,,,,,,,,,,,,,,,,,,,,,,,,,,,,,,,,,,,,,,,,,,,,,,,,,,,,,,,,,,,,,,,,,,,
,634,0.0724945068359375,0.0724945068359375,-0.0016433825949206948,0.0005792056326754391,0.0724945068359375,634,,,,,,,,,,,,,,,,,,,,,,,,,,,,,,,,,,,,,,,,,,,,,,,,,,,,,,,,,,,,,,,,,,,,,,,,,,,,,
,634,,,,,,634,0.0724945068359375,0.0724945068359375,-0.0016433825949206948,0.0005792056326754391,0.0724945068359375,,,,,,,,,,,,,,,,,,,,,,,,,,,,,,,,,,,,,,,,,,,,,,,,,,,,,,,,,,,,,,,,,,,,,,,,
0.000354460333490993,635,,,,,,,,,,,,,,,,,,,,,,,,,,,,,,,,,,,,,,,,,,,,,,,,,,,,,,,,,,,,,,,,,,,,,,,,,,,,,,,,,,,
,635,0.16679644584655762,0.1650485247373581,-0.0016508199041709304,0.0011304334038868546,0.1650485247373581,635,,,,,,,,,,,,,,,,,,,,,,,,,,,,,,,,,,,,,,,,,,,,,,,,,,,,,,,,,,,,,,,,,,,,,,,,,,,,,
,635,,,,,,635,0.16679644584655762,0.1650485247373581,-0.0016508199041709304,0.0011304334038868546,0.1650485247373581,,,,,,,,,,,,,,,,,,,,,,,,,,,,,,,,,,,,,,,,,,,,,,,,,,,,,,,,,,,,,,,,,,,,,,,,
0.00035279382900299874,636,,,,,,,,,,,,,,,,,,,,,,,,,,,,,,,,,,,,,,,,,,,,,,,,,,,,,,,,,,,,,,,,,,,,,,,,,,,,,,,,,,,
,636,0.0661938488483429,0.07404620945453644,-0.0016582448733970523,0.0004162733384873718,0.07404620945453644,636,,,,,,,,,,,,,,,,,,,,,,,,,,,,,,,,,,,,,,,,,,,,,,,,,,,,,,,,,,,,,,,,,,,,,,,,,,,,,
,636,,,,,,636,0.0661938488483429,0.07404620945453644,-0.0016582448733970523,0.0004162733384873718,0.07404620945453644,,,,,,,,,,,,,,,,,,,,,,,,,,,,,,,,,,,,,,,,,,,,,,,,,,,,,,,,,,,,,,,,,,,,,,,,
0.00035112912426808475,637,,,,,,,,,,,,,,,,,,,,,,,,,,,,,,,,,,,,,,,,,,,,,,,,,,,,,,,,,,,,,,,,,,,,,,,,,,,,,,,,,,,
,637,0.06464498490095139,0.06464498490095139,-0.0016656684456393123,0.0006282934918999672,0.06464498490095139,637,,,,,,,,,,,,,,,,,,,,,,,,,,,,,,,,,,,,,,,,,,,,,,,,,,,,,,,,,,,,,,,,,,,,,,,,,,,,,
,637,,,,,,637,0.06464498490095139,0.06464498490095139,-0.0016656684456393123,0.0006282934918999672,0.06464498490095139,,,,,,,,,,,,,,,,,,,,,,,,,,,,,,,,,,,,,,,,,,,,,,,,,,,,,,,,,,,,,,,,,,,,,,,,
0.00034946623957015304,638,,,,,,,,,,,,,,,,,,,,,,,,,,,,,,,,,,,,,,,,,,,,,,,,,,,,,,,,,,,,,,,,,,,,,,,,,,,,,,,,,,,
,638,0.15581713616847992,0.15581713616847992,-0.0016730872448533773,0.0010693304939195514,0.15581713616847992,638,,,,,,,,,,,,,,,,,,,,,,,,,,,,,,,,,,,,,,,,,,,,,,,,,,,,,,,,,,,,,,,,,,,,,,,,,,,,,
,638,,,,,,638,0.15581713616847992,0.15581713616847992,-0.0016730872448533773,0.0010693304939195514,0.15581713616847992,,,,,,,,,,,,,,,,,,,,,,,,,,,,,,,,,,,,,,,,,,,,,,,,,,,,,,,,,,,,,,,,,,,,,,,,
0.00034780519517092876,639,,,,,,,,,,,,,,,,,,,,,,,,,,,,,,,,,,,,,,,,,,,,,,,,,,,,,,,,,,,,,,,,,,,,,,,,,,,,,,,,,,,
,639,0.11885961145162582,0.11885961145162582,-0.0016804984770715237,0.0006780596449971199,0.11885961145162582,639,,,,,,,,,,,,,,,,,,,,,,,,,,,,,,,,,,,,,,,,,,,,,,,,,,,,,,,,,,,,,,,,,,,,,,,,,,,,,
,639,,,,,,639,0.11885961145162582,0.11885961145162582,-0.0016804984770715237,0.0006780596449971199,0.11885961145162582,,,,,,,,,,,,,,,,,,,,,,,,,,,,,,,,,,,,,,,,,,,,,,,,,,,,,,,,,,,,,,,,,,,,,,,,
0.0003461460113097138,640,,,,,,,,,,,,,,,,,,,,,,,,,,,,,,,,,,,,,,,,,,,,,,,,,,,,,,,,,,,,,,,,,,,,,,,,,,,,,,,,,,,
,640,0.11693336814641953,0.12795387208461761,-0.0016878996975719929,0.0006554943975061178,0.12795387208461761,640,,,,,,,,,,,,,,,,,,,,,,,,,,,,,,,,,,,,,,,,,,,,,,,,,,,,,,,,,,,,,,,,,,,,,,,,,,,,,
,640,,,,,,640,0.11693336814641953,0.12795387208461761,-0.0016878996975719929,0.0006554943975061178,0.12795387208461761,,,,,,,,,,,,,,,,,,,,,,,,,,,,,,,,,,,,,,,,,,,,,,,,,,,,,,,,,,,,,,,,,,,,,,,,
0.00034448870820313985,641,,,,,,,,,,,,,,,,,,,,,,,,,,,,,,,,,,,,,,,,,,,,,,,,,,,,,,,,,,,,,,,,,,,,,,,,,,,,,,,,,,,
,641,0.10857613384723663,0.09933722019195557,-0.0016952881123870611,0.0005698581226170063,0.09933722019195557,641,,,,,,,,,,,,,,,,,,,,,,,,,,,,,,,,,,,,,,,,,,,,,,,,,,,,,,,,,,,,,,,,,,,,,,,,,,,,,
,641,,,,,,641,0.10857613384723663,0.09933722019195557,-0.0016952881123870611,0.0005698581226170063,0.09933722019195557,,,,,,,,,,,,,,,,,,,,,,,,,,,,,,,,,,,,,,,,,,,,,,,,,,,,,,,,,,,,,,,,,,,,,,,,
0.00034283330604492244,642,,,,,,,,,,,,,,,,,,,,,,,,,,,,,,,,,,,,,,,,,,,,,,,,,,,,,,,,,,,,,,,,,,,,,,,,,,,,,,,,,,,
,642,0.27550262212753296,0.27550262212753296,-0.0017024652333930135,0.0029979741666465998,0.27550262212753296,642,,,,,,,,,,,,,,,,,,,,,,,,,,,,,,,,,,,,,,,,,,,,,,,,,,,,,,,,,,,,,,,,,,,,,,,,,,,,,
,642,,,,,,642,0.27550262212753296,0.27550262212753296,-0.0017024652333930135,0.0029979741666465998,0.27550262212753296,,,,,,,,,,,,,,,,,,,,,,,,,,,,,,,,,,,,,,,,,,,,,,,,,,,,,,,,,,,,,,,,,,,,,,,,
0.000341179825005614,643,,,,,,,,,,,,,,,,,,,,,,,,,,,,,,,,,,,,,,,,,,,,,,,,,,,,,,,,,,,,,,,,,,,,,,,,,,,,,,,,,,,
,643,0.06297721713781357,0.08626185357570648,-0.0017096465453505516,0.0005888727027922869,0.08626185357570648,643,,,,,,,,,,,,,,,,,,,,,,,,,,,,,,,,,,,,,,,,,,,,,,,,,,,,,,,,,,,,,,,,,,,,,,,,,,,,,
,643,,,,,,643,0.06297721713781357,0.08626185357570648,-0.0017096465453505516,0.0005888727027922869,0.08626185357570648,,,,,,,,,,,,,,,,,,,,,,,,,,,,,,,,,,,,,,,,,,,,,,,,,,,,,,,,,,,,,,,,,,,,,,,,
0.0003395282852323597,644,,,,,,,,,,,,,,,,,,,,,,,,,,,,,,,,,,,,,,,,,,,,,,,,,,,,,,,,,,,,,,,,,,,,,,,,,,,,,,,,,,,
,644,0.17769478261470795,0.17769478261470795,-0.0017168279737234116,0.001368992612697184,0.17769478261470795,644,,,,,,,,,,,,,,,,,,,,,,,,,,,,,,,,,,,,,,,,,,,,,,,,,,,,,,,,,,,,,,,,,,,,,,,,,,,,,
,644,,,,,,644,0.17769478261470795,0.17769478261470795,-0.0017168279737234116,0.001368992612697184,0.17769478261470795,,,,,,,,,,,,,,,,,,,,,,,,,,,,,,,,,,,,,,,,,,,,,,,,,,,,,,,,,,,,,,,,,,,,,,,,
0.00033787870684865015,645,,,,,,,,,,,,,,,,,,,,,,,,,,,,,,,,,,,,,,,,,,,,,,,,,,,,,,,,,,,,,,,,,,,,,,,,,,,,,,,,,,,
,645,0.10175769776105881,0.10175769776105881,-0.0017240067245438695,0.0005159995052963495,0.10175769776105881,645,,,,,,,,,,,,,,,,,,,,,,,,,,,,,,,,,,,,,,,,,,,,,,,,,,,,,,,,,,,,,,,,,,,,,,,,,,,,,
,645,,,,,,645,0.10175769776105881,0.10175769776105881,-0.0017240067245438695,0.0005159995052963495,0.10175769776105881,,,,,,,,,,,,,,,,,,,,,,,,,,,,,,,,,,,,,,,,,,,,,,,,,,,,,,,,,,,,,,,,,,,,,,,,
0.0003362311099540776,646,,,,,,,,,,,,,,,,,,,,,,,,,,,,,,,,,,,,,,,,,,,,,,,,,,,,,,,,,,,,,,,,,,,,,,,,,,,,,,,,,,,
,646,0.103554867208004,0.08473082631826401,-0.0017311793053522706,0.0005321622593328357,0.08473082631826401,646,,,,,,,,,,,,,,,,,,,,,,,,,,,,,,,,,,,,,,,,,,,,,,,,,,,,,,,,,,,,,,,,,,,,,,,,,,,,,
,646,,,,,,646,0.103554867208004,0.08473082631826401,-0.0017311793053522706,0.0005321622593328357,0.08473082631826401,,,,,,,,,,,,,,,,,,,,,,,,,,,,,,,,,,,,,,,,,,,,,,,,,,,,,,,,,,,,,,,,,,,,,,,,
0.0003345855146240902,647,,,,,,,,,,,,,,,,,,,,,,,,,,,,,,,,,,,,,,,,,,,,,,,,,,,,,,,,,,,,,,,,,,,,,,,,,,,,,,,,,,,
,647,0.06667202711105347,0.07192223519086838,-0.0017383088124915957,0.00037233796319924295,0.07192223519086838,647,,,,,,,,,,,,,,,,,,,,,,,,,,,,,,,,,,,,,,,,,,,,,,,,,,,,,,,,,,,,,,,,,,,,,,,,,,,,,
,647,,,,,,647,0.06667202711105347,0.07192223519086838,-0.0017383088124915957,0.00037233796319924295,0.07192223519086838,,,,,,,,,,,,,,,,,,,,,,,,,,,,,,,,,,,,,,,,,,,,,,,,,,,,,,,,,,,,,,,,,,,,,,,,
0.0003329419409097476,648,,,,,,,,,,,,,,,,,,,,,,,,,,,,,,,,,,,,,,,,,,,,,,,,,,,,,,,,,,,,,,,,,,,,,,,,,,,,,,,,,,,
,648,0.5794721245765686,0.5813251733779907,-0.0017452070023864508,0.014290965162217617,0.5813251733779907,648,,,,,,,,,,,,,,,,,,,,,,,,,,,,,,,,,,,,,,,,,,,,,,,,,,,,,,,,,,,,,,,,,,,,,,,,,,,,,
,648,,,,,,648,0.5794721245765686,0.5813251733779907,-0.0017452070023864508,0.014290965162217617,0.5813251733779907,,,,,,,,,,,,,,,,,,,,,,,,,,,,,,,,,,,,,,,,,,,,,,,,,,,,,,,,,,,,,,,,,,,,,,,,
0.00033130040883747687,649,,,,,,,,,,,,,,,,,,,,,,,,,,,,,,,,,,,,,,,,,,,,,,,,,,,,,,,,,,,,,,,,,,,,,,,,,,,,,,,,,,,
,649,0.3161039352416992,0.3161039352416992,-0.0017520829569548368,0.004142032470554113,0.3161039352416992,649,,,,,,,,,,,,,,,,,,,,,,,,,,,,,,,,,,,,,,,,,,,,,,,,,,,,,,,,,,,,,,,,,,,,,,,,,,,,,
,649,,,,,,649,,,,,,0.04151713103055954,0.04151713103055954,-0.001758971018716693,0.0002881830441765487,0.04151713103055954,0.03413408249616623,0.025904469192028046,-0.001758971018716693,0.00024831813061609864,0.025904469192028046,-0.08556346595287323,0.17917807400226593,0.27562740445137024,0.1828417181968689,0.13427187502384186,0.08458897471427917,0.061144500970840454,0.04119504988193512,0.009338689967989922,0.08556346595287323,0.6805968284606934,0.5040727257728577,0.37486574053764343,0.31897491216659546,0.2837715446949005,0.35684630274772644,0.41985467076301575,0.2000034898519516,0.15470930933952332,0.09848093241453171,0.07032518088817596,0.045975323766469955,0.009498564526438713,0.09649880230426788,24.102039337158203,22.095439910888672,30.15756607055664,42.81938171386719,79.29341888427734,2937.619384765625,522.6812133789062,-0.06390349566936493,0.19314368069171906,0.2788674533367157,0.17570294439792633,0.09491033852100372,0.05207105726003647,0.03547695651650429,0.022469662129878998,0.0027899988926947117,0.06390349566936493,0.6627035737037659,0.340878963470459,0.2214464694261551,0.18047982454299927,0.1527651846408844,0.1078837662935257,0.277692973613739,0.1929587721824646,0.11624301224946976,0.06373988837003708,0.04228951036930084,0.025668367743492126,0.0028558876365423203,0.07395923882722855,24.55040740966797,17.898460388183594,25.122568130493164,37.90888977050781,73.72272491455078,2970.15478515625,524.8929443359375
,649,,,,,,649,0.3161039352416992,0.3161039352416992,-0.0017520829569548368,0.004142032470554113,0.3161039352416992,,,,,,,,,,,,,,,,,,,,,,,,,,,,,,,,,,,,,,,,,,,,,,,,,,,,,,,,,,,,,,,,,,,,,,,,
0.0003296609384088284,650,,,,,,,,,,,,,,,,,,,,,,,,,,,,,,,,,,,,,,,,,,,,,,,,,,,,,,,,,,,,,,,,,,,,,,,,,,,,,,,,,,,
,650,0.07464458048343658,0.06468430161476135,-0.001758971018716693,0.0003219169448129833,0.06468430161476135,650,,,,,,,,,,,,,,,,,,,,,,,,,,,,,,,,,,,,,,,,,,,,,,,,,,,,,,,,,,,,,,,,,,,,,,,,,,,,,
,650,,,,,,650,0.07464458048343658,0.06468430161476135,-0.001758971018716693,0.0003219169448129833,0.06468430161476135,,,,,,,,,,,,,,,,,,,,,,,,,,,,,,,,,,,,,,,,,,,,,,,,,,,,,,,,,,,,,,,,,,,,,,,,
0.00032802354960023196,651,,,,,,,,,,,,,,,,,,,,,,,,,,,,,,,,,,,,,,,,,,,,,,,,,,,,,,,,,,,,,,,,,,,,,,,,,,,,,,,,,,,
,651,0.12104432284832001,0.12753400206565857,-0.0017656770069152117,0.000678539217915386,0.12753400206565857,651,,,,,,,,,,,,,,,,,,,,,,,,,,,,,,,,,,,,,,,,,,,,,,,,,,,,,,,,,,,,,,,,,,,,,,,,,,,,,
,651,,,,,,651,0.12104432284832001,0.12753400206565857,-0.0017656770069152117,0.000678539217915386,0.12753400206565857,,,,,,,,,,,,,,,,,,,,,,,,,,,,,,,,,,,,,,,,,,,,,,,,,,,,,,,,,,,,,,,,,,,,,,,,
0.0003263882623627532,652,,,,,,,,,,,,,,,,,,,,,,,,,,,,,,,,,,,,,,,,,,,,,,,,,,,,,,,,,,,,,,,,,,,,,,,,,,,,,,,,,,,
,652,0.06633173674345016,0.06633173674345016,-0.001772129675373435,0.0005917209200561047,0.06633173674345016,652,,,,,,,,,,,,,,,,,,,,,,,,,,,,,,,,,,,,,,,,,,,,,,,,,,,,,,,,,,,,,,,,,,,,,,,,,,,,,
,652,,,,,,652,0.06633173674345016,0.06633173674345016,-0.001772129675373435,0.0005917209200561047,0.06633173674345016,,,,,,,,,,,,,,,,,,,,,,,,,,,,,,,,,,,,,,,,,,,,,,,,,,,,,,,,,,,,,,,,,,,,,,,,
0.0003247550966218515,653,,,,,,,,,,,,,,,,,,,,,,,,,,,,,,,,,,,,,,,,,,,,,,,,,,,,,,,,,,,,,,,,,,,,,,,,,,,,,,,,,,,
,653,0.10126765072345734,0.11286809295415878,-0.0017786282114684582,0.0004959646030329168,0.11286809295415878,653,,,,,,,,,,,,,,,,,,,,,,,,,,,,,,,,,,,,,,,,,,,,,,,,,,,,,,,,,,,,,,,,,,,,,,,,,,,,,
,653,,,,,,653,0.10126765072345734,0.11286809295415878,-0.0017786282114684582,0.0004959646030329168,0.11286809295415878,,,,,,,,,,,,,,,,,,,,,,,,,,,,,,,,,,,,,,,,,,,,,,,,,,,,,,,,,,,,,,,,,,,,,,,,
0.00032312407227713544,654,,,,,,,,,,,,,,,,,,,,,,,,,,,,,,,,,,,,,,,,,,,,,,,,,,,,,,,,,,,,,,,,,,,,,,,,,,,,,,,,,,,
,654,0.14796768128871918,0.1520206183195114,-0.0017851644661277533,0.0009749194723553956,0.1520206183195114,654,,,,,,,,,,,,,,,,,,,,,,,,,,,,,,,,,,,,,,,,,,,,,,,,,,,,,,,,,,,,,,,,,,,,,,,,,,,,,
,654,,,,,,654,0.14796768128871918,0.1520206183195114,-0.0017851644661277533,0.0009749194723553956,0.1520206183195114,,,,,,,,,,,,,,,,,,,,,,,,,,,,,,,,,,,,,,,,,,,,,,,,,,,,,,,,,,,,,,,,,,,,,,,,
0.00032149520920212246,655,,,,,,,,,,,,,,,,,,,,,,,,,,,,,,,,,,,,,,,,,,,,,,,,,,,,,,,,,,,,,,,,,,,,,,,,,,,,,,,,,,,
,655,0.06521954387426376,0.06521954387426376,-0.0017917315708473325,0.00035578044480644166,0.06521954387426376,655,,,,,,,,,,,,,,,,,,,,,,,,,,,,,,,,,,,,,,,,,,,,,,,,,,,,,,,,,,,,,,,,,,,,,,,,,,,,,
,655,,,,,,655,0.06521954387426376,0.06521954387426376,-0.0017917315708473325,0.00035578044480644166,0.06521954387426376,,,,,,,,,,,,,,,,,,,,,,,,,,,,,,,,,,,,,,,,,,,,,,,,,,,,,,,,,,,,,,,,,,,,,,,,
0.0003198685272439948,656,,,,,,,,,,,,,,,,,,,,,,,,,,,,,,,,,,,,,,,,,,,,,,,,,,,,,,,,,,,,,,,,,,,,,,,,,,,,,,,,,,,
,656,0.06524291634559631,0.06524291634559631,-0.0017983228899538517,0.00032633624505251646,0.06524291634559631,656,,,,,,,,,,,,,,,,,,,,,,,,,,,,,,,,,,,,,,,,,,,,,,,,,,,,,,,,,,,,,,,,,,,,,,,,,,,,,
,656,,,,,,656,0.06524291634559631,0.06524291634559631,-0.0017983228899538517,0.00032633624505251646,0.06524291634559631,,,,,,,,,,,,,,,,,,,,,,,,,,,,,,,,,,,,,,,,,,,,,,,,,,,,,,,,,,,,,,,,,,,,,,,,
0.0003182440462233589,657,,,,,,,,,,,,,,,,,,,,,,,,,,,,,,,,,,,,,,,,,,,,,,,,,,,,,,,,,,,,,,,,,,,,,,,,,,,,,,,,,,,
,657,0.0616687536239624,0.07156088203191757,-0.0018049328355118632,0.0004867486422881484,0.07156088203191757,657,,,,,,,,,,,,,,,,,,,,,,,,,,,,,,,,,,,,,,,,,,,,,,,,,,,,,,,,,,,,,,,,,,,,,,,,,,,,,
,657,,,,,,657,0.0616687536239624,0.07156088203191757,-0.0018049328355118632,0.0004867486422881484,0.07156088203191757,,,,,,,,,,,,,,,,,,,,,,,,,,,,,,,,,,,,,,,,,,,,,,,,,,,,,,,,,,,,,,,,,,,,,,,,
0.00031662178593400343,658,,,,,,,,,,,,,,,,,,,,,,,,,,,,,,,,,,,,,,,,,,,,,,,,,,,,,,,,,,,,,,,,,,,,,,,,,,,,,,,,,,,
,658,0.060610756278038025,0.060610756278038025,-0.0018115558195859194,0.00048819935182109475,0.060610756278038025,658,,,,,,,,,,,,,,,,,,,,,,,,,,,,,,,,,,,,,,,,,,,,,,,,,,,,,,,,,,,,,,,,,,,,,,,,,,,,,
,658,,,,,,658,0.060610756278038025,0.060610756278038025,-0.0018115558195859194,0.00048819935182109475,0.060610756278038025,,,,,,,,,,,,,,,,,,,,,,,,,,,,,,,,,,,,,,,,,,,,,,,,,,,,,,,,,,,,,,,,,,,,,,,,
0.00031500176614265765,659,,,,,,,,,,,,,,,,,,,,,,,,,,,,,,,,,,,,,,,,,,,,,,,,,,,,,,,,,,,,,,,,,,,,,,,,,,,,,,,,,,,
,659,0.05940622836351395,0.05940622836351395,-0.0018181875348091125,0.000489251920953393,0.05940622836351395,659,,,,,,,,,,,,,,,,,,,,,,,,,,,,,,,,,,,,,,,,,,,,,,,,,,,,,,,,,,,,,,,,,,,,,,,,,,,,,
,659,,,,,,659,0.05940622836351395,0.05940622836351395,-0.0018181875348091125,0.000489251920953393,0.05940622836351395,,,,,,,,,,,,,,,,,,,,,,,,,,,,,,,,,,,,,,,,,,,,,,,,,,,,,,,,,,,,,,,,,,,,,,,,
0.00031338400658875194,660,,,,,,,,,,,,,,,,,,,,,,,,,,,,,,,,,,,,,,,,,,,,,,,,,,,,,,,,,,,,,,,,,,,,,,,,,,,,,,,,,,,
,660,0.06793951988220215,0.07501006871461868,-0.0018248234409838915,0.00028940619085915387,0.07501006871461868,660,,,,,,,,,,,,,,,,,,,,,,,,,,,,,,,,,,,,,,,,,,,,,,,,,,,,,,,,,,,,,,,,,,,,,,,,,,,,,
,660,,,,,,660,0.06793951988220215,0.07501006871461868,-0.0018248234409838915,0.00028940619085915387,0.07501006871461868,,,,,,,,,,,,,,,,,,,,,,,,,,,,,,,,,,,,,,,,,,,,,,,,,,,,,,,,,,,,,,,,,,,,,,,,
0.00031176852698417556,661,,,,,,,,,,,,,,,,,,,,,,,,,,,,,,,,,,,,,,,,,,,,,,,,,,,,,,,,,,,,,,,,,,,,,,,,,,,,,,,,,,,
,661,0.11596550047397614,0.11596550047397614,-0.0018314601620659232,0.0006357418023981154,0.11596550047397614,661,,,,,,,,,,,,,,,,,,,,,,,,,,,,,,,,,,,,,,,,,,,,,,,,,,,,,,,,,,,,,,,,,,,,,,,,,,,,,
,661,,,,,,661,0.11596550047397614,0.11596550047397614,-0.0018314601620659232,0.0006357418023981154,0.11596550047397614,,,,,,,,,,,,,,,,,,,,,,,,,,,,,,,,,,,,,,,,,,,,,,,,,,,,,,,,,,,,,,,,,,,,,,,,
0.00031015534701303815,662,,,,,,,,,,,,,,,,,,,,,,,,,,,,,,,,,,,,,,,,,,,,,,,,,,,,,,,,,,,,,,,,,,,,,,,,,,,,,,,,,,,
,662,0.24291354417800903,0.24291354417800903,-0.001838094089180231,0.0023182136937975883,0.24291354417800903,662,,,,,,,,,,,,,,,,,,,,,,,,,,,,,,,,,,,,,,,,,,,,,,,,,,,,,,,,,,,,,,,,,,,,,,,,,,,,,
,662,,,,,,662,0.24291354417800903,0.24291354417800903,-0.001838094089180231,0.0023182136937975883,0.24291354417800903,,,,,,,,,,,,,,,,,,,,,,,,,,,,,,,,,,,,,,,,,,,,,,,,,,,,,,,,,,,,,,,,,,,,,,,,
0.00030854448633142793,663,,,,,,,,,,,,,,,,,,,,,,,,,,,,,,,,,,,,,,,,,,,,,,,,,,,,,,,,,,,,,,,,,,,,,,,,,,,,,,,,,,,
,663,0.06192318722605705,0.06192318722605705,-0.0018447220791131258,0.0006041530868969858,0.06192318722605705,663,,,,,,,,,,,,,,,,,,,,,,,,,,,,,,,,,,,,,,,,,,,,,,,,,,,,,,,,,,,,,,,,,,,,,,,,,,,,,
,663,,,,,,663,0.06192318722605705,0.06192318722605705,-0.0018447220791131258,0.0006041530868969858,0.06192318722605705,,,,,,,,,,,,,,,,,,,,,,,,,,,,,,,,,,,,,,,,,,,,,,,,,,,,,,,,,,,,,,,,,,,,,,,,
0.00030693596456717455,664,,,,,,,,,,,,,,,,,,,,,,,,,,,,,,,,,,,,,,,,,,,,,,,,,,,,,,,,,,,,,,,,,,,,,,,,,,,,,,,,,,,
,664,0.06079062074422836,0.06079062074422836,-0.0018513418035581708,0.0005201217136345804,0.06079062074422836,664,,,,,,,,,,,,,,,,,,,,,,,,,,,,,,,,,,,,,,,,,,,,,,,,,,,,,,,,,,,,,,,,,,,,,,,,,,,,,
,664,,,,,,664,0.06079062074422836,0.06079062074422836,-0.0018513418035581708,0.0005201217136345804,0.06079062074422836,,,,,,,,,,,,,,,,,,,,,,,,,,,,,,,,,,,,,,,,,,,,,,,,,,,,,,,,,,,,,,,,,,,,,,,,
0.00030532980131960774,665,,,,,,,,,,,,,,,,,,,,,,,,,,,,,,,,,,,,,,,,,,,,,,,,,,,,,,,,,,,,,,,,,,,,,,,,,,,,,,,,,,,
,665,0.06666537374258041,0.06666537374258041,-0.001857950584962964,0.0002881681139115244,0.06666537374258041,665,,,,,,,,,,,,,,,,,,,,,,,,,,,,,,,,,,,,,,,,,,,,,,,,,,,,,,,,,,,,,,,,,,,,,,,,,,,,,
,665,,,,,,665,0.06666537374258041,0.06666537374258041,-0.001857950584962964,0.0002881681139115244,0.06666537374258041,,,,,,,,,,,,,,,,,,,,,,,,,,,,,,,,,,,,,,,,,,,,,,,,,,,,,,,,,,,,,,,,,,,,,,,,
0.00030372601615931985,666,,,,,,,,,,,,,,,,,,,,,,,,,,,,,,,,,,,,,,,,,,,,,,,,,,,,,,,,,,,,,,,,,,,,,,,,,,,,,,,,,,,
,666,0.056608155369758606,0.056608155369758606,-0.0018645462114363909,0.0002987461630254984,0.056608155369758606,666,,,,,,,,,,,,,,,,,,,,,,,,,,,,,,,,,,,,,,,,,,,,,,,,,,,,,,,,,,,,,,,,,,,,,,,,,,,,,
,666,,,,,,666,0.056608155369758606,0.056608155369758606,-0.0018645462114363909,0.0002987461630254984,0.056608155369758606,,,,,,,,,,,,,,,,,,,,,,,,,,,,,,,,,,,,,,,,,,,,,,,,,,,,,,,,,,,,,,,,,,,,,,,,
0.0003021246286279271,667,,,,,,,,,,,,,,,,,,,,,,,,,,,,,,,,,,,,,,,,,,,,,,,,,,,,,,,,,,,,,,,,,,,,,,,,,,,,,,,,,,,
,667,0.05505925416946411,0.043442945927381516,-0.0018711267039179802,0.00044528263970278203,0.043442945927381516,667,,,,,,,,,,,,,,,,,,,,,,,,,,,,,,,,,,,,,,,,,,,,,,,,,,,,,,,,,,,,,,,,,,,,,,,,,,,,,
,667,,,,,,667,0.05505925416946411,0.043442945927381516,-0.0018711267039179802,0.00044528263970278203,0.043442945927381516,,,,,,,,,,,,,,,,,,,,,,,,,,,,,,,,,,,,,,,,,,,,,,,,,,,,,,,,,,,,,,,,,,,,,,,,
0.0003005256582378309,668,,,,,,,,,,,,,,,,,,,,,,,,,,,,,,,,,,,,,,,,,,,,,,,,,,,,,,,,,,,,,,,,,,,,,,,,,,,,,,,,,,,
,668,0.060080915689468384,0.052204519510269165,-0.0018775338539853692,0.00026877637719735503,0.052204519510269165,668,,,,,,,,,,,,,,,,,,,,,,,,,,,,,,,,,,,,,,,,,,,,,,,,,,,,,,,,,,,,,,,,,,,,,,,,,,,,,
,668,,,,,,668,0.060080915689468384,0.052204519510269165,-0.0018775338539853692,0.00026877637719735503,0.052204519510269165,,,,,,,,,,,,,,,,,,,,,,,,,,,,,,,,,,,,,,,,,,,,,,,,,,,,,,,,,,,,,,,,,,,,,,,,
0.0002989291244719812,669,,,,,,,,,,,,,,,,,,,,,,,,,,,,,,,,,,,,,,,,,,,,,,,,,,,,,,,,,,,,,,,,,,,,,,,,,,,,,,,,,,,
,669,0.23442292213439941,0.22727011144161224,-0.0018837557872757316,0.002176550216972828,0.22727011144161224,669,,,,,,,,,,,,,,,,,,,,,,,,,,,,,,,,,,,,,,,,,,,,,,,,,,,,,,,,,,,,,,,,,,,,,,,,,,,,,
,669,,,,,,669,0.23442292213439941,0.22727011144161224,-0.0018837557872757316,0.002176550216972828,0.22727011144161224,,,,,,,,,,,,,,,,,,,,,,,,,,,,,,,,,,,,,,,,,,,,,,,,,,,,,,,,,,,,,,,,,,,,,,,,
0.00029733504678363775,670,,,,,,,,,,,,,,,,,,,,,,,,,,,,,,,,,,,,,,,,,,,,,,,,,,,,,,,,,,,,,,,,,,,,,,,,,,,,,,,,,,,
,670,0.23026254773139954,0.23026254773139954,-0.0018897645641118288,0.0023300519678741693,0.23026254773139954,670,,,,,,,,,,,,,,,,,,,,,,,,,,,,,,,,,,,,,,,,,,,,,,,,,,,,,,,,,,,,,,,,,,,,,,,,,,,,,
,670,,,,,,670,0.23026254773139954,0.23026254773139954,-0.0018897645641118288,0.0023300519678741693,0.23026254773139954,,,,,,,,,,,,,,,,,,,,,,,,,,,,,,,,,,,,,,,,,,,,,,,,,,,,,,,,,,,,,,,,,,,,,,,,
0.00029574344459613443,671,,,,,,,,,,,,,,,,,,,,,,,,,,,,,,,,,,,,,,,,,,,,,,,,,,,,,,,,,,,,,,,,,,,,,,,,,,,,,,,,,,,
,671,0.07065197080373764,0.07065197080373764,-0.0018958059372380376,0.00030673775472678244,0.07065197080373764,671,,,,,,,,,,,,,,,,,,,,,,,,,,,,,,,,,,,,,,,,,,,,,,,,,,,,,,,,,,,,,,,,,,,,,,,,,,,,,
,671,,,,,,671,0.07065197080373764,0.07065197080373764,-0.0018958059372380376,0.00030673775472678244,0.07065197080373764,,,,,,,,,,,,,,,,,,,,,,,,,,,,,,,,,,,,,,,,,,,,,,,,,,,,,,,,,,,,,,,,,,,,,,,,
0.00029415433730264136,672,,,,,,,,,,,,,,,,,,,,,,,,,,,,,,,,,,,,,,,,,,,,,,,,,,,,,,,,,,,,,,,,,,,,,,,,,,,,,,,,,,,
,672,0.07019815593957901,0.07019815593957901,-0.001901873154565692,0.0006386698805727065,0.07019815593957901,672,,,,,,,,,,,,,,,,,,,,,,,,,,,,,,,,,,,,,,,,,,,,,,,,,,,,,,,,,,,,,,,,,,,,,,,,,,,,,
,672,,,,,,672,0.07019815593957901,0.07019815593957901,-0.001901873154565692,0.0006386698805727065,0.07019815593957901,,,,,,,,,,,,,,,,,,,,,,,,,,,,,,,,,,,,,,,,,,,,,,,,,,,,,,,,,,,,,,,,,,,,,,,,
0.0002925677442659297,673,,,,,,,,,,,,,,,,,,,,,,,,,,,,,,,,,,,,,,,,,,,,,,,,,,,,,,,,,,,,,,,,,,,,,,,,,,,,,,,,,,,
,673,0.20785675942897797,0.21026819944381714,-0.001907960744574666,0.0018796160584315658,0.21026819944381714,673,,,,,,,,,,,,,,,,,,,,,,,,,,,,,,,,,,,,,,,,,,,,,,,,,,,,,,,,,,,,,,,,,,,,,,,,,,,,,
,673,,,,,,673,0.20785675942897797,0.21026819944381714,-0.001907960744574666,0.0018796160584315658,0.21026819944381714,,,,,,,,,,,,,,,,,,,,,,,,,,,,,,,,,,,,,,,,,,,,,,,,,,,,,,,,,,,,,,,,,,,,,,,,
0.0002909836848181345,674,,,,,,,,,,,,,,,,,,,,,,,,,,,,,,,,,,,,,,,,,,,,,,,,,,,,,,,,,,,,,,,,,,,,,,,,,,,,,,,,,,,
,674,0.06312714517116547,0.06312714517116547,-0.0019140350632369518,0.00029632594669237733,0.06312714517116547,674,,,,,,,,,,,,,,,,,,,,,,,,,,,,,,,,,,,,,,,,,,,,,,,,,,,,,,,,,,,,,,,,,,,,,,,,,,,,,
,674,,,,,,674,0.06312714517116547,0.06312714517116547,-0.0019140350632369518,0.00029632594669237733,0.06312714517116547,,,,,,,,,,,,,,,,,,,,,,,,,,,,,,,,,,,,,,,,,,,,,,,,,,,,,,,,,,,,,,,,,,,,,,,,
0.00028940217826052073,675,,,,,,,,,,,,,,,,,,,,,,,,,,,,,,,,,,,,,,,,,,,,,,,,,,,,,,,,,,,,,,,,,,,,,,,,,,,,,,,,,,,
,675,0.2599557638168335,0.2599557638168335,-0.0019201218383386731,0.0030399493407458067,0.2599557638168335,675,,,,,,,,,,,,,,,,,,,,,,,,,,,,,,,,,,,,,,,,,,,,,,,,,,,,,,,,,,,,,,,,,,,,,,,,,,,,,
,675,,,,,,675,0.2599557638168335,0.2599557638168335,-0.0019201218383386731,0.0030399493407458067,0.2599557638168335,,,,,,,,,,,,,,,,,,,,,,,,,,,,,,,,,,,,,,,,,,,,,,,,,,,,,,,,,,,,,,,,,,,,,,,,
0.0002878232438632462,676,,,,,,,,,,,,,,,,,,,,,,,,,,,,,,,,,,,,,,,,,,,,,,,,,,,,,,,,,,,,,,,,,,,,,,,,,,,,,,,,,,,
,676,0.13778549432754517,0.13155946135520935,-0.0019262168789282441,0.0009455842082388699,0.13155946135520935,676,,,,,,,,,,,,,,,,,,,,,,,,,,,,,,,,,,,,,,,,,,,,,,,,,,,,,,,,,,,,,,,,,,,,,,,,,,,,,
,676,,,,,,676,0.13778549432754517,0.13155946135520935,-0.0019262168789282441,0.0009455842082388699,0.13155946135520935,,,,,,,,,,,,,,,,,,,,,,,,,,,,,,,,,,,,,,,,,,,,,,,,,,,,,,,,,,,,,,,,,,,,,,,,
0.0002862469008651287,677,,,,,,,,,,,,,,,,,,,,,,,,,,,,,,,,,,,,,,,,,,,,,,,,,,,,,,,,,,,,,,,,,,,,,,,,,,,,,,,,,,,
,677,0.06335620582103729,0.050062257796525955,-0.0019321340369060636,0.00030939566204324365,0.050062257796525955,677,,,,,,,,,,,,,,,,,,,,,,,,,,,,,,,,,,,,,,,,,,,,,,,,,,,,,,,,,,,,,,,,,,,,,,,,,,,,,
,677,,,,,,677,0.06335620582103729,0.050062257796525955,-0.0019321340369060636,0.00030939566204324365,0.050062257796525955,,,,,,,,,,,,,,,,,,,,,,,,,,,,,,,,,,,,,,,,,,,,,,,,,,,,,,,,,,,,,,,,,,,,,,,,
0.00028467316847340975,678,,,,,,,,,,,,,,,,,,,,,,,,,,,,,,,,,,,,,,,,,,,,,,,,,,,,,,,,,,,,,,,,,,,,,,,,,,,,,,,,,,,
,678,0.06287732720375061,0.06287732720375061,-0.001938068657182157,0.00028980246861465275,0.06287732720375061,678,,,,,,,,,,,,,,,,,,,,,,,,,,,,,,,,,,,,,,,,,,,,,,,,,,,,,,,,,,,,,,,,,,,,,,,,,,,,,
,678,,,,,,678,0.06287732720375061,0.06287732720375061,-0.001938068657182157,0.00028980246861465275,0.06287732720375061,,,,,,,,,,,,,,,,,,,,,,,,,,,,,,,,,,,,,,,,,,,,,,,,,,,,,,,,,,,,,,,,,,,,,,,,
0.00028310206586352245,679,,,,,,,,,,,,,,,,,,,,,,,,,,,,,,,,,,,,,,,,,,,,,,,,,,,,,,,,,,,,,,,,,,,,,,,,,,,,,,,,,,,
,679,0.09251194447278976,0.09251194447278976,-0.0019440173637121916,0.0004488397971726954,0.09251194447278976,679,,,,,,,,,,,,,,,,,,,,,,,,,,,,,,,,,,,,,,,,,,,,,,,,,,,,,,,,,,,,,,,,,,,,,,,,,,,,,
,679,,,,,,679,0.09251194447278976,0.09251194447278976,-0.0019440173637121916,0.0004488397971726954,0.09251194447278976,,,,,,,,,,,,,,,,,,,,,,,,,,,,,,,,,,,,,,,,,,,,,,,,,,,,,,,,,,,,,,,,,,,,,,,,
0.00028153361217885594,680,,,,,,,,,,,,,,,,,,,,,,,,,,,,,,,,,,,,,,,,,,,,,,,,,,,,,,,,,,,,,,,,,,,,,,,,,,,,,,,,,,,
,680,0.18756842613220215,0.19860348105430603,-0.001949975499883294,0.0016536214388906956,0.19860348105430603,680,,,,,,,,,,,,,,,,,,,,,,,,,,,,,,,,,,,,,,,,,,,,,,,,,,,,,,,,,,,,,,,,,,,,,,,,,,,,,
,680,,,,,,680,0.18756842613220215,0.19860348105430603,-0.001949975499883294,0.0016536214388906956,0.19860348105430603,,,,,,,,,,,,,,,,,,,,,,,,,,,,,,,,,,,,,,,,,,,,,,,,,,,,,,,,,,,,,,,,,,,,,,,,
0.0002799678265305233,681,,,,,,,,,,,,,,,,,,,,,,,,,,,,,,,,,,,,,,,,,,,,,,,,,,,,,,,,,,,,,,,,,,,,,,,,,,,,,,,,,,,
,681,0.09288545697927475,0.09325553476810455,-0.0019559303764253855,0.000466004537884146,0.09325553476810455,681,,,,,,,,,,,,,,,,,,,,,,,,,,,,,,,,,,,,,,,,,,,,,,,,,,,,,,,,,,,,,,,,,,,,,,,,,,,,,
,681,,,,,,681,0.09288545697927475,0.09325553476810455,-0.0019559303764253855,0.000466004537884146,0.09325553476810455,,,,,,,,,,,,,,,,,,,,,,,,,,,,,,,,,,,,,,,,,,,,,,,,,,,,,,,,,,,,,,,,,,,,,,,,
0.00027840472799712883,682,,,,,,,,,,,,,,,,,,,,,,,,,,,,,,,,,,,,,,,,,,,,,,,,,,,,,,,,,,,,,,,,,,,,,,,,,,,,,,,,,,,
,682,0.066872738301754,0.05586833134293556,-0.0019618866499513388,0.0003012331435456872,0.05586833134293556,682,,,,,,,,,,,,,,,,,,,,,,,,,,,,,,,,,,,,,,,,,,,,,,,,,,,,,,,,,,,,,,,,,,,,,,,,,,,,,
,682,,,,,,682,0.066872738301754,0.05586833134293556,-0.0019618866499513388,0.0003012331435456872,0.05586833134293556,,,,,,,,,,,,,,,,,,,,,,,,,,,,,,,,,,,,,,,,,,,,,,,,,,,,,,,,,,,,,,,,,,,,,,,,
0.00027684433562453456,683,,,,,,,,,,,,,,,,,,,,,,,,,,,,,,,,,,,,,,,,,,,,,,,,,,,,,,,,,,,,,,,,,,,,,,,,,,,,,,,,,,,
,683,0.06101108714938164,0.053012292832136154,-0.00196770578622818,0.00044384258217178285,0.053012292832136154,683,,,,,,,,,,,,,,,,,,,,,,,,,,,,,,,,,,,,,,,,,,,,,,,,,,,,,,,,,,,,,,,,,,,,,,,,,,,,,
,683,,,,,,683,0.06101108714938164,0.053012292832136154,-0.00196770578622818,0.00044384258217178285,0.053012292832136154,,,,,,,,,,,,,,,,,,,,,,,,,,,,,,,,,,,,,,,,,,,,,,,,,,,,,,,,,,,,,,,,,,,,,,,,
0.00027528666842562943,684,,,,,,,,,,,,,,,,,,,,,,,,,,,,,,,,,,,,,,,,,,,,,,,,,,,,,,,,,,,,,,,,,,,,,,,,,,,,,,,,,,,
,684,0.06095312163233757,0.06095312163233757,-0.001973534468561411,0.0003685376141220331,0.06095312163233757,684,,,,,,,,,,,,,,,,,,,,,,,,,,,,,,,,,,,,,,,,,,,,,,,,,,,,,,,,,,,,,,,,,,,,,,,,,,,,,
,684,,,,,,684,0.06095312163233757,0.06095312163233757,-0.001973534468561411,0.0003685376141220331,0.06095312163233757,,,,,,,,,,,,,,,,,,,,,,,,,,,,,,,,,,,,,,,,,,,,,,,,,,,,,,,,,,,,,,,,,,,,,,,,
0.0002737317453800964,685,,,,,,,,,,,,,,,,,,,,,,,,,,,,,,,,,,,,,,,,,,,,,,,,,,,,,,,,,,,,,,,,,,,,,,,,,,,,,,,,,,,
,685,0.057129621505737305,0.057129621505737305,-0.001979368505999446,0.00039333890890702605,0.057129621505737305,685,,,,,,,,,,,,,,,,,,,,,,,,,,,,,,,,,,,,,,,,,,,,,,,,,,,,,,,,,,,,,,,,,,,,,,,,,,,,,
,685,,,,,,685,0.057129621505737305,0.057129621505737305,-0.001979368505999446,0.00039333890890702605,0.057129621505737305,,,,,,,,,,,,,,,,,,,,,,,,,,,,,,,,,,,,,,,,,,,,,,,,,,,,,,,,,,,,,,,,,,,,,,,,
0.00027217958543418236,686,,,,,,,,,,,,,,,,,,,,,,,,,,,,,,,,,,,,,,,,,,,,,,,,,,,,,,,,,,,,,,,,,,,,,,,,,,,,,,,,,,,
,686,0.12525057792663574,0.12525057792663574,-0.00198520440608263,0.0008003403781913221,0.12525057792663574,686,,,,,,,,,,,,,,,,,,,,,,,,,,,,,,,,,,,,,,,,,,,,,,,,,,,,,,,,,,,,,,,,,,,,,,,,,,,,,
,686,,,,,,686,0.12525057792663574,0.12525057792663574,-0.00198520440608263,0.0008003403781913221,0.12525057792663574,,,,,,,,,,,,,,,,,,,,,,,,,,,,,,,,,,,,,,,,,,,,,,,,,,,,,,,,,,,,,,,,,,,,,,,,
0.0002706302075004661,687,,,,,,,,,,,,,,,,,,,,,,,,,,,,,,,,,,,,,,,,,,,,,,,,,,,,,,,,,,,,,,,,,,,,,,,,,,,,,,,,,,,
,687,0.05600425601005554,0.05600425601005554,-0.001991038443520665,0.000369527202565223,0.05600425601005554,687,,,,,,,,,,,,,,,,,,,,,,,,,,,,,,,,,,,,,,,,,,,,,,,,,,,,,,,,,,,,,,,,,,,,,,,,,,,,,
,687,,,,,,687,0.05600425601005554,0.05600425601005554,-0.001991038443520665,0.000369527202565223,0.05600425601005554,,,,,,,,,,,,,,,,,,,,,,,,,,,,,,,,,,,,,,,,,,,,,,,,,,,,,,,,,,,,,,,,,,,,,,,,
0.00026908363045762896,688,,,,,,,,,,,,,,,,,,,,,,,,,,,,,,,,,,,,,,,,,,,,,,,,,,,,,,,,,,,,,,,,,,,,,,,,,,,,,,,,,,,
,688,0.07077229768037796,0.07077229768037796,-0.00199686735868454,0.0003054366388823837,0.07077229768037796,688,,,,,,,,,,,,,,,,,,,,,,,,,,,,,,,,,,,,,,,,,,,,,,,,,,,,,,,,,,,,,,,,,,,,,,,,,,,,,
,688,,,,,,688,0.07077229768037796,0.07077229768037796,-0.00199686735868454,0.0003054366388823837,0.07077229768037796,,,,,,,,,,,,,,,,,,,,,,,,,,,,,,,,,,,,,,,,,,,,,,,,,,,,,,,,,,,,,,,,,,,,,,,,
0.00026753987315022434,689,,,,,,,,,,,,,,,,,,,,,,,,,,,,,,,,,,,,,,,,,,,,,,,,,,,,,,,,,,,,,,,,,,,,,,,,,,,,,,,,,,,
,689,0.056193411350250244,0.056193411350250244,-0.0020026888232678175,0.00027284008683636785,0.056193411350250244,689,,,,,,,,,,,,,,,,,,,,,,,,,,,,,,,,,,,,,,,,,,,,,,,,,,,,,,,,,,,,,,,,,,,,,,,,,,,,,
,689,,,,,,689,0.056193411350250244,0.056193411350250244,-0.0020026888232678175,0.00027284008683636785,0.056193411350250244,,,,,,,,,,,,,,,,,,,,,,,,,,,,,,,,,,,,,,,,,,,,,,,,,,,,,,,,,,,,,,,,,,,,,,,,
0.0002659989543884474,690,,,,,,,,,,,,,,,,,,,,,,,,,,,,,,,,,,,,,,,,,,,,,,,,,,,,,,,,,,,,,,,,,,,,,,,,,,,,,,,,,,,
,690,0.10975311696529388,0.10975311696529388,-0.002008500276133418,0.0006540405447594821,0.10975311696529388,690,,,,,,,,,,,,,,,,,,,,,,,,,,,,,,,,,,,,,,,,,,,,,,,,,,,,,,,,,,,,,,,,,,,,,,,,,,,,,
,690,,,,,,690,0.10975311696529388,0.10975311696529388,-0.002008500276133418,0.0006540405447594821,0.10975311696529388,,,,,,,,,,,,,,,,,,,,,,,,,,,,,,,,,,,,,,,,,,,,,,,,,,,,,,,,,,,,,,,,,,,,,,,,
0.0002644608929479075,691,,,,,,,,,,,,,,,,,,,,,,,,,,,,,,,,,,,,,,,,,,,,,,,,,,,,,,,,,,,,,,,,,,,,,,,,,,,,,,,,,,,
,691,0.08439473807811737,0.09458557516336441,-0.0020142989233136177,0.0004117578500881791,0.09458557516336441,691,,,,,,,,,,,,,,,,,,,,,,,,,,,,,,,,,,,,,,,,,,,,,,,,,,,,,,,,,,,,,,,,,,,,,,,,,,,,,
,691,,,,,,691,0.08439473807811737,0.09458557516336441,-0.0020142989233136177,0.0004117578500881791,0.09458557516336441,,,,,,,,,,,,,,,,,,,,,,,,,,,,,,,,,,,,,,,,,,,,,,,,,,,,,,,,,,,,,,,,,,,,,,,,
0.0002629257075693974,692,,,,,,,,,,,,,,,,,,,,,,,,,,,,,,,,,,,,,,,,,,,,,,,,,,,,,,,,,,,,,,,,,,,,,,,,,,,,,,,,,,,
,692,0.053377848118543625,0.053377848118543625,-0.002020083600655198,0.000294862111331895,0.053377848118543625,692,,,,,,,,,,,,,,,,,,,,,,,,,,,,,,,,,,,,,,,,,,,,,,,,,,,,,,,,,,,,,,,,,,,,,,,,,,,,,
,692,,,,,,692,0.053377848118543625,0.053377848118543625,-0.002020083600655198,0.000294862111331895,0.053377848118543625,,,,,,,,,,,,,,,,,,,,,,,,,,,,,,,,,,,,,,,,,,,,,,,,,,,,,,,,,,,,,,,,,,,,,,,,
0.0002613934169586669,693,,,,,,,,,,,,,,,,,,,,,,,,,,,,,,,,,,,,,,,,,,,,,,,,,,,,,,,,,,,,,,,,,,,,,,,,,,,,,,,,,,,
,693,0.48035573959350586,0.48235732316970825,-0.0020258519798517227,0.010907711461186409,0.48235732316970825,693,,,,,,,,,,,,,,,,,,,,,,,,,,,,,,,,,,,,,,,,,,,,,,,,,,,,,,,,,,,,,,,,,,,,,,,,,,,,,
,693,,,,,,693,0.48035573959350586,0.48235732316970825,-0.0020258519798517227,0.010907711461186409,0.48235732316970825,,,,,,,,,,,,,,,,,,,,,,,,,,,,,,,,,,,,,,,,,,,,,,,,,,,,,,,,,,,,,,,,,,,,,,,,
0.00025986403978619333,694,,,,,,,,,,,,,,,,,,,,,,,,,,,,,,,,,,,,,,,,,,,,,,,,,,,,,,,,,,,,,,,,,,,,,,,,,,,,,,,,,,,
,694,0.05500879883766174,0.05500879883766174,-0.0020315509755164385,0.0002768605772871524,0.05500879883766174,694,,,,,,,,,,,,,,,,,,,,,,,,,,,,,,,,,,,,,,,,,,,,,,,,,,,,,,,,,,,,,,,,,,,,,,,,,,,,,
,694,,,,,,694,0.05500879883766174,0.05500879883766174,-0.0020315509755164385,0.0002768605772871524,0.05500879883766174,,,,,,,,,,,,,,,,,,,,,,,,,,,,,,,,,,,,,,,,,,,,,,,,,,,,,,,,,,,,,,,,,,,,,,,,
0.00025833759468695466,695,,,,,,,,,,,,,,,,,,,,,,,,,,,,,,,,,,,,,,,,,,,,,,,,,,,,,,,,,,,,,,,,,,,,,,,,,,,,,,,,,,,
,695,0.07808873802423477,0.06994766741991043,-0.0020372357685118914,0.00034828242496587336,0.06994766741991043,695,,,,,,,,,,,,,,,,,,,,,,,,,,,,,,,,,,,,,,,,,,,,,,,,,,,,,,,,,,,,,,,,,,,,,,,,,,,,,
,695,,,,,,695,0.07808873802423477,0.06994766741991043,-0.0020372357685118914,0.00034828242496587336,0.06994766741991043,,,,,,,,,,,,,,,,,,,,,,,,,,,,,,,,,,,,,,,,,,,,,,,,,,,,,,,,,,,,,,,,,,,,,,,,
0.0002568141002602031,696,,,,,,,,,,,,,,,,,,,,,,,,,,,,,,,,,,,,,,,,,,,,,,,,,,,,,,,,,,,,,,,,,,,,,,,,,,,,,,,,,,,
,696,0.058082014322280884,0.07098910212516785,-0.0020429003052413464,0.0002619009173940867,0.07098910212516785,696,,,,,,,,,,,,,,,,,,,,,,,,,,,,,,,,,,,,,,,,,,,,,,,,,,,,,,,,,,,,,,,,,,,,,,,,,,,,,
,696,,,,,,696,0.058082014322280884,0.07098910212516785,-0.0020429003052413464,0.0002619009173940867,0.07098910212516785,,,,,,,,,,,,,,,,,,,,,,,,,,,,,,,,,,,,,,,,,,,,,,,,,,,,,,,,,,,,,,,,,,,,,,,,
0.00025529357506923715,697,,,,,,,,,,,,,,,,,,,,,,,,,,,,,,,,,,,,,,,,,,,,,,,,,,,,,,,,,,,,,,,,,,,,,,,,,,,,,,,,,,,
,697,0.058288007974624634,0.04894000664353371,-0.0020485485438257456,0.0002574760001152754,0.04894000664353371,697,,,,,,,,,,,,,,,,,,,,,,,,,,,,,,,,,,,,,,,,,,,,,,,,,,,,,,,,,,,,,,,,,,,,,,,,,,,,,
,697,,,,,,697,0.058288007974624634,0.04894000664353371,-0.0020485485438257456,0.0002574760001152754,0.04894000664353371,,,,,,,,,,,,,,,,,,,,,,,,,,,,,,,,,,,,,,,,,,,,,,,,,,,,,,,,,,,,,,,,,,,,,,,,
0.00025377603764117673,698,,,,,,,,,,,,,,,,,,,,,,,,,,,,,,,,,,,,,,,,,,,,,,,,,,,,,,,,,,,,,,,,,,,,,,,,,,,,,,,,,,,
,698,0.052370987832546234,0.04368193447589874,-0.002054035197943449,0.0004992895410396159,0.04368193447589874,698,,,,,,,,,,,,,,,,,,,,,,,,,,,,,,,,,,,,,,,,,,,,,,,,,,,,,,,,,,,,,,,,,,,,,,,,,,,,,
,698,,,,,,698,0.052370987832546234,0.04368193447589874,-0.002054035197943449,0.0004992895410396159,0.04368193447589874,,,,,,,,,,,,,,,,,,,,,,,,,,,,,,,,,,,,,,,,,,,,,,,,,,,,,,,,,,,,,,,,,,,,,,,,
0.00025226150646673616,699,,,,,,,,,,,,,,,,,,,,,,,,,,,,,,,,,,,,,,,,,,,,,,,,,,,,,,,,,,,,,,,,,,,,,,,,,,,,,,,,,,,
,699,0.05199408158659935,0.042471081018447876,-0.0020593658555299044,0.00030540753505192697,0.042471081018447876,699,,,,,,,,,,,,,,,,,,,,,,,,,,,,,,,,,,,,,,,,,,,,,,,,,,,,,,,,,,,,,,,,,,,,,,,,,,,,,
,699,,,,,,699,,,,,,0.06698493659496307,0.06698493659496307,-0.0020645761396735907,0.0003604745143093169,0.06698493659496307,0.02983006462454796,0.02983006462454796,-0.0020645761396735907,0.00014874813496135175,0.02983006462454796,-0.11105930060148239,0.13747690618038177,0.2088606357574463,0.23969803750514984,0.18398362398147583,0.11032415181398392,0.07656761258840561,0.05043409764766693,0.0053482744842767715,0.11105930060148239,0.7078230977058411,0.5194165706634521,0.3820264935493469,0.32524535059928894,0.28966453671455383,0.1742737889289856,0.39974164962768555,0.2660187780857086,0.22172805666923523,0.13428984582424164,0.09102701395750046,0.05755201354622841,0.0054873269982635975,0.12935051321983337,14.735808372497559,11.421926498413086,16.84417152404785,26.57239532470703,52.72526168823242,2099.382080078125,370.2802734375,-0.09133315831422806,0.17908470332622528,0.2679022252559662,0.20602501928806305,0.15453684329986572,0.0854635164141655,0.057327453047037125,0.03903923183679581,0.005606894381344318,0.09133315831422806,0.7675662636756897,0.5558817982673645,0.3782671093940735,0.3047982454299927,0.273345410823822,0.22406628727912903,0.4173208475112915,0.2197338342666626,0.17630448937416077,0.099430613219738,0.0659509226679802,0.04355992376804352,0.005717915948480368,0.10178294777870178,25.39726448059082,20.691272735595703,30.123533248901367,44.45619201660156,81.95935821533203,3196.1455078125,566.462158203125
,699,,,,,,699,0.05199408158659935,0.042471081018447876,-0.0020593658555299044,0.00030540753505192697,0.042471081018447876,,,,,,,,,,,,,,,,,,,,,,,,,,,,,,,,,,,,,,,,,,,,,,,,,,,,,,,,,,,,,,,,,,,,,,,,
0.00025075000000000016,700,,,,,,,,,,,,,,,,,,,,,,,,,,,,,,,,,,,,,,,,,,,,,,,,,,,,,,,,,,,,,,,,,,,,,,,,,,,,,,,,,,,
,700,0.05782468616962433,0.05782468616962433,-0.0020645761396735907,0.0002526191237848252,0.05782468616962433,700,,,,,,,,,,,,,,,,,,,,,,,,,,,,,,,,,,,,,,,,,,,,,,,,,,,,,,,,,,,,,,,,,,,,,,,,,,,,,
,700,,,,,,700,0.05782468616962433,0.05782468616962433,-0.0020645761396735907,0.0002526191237848252,0.05782468616962433,,,,,,,,,,,,,,,,,,,,,,,,,,,,,,,,,,,,,,,,,,,,,,,,,,,,,,,,,,,,,,,,,,,,,,,,
0.0002492415366581976,701,,,,,,,,,,,,,,,,,,,,,,,,,,,,,,,,,,,,,,,,,,,,,,,,,,,,,,,,,,,,,,,,,,,,,,,,,,,,,,,,,,,
,701,0.2283734530210495,0.2283734530210495,-0.0020698043517768383,0.0020518929231911898,0.2283734530210495,701,,,,,,,,,,,,,,,,,,,,,,,,,,,,,,,,,,,,,,,,,,,,,,,,,,,,,,,,,,,,,,,,,,,,,,,,,,,,,
,701,,,,,,701,0.2283734530210495,0.2283734530210495,-0.0020698043517768383,0.0020518929231911898,0.2283734530210495,,,,,,,,,,,,,,,,,,,,,,,,,,,,,,,,,,,,,,,,,,,,,,,,,,,,,,,,,,,,,,,,,,,,,,,,
0.0002477361348214788,702,,,,,,,,,,,,,,,,,,,,,,,,,,,,,,,,,,,,,,,,,,,,,,,,,,,,,,,,,,,,,,,,,,,,,,,,,,,,,,,,,,,
,702,0.05732070654630661,0.06961152702569962,-0.0020750456023961306,0.00025522615760564804,0.06961152702569962,702,,,,,,,,,,,,,,,,,,,,,,,,,,,,,,,,,,,,,,,,,,,,,,,,,,,,,,,,,,,,,,,,,,,,,,,,,,,,,
,702,,,,,,702,0.05732070654630661,0.06961152702569962,-0.0020750456023961306,0.00025522615760564804,0.06961152702569962,,,,,,,,,,,,,,,,,,,,,,,,,,,,,,,,,,,,,,,,,,,,,,,,,,,,,,,,,,,,,,,,,,,,,,,,
0.0002462338128326896,703,,,,,,,,,,,,,,,,,,,,,,,,,,,,,,,,,,,,,,,,,,,,,,,,,,,,,,,,,,,,,,,,,,,,,,,,,,,,,,,,,,,
,703,0.07129475474357605,0.0698341429233551,-0.002080294769257307,0.00030827682348899543,0.0698341429233551,703,,,,,,,,,,,,,,,,,,,,,,,,,,,,,,,,,,,,,,,,,,,,,,,,,,,,,,,,,,,,,,,,,,,,,,,,,,,,,
,703,,,,,,703,0.07129475474357605,0.0698341429233551,-0.002080294769257307,0.00030827682348899543,0.0698341429233551,,,,,,,,,,,,,,,,,,,,,,,,,,,,,,,,,,,,,,,,,,,,,,,,,,,,,,,,,,,,,,,,,,,,,,,,
0.0002447345889971497,704,,,,,,,,,,,,,,,,,,,,,,,,,,,,,,,,,,,,,,,,,,,,,,,,,,,,,,,,,,,,,,,,,,,,,,,,,,,,,,,,,,,
,704,0.05582442134618759,0.05549447610974312,-0.0020855155307799578,0.00034487369703128934,0.05549447610974312,704,,,,,,,,,,,,,,,,,,,,,,,,,,,,,,,,,,,,,,,,,,,,,,,,,,,,,,,,,,,,,,,,,,,,,,,,,,,,,
,704,,,,,,704,0.05582442134618759,0.05549447610974312,-0.0020855155307799578,0.00034487369703128934,0.05549447610974312,,,,,,,,,,,,,,,,,,,,,,,,,,,,,,,,,,,,,,,,,,,,,,,,,,,,,,,,,,,,,,,,,,,,,,,,
0.000243238481582428,705,,,,,,,,,,,,,,,,,,,,,,,,,,,,,,,,,,,,,,,,,,,,,,,,,,,,,,,,,,,,,,,,,,,,,,,,,,,,,,,,,,,
,705,0.054485417902469635,0.06421297788619995,-0.0020907269790768623,0.0004532675666268915,0.06421297788619995,705,,,,,,,,,,,,,,,,,,,,,,,,,,,,,,,,,,,,,,,,,,,,,,,,,,,,,,,,,,,,,,,,,,,,,,,,,,,,,
,705,,,,,,705,0.054485417902469635,0.06421297788619995,-0.0020907269790768623,0.0004532675666268915,0.06421297788619995,,,,,,,,,,,,,,,,,,,,,,,,,,,,,,,,,,,,,,,,,,,,,,,,,,,,,,,,,,,,,,,,,,,,,,,,
0.00024174550881812164,706,,,,,,,,,,,,,,,,,,,,,,,,,,,,,,,,,,,,,,,,,,,,,,,,,,,,,,,,,,,,,,,,,,,,,,,,,,,,,,,,,,,
,706,0.3710392117500305,0.3710392117500305,-0.002095939824357629,0.0055031138472259045,0.3710392117500305,706,,,,,,,,,,,,,,,,,,,,,,,,,,,,,,,,,,,,,,,,,,,,,,,,,,,,,,,,,,,,,,,,,,,,,,,,,,,,,
,706,,,,,,706,0.3710392117500305,0.3710392117500305,-0.002095939824357629,0.0055031138472259045,0.3710392117500305,,,,,,,,,,,,,,,,,,,,,,,,,,,,,,,,,,,,,,,,,,,,,,,,,,,,,,,,,,,,,,,,,,,,,,,,
0.0002402556888956322,707,,,,,,,,,,,,,,,,,,,,,,,,,,,,,,,,,,,,,,,,,,,,,,,,,,,,,,,,,,,,,,,,,,,,,,,,,,,,,,,,,,,
,707,0.05304228886961937,0.03975052759051323,-0.0021011510398238897,0.00038745079655200243,0.03975052759051323,707,,,,,,,,,,,,,,,,,,,,,,,,,,,,,,,,,,,,,,,,,,,,,,,,,,,,,,,,,,,,,,,,,,,,,,,,,,,,,
,707,,,,,,707,0.05304228886961937,0.03975052759051323,-0.0021011510398238897,0.00038745079655200243,0.03975052759051323,,,,,,,,,,,,,,,,,,,,,,,,,,,,,,,,,,,,,,,,,,,,,,,,,,,,,,,,,,,,,,,,,,,,,,,,
0.00023876903996794562,708,,,,,,,,,,,,,,,,,,,,,,,,,,,,,,,,,,,,,,,,,,,,,,,,,,,,,,,,,,,,,,,,,,,,,,,,,,,,,,,,,,,
,708,0.16974519193172455,0.16974519193172455,-0.0021063557360321283,0.0014019976370036602,0.16974519193172455,708,,,,,,,,,,,,,,,,,,,,,,,,,,,,,,,,,,,,,,,,,,,,,,,,,,,,,,,,,,,,,,,,,,,,,,,,,,,,,
,708,,,,,,708,0.16974519193172455,0.16974519193172455,-0.0021063557360321283,0.0014019976370036602,0.16974519193172455,,,,,,,,,,,,,,,,,,,,,,,,,,,,,,,,,,,,,,,,,,,,,,,,,,,,,,,,,,,,,,,,,,,,,,,,
0.00023728558014940963,709,,,,,,,,,,,,,,,,,,,,,,,,,,,,,,,,,,,,,,,,,,,,,,,,,,,,,,,,,,,,,,,,,,,,,,,,,,,,,,,,,,,
,709,0.16418907046318054,0.16418907046318054,-0.0021115532144904137,0.0013638194650411606,0.16418907046318054,709,,,,,,,,,,,,,,,,,,,,,,,,,,,,,,,,,,,,,,,,,,,,,,,,,,,,,,,,,,,,,,,,,,,,,,,,,,,,,
,709,,,,,,709,0.16418907046318054,0.16418907046318054,-0.0021115532144904137,0.0013638194650411606,0.16418907046318054,,,,,,,,,,,,,,,,,,,,,,,,,,,,,,,,,,,,,,,,,,,,,,,,,,,,,,,,,,,,,,,,,,,,,,,,
0.00023580532751551428,710,,,,,,,,,,,,,,,,,,,,,,,,,,,,,,,,,,,,,,,,,,,,,,,,,,,,,,,,,,,,,,,,,,,,,,,,,,,,,,,,,,,
,710,0.05482300743460655,0.05482300743460655,-0.002116741379722953,0.0003270077286288142,0.05482300743460655,710,,,,,,,,,,,,,,,,,,,,,,,,,,,,,,,,,,,,,,,,,,,,,,,,,,,,,,,,,,,,,,,,,,,,,,,,,,,,,
,710,,,,,,710,0.05482300743460655,0.05482300743460655,-0.002116741379722953,0.0003270077286288142,0.05482300743460655,,,,,,,,,,,,,,,,,,,,,,,,,,,,,,,,,,,,,,,,,,,,,,,,,,,,,,,,,,,,,,,,,,,,,,,,
0.0002343283001026704,711,,,,,,,,,,,,,,,,,,,,,,,,,,,,,,,,,,,,,,,,,,,,,,,,,,,,,,,,,,,,,,,,,,,,,,,,,,,,,,,,,,,
,711,0.05607046186923981,0.06861402094364166,-0.002121917437762022,0.0003589870175346732,0.06861402094364166,711,,,,,,,,,,,,,,,,,,,,,,,,,,,,,,,,,,,,,,,,,,,,,,,,,,,,,,,,,,,,,,,,,,,,,,,,,,,,,
,711,,,,,,711,0.05607046186923981,0.06861402094364166,-0.002121917437762022,0.0003589870175346732,0.06861402094364166,,,,,,,,,,,,,,,,,,,,,,,,,,,,,,,,,,,,,,,,,,,,,,,,,,,,,,,,,,,,,,,,,,,,,,,,
0.00023285451590799135,712,,,,,,,,,,,,,,,,,,,,,,,,,,,,,,,,,,,,,,,,,,,,,,,,,,,,,,,,,,,,,,,,,,,,,,,,,,,,,,,,,,,
,712,0.05584913492202759,0.05584913492202759,-0.0021270790603011847,0.0003526162472553551,0.05584913492202759,712,,,,,,,,,,,,,,,,,,,,,,,,,,,,,,,,,,,,,,,,,,,,,,,,,,,,,,,,,,,,,,,,,,,,,,,,,,,,,
,712,,,,,,712,0.05584913492202759,0.05584913492202759,-0.0021270790603011847,0.0003526162472553551,0.05584913492202759,,,,,,,,,,,,,,,,,,,,,,,,,,,,,,,,,,,,,,,,,,,,,,,,,,,,,,,,,,,,,,,,,,,,,,,,
0.00023138399288907195,713,,,,,,,,,,,,,,,,,,,,,,,,,,,,,,,,,,,,,,,,,,,,,,,,,,,,,,,,,,,,,,,,,,,,,,,,,,,,,,,,,,,
,713,0.05443030595779419,0.06679973751306534,-0.0021322257816791534,0.00040331477066501975,0.06679973751306534,713,,,,,,,,,,,,,,,,,,,,,,,,,,,,,,,,,,,,,,,,,,,,,,,,,,,,,,,,,,,,,,,,,,,,,,,,,,,,,
,713,,,,,,713,0.05443030595779419,0.06679973751306534,-0.0021322257816791534,0.00040331477066501975,0.06679973751306534,,,,,,,,,,,,,,,,,,,,,,,,,,,,,,,,,,,,,,,,,,,,,,,,,,,,,,,,,,,,,,,,,,,,,,,,
0.0002299167489637716,714,,,,,,,,,,,,,,,,,,,,,,,,,,,,,,,,,,,,,,,,,,,,,,,,,,,,,,,,,,,,,,,,,,,,,,,,,,,,,,,,,,,
,714,0.48555606603622437,0.48555606603622437,-0.002137355040758848,0.01132117584347725,0.48555606603622437,714,,,,,,,,,,,,,,,,,,,,,,,,,,,,,,,,,,,,,,,,,,,,,,,,,,,,,,,,,,,,,,,,,,,,,,,,,,,,,
,714,,,,,,714,0.48555606603622437,0.48555606603622437,-0.002137355040758848,0.01132117584347725,0.48555606603622437,,,,,,,,,,,,,,,,,,,,,,,,,,,,,,,,,,,,,,,,,,,,,,,,,,,,,,,,,,,,,,,,,,,,,,,,
0.00022845280200999422,715,,,,,,,,,,,,,,,,,,,,,,,,,,,,,,,,,,,,,,,,,,,,,,,,,,,,,,,,,,,,,,,,,,,,,,,,,,,,,,,,,,,
,715,0.11594955623149872,0.11686979979276657,-0.0021424656733870506,0.0007001666817814112,0.11686979979276657,715,,,,,,,,,,,,,,,,,,,,,,,,,,,,,,,,,,,,,,,,,,,,,,,,,,,,,,,,,,,,,,,,,,,,,,,,,,,,,
,715,,,,,,715,0.11594955623149872,0.11686979979276657,-0.0021424656733870506,0.0007001666817814112,0.11686979979276657,,,,,,,,,,,,,,,,,,,,,,,,,,,,,,,,,,,,,,,,,,,,,,,,,,,,,,,,,,,,,,,,,,,,,,,,
0.00022699216986547127,716,,,,,,,,,,,,,,,,,,,,,,,,,,,,,,,,,,,,,,,,,,,,,,,,,,,,,,,,,,,,,,,,,,,,,,,,,,,,,,,,,,,
,716,0.05460578203201294,0.04381725192070007,-0.00214755698107183,0.0004292531812097877,0.04381725192070007,716,,,,,,,,,,,,,,,,,,,,,,,,,,,,,,,,,,,,,,,,,,,,,,,,,,,,,,,,,,,,,,,,,,,,,,,,,,,,,
,716,,,,,,716,0.05460578203201294,0.04381725192070007,-0.00214755698107183,0.0004292531812097877,0.04381725192070007,,,,,,,,,,,,,,,,,,,,,,,,,,,,,,,,,,,,,,,,,,,,,,,,,,,,,,,,,,,,,,,,,,,,,,,,
0.00022553487032754495,717,,,,,,,,,,,,,,,,,,,,,,,,,,,,,,,,,,,,,,,,,,,,,,,,,,,,,,,,,,,,,,,,,,,,,,,,,,,,,,,,,,,
,717,0.18189451098442078,0.18189451098442078,-0.0021525027696043253,0.0015463284216821194,0.18189451098442078,717,,,,,,,,,,,,,,,,,,,,,,,,,,,,,,,,,,,,,,,,,,,,,,,,,,,,,,,,,,,,,,,,,,,,,,,,,,,,,
,717,,,,,,717,0.18189451098442078,0.18189451098442078,-0.0021525027696043253,0.0015463284216821194,0.18189451098442078,,,,,,,,,,,,,,,,,,,,,,,,,,,,,,,,,,,,,,,,,,,,,,,,,,,,,,,,,,,,,,,,,,,,,,,,
0.00022408092115294977,718,,,,,,,,,,,,,,,,,,,,,,,,,,,,,,,,,,,,,,,,,,,,,,,,,,,,,,,,,,,,,,,,,,,,,,,,,,,,,,,,,,,
,718,0.059078656136989594,0.059078656136989594,-0.0021574401762336493,0.00027325854171067476,0.059078656136989594,718,,,,,,,,,,,,,,,,,,,,,,,,,,,,,,,,,,,,,,,,,,,,,,,,,,,,,,,,,,,,,,,,,,,,,,,,,,,,,
,718,,,,,,718,0.059078656136989594,0.059078656136989594,-0.0021574401762336493,0.00027325854171067476,0.059078656136989594,,,,,,,,,,,,,,,,,,,,,,,,,,,,,,,,,,,,,,,,,,,,,,,,,,,,,,,,,,,,,,,,,,,,,,,,
0.00022263034005759786,719,,,,,,,,,,,,,,,,,,,,,,,,,,,,,,,,,,,,,,,,,,,,,,,,,,,,,,,,,,,,,,,,,,,,,,,,,,,,,,,,,,,
,719,0.3396299481391907,0.3396299481391907,-0.002162366406992078,0.005107165314257145,0.3396299481391907,719,,,,,,,,,,,,,,,,,,,,,,,,,,,,,,,,,,,,,,,,,,,,,,,,,,,,,,,,,,,,,,,,,,,,,,,,,,,,,
,719,,,,,,719,0.3396299481391907,0.3396299481391907,-0.002162366406992078,0.005107165314257145,0.3396299481391907,,,,,,,,,,,,,,,,,,,,,,,,,,,,,,,,,,,,,,,,,,,,,,,,,,,,,,,,,,,,,,,,,,,,,,,,
0.00022118314471636214,720,,,,,,,,,,,,,,,,,,,,,,,,,,,,,,,,,,,,,,,,,,,,,,,,,,,,,,,,,,,,,,,,,,,,,,,,,,,,,,,,,,,
,720,0.055971018970012665,0.055971018970012665,-0.002167279599234462,0.00038851186400279403,0.055971018970012665,720,,,,,,,,,,,,,,,,,,,,,,,,,,,,,,,,,,,,,,,,,,,,,,,,,,,,,,,,,,,,,,,,,,,,,,,,,,,,,
,720,,,,,,720,0.055971018970012665,0.055971018970012665,-0.002167279599234462,0.00038851186400279403,0.055971018970012665,,,,,,,,,,,,,,,,,,,,,,,,,,,,,,,,,,,,,,,,,,,,,,,,,,,,,,,,,,,,,,,,,,,,,,,,
0.00021973935276286082,721,,,,,,,,,,,,,,,,,,,,,,,,,,,,,,,,,,,,,,,,,,,,,,,,,,,,,,,,,,,,,,,,,,,,,,,,,,,,,,,,,,,
,721,0.06363794207572937,0.06363794207572937,-0.0021721781231462955,0.00027371512260288,0.06363794207572937,721,,,,,,,,,,,,,,,,,,,,,,,,,,,,,,,,,,,,,,,,,,,,,,,,,,,,,,,,,,,,,,,,,,,,,,,,,,,,,
,721,,,,,,721,0.06363794207572937,0.06363794207572937,-0.0021721781231462955,0.00027371512260288,0.06363794207572937,,,,,,,,,,,,,,,,,,,,,,,,,,,,,,,,,,,,,,,,,,,,,,,,,,,,,,,,,,,,,,,,,,,,,,,,
0.00021829898178924364,722,,,,,,,,,,,,,,,,,,,,,,,,,,,,,,,,,,,,,,,,,,,,,,,,,,,,,,,,,,,,,,,,,,,,,,,,,,,,,,,,,,,
,722,0.06350557506084442,0.05180814489722252,-0.0021770598832517862,0.00027553216204978526,0.05180814489722252,722,,,,,,,,,,,,,,,,,,,,,,,,,,,,,,,,,,,,,,,,,,,,,,,,,,,,,,,,,,,,,,,,,,,,,,,,,,,,,
,722,,,,,,722,0.06350557506084442,0.05180814489722252,-0.0021770598832517862,0.00027553216204978526,0.05180814489722252,,,,,,,,,,,,,,,,,,,,,,,,,,,,,,,,,,,,,,,,,,,,,,,,,,,,,,,,,,,,,,,,,,,,,,,,
0.00021686204934597602,723,,,,,,,,,,,,,,,,,,,,,,,,,,,,,,,,,,,,,,,,,,,,,,,,,,,,,,,,,,,,,,,,,,,,,,,,,,,,,,,,,,,
,723,0.05491785332560539,0.05491785332560539,-0.002181863412261009,0.00035301645402796566,0.05491785332560539,723,,,,,,,,,,,,,,,,,,,,,,,,,,,,,,,,,,,,,,,,,,,,,,,,,,,,,,,,,,,,,,,,,,,,,,,,,,,,,
,723,,,,,,723,0.05491785332560539,0.05491785332560539,-0.002181863412261009,0.00035301645402796566,0.05491785332560539,,,,,,,,,,,,,,,,,,,,,,,,,,,,,,,,,,,,,,,,,,,,,,,,,,,,,,,,,,,,,,,,,,,,,,,,
0.00021542857294162653,724,,,,,,,,,,,,,,,,,,,,,,,,,,,,,,,,,,,,,,,,,,,,,,,,,,,,,,,,,,,,,,,,,,,,,,,,,,,,,,,,,,,
,724,0.09301384538412094,0.09301384538412094,-0.0021866541355848312,0.00046186678810045123,0.09301384538412094,724,,,,,,,,,,,,,,,,,,,,,,,,,,,,,,,,,,,,,,,,,,,,,,,,,,,,,,,,,,,,,,,,,,,,,,,,,,,,,
,724,,,,,,724,0.09301384538412094,0.09301384538412094,-0.0021866541355848312,0.00046186678810045123,0.09301384538412094,,,,,,,,,,,,,,,,,,,,,,,,,,,,,,,,,,,,,,,,,,,,,,,,,,,,,,,,,,,,,,,,,,,,,,,,
0.00021399857004265256,725,,,,,,,,,,,,,,,,,,,,,,,,,,,,,,,,,,,,,,,,,,,,,,,,,,,,,,,,,,,,,,,,,,,,,,,,,,,,,,,,,,,
,725,0.25723132491111755,0.25268012285232544,-0.002191430190578103,0.003008089493960142,0.25268012285232544,725,,,,,,,,,,,,,,,,,,,,,,,,,,,,,,,,,,,,,,,,,,,,,,,,,,,,,,,,,,,,,,,,,,,,,,,,,,,,,
,725,,,,,,725,0.25723132491111755,0.25268012285232544,-0.002191430190578103,0.003008089493960142,0.25268012285232544,,,,,,,,,,,,,,,,,,,,,,,,,,,,,,,,,,,,,,,,,,,,,,,,,,,,,,,,,,,,,,,,,,,,,,,,
0.00021257205807318844,726,,,,,,,,,,,,,,,,,,,,,,,,,,,,,,,,,,,,,,,,,,,,,,,,,,,,,,,,,,,,,,,,,,,,,,,,,,,,,,,,,,,
,726,0.2369091808795929,0.2369091808795929,-0.002196040702983737,0.002718998584896326,0.2369091808795929,726,,,,,,,,,,,,,,,,,,,,,,,,,,,,,,,,,,,,,,,,,,,,,,,,,,,,,,,,,,,,,,,,,,,,,,,,,,,,,
,726,,,,,,726,0.2369091808795929,0.2369091808795929,-0.002196040702983737,0.002718998584896326,0.2369091808795929,,,,,,,,,,,,,,,,,,,,,,,,,,,,,,,,,,,,,,,,,,,,,,,,,,,,,,,,,,,,,,,,,,,,,,,,
0.000211149054414832,727,,,,,,,,,,,,,,,,,,,,,,,,,,,,,,,,,,,,,,,,,,,,,,,,,,,,,,,,,,,,,,,,,,,,,,,,,,,,,,,,,,,
,727,0.06091431900858879,0.06091431900858879,-0.002200649119913578,0.0003276352072134614,0.06091431900858879,727,,,,,,,,,,,,,,,,,,,,,,,,,,,,,,,,,,,,,,,,,,,,,,,,,,,,,,,,,,,,,,,,,,,,,,,,,,,,,
,727,,,,,,727,0.06091431900858879,0.06091431900858879,-0.002200649119913578,0.0003276352072134614,0.06091431900858879,,,,,,,,,,,,,,,,,,,,,,,,,,,,,,,,,,,,,,,,,,,,,,,,,,,,,,,,,,,,,,,,,,,,,,,,
0.00020972957640643414,728,,,,,,,,,,,,,,,,,,,,,,,,,,,,,,,,,,,,,,,,,,,,,,,,,,,,,,,,,,,,,,,,,,,,,,,,,,,,,,,,,,,
,728,0.06553585827350616,0.05965187028050423,-0.002205252880230546,0.0002967386972159147,0.05965187028050423,728,,,,,,,,,,,,,,,,,,,,,,,,,,,,,,,,,,,,,,,,,,,,,,,,,,,,,,,,,,,,,,,,,,,,,,,,,,,,,
,728,,,,,,728,0.06553585827350616,0.05965187028050423,-0.002205252880230546,0.0002967386972159147,0.05965187028050423,,,,,,,,,,,,,,,,,,,,,,,,,,,,,,,,,,,,,,,,,,,,,,,,,,,,,,,,,,,,,,,,,,,,,,,,
0.000208313641343886,729,,,,,,,,,,,,,,,,,,,,,,,,,,,,,,,,,,,,,,,,,,,,,,,,,,,,,,,,,,,,,,,,,,,,,,,,,,,,,,,,,,,
,729,0.06832464039325714,0.06832464039325714,-0.0022098489571362734,0.0002913127245847136,0.06832464039325714,729,,,,,,,,,,,,,,,,,,,,,,,,,,,,,,,,,,,,,,,,,,,,,,,,,,,,,,,,,,,,,,,,,,,,,,,,,,,,,
,729,,,,,,729,0.06832464039325714,0.06832464039325714,-0.0022098489571362734,0.0002913127245847136,0.06832464039325714,,,,,,,,,,,,,,,,,,,,,,,,,,,,,,,,,,,,,,,,,,,,,,,,,,,,,,,,,,,,,,,,,,,,,,,,
0.00020690126647990986,730,,,,,,,,,,,,,,,,,,,,,,,,,,,,,,,,,,,,,,,,,,,,,,,,,,,,,,,,,,,,,,,,,,,,,,,,,,,,,,,,,,,
,730,0.21794657409191132,0.20932455360889435,-0.0022144352551549673,0.0022756103426218033,0.20932455360889435,730,,,,,,,,,,,,,,,,,,,,,,,,,,,,,,,,,,,,,,,,,,,,,,,,,,,,,,,,,,,,,,,,,,,,,,,,,,,,,
,730,,,,,,730,0.21794657409191132,0.20932455360889435,-0.0022144352551549673,0.0022756103426218033,0.20932455360889435,,,,,,,,,,,,,,,,,,,,,,,,,,,,,,,,,,,,,,,,,,,,,,,,,,,,,,,,,,,,,,,,,,,,,,,,
0.0002054924690238475,731,,,,,,,,,,,,,,,,,,,,,,,,,,,,,,,,,,,,,,,,,,,,,,,,,,,,,,,,,,,,,,,,,,,,,,,,,,,,,,,,,,,
,731,0.0717015266418457,0.0717015266418457,-0.0022189291194081306,0.0003080357564613223,0.0717015266418457,731,,,,,,,,,,,,,,,,,,,,,,,,,,,,,,,,,,,,,,,,,,,,,,,,,,,,,,,,,,,,,,,,,,,,,,,,,,,,,
,731,,,,,,731,0.0717015266418457,0.0717015266418457,-0.0022189291194081306,0.0003080357564613223,0.0717015266418457,,,,,,,,,,,,,,,,,,,,,,,,,,,,,,,,,,,,,,,,,,,,,,,,,,,,,,,,,,,,,,,,,,,,,,,,
0.0002040872661414513,732,,,,,,,,,,,,,,,,,,,,,,,,,,,,,,,,,,,,,,,,,,,,,,,,,,,,,,,,,,,,,,,,,,,,,,,,,,,,,,,,,,,
,732,0.060744982212781906,0.053302835673093796,-0.0022234178613871336,0.0002750461862888187,0.053302835673093796,732,,,,,,,,,,,,,,,,,,,,,,,,,,,,,,,,,,,,,,,,,,,,,,,,,,,,,,,,,,,,,,,,,,,,,,,,,,,,,
,732,,,,,,732,0.060744982212781906,0.053302835673093796,-0.0022234178613871336,0.0002750461862888187,0.053302835673093796,,,,,,,,,,,,,,,,,,,,,,,,,,,,,,,,,,,,,,,,,,,,,,,,,,,,,,,,,,,,,,,,,,,,,,,,
0.00020268567495467516,733,,,,,,,,,,,,,,,,,,,,,,,,,,,,,,,,,,,,,,,,,,,,,,,,,,,,,,,,,,,,,,,,,,,,,,,,,,,,,,,,,,,
,733,0.05660536512732506,0.05660536512732506,-0.0022276737727224827,0.00039856007788330317,0.05660536512732506,733,,,,,,,,,,,,,,,,,,,,,,,,,,,,,,,,,,,,,,,,,,,,,,,,,,,,,,,,,,,,,,,,,,,,,,,,,,,,,
,733,,,,,,733,0.05660536512732506,0.05660536512732506,-0.0022276737727224827,0.00039856007788330317,0.05660536512732506,,,,,,,,,,,,,,,,,,,,,,,,,,,,,,,,,,,,,,,,,,,,,,,,,,,,,,,,,,,,,,,,,,,,,,,,
0.00020128771254146507,734,,,,,,,,,,,,,,,,,,,,,,,,,,,,,,,,,,,,,,,,,,,,,,,,,,,,,,,,,,,,,,,,,,,,,,,,,,,,,,,,,,,
,734,0.09435981512069702,0.08791975677013397,-0.0022319431882351637,0.0004784858610946685,0.08791975677013397,734,,,,,,,,,,,,,,,,,,,,,,,,,,,,,,,,,,,,,,,,,,,,,,,,,,,,,,,,,,,,,,,,,,,,,,,,,,,,,
,734,,,,,,734,0.09435981512069702,0.08791975677013397,-0.0022319431882351637,0.0004784858610946685,0.08791975677013397,,,,,,,,,,,,,,,,,,,,,,,,,,,,,,,,,,,,,,,,,,,,,,,,,,,,,,,,,,,,,,,,,,,,,,,,
0.00019989339593555214,735,,,,,,,,,,,,,,,,,,,,,,,,,,,,,,,,,,,,,,,,,,,,,,,,,,,,,,,,,,,,,,,,,,,,,,,,,,,,,,,,,,,
,735,0.10344325751066208,0.12014064192771912,-0.002236095489934087,0.0005749670090153813,0.12014064192771912,735,,,,,,,,,,,,,,,,,,,,,,,,,,,,,,,,,,,,,,,,,,,,,,,,,,,,,,,,,,,,,,,,,,,,,,,,,,,,,
,735,,,,,,735,0.10344325751066208,0.12014064192771912,-0.002236095489934087,0.0005749670090153813,0.12014064192771912,,,,,,,,,,,,,,,,,,,,,,,,,,,,,,,,,,,,,,,,,,,,,,,,,,,,,,,,,,,,,,,,,,,,,,,,
0.00019850274212624393,736,,,,,,,,,,,,,,,,,,,,,,,,,,,,,,,,,,,,,,,,,,,,,,,,,,,,,,,,,,,,,,,,,,,,,,,,,,,,,,,,,,,
,736,0.05483756586909294,0.05483756586909294,-0.002240265952423215,0.00032963507692329586,0.05483756586909294,736,,,,,,,,,,,,,,,,,,,,,,,,,,,,,,,,,,,,,,,,,,,,,,,,,,,,,,,,,,,,,,,,,,,,,,,,,,,,,
,736,,,,,,736,0.05483756586909294,0.05483756586909294,-0.002240265952423215,0.00032963507692329586,0.05483756586909294,,,,,,,,,,,,,,,,,,,,,,,,,,,,,,,,,,,,,,,,,,,,,,,,,,,,,,,,,,,,,,,,,,,,,,,,
0.00019711576805821857,737,,,,,,,,,,,,,,,,,,,,,,,,,,,,,,,,,,,,,,,,,,,,,,,,,,,,,,,,,,,,,,,,,,,,,,,,,,,,,,,,,,,
,737,0.05330253764986992,0.05330253764986992,-0.002244449919089675,0.00032353823189623654,0.05330253764986992,737,,,,,,,,,,,,,,,,,,,,,,,,,,,,,,,,,,,,,,,,,,,,,,,,,,,,,,,,,,,,,,,,,,,,,,,,,,,,,
,737,,,,,,737,0.05330253764986992,0.05330253764986992,-0.002244449919089675,0.00032353823189623654,0.05330253764986992,,,,,,,,,,,,,,,,,,,,,,,,,,,,,,,,,,,,,,,,,,,,,,,,,,,,,,,,,,,,,,,,,,,,,,,,
0.000195732490631317,738,,,,,,,,,,,,,,,,,,,,,,,,,,,,,,,,,,,,,,,,,,,,,,,,,,,,,,,,,,,,,,,,,,,,,,,,,,,,,,,,,,,
,738,0.055710189044475555,0.047023557126522064,-0.0022486429661512375,0.00025829518563114107,0.047023557126522064,738,,,,,,,,,,,,,,,,,,,,,,,,,,,,,,,,,,,,,,,,,,,,,,,,,,,,,,,,,,,,,,,,,,,,,,,,,,,,,
,738,,,,,,738,0.055710189044475555,0.047023557126522064,-0.0022486429661512375,0.00025829518563114107,0.047023557126522064,,,,,,,,,,,,,,,,,,,,,,,,,,,,,,,,,,,,,,,,,,,,,,,,,,,,,,,,,,,,,,,,,,,,,,,,
0.00019435292670033852,739,,,,,,,,,,,,,,,,,,,,,,,,,,,,,,,,,,,,,,,,,,,,,,,,,,,,,,,,,,,,,,,,,,,,,,,,,,,,,,,,,,,
,739,0.05614544451236725,0.05614544451236725,-0.002252724254503846,0.0002536899410188198,0.05614544451236725,739,,,,,,,,,,,,,,,,,,,,,,,,,,,,,,,,,,,,,,,,,,,,,,,,,,,,,,,,,,,,,,,,,,,,,,,,,,,,,
,739,,,,,,739,0.05614544451236725,0.05614544451236725,-0.002252724254503846,0.0002536899410188198,0.05614544451236725,,,,,,,,,,,,,,,,,,,,,,,,,,,,,,,,,,,,,,,,,,,,,,,,,,,,,,,,,,,,,,,,,,,,,,,,
0.00019297709307483383,740,,,,,,,,,,,,,,,,,,,,,,,,,,,,,,,,,,,,,,,,,,,,,,,,,,,,,,,,,,,,,,,,,,,,,,,,,,,,,,,,,,,
,740,0.05189656466245651,0.05189656466245651,-0.0022568192798644304,0.00034173409221693873,0.05189656466245651,740,,,,,,,,,,,,,,,,,,,,,,,,,,,,,,,,,,,,,,,,,,,,,,,,,,,,,,,,,,,,,,,,,,,,,,,,,,,,,
,740,,,,,,740,0.05189656466245651,0.05189656466245651,-0.0022568192798644304,0.00034173409221693873,0.05189656466245651,,,,,,,,,,,,,,,,,,,,,,,,,,,,,,,,,,,,,,,,,,,,,,,,,,,,,,,,,,,,,,,,,,,,,,,,
0.00019160500651890176,741,,,,,,,,,,,,,,,,,,,,,,,,,,,,,,,,,,,,,,,,,,,,,,,,,,,,,,,,,,,,,,,,,,,,,,,,,,,,,,,,,,,
,741,0.051971059292554855,0.051971059292554855,-0.002260924084112048,0.0005031769396737218,0.051971059292554855,741,,,,,,,,,,,,,,,,,,,,,,,,,,,,,,,,,,,,,,,,,,,,,,,,,,,,,,,,,,,,,,,,,,,,,,,,,,,,,
,741,,,,,,741,0.051971059292554855,0.051971059292554855,-0.002260924084112048,0.0005031769396737218,0.051971059292554855,,,,,,,,,,,,,,,,,,,,,,,,,,,,,,,,,,,,,,,,,,,,,,,,,,,,,,,,,,,,,,,,,,,,,,,,
0.00019023668375098415,742,,,,,,,,,,,,,,,,,,,,,,,,,,,,,,,,,,,,,,,,,,,,,,,,,,,,,,,,,,,,,,,,,,,,,,,,,,,,,,,,,,,
,742,0.05029541254043579,0.0378301776945591,-0.0022650330793112516,0.00047950164298526943,0.0378301776945591,742,,,,,,,,,,,,,,,,,,,,,,,,,,,,,,,,,,,,,,,,,,,,,,,,,,,,,,,,,,,,,,,,,,,,,,,,,,,,,
,742,,,,,,742,0.05029541254043579,0.0378301776945591,-0.0022650330793112516,0.00047950164298526943,0.0378301776945591,,,,,,,,,,,,,,,,,,,,,,,,,,,,,,,,,,,,,,,,,,,,,,,,,,,,,,,,,,,,,,,,,,,,,,,,
0.0001888721414436617,743,,,,,,,,,,,,,,,,,,,,,,,,,,,,,,,,,,,,,,,,,,,,,,,,,,,,,,,,,,,,,,,,,,,,,,,,,,,,,,,,,,,
,743,0.07747232913970947,0.07747232913970947,-0.0022689690813422203,0.0003615927416831255,0.07747232913970947,743,,,,,,,,,,,,,,,,,,,,,,,,,,,,,,,,,,,,,,,,,,,,,,,,,,,,,,,,,,,,,,,,,,,,,,,,,,,,,
,743,,,,,,743,0.07747232913970947,0.07747232913970947,-0.0022689690813422203,0.0003615927416831255,0.07747232913970947,,,,,,,,,,,,,,,,,,,,,,,,,,,,,,,,,,,,,,,,,,,,,,,,,,,,,,,,,,,,,,,,,,,,,,,,
0.00018751139622345212,744,,,,,,,,,,,,,,,,,,,,,,,,,,,,,,,,,,,,,,,,,,,,,,,,,,,,,,,,,,,,,,,,,,,,,,,,,,,,,,,,,,,
,744,0.10578235983848572,0.11611772328615189,-0.0022729216143488884,0.0006324453861452639,0.11611772328615189,744,,,,,,,,,,,,,,,,,,,,,,,,,,,,,,,,,,,,,,,,,,,,,,,,,,,,,,,,,,,,,,,,,,,,,,,,,,,,,
,744,,,,,,744,0.10578235983848572,0.11611772328615189,-0.0022729216143488884,0.0006324453861452639,0.11611772328615189,,,,,,,,,,,,,,,,,,,,,,,,,,,,,,,,,,,,,,,,,,,,,,,,,,,,,,,,,,,,,,,,,,,,,,,,
0.00018615446467060642,745,,,,,,,,,,,,,,,,,,,,,,,,,,,,,,,,,,,,,,,,,,,,,,,,,,,,,,,,,,,,,,,,,,,,,,,,,,,,,,,,,,,
,745,0.048039477318525314,0.048039477318525314,-0.002276886021718383,0.0003424133756197989,0.048039477318525314,745,,,,,,,,,,,,,,,,,,,,,,,,,,,,,,,,,,,,,,,,,,,,,,,,,,,,,,,,,,,,,,,,,,,,,,,,,,,,,
,745,,,,,,745,0.048039477318525314,0.048039477318525314,-0.002276886021718383,0.0003424133756197989,0.048039477318525314,,,,,,,,,,,,,,,,,,,,,,,,,,,,,,,,,,,,,,,,,,,,,,,,,,,,,,,,,,,,,,,,,,,,,,,,
0.0001848013633189071,746,,,,,,,,,,,,,,,,,,,,,,,,,,,,,,,,,,,,,,,,,,,,,,,,,,,,,,,,,,,,,,,,,,,,,,,,,,,,,,,,,,,
,746,0.10424148291349411,0.0947297066450119,-0.0022808583453297615,0.0006273683975450695,0.0947297066450119,746,,,,,,,,,,,,,,,,,,,,,,,,,,,,,,,,,,,,,,,,,,,,,,,,,,,,,,,,,,,,,,,,,,,,,,,,,,,,,
,746,,,,,,746,0.10424148291349411,0.0947297066450119,-0.0022808583453297615,0.0006273683975450695,0.0947297066450119,,,,,,,,,,,,,,,,,,,,,,,,,,,,,,,,,,,,,,,,,,,,,,,,,,,,,,,,,,,,,,,,,,,,,,,,
0.00018345210865546754,747,,,,,,,,,,,,,,,,,,,,,,,,,,,,,,,,,,,,,,,,,,,,,,,,,,,,,,,,,,,,,,,,,,,,,,,,,,,,,,,,,,,
,747,0.048249345272779465,0.048249345272779465,-0.002284733345732093,0.0003255198535043746,0.048249345272779465,747,,,,,,,,,,,,,,,,,,,,,,,,,,,,,,,,,,,,,,,,,,,,,,,,,,,,,,,,,,,,,,,,,,,,,,,,,,,,,
,747,,,,,,747,0.048249345272779465,0.048249345272779465,-0.002284733345732093,0.0003255198535043746,0.048249345272779465,,,,,,,,,,,,,,,,,,,,,,,,,,,,,,,,,,,,,,,,,,,,,,,,,,,,,,,,,,,,,,,,,,,,,,,,
0.00018210671712052962,748,,,,,,,,,,,,,,,,,,,,,,,,,,,,,,,,,,,,,,,,,,,,,,,,,,,,,,,,,,,,,,,,,,,,,,,,,,,,,,,,,,,
,748,0.047760259360075,0.047760259360075,-0.002288619289174676,0.00031704569119028747,0.047760259360075,748,,,,,,,,,,,,,,,,,,,,,,,,,,,,,,,,,,,,,,,,,,,,,,,,,,,,,,,,,,,,,,,,,,,,,,,,,,,,,
,748,,,,,,748,0.047760259360075,0.047760259360075,-0.002288619289174676,0.00031704569119028747,0.047760259360075,,,,,,,,,,,,,,,,,,,,,,,,,,,,,,,,,,,,,,,,,,,,,,,,,,,,,,,,,,,,,,,,,,,,,,,,
0.00018076520510726496,749,,,,,,,,,,,,,,,,,,,,,,,,,,,,,,,,,,,,,,,,,,,,,,,,,,,,,,,,,,,,,,,,,,,,,,,,,,,,,,,,,,,
,749,0.050877444446086884,0.06352536380290985,-0.002292511984705925,0.00024773881887085736,0.06352536380290985,749,,,,,,,,,,,,,,,,,,,,,,,,,,,,,,,,,,,,,,,,,,,,,,,,,,,,,,,,,,,,,,,,,,,,,,,,,,,,,
,749,,,,,,749,,,,,,0.11455915868282318,0.11455915868282318,-0.0022964077070355415,0.000985556747764349,0.11455915868282318,0.050261490046978,0.0554649718105793,-0.0022964077070355415,0.00024522337480448186,0.0554649718105793,-0.07244209200143814,0.07453272491693497,0.160772904753685,0.17718254029750824,0.13430534303188324,0.060417745262384415,0.03704170510172844,0.023770038038492203,0.0019351717783138156,0.07244209200143814,0.5430389046669006,0.28878575563430786,0.12531328201293945,0.08015266805887222,0.05847688019275665,0.016597503796219826,0.18539416790008545,0.20822885632514954,0.2006845325231552,0.10447761416435242,0.06443129479885101,0.03850746154785156,0.0021857921965420246,0.10308592766523361,14.15562629699707,4.309956073760986,2.9943103790283203,3.2210047245025635,4.799849987030029,120.00981140136719,24.91509246826172,-0.10418447852134705,0.11060944944620132,0.19249550998210907,0.22180725634098053,0.17360280454158783,0.09960489720106125,0.07167568802833557,0.04943147674202919,0.008984725922346115,0.10418447852134705,0.7237545847892761,0.4677969217300415,0.2798066735267639,0.22028353810310364,0.18721668422222137,0.16597503423690796,0.3408055603504181,0.24232231080532074,0.2163286805152893,0.13394464552402496,0.09604184329509735,0.0629381313920021,0.009409550577402115,0.12683086097240448,18.567136764526367,9.73275089263916,9.08268928527832,10.949447631835938,18.416641235351562,647.5849609375,119.05560302734375
,749,,,,,,749,0.050877444446086884,0.06352536380290985,-0.002292511984705925,0.00024773881887085736,0.06352536380290985,,,,,,,,,,,,,,,,,,,,,,,,,,,,,,,,,,,,,,,,,,,,,,,,,,,,,,,,,,,,,,,,,,,,,,,,
0.00017942758896157373,750,,,,,,,,,,,,,,,,,,,,,,,,,,,,,,,,,,,,,,,,,,,,,,,,,,,,,,,,,,,,,,,,,,,,,,,,,,,,,,,,,,,
,750,0.04740457981824875,0.05108727887272835,-0.0022964077070355415,0.0004389602108858526,0.05108727887272835,750,,,,,,,,,,,,,,,,,,,,,,,,,,,,,,,,,,,,,,,,,,,,,,,,,,,,,,,,,,,,,,,,,,,,,,,,,,,,,
,750,,,,,,750,0.04740457981824875,0.05108727887272835,-0.0022964077070355415,0.0004389602108858526,0.05108727887272835,,,,,,,,,,,,,,,,,,,,,,,,,,,,,,,,,,,,,,,,,,,,,,,,,,,,,,,,,,,,,,,,,,,,,,,,
0.00017809388498188692,751,,,,,,,,,,,,,,,,,,,,,,,,,,,,,,,,,,,,,,,,,,,,,,,,,,,,,,,,,,,,,,,,,,,,,,,,,,,,,,,,,,,
,751,0.06990524381399155,0.06990524381399155,-0.002300197957083583,0.0003149770782329142,0.06990524381399155,751,,,,,,,,,,,,,,,,,,,,,,,,,,,,,,,,,,,,,,,,,,,,,,,,,,,,,,,,,,,,,,,,,,,,,,,,,,,,,
,751,,,,,,751,0.06990524381399155,0.06990524381399155,-0.002300197957083583,0.0003149770782329142,0.06990524381399155,,,,,,,,,,,,,,,,,,,,,,,,,,,,,,,,,,,,,,,,,,,,,,,,,,,,,,,,,,,,,,,,,,,,,,,,
0.00017676410941896642,752,,,,,,,,,,,,,,,,,,,,,,,,,,,,,,,,,,,,,,,,,,,,,,,,,,,,,,,,,,,,,,,,,,,,,,,,,,,,,,,,,,,
,752,0.11342041194438934,0.11342041194438934,-0.002303995890542865,0.0007329798536375165,0.11342041194438934,752,,,,,,,,,,,,,,,,,,,,,,,,,,,,,,,,,,,,,,,,,,,,,,,,,,,,,,,,,,,,,,,,,,,,,,,,,,,,,
,752,,,,,,752,0.11342041194438934,0.11342041194438934,-0.002303995890542865,0.0007329798536375165,0.11342041194438934,,,,,,,,,,,,,,,,,,,,,,,,,,,,,,,,,,,,,,,,,,,,,,,,,,,,,,,,,,,,,,,,,,,,,,,,
0.00017543827847570748,753,,,,,,,,,,,,,,,,,,,,,,,,,,,,,,,,,,,,,,,,,,,,,,,,,,,,,,,,,,,,,,,,,,,,,,,,,,,,,,,,,,,
,753,0.05610622093081474,0.0426434651017189,-0.002307798247784376,0.00023873998725321144,0.0426434651017189,753,,,,,,,,,,,,,,,,,,,,,,,,,,,,,,,,,,,,,,,,,,,,,,,,,,,,,,,,,,,,,,,,,,,,,,,,,,,,,
,753,,,,,,753,0.05610622093081474,0.0426434651017189,-0.002307798247784376,0.00023873998725321144,0.0426434651017189,,,,,,,,,,,,,,,,,,,,,,,,,,,,,,,,,,,,,,,,,,,,,,,,,,,,,,,,,,,,,,,,,,,,,,,,
0.00017411640830694244,754,,,,,,,,,,,,,,,,,,,,,,,,,,,,,,,,,,,,,,,,,,,,,,,,,,,,,,,,,,,,,,,,,,,,,,,,,,,,,,,,,,,
,754,0.06980151683092117,0.06980151683092117,-0.002311601070687175,0.00031723527354188263,0.06980151683092117,754,,,,,,,,,,,,,,,,,,,,,,,,,,,,,,,,,,,,,,,,,,,,,,,,,,,,,,,,,,,,,,,,,,,,,,,,,,,,,
,754,,,,,,754,0.06980151683092117,0.06980151683092117,-0.002311601070687175,0.00031723527354188263,0.06980151683092117,,,,,,,,,,,,,,,,,,,,,,,,,,,,,,,,,,,,,,,,,,,,,,,,,,,,,,,,,,,,,,,,,,,,,,,,
0.0001727985150192418,755,,,,,,,,,,,,,,,,,,,,,,,,,,,,,,,,,,,,,,,,,,,,,,,,,,,,,,,,,,,,,,,,,,,,,,,,,,,,,,,,,,,
,755,0.07682529836893082,0.07682529836893082,-0.0023154013324528933,0.0003687230637297034,0.07682529836893082,755,,,,,,,,,,,,,,,,,,,,,,,,,,,,,,,,,,,,,,,,,,,,,,,,,,,,,,,,,,,,,,,,,,,,,,,,,,,,,
,755,,,,,,755,0.07682529836893082,0.07682529836893082,-0.0023154013324528933,0.0003687230637297034,0.07682529836893082,,,,,,,,,,,,,,,,,,,,,,,,,,,,,,,,,,,,,,,,,,,,,,,,,,,,,,,,,,,,,,,,,,,,,,,,
0.00017148461467071934,756,,,,,,,,,,,,,,,,,,,,,,,,,,,,,,,,,,,,,,,,,,,,,,,,,,,,,,,,,,,,,,,,,,,,,,,,,,,,,,,,,,,
,756,0.09484511613845825,0.10434983670711517,-0.002319196704775095,0.0005332020809873939,0.10434983670711517,756,,,,,,,,,,,,,,,,,,,,,,,,,,,,,,,,,,,,,,,,,,,,,,,,,,,,,,,,,,,,,,,,,,,,,,,,,,,,,
,756,,,,,,756,0.09484511613845825,0.10434983670711517,-0.002319196704775095,0.0005332020809873939,0.10434983670711517,,,,,,,,,,,,,,,,,,,,,,,,,,,,,,,,,,,,,,,,,,,,,,,,,,,,,,,,,,,,,,,,,,,,,,,,
0.00017017472327083592,757,,,,,,,,,,,,,,,,,,,,,,,,,,,,,,,,,,,,,,,,,,,,,,,,,,,,,,,,,,,,,,,,,,,,,,,,,,,,,,,,,,,
,757,0.060405563563108444,0.07232027500867844,-0.0023229846265167,0.0002573553647380322,0.07232027500867844,757,,,,,,,,,,,,,,,,,,,,,,,,,,,,,,,,,,,,,,,,,,,,,,,,,,,,,,,,,,,,,,,,,,,,,,,,,,,,,
,757,,,,,,757,0.060405563563108444,0.07232027500867844,-0.0023229846265167,0.0002573553647380322,0.07232027500867844,,,,,,,,,,,,,,,,,,,,,,,,,,,,,,,,,,,,,,,,,,,,,,,,,,,,,,,,,,,,,,,,,,,,,,,,
0.00016886885678020543,758,,,,,,,,,,,,,,,,,,,,,,,,,,,,,,,,,,,,,,,,,,,,,,,,,,,,,,,,,,,,,,,,,,,,,,,,,,,,,,,,,,,
,758,0.047487348318099976,0.047487348318099976,-0.002326762769371271,0.00043801168794743717,0.047487348318099976,758,,,,,,,,,,,,,,,,,,,,,,,,,,,,,,,,,,,,,,,,,,,,,,,,,,,,,,,,,,,,,,,,,,,,,,,,,,,,,
,758,,,,,,758,0.047487348318099976,0.047487348318099976,-0.002326762769371271,0.00043801168794743717,0.047487348318099976,,,,,,,,,,,,,,,,,,,,,,,,,,,,,,,,,,,,,,,,,,,,,,,,,,,,,,,,,,,,,,,,,,,,,,,,
0.00016756703111039866,759,,,,,,,,,,,,,,,,,,,,,,,,,,,,,,,,,,,,,,,,,,,,,,,,,,,,,,,,,,,,,,,,,,,,,,,,,,,,,,,,,,,
,759,0.04664966091513634,0.04664966091513634,-0.0023305288050323725,0.0003951584512833506,0.04664966091513634,759,,,,,,,,,,,,,,,,,,,,,,,,,,,,,,,,,,,,,,,,,,,,,,,,,,,,,,,,,,,,,,,,,,,,,,,,,,,,,
,759,,,,,,759,0.04664966091513634,0.04664966091513634,-0.0023305288050323725,0.0003951584512833506,0.04664966091513634,,,,,,,,,,,,,,,,,,,,,,,,,,,,,,,,,,,,,,,,,,,,,,,,,,,,,,,,,,,,,,,,,,,,,,,,
0.0001662692621237506,760,,,,,,,,,,,,,,,,,,,,,,,,,,,,,,,,,,,,,,,,,,,,,,,,,,,,,,,,,,,,,,,,,,,,,,,,,,,,,,,,,,,
,760,0.04599403962492943,0.04599403962492943,-0.0023342822678387165,0.0003128324169665575,0.04599403962492943,760,,,,,,,,,,,,,,,,,,,,,,,,,,,,,,,,,,,,,,,,,,,,,,,,,,,,,,,,,,,,,,,,,,,,,,,,,,,,,
,760,,,,,,760,0.04599403962492943,0.04599403962492943,-0.0023342822678387165,0.0003128324169665575,0.04599403962492943,,,,,,,,,,,,,,,,,,,,,,,,,,,,,,,,,,,,,,,,,,,,,,,,,,,,,,,,,,,,,,,,,,,,,,,,
0.0001649755656331666,761,,,,,,,,,,,,,,,,,,,,,,,,,,,,,,,,,,,,,,,,,,,,,,,,,,,,,,,,,,,,,,,,,,,,,,,,,,,,,,,,,,,
,761,0.11878186464309692,0.11049523949623108,-0.0023380203638225794,0.0008050230680964887,0.11049523949623108,761,,,,,,,,,,,,,,,,,,,,,,,,,,,,,,,,,,,,,,,,,,,,,,,,,,,,,,,,,,,,,,,,,,,,,,,,,,,,,
,761,,,,,,761,0.11878186464309692,0.11049523949623108,-0.0023380203638225794,0.0008050230680964887,0.11049523949623108,,,,,,,,,,,,,,,,,,,,,,,,,,,,,,,,,,,,,,,,,,,,,,,,,,,,,,,,,,,,,,,,,,,,,,,,
0.00016368595740193028,762,,,,,,,,,,,,,,,,,,,,,,,,,,,,,,,,,,,,,,,,,,,,,,,,,,,,,,,,,,,,,,,,,,,,,,,,,,,,,,,,,,,
,762,0.04604586958885193,0.04604586958885193,-0.002341659041121602,0.00029014406027272344,0.04604586958885193,762,,,,,,,,,,,,,,,,,,,,,,,,,,,,,,,,,,,,,,,,,,,,,,,,,,,,,,,,,,,,,,,,,,,,,,,,,,,,,
,762,,,,,,762,0.04604586958885193,0.04604586958885193,-0.002341659041121602,0.00029014406027272344,0.04604586958885193,,,,,,,,,,,,,,,,,,,,,,,,,,,,,,,,,,,,,,,,,,,,,,,,,,,,,,,,,,,,,,,,,,,,,,,,
0.00016240045314351115,763,,,,,,,,,,,,,,,,,,,,,,,,,,,,,,,,,,,,,,,,,,,,,,,,,,,,,,,,,,,,,,,,,,,,,,,,,,,,,,,,,,,
,763,0.04565749689936638,0.050314757972955704,-0.0023452891036868095,0.0002787626290228218,0.050314757972955704,763,,,,,,,,,,,,,,,,,,,,,,,,,,,,,,,,,,,,,,,,,,,,,,,,,,,,,,,,,,,,,,,,,,,,,,,,,,,,,
,763,,,,,,763,0.04565749689936638,0.050314757972955704,-0.0023452891036868095,0.0002787626290228218,0.050314757972955704,,,,,,,,,,,,,,,,,,,,,,,,,,,,,,,,,,,,,,,,,,,,,,,,,,,,,,,,,,,,,,,,,,,,,,,,
0.0001611190685213726,764,,,,,,,,,,,,,,,,,,,,,,,,,,,,,,,,,,,,,,,,,,,,,,,,,,,,,,,,,,,,,,,,,,,,,,,,,,,,,,,,,,,
,764,0.04556415602564812,0.04556415602564812,-0.002348809503018856,0.0003882887540385127,0.04556415602564812,764,,,,,,,,,,,,,,,,,,,,,,,,,,,,,,,,,,,,,,,,,,,,,,,,,,,,,,,,,,,,,,,,,,,,,,,,,,,,,
,764,,,,,,764,0.04556415602564812,0.04556415602564812,-0.002348809503018856,0.0003882887540385127,0.04556415602564812,,,,,,,,,,,,,,,,,,,,,,,,,,,,,,,,,,,,,,,,,,,,,,,,,,,,,,,,,,,,,,,,,,,,,,,,
0.0001598418191487822,765,,,,,,,,,,,,,,,,,,,,,,,,,,,,,,,,,,,,,,,,,,,,,,,,,,,,,,,,,,,,,,,,,,,,,,,,,,,,,,,,,,,
,765,0.047305699437856674,0.047305699437856674,-0.0023523287381976843,0.0002334074379177764,0.047305699437856674,765,,,,,,,,,,,,,,,,,,,,,,,,,,,,,,,,,,,,,,,,,,,,,,,,,,,,,,,,,,,,,,,,,,,,,,,,,,,,,
,765,,,,,,765,0.047305699437856674,0.047305699437856674,-0.0023523287381976843,0.0002334074379177764,0.047305699437856674,,,,,,,,,,,,,,,,,,,,,,,,,,,,,,,,,,,,,,,,,,,,,,,,,,,,,,,,,,,,,,,,,,,,,,,,
0.00015856872058862028,766,,,,,,,,,,,,,,,,,,,,,,,,,,,,,,,,,,,,,,,,,,,,,,,,,,,,,,,,,,,,,,,,,,,,,,,,,,,,,,,,,,,
,766,0.06847614049911499,0.06587233394384384,-0.0023558426182717085,0.0003112116828560829,0.06587233394384384,766,,,,,,,,,,,,,,,,,,,,,,,,,,,,,,,,,,,,,,,,,,,,,,,,,,,,,,,,,,,,,,,,,,,,,,,,,,,,,
,766,,,,,,766,0.06847614049911499,0.06587233394384384,-0.0023558426182717085,0.0003112116828560829,0.06587233394384384,,,,,,,,,,,,,,,,,,,,,,,,,,,,,,,,,,,,,,,,,,,,,,,,,,,,,,,,,,,,,,,,,,,,,,,,
0.0001572997883531909,767,,,,,,,,,,,,,,,,,,,,,,,,,,,,,,,,,,,,,,,,,,,,,,,,,,,,,,,,,,,,,,,,,,,,,,,,,,,,,,,,,,,
,767,0.06566725671291351,0.04481223598122597,-0.002359212376177311,0.00029135376098565757,0.04481223598122597,767,,,,,,,,,,,,,,,,,,,,,,,,,,,,,,,,,,,,,,,,,,,,,,,,,,,,,,,,,,,,,,,,,,,,,,,,,,,,,
,767,,,,,,767,0.06566725671291351,0.04481223598122597,-0.002359212376177311,0.00029135376098565757,0.04481223598122597,,,,,,,,,,,,,,,,,,,,,,,,,,,,,,,,,,,,,,,,,,,,,,,,,,,,,,,,,,,,,,,,,,,,,,,,
0.00015603503790403305,768,,,,,,,,,,,,,,,,,,,,,,,,,,,,,,,,,,,,,,,,,,,,,,,,,,,,,,,,,,,,,,,,,,,,,,,,,,,,,,,,,,,
,768,0.0628204345703125,0.0628204345703125,-0.002362493658438325,0.0002731516142375767,0.0628204345703125,768,,,,,,,,,,,,,,,,,,,,,,,,,,,,,,,,,,,,,,,,,,,,,,,,,,,,,,,,,,,,,,,,,,,,,,,,,,,,,
,768,,,,,,768,0.0628204345703125,0.0628204345703125,-0.002362493658438325,0.0002731516142375767,0.0628204345703125,,,,,,,,,,,,,,,,,,,,,,,,,,,,,,,,,,,,,,,,,,,,,,,,,,,,,,,,,,,,,,,,,,,,,,,,
0.000154774484651732,769,,,,,,,,,,,,,,,,,,,,,,,,,,,,,,,,,,,,,,,,,,,,,,,,,,,,,,,,,,,,,,,,,,,,,,,,,,,,,,,,,,,
,769,0.045119285583496094,0.04047982394695282,-0.0023657865822315216,0.00043265314889140427,0.04047982394695282,769,,,,,,,,,,,,,,,,,,,,,,,,,,,,,,,,,,,,,,,,,,,,,,,,,,,,,,,,,,,,,,,,,,,,,,,,,,,,,
,769,,,,,,769,0.045119285583496094,0.04047982394695282,-0.0023657865822315216,0.00043265314889140427,0.04047982394695282,,,,,,,,,,,,,,,,,,,,,,,,,,,,,,,,,,,,,,,,,,,,,,,,,,,,,,,,,,,,,,,,,,,,,,,,
0.0001535181439557311,770,,,,,,,,,,,,,,,,,,,,,,,,,,,,,,,,,,,,,,,,,,,,,,,,,,,,,,,,,,,,,,,,,,,,,,,,,,,,,,,,,,,
,770,0.21857313811779022,0.21050582826137543,-0.0023690867237746716,0.0025320083368569613,0.21050582826137543,770,,,,,,,,,,,,,,,,,,,,,,,,,,,,,,,,,,,,,,,,,,,,,,,,,,,,,,,,,,,,,,,,,,,,,,,,,,,,,
,770,,,,,,770,0.21857313811779022,0.21050582826137543,-0.0023690867237746716,0.0025320083368569613,0.21050582826137543,,,,,,,,,,,,,,,,,,,,,,,,,,,,,,,,,,,,,,,,,,,,,,,,,,,,,,,,,,,,,,,,,,,,,,,,
0.00015226603112414517,771,,,,,,,,,,,,,,,,,,,,,,,,,,,,,,,,,,,,,,,,,,,,,,,,,,,,,,,,,,,,,,,,,,,,,,,,,,,,,,,,,,,
,771,0.044627800583839417,0.027622785419225693,-0.0023723305203020573,0.0004287661868147552,0.027622785419225693,771,,,,,,,,,,,,,,,,,,,,,,,,,,,,,,,,,,,,,,,,,,,,,,,,,,,,,,,,,,,,,,,,,,,,,,,,,,,,,
,771,,,,,,771,0.044627800583839417,0.027622785419225693,-0.0023723305203020573,0.0004287661868147552,0.027622785419225693,,,,,,,,,,,,,,,,,,,,,,,,,,,,,,,,,,,,,,,,,,,,,,,,,,,,,,,,,,,,,,,,,,,,,,,,
0.00015101816141357402,772,,,,,,,,,,,,,,,,,,,,,,,,,,,,,,,,,,,,,,,,,,,,,,,,,,,,,,,,,,,,,,,,,,,,,,,,,,,,,,,,,,,
,772,0.04909718036651611,0.036701880395412445,-0.002375556854531169,0.00022230629110708833,0.036701880395412445,772,,,,,,,,,,,,,,,,,,,,,,,,,,,,,,,,,,,,,,,,,,,,,,,,,,,,,,,,,,,,,,,,,,,,,,,,,,,,,
,772,,,,,,772,0.04909718036651611,0.036701880395412445,-0.002375556854531169,0.00022230629110708833,0.036701880395412445,,,,,,,,,,,,,,,,,,,,,,,,,,,,,,,,,,,,,,,,,,,,,,,,,,,,,,,,,,,,,,,,,,,,,,,,
0.0001497745500289165,773,,,,,,,,,,,,,,,,,,,,,,,,,,,,,,,,,,,,,,,,,,,,,,,,,,,,,,,,,,,,,,,,,,,,,,,,,,,,,,,,,,,
,773,0.3080877959728241,0.3218051493167877,-0.002378645818680525,0.004986791405826807,0.3218051493167877,773,,,,,,,,,,,,,,,,,,,,,,,,,,,,,,,,,,,,,,,,,,,,,,,,,,,,,,,,,,,,,,,,,,,,,,,,,,,,,
,773,,,,,,773,0.3080877959728241,0.3218051493167877,-0.002378645818680525,0.004986791405826807,0.3218051493167877,,,,,,,,,,,,,,,,,,,,,,,,,,,,,,,,,,,,,,,,,,,,,,,,,,,,,,,,,,,,,,,,,,,,,,,,
0.00014853521212318467,774,,,,,,,,,,,,,,,,,,,,,,,,,,,,,,,,,,,,,,,,,,,,,,,,,,,,,,,,,,,,,,,,,,,,,,,,,,,,,,,,,,,
,774,0.04472822695970535,0.037936605513095856,-0.0023817524779587984,0.0003958593006245792,0.037936605513095856,774,,,,,,,,,,,,,,,,,,,,,,,,,,,,,,,,,,,,,,,,,,,,,,,,,,,,,,,,,,,,,,,,,,,,,,,,,,,,,
,774,,,,,,774,0.04472822695970535,0.037936605513095856,-0.0023817524779587984,0.0003958593006245792,0.037936605513095856,,,,,,,,,,,,,,,,,,,,,,,,,,,,,,,,,,,,,,,,,,,,,,,,,,,,,,,,,,,,,,,,,,,,,,,,
0.00014730016279731965,775,,,,,,,,,,,,,,,,,,,,,,,,,,,,,,,,,,,,,,,,,,,,,,,,,,,,,,,,,,,,,,,,,,,,,,,,,,,,,,,,,,,
,775,0.04780052229762077,0.03722551092505455,-0.002384871942922473,0.00022409686062019318,0.03722551092505455,775,,,,,,,,,,,,,,,,,,,,,,,,,,,,,,,,,,,,,,,,,,,,,,,,,,,,,,,,,,,,,,,,,,,,,,,,,,,,,
,775,,,,,,775,0.04780052229762077,0.03722551092505455,-0.002384871942922473,0.00022409686062019318,0.03722551092505455,,,,,,,,,,,,,,,,,,,,,,,,,,,,,,,,,,,,,,,,,,,,,,,,,,,,,,,,,,,,,,,,,,,,,,,,
0.00014606941710000785,776,,,,,,,,,,,,,,,,,,,,,,,,,,,,,,,,,,,,,,,,,,,,,,,,,,,,,,,,,,,,,,,,,,,,,,,,,,,,,,,,,,,
,776,0.04754618555307388,0.04176634922623634,-0.0023879334330558777,0.00022733864898327738,0.04176634922623634,776,,,,,,,,,,,,,,,,,,,,,,,,,,,,,,,,,,,,,,,,,,,,,,,,,,,,,,,,,,,,,,,,,,,,,,,,,,,,,
,776,,,,,,776,0.04754618555307388,0.04176634922623634,-0.0023879334330558777,0.00022733864898327738,0.04176634922623634,,,,,,,,,,,,,,,,,,,,,,,,,,,,,,,,,,,,,,,,,,,,,,,,,,,,,,,,,,,,,,,,,,,,,,,,
0.0001448429900274974,777,,,,,,,,,,,,,,,,,,,,,,,,,,,,,,,,,,,,,,,,,,,,,,,,,,,,,,,,,,,,,,,,,,,,,,,,,,,,,,,,,,,
,777,0.05238190293312073,0.05238190293312073,-0.0023910067975521088,0.00022578053176403046,0.05238190293312073,777,,,,,,,,,,,,,,,,,,,,,,,,,,,,,,,,,,,,,,,,,,,,,,,,,,,,,,,,,,,,,,,,,,,,,,,,,,,,,
,777,,,,,,777,0.05238190293312073,0.05238190293312073,-0.0023910067975521088,0.00022578053176403046,0.05238190293312073,,,,,,,,,,,,,,,,,,,,,,,,,,,,,,,,,,,,,,,,,,,,,,,,,,,,,,,,,,,,,,,,,,,,,,,,
0.00014362089652341495,778,,,,,,,,,,,,,,,,,,,,,,,,,,,,,,,,,,,,,,,,,,,,,,,,,,,,,,,,,,,,,,,,,,,,,,,,,,,,,,,,,,,
,778,0.07545977830886841,0.0834449753165245,-0.0023940885439515114,0.0003566796367522329,0.0834449753165245,778,,,,,,,,,,,,,,,,,,,,,,,,,,,,,,,,,,,,,,,,,,,,,,,,,,,,,,,,,,,,,,,,,,,,,,,,,,,,,
,778,,,,,,778,0.07545977830886841,0.0834449753165245,-0.0023940885439515114,0.0003566796367522329,0.0834449753165245,,,,,,,,,,,,,,,,,,,,,,,,,,,,,,,,,,,,,,,,,,,,,,,,,,,,,,,,,,,,,,,,,,,,,,,,
0.00014240315147858397,779,,,,,,,,,,,,,,,,,,,,,,,,,,,,,,,,,,,,,,,,,,,,,,,,,,,,,,,,,,,,,,,,,,,,,,,,,,,,,,,,,,,
,779,0.045123808085918427,0.03360902518033981,-0.0023971754126250744,0.0003461573796812445,0.03360902518033981,779,,,,,,,,,,,,,,,,,,,,,,,,,,,,,,,,,,,,,,,,,,,,,,,,,,,,,,,,,,,,,,,,,,,,,,,,,,,,,
,779,,,,,,779,0.045123808085918427,0.03360902518033981,-0.0023971754126250744,0.0003461573796812445,0.03360902518033981,,,,,,,,,,,,,,,,,,,,,,,,,,,,,,,,,,,,,,,,,,,,,,,,,,,,,,,,,,,,,,,,,,,,,,,,
0.00014118976973084385,780,,,,,,,,,,,,,,,,,,,,,,,,,,,,,,,,,,,,,,,,,,,,,,,,,,,,,,,,,,,,,,,,,,,,,,,,,,,,,,,,,,,
,780,0.04363250732421875,0.04363250732421875,-0.0024001894053071737,0.0003122738271486014,0.04363250732421875,780,,,,,,,,,,,,,,,,,,,,,,,,,,,,,,,,,,,,,,,,,,,,,,,,,,,,,,,,,,,,,,,,,,,,,,,,,,,,,
,780,,,,,,780,0.04363250732421875,0.04363250732421875,-0.0024001894053071737,0.0003122738271486014,0.04363250732421875,,,,,,,,,,,,,,,,,,,,,,,,,,,,,,,,,,,,,,,,,,,,,,,,,,,,,,,,,,,,,,,,,,,,,,,,
0.00013998076606486822,781,,,,,,,,,,,,,,,,,,,,,,,,,,,,,,,,,,,,,,,,,,,,,,,,,,,,,,,,,,,,,,,,,,,,,,,,,,,,,,,,,,,
,781,0.07031358778476715,0.07031358778476715,-0.0024032103829085827,0.0003216612967662513,0.07031358778476715,781,,,,,,,,,,,,,,,,,,,,,,,,,,,,,,,,,,,,,,,,,,,,,,,,,,,,,,,,,,,,,,,,,,,,,,,,,,,,,
,781,,,,,,781,0.07031358778476715,0.07031358778476715,-0.0024032103829085827,0.0003216612967662513,0.07031358778476715,,,,,,,,,,,,,,,,,,,,,,,,,,,,,,,,,,,,,,,,,,,,,,,,,,,,,,,,,,,,,,,,,,,,,,,,
0.0001387761552119852,782,,,,,,,,,,,,,,,,,,,,,,,,,,,,,,,,,,,,,,,,,,,,,,,,,,,,,,,,,,,,,,,,,,,,,,,,,,,,,,,,,,,
,782,0.05424737557768822,0.05424737557768822,-0.002406233921647072,0.0002302640350535512,0.05424737557768822,782,,,,,,,,,,,,,,,,,,,,,,,,,,,,,,,,,,,,,,,,,,,,,,,,,,,,,,,,,,,,,,,,,,,,,,,,,,,,,
,782,,,,,,782,0.05424737557768822,0.05424737557768822,-0.002406233921647072,0.0002302640350535512,0.05424737557768822,,,,,,,,,,,,,,,,,,,,,,,,,,,,,,,,,,,,,,,,,,,,,,,,,,,,,,,,,,,,,,,,,,,,,,,,
0.00013757595184999766,783,,,,,,,,,,,,,,,,,,,,,,,,,,,,,,,,,,,,,,,,,,,,,,,,,,,,,,,,,,,,,,,,,,,,,,,,,,,,,,,,,,,
,783,0.04452560469508171,0.04222555458545685,-0.0024092569947242737,0.0003478850703686476,0.04222555458545685,783,,,,,,,,,,,,,,,,,,,,,,,,,,,,,,,,,,,,,,,,,,,,,,,,,,,,,,,,,,,,,,,,,,,,,,,,,,,,,
,783,,,,,,783,0.04452560469508171,0.04222555458545685,-0.0024092569947242737,0.0003478850703686476,0.04222555458545685,,,,,,,,,,,,,,,,,,,,,,,,,,,,,,,,,,,,,,,,,,,,,,,,,,,,,,,,,,,,,,,,,,,,,,,,
0.00013638017060300513,784,,,,,,,,,,,,,,,,,,,,,,,,,,,,,,,,,,,,,,,,,,,,,,,,,,,,,,,,,,,,,,,,,,,,,,,,,,,,,,,,,,,
,784,0.11773037910461426,0.12950997054576874,-0.0024122772738337517,0.0007881727069616318,0.12950997054576874,784,,,,,,,,,,,,,,,,,,,,,,,,,,,,,,,,,,,,,,,,,,,,,,,,,,,,,,,,,,,,,,,,,,,,,,,,,,,,,
,784,,,,,,784,0.11773037910461426,0.12950997054576874,-0.0024122772738337517,0.0007881727069616318,0.12950997054576874,,,,,,,,,,,,,,,,,,,,,,,,,,,,,,,,,,,,,,,,,,,,,,,,,,,,,,,,,,,,,,,,,,,,,,,,
0.00013518882604122444,785,,,,,,,,,,,,,,,,,,,,,,,,,,,,,,,,,,,,,,,,,,,,,,,,,,,,,,,,,,,,,,,,,,,,,,,,,,,,,,,,,,,
,785,0.053501956164836884,0.053501956164836884,-0.002415291965007782,0.0002274466387461871,0.053501956164836884,785,,,,,,,,,,,,,,,,,,,,,,,,,,,,,,,,,,,,,,,,,,,,,,,,,,,,,,,,,,,,,,,,,,,,,,,,,,,,,
,785,,,,,,785,0.053501956164836884,0.053501956164836884,-0.002415291965007782,0.0002274466387461871,0.053501956164836884,,,,,,,,,,,,,,,,,,,,,,,,,,,,,,,,,,,,,,,,,,,,,,,,,,,,,,,,,,,,,,,,,,,,,,,,
0.00013400193268081327,786,,,,,,,,,,,,,,,,,,,,,,,,,,,,,,,,,,,,,,,,,,,,,,,,,,,,,,,,,,,,,,,,,,,,,,,,,,,,,,,,,,,
,786,0.04590509459376335,0.026253223419189453,-0.0024182989727705717,0.00035143387503921986,0.026253223419189453,786,,,,,,,,,,,,,,,,,,,,,,,,,,,,,,,,,,,,,,,,,,,,,,,,,,,,,,,,,,,,,,,,,,,,,,,,,,,,,
,786,,,,,,786,0.04590509459376335,0.026253223419189453,-0.0024182989727705717,0.00035143387503921986,0.026253223419189453,,,,,,,,,,,,,,,,,,,,,,,,,,,,,,,,,,,,,,,,,,,,,,,,,,,,,,,,,,,,,,,,,,,,,,,,
0.00013281950498369278,787,,,,,,,,,,,,,,,,,,,,,,,,,,,,,,,,,,,,,,,,,,,,,,,,,,,,,,,,,,,,,,,,,,,,,,,,,,,,,,,,,,,
,787,0.04522448405623436,0.03764919936656952,-0.0024212305434048176,0.0004058271588291973,0.03764919936656952,787,,,,,,,,,,,,,,,,,,,,,,,,,,,,,,,,,,,,,,,,,,,,,,,,,,,,,,,,,,,,,,,,,,,,,,,,,,,,,
,787,,,,,,787,0.04522448405623436,0.03764919936656952,-0.0024212305434048176,0.0004058271588291973,0.03764919936656952,,,,,,,,,,,,,,,,,,,,,,,,,,,,,,,,,,,,,,,,,,,,,,,,,,,,,,,,,,,,,,,,,,,,,,,,
0.00013164155735737122,788,,,,,,,,,,,,,,,,,,,,,,,,,,,,,,,,,,,,,,,,,,,,,,,,,,,,,,,,,,,,,,,,,,,,,,,,,,,,,,,,,,,
,788,0.05060175806283951,0.05060175806283951,-0.002424157690256834,0.00021899504645261914,0.05060175806283951,788,,,,,,,,,,,,,,,,,,,,,,,,,,,,,,,,,,,,,,,,,,,,,,,,,,,,,,,,,,,,,,,,,,,,,,,,,,,,,
,788,,,,,,788,0.05060175806283951,0.05060175806283951,-0.002424157690256834,0.00021899504645261914,0.05060175806283951,,,,,,,,,,,,,,,,,,,,,,,,,,,,,,,,,,,,,,,,,,,,,,,,,,,,,,,,,,,,,,,,,,,,,,,,
0.00013046810415476856,789,,,,,,,,,,,,,,,,,,,,,,,,,,,,,,,,,,,,,,,,,,,,,,,,,,,,,,,,,,,,,,,,,,,,,,,,,,,,,,,,,,,
,789,0.09849103540182114,0.09849103540182114,-0.002427078317850828,0.0005812657764181495,0.09849103540182114,789,,,,,,,,,,,,,,,,,,,,,,,,,,,,,,,,,,,,,,,,,,,,,,,,,,,,,,,,,,,,,,,,,,,,,,,,,,,,,
,789,,,,,,789,0.09849103540182114,0.09849103540182114,-0.002427078317850828,0.0005812657764181495,0.09849103540182114,,,,,,,,,,,,,,,,,,,,,,,,,,,,,,,,,,,,,,,,,,,,,,,,,,,,,,,,,,,,,,,,,,,,,,,,
0.00012929915967404158,790,,,,,,,,,,,,,,,,,,,,,,,,,,,,,,,,,,,,,,,,,,,,,,,,,,,,,,,,,,,,,,,,,,,,,,,,,,,,,,,,,,,
,790,0.04527200385928154,0.03170146048069,-0.0024299907963722944,0.0002496339729987085,0.03170146048069,790,,,,,,,,,,,,,,,,,,,,,,,,,,,,,,,,,,,,,,,,,,,,,,,,,,,,,,,,,,,,,,,,,,,,,,,,,,,,,
,790,,,,,,790,0.04527200385928154,0.03170146048069,-0.0024299907963722944,0.0002496339729987085,0.03170146048069,,,,,,,,,,,,,,,,,,,,,,,,,,,,,,,,,,,,,,,,,,,,,,,,,,,,,,,,,,,,,,,,,,,,,,,,
0.00012813473815841042,791,,,,,,,,,,,,,,,,,,,,,,,,,,,,,,,,,,,,,,,,,,,,,,,,,,,,,,,,,,,,,,,,,,,,,,,,,,,,,,,,,,,
,791,0.04617995023727417,0.04617995023727417,-0.002432892331853509,0.00022358396381605417,0.04617995023727417,791,,,,,,,,,,,,,,,,,,,,,,,,,,,,,,,,,,,,,,,,,,,,,,,,,,,,,,,,,,,,,,,,,,,,,,,,,,,,,
,791,,,,,,791,0.04617995023727417,0.04617995023727417,-0.002432892331853509,0.00022358396381605417,0.04617995023727417,,,,,,,,,,,,,,,,,,,,,,,,,,,,,,,,,,,,,,,,,,,,,,,,,,,,,,,,,,,,,,,,,,,,,,,,
0.00012697485379598345,792,,,,,,,,,,,,,,,,,,,,,,,,,,,,,,,,,,,,,,,,,,,,,,,,,,,,,,,,,,,,,,,,,,,,,,,,,,,,,,,,,,,
,792,0.04324781894683838,0.04324781894683838,-0.0024357824586331844,0.00042113871313631535,0.04324781894683838,792,,,,,,,,,,,,,,,,,,,,,,,,,,,,,,,,,,,,,,,,,,,,,,,,,,,,,,,,,,,,,,,,,,,,,,,,,,,,,
,792,,,,,,792,0.04324781894683838,0.04324781894683838,-0.0024357824586331844,0.00042113871313631535,0.04324781894683838,,,,,,,,,,,,,,,,,,,,,,,,,,,,,,,,,,,,,,,,,,,,,,,,,,,,,,,,,,,,,,,,,,,,,,,,
0.00012581952071958566,793,,,,,,,,,,,,,,,,,,,,,,,,,,,,,,,,,,,,,,,,,,,,,,,,,,,,,,,,,,,,,,,,,,,,,,,,,,,,,,,,,,,
,793,0.04386324808001518,0.04386324808001518,-0.002438659779727459,0.0002825215342454612,0.04386324808001518,793,,,,,,,,,,,,,,,,,,,,,,,,,,,,,,,,,,,,,,,,,,,,,,,,,,,,,,,,,,,,,,,,,,,,,,,,,,,,,
,793,,,,,,793,0.04386324808001518,0.04386324808001518,-0.002438659779727459,0.0002825215342454612,0.04386324808001518,,,,,,,,,,,,,,,,,,,,,,,,,,,,,,,,,,,,,,,,,,,,,,,,,,,,,,,,,,,,,,,,,,,,,,,,
0.0001246687530065857,794,,,,,,,,,,,,,,,,,,,,,,,,,,,,,,,,,,,,,,,,,,,,,,,,,,,,,,,,,,,,,,,,,,,,,,,,,,,,,,,,,,,
,794,0.04276107996702194,0.02303558774292469,-0.0024415215011686087,0.00026678937138058245,0.02303558774292469,794,,,,,,,,,,,,,,,,,,,,,,,,,,,,,,,,,,,,,,,,,,,,,,,,,,,,,,,,,,,,,,,,,,,,,,,,,,,,,
,794,,,,,,794,0.04276107996702194,0.02303558774292469,-0.0024415215011686087,0.00026678937138058245,0.02303558774292469,,,,,,,,,,,,,,,,,,,,,,,,,,,,,,,,,,,,,,,,,,,,,,,,,,,,,,,,,,,,,,,,,,,,,,,,
0.00012352256467872545,795,,,,,,,,,,,,,,,,,,,,,,,,,,,,,,,,,,,,,,,,,,,,,,,,,,,,,,,,,,,,,,,,,,,,,,,,,,,,,,,,,,,
,795,0.04300723969936371,0.04300723969936371,-0.0024442989379167557,0.0003997986204922199,0.04300723969936371,795,,,,,,,,,,,,,,,,,,,,,,,,,,,,,,,,,,,,,,,,,,,,,,,,,,,,,,,,,,,,,,,,,,,,,,,,,,,,,
,795,,,,,,795,0.04300723969936371,0.04300723969936371,-0.0024442989379167557,0.0003997986204922199,0.04300723969936371,,,,,,,,,,,,,,,,,,,,,,,,,,,,,,,,,,,,,,,,,,,,,,,,,,,,,,,,,,,,,,,,,,,,,,,,
0.0001223809697019478,796,,,,,,,,,,,,,,,,,,,,,,,,,,,,,,,,,,,,,,,,,,,,,,,,,,,,,,,,,,,,,,,,,,,,,,,,,,,,,,,,,,,
,796,0.18922853469848633,0.18922853469848633,-0.0024470670614391565,0.0018448915798217058,0.18922853469848633,796,,,,,,,,,,,,,,,,,,,,,,,,,,,,,,,,,,,,,,,,,,,,,,,,,,,,,,,,,,,,,,,,,,,,,,,,,,,,,
,796,,,,,,796,0.18922853469848633,0.18922853469848633,-0.0024470670614391565,0.0018448915798217058,0.18922853469848633,,,,,,,,,,,,,,,,,,,,,,,,,,,,,,,,,,,,,,,,,,,,,,,,,,,,,,,,,,,,,,,,,,,,,,,,
0.00012124398198622712,797,,,,,,,,,,,,,,,,,,,,,,,,,,,,,,,,,,,,,,,,,,,,,,,,,,,,,,,,,,,,,,,,,,,,,,,,,,,,,,,,,,,
,797,0.08995729684829712,0.08995729684829712,-0.002449824009090662,0.000498612760566175,0.08995729684829712,797,,,,,,,,,,,,,,,,,,,,,,,,,,,,,,,,,,,,,,,,,,,,,,,,,,,,,,,,,,,,,,,,,,,,,,,,,,,,,
,797,,,,,,797,0.08995729684829712,0.08995729684829712,-0.002449824009090662,0.000498612760566175,0.08995729684829712,,,,,,,,,,,,,,,,,,,,,,,,,,,,,,,,,,,,,,,,,,,,,,,,,,,,,,,,,,,,,,,,,,,,,,,,
0.00012011161538540017,798,,,,,,,,,,,,,,,,,,,,,,,,,,,,,,,,,,,,,,,,,,,,,,,,,,,,,,,,,,,,,,,,,,,,,,,,,,,,,,,,,,,
,798,0.09128004312515259,0.10427276045084,-0.002452568616718054,0.0005073603824712336,0.10427276045084,798,,,,,,,,,,,,,,,,,,,,,,,,,,,,,,,,,,,,,,,,,,,,,,,,,,,,,,,,,,,,,,,,,,,,,,,,,,,,,
,798,,,,,,798,0.09128004312515259,0.10427276045084,-0.002452568616718054,0.0005073603824712336,0.10427276045084,,,,,,,,,,,,,,,,,,,,,,,,,,,,,,,,,,,,,,,,,,,,,,,,,,,,,,,,,,,,,,,,,,,,,,,,
0.00011898388369699628,799,,,,,,,,,,,,,,,,,,,,,,,,,,,,,,,,,,,,,,,,,,,,,,,,,,,,,,,,,,,,,,,,,,,,,,,,,,,,,,,,,,,
,799,0.13774043321609497,0.13774043321609497,-0.0024552212562412024,0.0010833002161234617,0.13774043321609497,799,,,,,,,,,,,,,,,,,,,,,,,,,,,,,,,,,,,,,,,,,,,,,,,,,,,,,,,,,,,,,,,,,,,,,,,,,,,,,
,799,,,,,,799,,,,,,0.020486898720264435,0.020486898720264435,-0.0024578676093369722,0.00011136201646877453,0.020486898720264435,0.056390367448329926,0.048447106033563614,-0.0024578676093369722,0.0003066610370296985,0.048447106033563614,-0.08354263007640839,0.050351742655038834,0.11734586954116821,0.2163214385509491,0.12935474514961243,0.06564313173294067,0.04357142746448517,0.033109016716480255,0.013256005011498928,0.08354263007640839,0.515277624130249,0.20221632719039917,0.09720730036497116,0.06652126461267471,0.05575702711939812,0.0663900151848793,0.16722826659679413,0.27158790826797485,0.26416727900505066,0.16816352307796478,0.11213235557079315,0.07536764442920685,0.016293276101350784,0.1512853354215622,7.492223262786865,1.2196170091629028,0.6954778432846069,0.7325010299682617,1.139143466949463,34.55712127685547,7.639347076416016,-0.10314574837684631,0.07324285060167313,0.14177674055099487,0.26836255192756653,0.18308590352535248,0.08303464949131012,0.05248159542679787,0.03154050558805466,0.0003692762111313641,0.10314574837684631,0.7074069380760193,0.36559954285621643,0.17418546974658966,0.12050163745880127,0.08612874150276184,0.0041493759490549564,0.2429952770471573,0.30186957120895386,0.2683350741863251,0.13694581389427185,0.08506543189287186,0.0474051907658577,0.0004051863797940314,0.14000438153743744,11.430074691772461,3.8637187480926514,3.3672499656677246,4.176656246185303,6.870581150054932,218.27548217773438,41.33062744140625
,799,,,,,,799,0.13774043321609497,0.13774043321609497,-0.0024552212562412024,0.0010833002161234617,0.13774043321609497,,,,,,,,,,,,,,,,,,,,,,,,,,,,,,,,,,,,,,,,,,,,,,,,,,,,,,,,,,,,,,,,,,,,,,,,
0.00011786080066207062,800,,,,,,,,,,,,,,,,,,,,,,,,,,,,,,,,,,,,,,,,,,,,,,,,,,,,,,,,,,,,,,,,,,,,,,,,,,,,,,,,,,,
,800,0.04324417561292648,0.04324417561292648,-0.0024578676093369722,0.0003152353165205568,0.04324417561292648,800,,,,,,,,,,,,,,,,,,,,,,,,,,,,,,,,,,,,,,,,,,,,,,,,,,,,,,,,,,,,,,,,,,,,,,,,,,,,,
,800,,,,,,800,0.04324417561292648,0.04324417561292648,-0.0024578676093369722,0.0003152353165205568,0.04324417561292648,,,,,,,,,,,,,,,,,,,,,,,,,,,,,,,,,,,,,,,,,,,,,,,,,,,,,,,,,,,,,,,,,,,,,,,,
0.00011674237996503516,801,,,,,,,,,,,,,,,,,,,,,,,,,,,,,,,,,,,,,,,,,,,,,,,,,,,,,,,,,,,,,,,,,,,,,,,,,,,,,,,,,,,
,801,0.04304911941289902,0.034423794597387314,-0.002460504649206996,0.0003675906336866319,0.034423794597387314,801,,,,,,,,,,,,,,,,,,,,,,,,,,,,,,,,,,,,,,,,,,,,,,,,,,,,,,,,,,,,,,,,,,,,,,,,,,,,,
,801,,,,,,801,0.04304911941289902,0.034423794597387314,-0.002460504649206996,0.0003675906336866319,0.034423794597387314,,,,,,,,,,,,,,,,,,,,,,,,,,,,,,,,,,,,,,,,,,,,,,,,,,,,,,,,,,,,,,,,,,,,,,,,
0.00011562863523349341,802,,,,,,,,,,,,,,,,,,,,,,,,,,,,,,,,,,,,,,,,,,,,,,,,,,,,,,,,,,,,,,,,,,,,,,,,,,,,,,,,,,,
,802,0.04445584863424301,0.04445584863424301,-0.0024630639236420393,0.00044800990144722164,0.04445584863424301,802,,,,,,,,,,,,,,,,,,,,,,,,,,,,,,,,,,,,,,,,,,,,,,,,,,,,,,,,,,,,,,,,,,,,,,,,,,,,,
,802,,,,,,802,0.04445584863424301,0.04445584863424301,-0.0024630639236420393,0.00044800990144722164,0.04445584863424301,,,,,,,,,,,,,,,,,,,,,,,,,,,,,,,,,,,,,,,,,,,,,,,,,,,,,,,,,,,,,,,,,,,,,,,,
0.00011451958003807339,803,,,,,,,,,,,,,,,,,,,,,,,,,,,,,,,,,,,,,,,,,,,,,,,,,,,,,,,,,,,,,,,,,,,,,,,,,,,,,,,,,,,
,803,0.045443952083587646,0.0442235991358757,-0.002465619007125497,0.0002474615757819265,0.0442235991358757,803,,,,,,,,,,,,,,,,,,,,,,,,,,,,,,,,,,,,,,,,,,,,,,,,,,,,,,,,,,,,,,,,,,,,,,,,,,,,,
,803,,,,,,803,0.045443952083587646,0.0442235991358757,-0.002465619007125497,0.0002474615757819265,0.0442235991358757,,,,,,,,,,,,,,,,,,,,,,,,,,,,,,,,,,,,,,,,,,,,,,,,,,,,,,,,,,,,,,,,,,,,,,,,
0.0001134152278922624,804,,,,,,,,,,,,,,,,,,,,,,,,,,,,,,,,,,,,,,,,,,,,,,,,,,,,,,,,,,,,,,,,,,,,,,,,,,,,,,,,,,,
,804,0.046272438019514084,0.03058077022433281,-0.0024681424256414175,0.0002551504585426301,0.03058077022433281,804,,,,,,,,,,,,,,,,,,,,,,,,,,,,,,,,,,,,,,,,,,,,,,,,,,,,,,,,,,,,,,,,,,,,,,,,,,,,,
,804,,,,,,804,0.046272438019514084,0.03058077022433281,-0.0024681424256414175,0.0002551504585426301,0.03058077022433281,,,,,,,,,,,,,,,,,,,,,,,,,,,,,,,,,,,,,,,,,,,,,,,,,,,,,,,,,,,,,,,,,,,,,,,,
0.00011231559225224312,805,,,,,,,,,,,,,,,,,,,,,,,,,,,,,,,,,,,,,,,,,,,,,,,,,,,,,,,,,,,,,,,,,,,,,,,,,,,,,,,,,,,
,805,0.04827702045440674,0.04827702045440674,-0.0024705645628273487,0.00021976506104692817,0.04827702045440674,805,,,,,,,,,,,,,,,,,,,,,,,,,,,,,,,,,,,,,,,,,,,,,,,,,,,,,,,,,,,,,,,,,,,,,,,,,,,,,
,805,,,,,,805,0.04827702045440674,0.04827702045440674,-0.0024705645628273487,0.00021976506104692817,0.04827702045440674,,,,,,,,,,,,,,,,,,,,,,,,,,,,,,,,,,,,,,,,,,,,,,,,,,,,,,,,,,,,,,,,,,,,,,,,
0.00011122068651672882,806,,,,,,,,,,,,,,,,,,,,,,,,,,,,,,,,,,,,,,,,,,,,,,,,,,,,,,,,,,,,,,,,,,,,,,,,,,,,,,,,,,,
,806,0.04281583055853844,0.029973730444908142,-0.002472988795489073,0.00042740971548482776,0.029973730444908142,806,,,,,,,,,,,,,,,,,,,,,,,,,,,,,,,,,,,,,,,,,,,,,,,,,,,,,,,,,,,,,,,,,,,,,,,,,,,,,
,806,,,,,,806,0.04281583055853844,0.029973730444908142,-0.002472988795489073,0.00042740971548482776,0.029973730444908142,,,,,,,,,,,,,,,,,,,,,,,,,,,,,,,,,,,,,,,,,,,,,,,,,,,,,,,,,,,,,,,,,,,,,,,,
0.00011013052402680024,807,,,,,,,,,,,,,,,,,,,,,,,,,,,,,,,,,,,,,,,,,,,,,,,,,,,,,,,,,,,,,,,,,,,,,,,,,,,,,,,,,,,
,807,0.08949574083089828,0.08949574083089828,-0.0024754100013524294,0.0004946791450493038,0.08949574083089828,807,,,,,,,,,,,,,,,,,,,,,,,,,,,,,,,,,,,,,,,,,,,,,,,,,,,,,,,,,,,,,,,,,,,,,,,,,,,,,
,807,,,,,,807,0.08949574083089828,0.08949574083089828,-0.0024754100013524294,0.0004946791450493038,0.08949574083089828,,,,,,,,,,,,,,,,,,,,,,,,,,,,,,,,,,,,,,,,,,,,,,,,,,,,,,,,,,,,,,,,,,,,,,,,
0.00010904511806574302,808,,,,,,,,,,,,,,,,,,,,,,,,,,,,,,,,,,,,,,,,,,,,,,,,,,,,,,,,,,,,,,,,,,,,,,,,,,,,,,,,,,,
,808,0.058666013181209564,0.058666013181209564,-0.0024778288789093494,0.00025164891849271953,0.058666013181209564,808,,,,,,,,,,,,,,,,,,,,,,,,,,,,,,,,,,,,,,,,,,,,,,,,,,,,,,,,,,,,,,,,,,,,,,,,,,,,,
,808,,,,,,808,0.058666013181209564,0.058666013181209564,-0.0024778288789093494,0.00025164891849271953,0.058666013181209564,,,,,,,,,,,,,,,,,,,,,,,,,,,,,,,,,,,,,,,,,,,,,,,,,,,,,,,,,,,,,,,,,,,,,,,,
0.00010796448185888679,809,,,,,,,,,,,,,,,,,,,,,,,,,,,,,,,,,,,,,,,,,,,,,,,,,,,,,,,,,,,,,,,,,,,,,,,,,,,,,,,,,,,
,809,0.4148194193840027,0.4148194193840027,-0.0024802428670227528,0.009941480122506618,0.4148194193840027,809,,,,,,,,,,,,,,,,,,,,,,,,,,,,,,,,,,,,,,,,,,,,,,,,,,,,,,,,,,,,,,,,,,,,,,,,,,,,,
,809,,,,,,809,0.4148194193840027,0.4148194193840027,-0.0024802428670227528,0.009941480122506618,0.4148194193840027,,,,,,,,,,,,,,,,,,,,,,,,,,,,,,,,,,,,,,,,,,,,,,,,,,,,,,,,,,,,,,,,,,,,,,,,
0.00010688862857344248,810,,,,,,,,,,,,,,,,,,,,,,,,,,,,,,,,,,,,,,,,,,,,,,,,,,,,,,,,,,,,,,,,,,,,,,,,,,,,,,,,,,,
,810,0.04444803297519684,0.030941396951675415,-0.0024826498702168465,0.00025763348094187677,0.030941396951675415,810,,,,,,,,,,,,,,,,,,,,,,,,,,,,,,,,,,,,,,,,,,,,,,,,,,,,,,,,,,,,,,,,,,,,,,,,,,,,,
,810,,,,,,810,0.04444803297519684,0.030941396951675415,-0.0024826498702168465,0.00025763348094187677,0.030941396951675415,,,,,,,,,,,,,,,,,,,,,,,,,,,,,,,,,,,,,,,,,,,,,,,,,,,,,,,,,,,,,,,,,,,,,,,,
0.00010581757131834282,811,,,,,,,,,,,,,,,,,,,,,,,,,,,,,,,,,,,,,,,,,,,,,,,,,,,,,,,,,,,,,,,,,,,,,,,,,,,,,,,,,,,
,811,0.04513603076338768,0.04513603076338768,-0.0024850484915077686,0.00023659400176256895,0.04513603076338768,811,,,,,,,,,,,,,,,,,,,,,,,,,,,,,,,,,,,,,,,,,,,,,,,,,,,,,,,,,,,,,,,,,,,,,,,,,,,,,
,811,,,,,,811,0.04513603076338768,0.04513603076338768,-0.0024850484915077686,0.00023659400176256895,0.04513603076338768,,,,,,,,,,,,,,,,,,,,,,,,,,,,,,,,,,,,,,,,,,,,,,,,,,,,,,,,,,,,,,,,,,,,,,,,
0.00010475132314408238,812,,,,,,,,,,,,,,,,,,,,,,,,,,,,,,,,,,,,,,,,,,,,,,,,,,,,,,,,,,,,,,,,,,,,,,,,,,,,,,,,,,,
,812,0.052665673196315765,0.052665673196315765,-0.0024874364025890827,0.0002256596926599741,0.052665673196315765,812,,,,,,,,,,,,,,,,,,,,,,,,,,,,,,,,,,,,,,,,,,,,,,,,,,,,,,,,,,,,,,,,,,,,,,,,,,,,,
,812,,,,,,812,0.052665673196315765,0.052665673196315765,-0.0024874364025890827,0.0002256596926599741,0.052665673196315765,,,,,,,,,,,,,,,,,,,,,,,,,,,,,,,,,,,,,,,,,,,,,,,,,,,,,,,,,,,,,,,,,,,,,,,,
0.00010368989704255866,813,,,,,,,,,,,,,,,,,,,,,,,,,,,,,,,,,,,,,,,,,,,,,,,,,,,,,,,,,,,,,,,,,,,,,,,,,,,,,,,,,,,
,813,0.04565576836466789,0.019906362518668175,-0.0024898129049688578,0.0002330909192096442,0.019906362518668175,813,,,,,,,,,,,,,,,,,,,,,,,,,,,,,,,,,,,,,,,,,,,,,,,,,,,,,,,,,,,,,,,,,,,,,,,,,,,,,
,813,,,,,,813,0.04565576836466789,0.019906362518668175,-0.0024898129049688578,0.0002330909192096442,0.019906362518668175,,,,,,,,,,,,,,,,,,,,,,,,,,,,,,,,,,,,,,,,,,,,,,,,,,,,,,,,,,,,,,,,,,,,,,,,
0.00010263330594691402,814,,,,,,,,,,,,,,,,,,,,,,,,,,,,,,,,,,,,,,,,,,,,,,,,,,,,,,,,,,,,,,,,,,,,,,,,,,,,,,,,,,,
,814,0.09145469963550568,0.09145469963550568,-0.0024921747390180826,0.0004883890505880117,0.09145469963550568,814,,,,,,,,,,,,,,,,,,,,,,,,,,,,,,,,,,,,,,,,,,,,,,,,,,,,,,,,,,,,,,,,,,,,,,,,,,,,,
,814,,,,,,814,0.09145469963550568,0.09145469963550568,-0.0024921747390180826,0.0004883890505880117,0.09145469963550568,,,,,,,,,,,,,,,,,,,,,,,,,,,,,,,,,,,,,,,,,,,,,,,,,,,,,,,,,,,,,,,,,,,,,,,,
0.00010158156273137723,815,,,,,,,,,,,,,,,,,,,,,,,,,,,,,,,,,,,,,,,,,,,,,,,,,,,,,,,,,,,,,,,,,,,,,,,,,,,,,,,,,,,
,815,0.2834303081035614,0.2765228748321533,-0.0024945226032286882,0.0037564453668892384,0.2765228748321533,815,,,,,,,,,,,,,,,,,,,,,,,,,,,,,,,,,,,,,,,,,,,,,,,,,,,,,,,,,,,,,,,,,,,,,,,,,,,,,
,815,,,,,,815,0.2834303081035614,0.2765228748321533,-0.0024945226032286882,0.0037564453668892384,0.2765228748321533,,,,,,,,,,,,,,,,,,,,,,,,,,,,,,,,,,,,,,,,,,,,,,,,,,,,,,,,,,,,,,,,,,,,,,,,
0.00010053468021110775,816,,,,,,,,,,,,,,,,,,,,,,,,,,,,,,,,,,,,,,,,,,,,,,,,,,,,,,,,,,,,,,,,,,,,,,,,,,,,,,,,,,,
,816,0.04494461417198181,0.04494461417198181,-0.002496825298294425,0.0002523825678508729,0.04494461417198181,816,,,,,,,,,,,,,,,,,,,,,,,,,,,,,,,,,,,,,,,,,,,,,,,,,,,,,,,,,,,,,,,,,,,,,,,,,,,,,
,816,,,,,,816,0.04494461417198181,0.04494461417198181,-0.002496825298294425,0.0002523825678508729,0.04494461417198181,,,,,,,,,,,,,,,,,,,,,,,,,,,,,,,,,,,,,,,,,,,,,,,,,,,,,,,,,,,,,,,,,,,,,,,,
9.949267114203844e-05,817,,,,,,,,,,,,,,,,,,,,,,,,,,,,,,,,,,,,,,,,,,,,,,,,,,,,,,,,,,,,,,,,,,,,,,,,,,,,,,,,,,,
,817,0.0685720443725586,0.0685720443725586,-0.002499115653336048,0.00031585671240463853,0.0685720443725586,817,,,,,,,,,,,,,,,,,,,,,,,,,,,,,,,,,,,,,,,,,,,,,,,,,,,,,,,,,,,,,,,,,,,,,,,,,,,,,
,817,,,,,,817,0.0685720443725586,0.0685720443725586,-0.002499115653336048,0.00031585671240463853,0.0685720443725586,,,,,,,,,,,,,,,,,,,,,,,,,,,,,,,,,,,,,,,,,,,,,,,,,,,,,,,,,,,,,,,,,,,,,,,,
9.8455548220721e-05,818,,,,,,,,,,,,,,,,,,,,,,,,,,,,,,,,,,,,,,,,,,,,,,,,,,,,,,,,,,,,,,,,,,,,,,,,,,,,,,,,,,,
,818,0.2016536444425583,0.1959034651517868,-0.002501392038539052,0.002194361761212349,0.1959034651517868,818,,,,,,,,,,,,,,,,,,,,,,,,,,,,,,,,,,,,,,,,,,,,,,,,,,,,,,,,,,,,,,,,,,,,,,,,,,,,,
,818,,,,,,818,0.2016536444425583,0.1959034651517868,-0.002501392038539052,0.002194361761212349,0.1959034651517868,,,,,,,,,,,,,,,,,,,,,,,,,,,,,,,,,,,,,,,,,,,,,,,,,,,,,,,,,,,,,,,,,,,,,,,,
9.742332408417094e-05,819,,,,,,,,,,,,,,,,,,,,,,,,,,,,,,,,,,,,,,,,,,,,,,,,,,,,,,,,,,,,,,,,,,,,,,,,,,,,,,,,,,,
,819,0.1523088812828064,0.16080708801746368,-0.0025036039296537638,0.0013025074731558561,0.16080708801746368,819,,,,,,,,,,,,,,,,,,,,,,,,,,,,,,,,,,,,,,,,,,,,,,,,,,,,,,,,,,,,,,,,,,,,,,,,,,,,,
,819,,,,,,819,0.1523088812828064,0.16080708801746368,-0.0025036039296537638,0.0013025074731558561,0.16080708801746368,,,,,,,,,,,,,,,,,,,,,,,,,,,,,,,,,,,,,,,,,,,,,,,,,,,,,,,,,,,,,,,,,,,,,,,,
9.639601130971386e-05,820,,,,,,,,,,,,,,,,,,,,,,,,,,,,,,,,,,,,,,,,,,,,,,,,,,,,,,,,,,,,,,,,,,,,,,,,,,,,,,,,,,,
,820,0.1501998007297516,0.14607615768909454,-0.0025058058090507984,0.0012768841115757823,0.14607615768909454,820,,,,,,,,,,,,,,,,,,,,,,,,,,,,,,,,,,,,,,,,,,,,,,,,,,,,,,,,,,,,,,,,,,,,,,,,,,,,,
,820,,,,,,820,0.1501998007297516,0.14607615768909454,-0.0025058058090507984,0.0012768841115757823,0.14607615768909454,,,,,,,,,,,,,,,,,,,,,,,,,,,,,,,,,,,,,,,,,,,,,,,,,,,,,,,,,,,,,,,,,,,,,,,,
9.537362241483149e-05,821,,,,,,,,,,,,,,,,,,,,,,,,,,,,,,,,,,,,,,,,,,,,,,,,,,,,,,,,,,,,,,,,,,,,,,,,,,,,,,,,,,,
,821,0.0898156389594078,0.08380851149559021,-0.0025079436600208282,0.0004923840169794858,0.08380851149559021,821,,,,,,,,,,,,,,,,,,,,,,,,,,,,,,,,,,,,,,,,,,,,,,,,,,,,,,,,,,,,,,,,,,,,,,,,,,,,,
,821,,,,,,821,0.0898156389594078,0.08380851149559021,-0.0025079436600208282,0.0004923840169794858,0.08380851149559021,,,,,,,,,,,,,,,,,,,,,,,,,,,,,,,,,,,,,,,,,,,,,,,,,,,,,,,,,,,,,,,,,,,,,,,,
9.435616985700989e-05,822,,,,,,,,,,,,,,,,,,,,,,,,,,,,,,,,,,,,,,,,,,,,,,,,,,,,,,,,,,,,,,,,,,,,,,,,,,,,,,,,,,,
,822,0.04846252501010895,0.04846252501010895,-0.002510017016902566,0.00023496855283156037,0.04846252501010895,822,,,,,,,,,,,,,,,,,,,,,,,,,,,,,,,,,,,,,,,,,,,,,,,,,,,,,,,,,,,,,,,,,,,,,,,,,,,,,
,822,,,,,,822,0.04846252501010895,0.04846252501010895,-0.002510017016902566,0.00023496855283156037,0.04846252501010895,,,,,,,,,,,,,,,,,,,,,,,,,,,,,,,,,,,,,,,,,,,,,,,,,,,,,,,,,,,,,,,,,,,,,,,,
9.334366603358716e-05,823,,,,,,,,,,,,,,,,,,,,,,,,,,,,,,,,,,,,,,,,,,,,,,,,,,,,,,,,,,,,,,,,,,,,,,,,,,,,,,,,,,,
,823,0.0598922036588192,0.04406753182411194,-0.002512088045477867,0.00025620064116083086,0.04406753182411194,823,,,,,,,,,,,,,,,,,,,,,,,,,,,,,,,,,,,,,,,,,,,,,,,,,,,,,,,,,,,,,,,,,,,,,,,,,,,,,
,823,,,,,,823,0.0598922036588192,0.04406753182411194,-0.002512088045477867,0.00025620064116083086,0.04406753182411194,,,,,,,,,,,,,,,,,,,,,,,,,,,,,,,,,,,,,,,,,,,,,,,,,,,,,,,,,,,,,,,,,,,,,,,,
9.233612328160336e-05,824,,,,,,,,,,,,,,,,,,,,,,,,,,,,,,,,,,,,,,,,,,,,,,,,,,,,,,,,,,,,,,,,,,,,,,,,,,,,,,,,,,,
,824,0.05065065622329712,0.05065065622329712,-0.0025140782818198204,0.00022725050803273916,0.05065065622329712,824,,,,,,,,,,,,,,,,,,,,,,,,,,,,,,,,,,,,,,,,,,,,,,,,,,,,,,,,,,,,,,,,,,,,,,,,,,,,,
,824,,,,,,824,0.05065065622329712,0.05065065622329712,-0.0025140782818198204,0.00022725050803273916,0.05065065622329712,,,,,,,,,,,,,,,,,,,,,,,,,,,,,,,,,,,,,,,,,,,,,,,,,,,,,,,,,,,,,,,,,,,,,,,,
9.133355387764874e-05,825,,,,,,,,,,,,,,,,,,,,,,,,,,,,,,,,,,,,,,,,,,,,,,,,,,,,,,,,,,,,,,,,,,,,,,,,,,,,,,,,,,,
,825,0.05001737177371979,0.05001737177371979,-0.0025160708464682102,0.00022190324671100825,0.05001737177371979,825,,,,,,,,,,,,,,,,,,,,,,,,,,,,,,,,,,,,,,,,,,,,,,,,,,,,,,,,,,,,,,,,,,,,,,,,,,,,,
,825,,,,,,825,0.05001737177371979,0.05001737177371979,-0.0025160708464682102,0.00022190324671100825,0.05001737177371979,,,,,,,,,,,,,,,,,,,,,,,,,,,,,,,,,,,,,,,,,,,,,,,,,,,,,,,,,,,,,,,,,,,,,,,,
9.033597003771486e-05,826,,,,,,,,,,,,,,,,,,,,,,,,,,,,,,,,,,,,,,,,,,,,,,,,,,,,,,,,,,,,,,,,,,,,,,,,,,,,,,,,,,,
,826,0.04383193701505661,0.030015598982572556,-0.0025180629454553127,0.0003362470888532698,0.030015598982572556,826,,,,,,,,,,,,,,,,,,,,,,,,,,,,,,,,,,,,,,,,,,,,,,,,,,,,,,,,,,,,,,,,,,,,,,,,,,,,,
,826,,,,,,826,0.04383193701505661,0.030015598982572556,-0.0025180629454553127,0.0003362470888532698,0.030015598982572556,,,,,,,,,,,,,,,,,,,,,,,,,,,,,,,,,,,,,,,,,,,,,,,,,,,,,,,,,,,,,,,,,,,,,,,,
8.934338391704628e-05,827,,,,,,,,,,,,,,,,,,,,,,,,,,,,,,,,,,,,,,,,,,,,,,,,,,,,,,,,,,,,,,,,,,,,,,,,,,,,,,,,,,,
,827,0.13271117210388184,0.13271117210388184,-0.002519970526918769,0.0009972910629585385,0.13271117210388184,827,,,,,,,,,,,,,,,,,,,,,,,,,,,,,,,,,,,,,,,,,,,,,,,,,,,,,,,,,,,,,,,,,,,,,,,,,,,,,
,827,,,,,,827,0.13271117210388184,0.13271117210388184,-0.002519970526918769,0.0009972910629585385,0.13271117210388184,,,,,,,,,,,,,,,,,,,,,,,,,,,,,,,,,,,,,,,,,,,,,,,,,,,,,,,,,,,,,,,,,,,,,,,,
8.835580760999165e-05,828,,,,,,,,,,,,,,,,,,,,,,,,,,,,,,,,,,,,,,,,,,,,,,,,,,,,,,,,,,,,,,,,,,,,,,,,,,,,,,,,,,,
,828,0.2445819228887558,0.24372026324272156,-0.00252188160084188,0.0031344916205853224,0.24372026324272156,828,,,,,,,,,,,,,,,,,,,,,,,,,,,,,,,,,,,,,,,,,,,,,,,,,,,,,,,,,,,,,,,,,,,,,,,,,,,,,
,828,,,,,,828,0.2445819228887558,0.24372026324272156,-0.00252188160084188,0.0031344916205853224,0.24372026324272156,,,,,,,,,,,,,,,,,,,,,,,,,,,,,,,,,,,,,,,,,,,,,,,,,,,,,,,,,,,,,,,,,,,,,,,,
8.737325314985646e-05,829,,,,,,,,,,,,,,,,,,,,,,,,,,,,,,,,,,,,,,,,,,,,,,,,,,,,,,,,,,,,,,,,,,,,,,,,,,,,,,,,,,,
,829,0.2659115493297577,0.26967746019363403,-0.002523793838918209,0.003790457732975483,0.26967746019363403,829,,,,,,,,,,,,,,,,,,,,,,,,,,,,,,,,,,,,,,,,,,,,,,,,,,,,,,,,,,,,,,,,,,,,,,,,,,,,,
,829,,,,,,829,0.2659115493297577,0.26967746019363403,-0.002523793838918209,0.003790457732975483,0.26967746019363403,,,,,,,,,,,,,,,,,,,,,,,,,,,,,,,,,,,,,,,,,,,,,,,,,,,,,,,,,,,,,,,,,,,,,,,,
8.639573250875674e-05,830,,,,,,,,,,,,,,,,,,,,,,,,,,,,,,,,,,,,,,,,,,,,,,,,,,,,,,,,,,,,,,,,,,,,,,,,,,,,,,,,,,,
,830,0.10318320989608765,0.09614788740873337,-0.0025256795343011618,0.000625174434389919,0.09614788740873337,830,,,,,,,,,,,,,,,,,,,,,,,,,,,,,,,,,,,,,,,,,,,,,,,,,,,,,,,,,,,,,,,,,,,,,,,,,,,,,
,830,,,,,,830,0.10318320989608765,0.09614788740873337,-0.0025256795343011618,0.000625174434389919,0.09614788740873337,,,,,,,,,,,,,,,,,,,,,,,,,,,,,,,,,,,,,,,,,,,,,,,,,,,,,,,,,,,,,,,,,,,,,,,,
8.542325759747303e-05,831,,,,,,,,,,,,,,,,,,,,,,,,,,,,,,,,,,,,,,,,,,,,,,,,,,,,,,,,,,,,,,,,,,,,,,,,,,,,,,,,,,,
,831,0.07028013467788696,0.0674634724855423,-0.0025275140069425106,0.0003215082688257098,0.0674634724855423,831,,,,,,,,,,,,,,,,,,,,,,,,,,,,,,,,,,,,,,,,,,,,,,,,,,,,,,,,,,,,,,,,,,,,,,,,,,,,,
,831,,,,,,831,0.07028013467788696,0.0674634724855423,-0.0025275140069425106,0.0003215082688257098,0.0674634724855423,,,,,,,,,,,,,,,,,,,,,,,,,,,,,,,,,,,,,,,,,,,,,,,,,,,,,,,,,,,,,,,,,,,,,,,,
8.445584026530536e-05,832,,,,,,,,,,,,,,,,,,,,,,,,,,,,,,,,,,,,,,,,,,,,,,,,,,,,,,,,,,,,,,,,,,,,,,,,,,,,,,,,,,,
,832,0.06315256655216217,0.05899716541171074,-0.0025292926002293825,0.00027130870148539543,0.05899716541171074,832,,,,,,,,,,,,,,,,,,,,,,,,,,,,,,,,,,,,,,,,,,,,,,,,,,,,,,,,,,,,,,,,,,,,,,,,,,,,,
,832,,,,,,832,0.06315256655216217,0.05899716541171074,-0.0025292926002293825,0.00027130870148539543,0.05899716541171074,,,,,,,,,,,,,,,,,,,,,,,,,,,,,,,,,,,,,,,,,,,,,,,,,,,,,,,,,,,,,,,,,,,,,,,,
8.349349229992852e-05,833,,,,,,,,,,,,,,,,,,,,,,,,,,,,,,,,,,,,,,,,,,,,,,,,,,,,,,,,,,,,,,,,,,,,,,,,,,,,,,,,,,,
,833,0.39067280292510986,0.3986041843891144,-0.0025310227647423744,0.007879377342760563,0.3986041843891144,833,,,,,,,,,,,,,,,,,,,,,,,,,,,,,,,,,,,,,,,,,,,,,,,,,,,,,,,,,,,,,,,,,,,,,,,,,,,,,
,833,,,,,,833,0.39067280292510986,0.3986041843891144,-0.0025310227647423744,0.007879377342760563,0.3986041843891144,,,,,,,,,,,,,,,,,,,,,,,,,,,,,,,,,,,,,,,,,,,,,,,,,,,,,,,,,,,,,,,,,,,,,,,,
8.25362254272487e-05,834,,,,,,,,,,,,,,,,,,,,,,,,,,,,,,,,,,,,,,,,,,,,,,,,,,,,,,,,,,,,,,,,,,,,,,,,,,,,,,,,,,,
,834,0.5998023748397827,0.6054101586341858,-0.002532761776819825,0.027141107246279716,0.6054101586341858,834,,,,,,,,,,,,,,,,,,,,,,,,,,,,,,,,,,,,,,,,,,,,,,,,,,,,,,,,,,,,,,,,,,,,,,,,,,,,,
,834,,,,,,834,0.5998023748397827,0.6054101586341858,-0.002532761776819825,0.027141107246279716,0.6054101586341858,,,,,,,,,,,,,,,,,,,,,,,,,,,,,,,,,,,,,,,,,,,,,,,,,,,,,,,,,,,,,,,,,,,,,,,,
8.158405131126077e-05,835,,,,,,,,,,,,,,,,,,,,,,,,,,,,,,,,,,,,,,,,,,,,,,,,,,,,,,,,,,,,,,,,,,,,,,,,,,,,,,,,,,,
,835,0.06259226053953171,0.06259226053953171,-0.0025345045141875744,0.00027137744473293424,0.06259226053953171,835,,,,,,,,,,,,,,,,,,,,,,,,,,,,,,,,,,,,,,,,,,,,,,,,,,,,,,,,,,,,,,,,,,,,,,,,,,,,,
,835,,,,,,835,0.06259226053953171,0.06259226053953171,-0.0025345045141875744,0.00027137744473293424,0.06259226053953171,,,,,,,,,,,,,,,,,,,,,,,,,,,,,,,,,,,,,,,,,,,,,,,,,,,,,,,,,,,,,,,,,,,,,,,,
8.063698155390575e-05,836,,,,,,,,,,,,,,,,,,,,,,,,,,,,,,,,,,,,,,,,,,,,,,,,,,,,,,,,,,,,,,,,,,,,,,,,,,,,,,,,,,,
,836,0.054421305656433105,0.054421305656433105,-0.0025362505111843348,0.0002321087958989665,0.054421305656433105,836,,,,,,,,,,,,,,,,,,,,,,,,,,,,,,,,,,,,,,,,,,,,,,,,,,,,,,,,,,,,,,,,,,,,,,,,,,,,,
,836,,,,,,836,0.054421305656433105,0.054421305656433105,-0.0025362505111843348,0.0002321087958989665,0.054421305656433105,,,,,,,,,,,,,,,,,,,,,,,,,,,,,,,,,,,,,,,,,,,,,,,,,,,,,,,,,,,,,,,,,,,,,,,,
7.969502769492975e-05,837,,,,,,,,,,,,,,,,,,,,,,,,,,,,,,,,,,,,,,,,,,,,,,,,,,,,,,,,,,,,,,,,,,,,,,,,,,,,,,,,,,,
,837,0.07666745036840439,0.05416088551282883,-0.0025379969738423824,0.000370607158401981,0.05416088551282883,837,,,,,,,,,,,,,,,,,,,,,,,,,,,,,,,,,,,,,,,,,,,,,,,,,,,,,,,,,,,,,,,,,,,,,,,,,,,,,
,837,,,,,,837,0.07666745036840439,0.05416088551282883,-0.0025379969738423824,0.000370607158401981,0.05416088551282883,,,,,,,,,,,,,,,,,,,,,,,,,,,,,,,,,,,,,,,,,,,,,,,,,,,,,,,,,,,,,,,,,,,,,,,,
7.87582012117435e-05,838,,,,,,,,,,,,,,,,,,,,,,,,,,,,,,,,,,,,,,,,,,,,,,,,,,,,,,,,,,,,,,,,,,,,,,,,,,,,,,,,,,,
,838,0.04555521532893181,0.04555521532893181,-0.002539703156799078,0.0002706820669118315,0.04555521532893181,838,,,,,,,,,,,,,,,,,,,,,,,,,,,,,,,,,,,,,,,,,,,,,,,,,,,,,,,,,,,,,,,,,,,,,,,,,,,,,
,838,,,,,,838,0.04555521532893181,0.04555521532893181,-0.002539703156799078,0.0002706820669118315,0.04555521532893181,,,,,,,,,,,,,,,,,,,,,,,,,,,,,,,,,,,,,,,,,,,,,,,,,,,,,,,,,,,,,,,,,,,,,,,,
7.782651351928186e-05,839,,,,,,,,,,,,,,,,,,,,,,,,,,,,,,,,,,,,,,,,,,,,,,,,,,,,,,,,,,,,,,,,,,,,,,,,,,,,,,,,,,,
,839,0.09547524899244308,0.06677059829235077,-0.0025414100382477045,0.0005321737262420356,0.06677059829235077,839,,,,,,,,,,,,,,,,,,,,,,,,,,,,,,,,,,,,,,,,,,,,,,,,,,,,,,,,,,,,,,,,,,,,,,,,,,,,,
,839,,,,,,839,0.09547524899244308,0.06677059829235077,-0.0025414100382477045,0.0005321737262420356,0.06677059829235077,,,,,,,,,,,,,,,,,,,,,,,,,,,,,,,,,,,,,,,,,,,,,,,,,,,,,,,,,,,,,,,,,,,,,,,,
7.689997596986537e-05,840,,,,,,,,,,,,,,,,,,,,,,,,,,,,,,,,,,,,,,,,,,,,,,,,,,,,,,,,,,,,,,,,,,,,,,,,,,,,,,,,,,,
,840,0.05832167714834213,0.05832167714834213,-0.002543114358559251,0.00024750223383307457,0.05832167714834213,840,,,,,,,,,,,,,,,,,,,,,,,,,,,,,,,,,,,,,,,,,,,,,,,,,,,,,,,,,,,,,,,,,,,,,,,,,,,,,
,840,,,,,,840,0.05832167714834213,0.05832167714834213,-0.002543114358559251,0.00024750223383307457,0.05832167714834213,,,,,,,,,,,,,,,,,,,,,,,,,,,,,,,,,,,,,,,,,,,,,,,,,,,,,,,,,,,,,,,,,,,,,,,,
7.597859985306141e-05,841,,,,,,,,,,,,,,,,,,,,,,,,,,,,,,,,,,,,,,,,,,,,,,,,,,,,,,,,,,,,,,,,,,,,,,,,,,,,,,,,,,,
,841,0.0463663749396801,0.058432433754205704,-0.0025448142550885677,0.00030044521554373205,0.058432433754205704,841,,,,,,,,,,,,,,,,,,,,,,,,,,,,,,,,,,,,,,,,,,,,,,,,,,,,,,,,,,,,,,,,,,,,,,,,,,,,,
,841,,,,,,841,0.0463663749396801,0.058432433754205704,-0.0025448142550885677,0.00030044521554373205,0.058432433754205704,,,,,,,,,,,,,,,,,,,,,,,,,,,,,,,,,,,,,,,,,,,,,,,,,,,,,,,,,,,,,,,,,,,,,,,,
7.506239639554771e-05,842,,,,,,,,,,,,,,,,,,,,,,,,,,,,,,,,,,,,,,,,,,,,,,,,,,,,,,,,,,,,,,,,,,,,,,,,,,,,,,,,,,,
,842,0.04838035628199577,0.04838035628199577,-0.0025465083308517933,0.00023260181478690356,0.04838035628199577,842,,,,,,,,,,,,,,,,,,,,,,,,,,,,,,,,,,,,,,,,,,,,,,,,,,,,,,,,,,,,,,,,,,,,,,,,,,,,,
,842,,,,,,842,0.04838035628199577,0.04838035628199577,-0.0025465083308517933,0.00023260181478690356,0.04838035628199577,,,,,,,,,,,,,,,,,,,,,,,,,,,,,,,,,,,,,,,,,,,,,,,,,,,,,,,,,,,,,,,,,,,,,,,,
7.415137676097401e-05,843,,,,,,,,,,,,,,,,,,,,,,,,,,,,,,,,,,,,,,,,,,,,,,,,,,,,,,,,,,,,,,,,,,,,,,,,,,,,,,,,,,,
,843,0.0504009835422039,0.04779462516307831,-0.0025481947232037783,0.00022568981512449682,0.04779462516307831,843,,,,,,,,,,,,,,,,,,,,,,,,,,,,,,,,,,,,,,,,,,,,,,,,,,,,,,,,,,,,,,,,,,,,,,,,,,,,,
,843,,,,,,843,0.0504009835422039,0.04779462516307831,-0.0025481947232037783,0.00022568981512449682,0.04779462516307831,,,,,,,,,,,,,,,,,,,,,,,,,,,,,,,,,,,,,,,,,,,,,,,,,,,,,,,,,,,,,,,,,,,,,,,,
7.324555204982708e-05,844,,,,,,,,,,,,,,,,,,,,,,,,,,,,,,,,,,,,,,,,,,,,,,,,,,,,,,,,,,,,,,,,,,,,,,,,,,,,,,,,,,,
,844,0.1691022515296936,0.1691022515296936,-0.002549872500821948,0.001463596010580659,0.1691022515296936,844,,,,,,,,,,,,,,,,,,,,,,,,,,,,,,,,,,,,,,,,,,,,,,,,,,,,,,,,,,,,,,,,,,,,,,,,,,,,,
,844,,,,,,844,0.1691022515296936,0.1691022515296936,-0.002549872500821948,0.001463596010580659,0.1691022515296936,,,,,,,,,,,,,,,,,,,,,,,,,,,,,,,,,,,,,,,,,,,,,,,,,,,,,,,,,,,,,,,,,,,,,,,,
7.234493329929485e-05,845,,,,,,,,,,,,,,,,,,,,,,,,,,,,,,,,,,,,,,,,,,,,,,,,,,,,,,,,,,,,,,,,,,,,,,,,,,,,,,,,,,,
,845,0.046098630875349045,0.028377316892147064,-0.002551540033891797,0.00025419206940568984,0.028377316892147064,845,,,,,,,,,,,,,,,,,,,,,,,,,,,,,,,,,,,,,,,,,,,,,,,,,,,,,,,,,,,,,,,,,,,,,,,,,,,,,
,845,,,,,,845,0.046098630875349045,0.028377316892147064,-0.002551540033891797,0.00025419206940568984,0.028377316892147064,,,,,,,,,,,,,,,,,,,,,,,,,,,,,,,,,,,,,,,,,,,,,,,,,,,,,,,,,,,,,,,,,,,,,,,,
7.144953148313312e-05,846,,,,,,,,,,,,,,,,,,,,,,,,,,,,,,,,,,,,,,,,,,,,,,,,,,,,,,,,,,,,,,,,,,,,,,,,,,,,,,,,,,,
,846,0.8379318714141846,0.8403122425079346,-0.0025531244464218616,0.07618705928325653,0.8403122425079346,846,,,,,,,,,,,,,,,,,,,,,,,,,,,,,,,,,,,,,,,,,,,,,,,,,,,,,,,,,,,,,,,,,,,,,,,,,,,,,
,846,,,,,,846,0.8379318714141846,0.8403122425079346,-0.0025531244464218616,0.07618705928325653,0.8403122425079346,,,,,,,,,,,,,,,,,,,,,,,,,,,,,,,,,,,,,,,,,,,,,,,,,,,,,,,,,,,,,,,,,,,,,,,,
7.055935751153021e-05,847,,,,,,,,,,,,,,,,,,,,,,,,,,,,,,,,,,,,,,,,,,,,,,,,,,,,,,,,,,,,,,,,,,,,,,,,,,,,,,,,,,,
,847,0.046737365424633026,0.0234217531979084,-0.0025546990800648928,0.00025007149088196456,0.0234217531979084,847,,,,,,,,,,,,,,,,,,,,,,,,,,,,,,,,,,,,,,,,,,,,,,,,,,,,,,,,,,,,,,,,,,,,,,,,,,,,,
,847,,,,,,847,0.046737365424633026,0.0234217531979084,-0.0025546990800648928,0.00025007149088196456,0.0234217531979084,,,,,,,,,,,,,,,,,,,,,,,,,,,,,,,,,,,,,,,,,,,,,,,,,,,,,,,,,,,,,,,,,,,,,,,,
6.96744222309749e-05,848,,,,,,,,,,,,,,,,,,,,,,,,,,,,,,,,,,,,,,,,,,,,,,,,,,,,,,,,,,,,,,,,,,,,,,,,,,,,,,,,,,,
,848,0.09583188593387604,0.0892295092344284,-0.0025562429800629616,0.0005466931615956128,0.0892295092344284,848,,,,,,,,,,,,,,,,,,,,,,,,,,,,,,,,,,,,,,,,,,,,,,,,,,,,,,,,,,,,,,,,,,,,,,,,,,,,,
,848,,,,,,848,0.09583188593387604,0.0892295092344284,-0.0025562429800629616,0.0005466931615956128,0.0892295092344284,,,,,,,,,,,,,,,,,,,,,,,,,,,,,,,,,,,,,,,,,,,,,,,,,,,,,,,,,,,,,,,,,,,,,,,,
6.879473642412453e-05,849,,,,,,,,,,,,,,,,,,,,,,,,,,,,,,,,,,,,,,,,,,,,,,,,,,,,,,,,,,,,,,,,,,,,,,,,,,,,,,,,,,,
,849,0.050819508731365204,0.0384783074259758,-0.002557741478085518,0.00022734478989150375,0.0384783074259758,849,,,,,,,,,,,,,,,,,,,,,,,,,,,,,,,,,,,,,,,,,,,,,,,,,,,,,,,,,,,,,,,,,,,,,,,,,,,,,
,849,,,,,,849,,,,,,0.05715718865394592,0.05715718865394592,-0.002559176879003644,0.00031419898732565343,0.05715718865394592,0.03868213668465614,0.03868213668465614,-0.002559176879003644,0.00017842970555648208,0.03868213668465614,-0.07682119309902191,0.19377970695495605,0.3008531332015991,0.18390004336833954,0.12245821207761765,0.0665663480758667,0.05027264729142189,0.0345233678817749,0.0032065457198768854,0.07682119309902191,0.7542504072189331,0.5127865076065063,0.33261725306510925,0.2865321636199951,0.2524932026863098,0.12033189833164215,0.3765019178390503,0.1956213414669037,0.13858243823051453,0.07682765275239944,0.057466235011816025,0.03845357149839401,0.0032835144083946943,0.08503912389278412,30.941951751708984,28.497438430786133,39.01247024536133,51.7452278137207,89.73772430419922,2795.32763671875,505.8770751953125,-0.10471982508897781,0.13785342872142792,0.22283191978931427,0.22142907977104187,0.17051614820957184,0.10440225899219513,0.07398708164691925,0.049304571002721786,0.008679826743900776,0.10471982508897781,0.7486624717712402,0.5153438448905945,0.37021124362945557,0.3091602921485901,0.2683590352535248,0.2572613060474396,0.4114997088909149,0.23921136558055878,0.20308300852775574,0.12694904208183289,0.08864222466945648,0.05696141719818115,0.008902929723262787,0.12062499672174454,20.38719940185547,13.402814865112305,17.70065689086914,25.318336486816406,46.19765090942383,1737.929443359375,310.156005859375
,849,,,,,,849,0.050819508731365204,0.0384783074259758,-0.002557741478085518,0.00022734478989150375,0.0384783074259758,,,,,,,,,,,,,,,,,,,,,,,,,,,,,,,,,,,,,,,,,,,,,,,,,,,,,,,,,,,,,,,,,,,,,,,,
6.792031080967287e-05,850,,,,,,,,,,,,,,,,,,,,,,,,,,,,,,,,,,,,,,,,,,,,,,,,,,,,,,,,,,,,,,,,,,,,,,,,,,,,,,,,,,,
,850,0.046719472855329514,0.03971841186285019,-0.002559176879003644,0.00043515529250726104,0.03971841186285019,850,,,,,,,,,,,,,,,,,,,,,,,,,,,,,,,,,,,,,,,,,,,,,,,,,,,,,,,,,,,,,,,,,,,,,,,,,,,,,
,850,,,,,,850,0.046719472855329514,0.03971841186285019,-0.002559176879003644,0.00043515529250726104,0.03971841186285019,,,,,,,,,,,,,,,,,,,,,,,,,,,,,,,,,,,,,,,,,,,,,,,,,,,,,,,,,,,,,,,,,,,,,,,,
6.705115604222032e-05,851,,,,,,,,,,,,,,,,,,,,,,,,,,,,,,,,,,,,,,,,,,,,,,,,,,,,,,,,,,,,,,,,,,,,,,,,,,,,,,,,,,,
,851,0.08966211974620819,0.08766356110572815,-0.002560615772381425,0.0004788162768818438,0.08766356110572815,851,,,,,,,,,,,,,,,,,,,,,,,,,,,,,,,,,,,,,,,,,,,,,,,,,,,,,,,,,,,,,,,,,,,,,,,,,,,,,
,851,,,,,,851,0.08966211974620819,0.08766356110572815,-0.002560615772381425,0.0004788162768818438,0.08766356110572815,,,,,,,,,,,,,,,,,,,,,,,,,,,,,,,,,,,,,,,,,,,,,,,,,,,,,,,,,,,,,,,,,,,,,,,,
6.61872827121431e-05,852,,,,,,,,,,,,,,,,,,,,,,,,,,,,,,,,,,,,,,,,,,,,,,,,,,,,,,,,,,,,,,,,,,,,,,,,,,,,,,,,,,,
,852,0.06125003844499588,0.06125003844499588,-0.0025620090309530497,0.00026341842021793127,0.06125003844499588,852,,,,,,,,,,,,,,,,,,,,,,,,,,,,,,,,,,,,,,,,,,,,,,,,,,,,,,,,,,,,,,,,,,,,,,,,,,,,,
,852,,,,,,852,0.06125003844499588,0.06125003844499588,-0.0025620090309530497,0.00026341842021793127,0.06125003844499588,,,,,,,,,,,,,,,,,,,,,,,,,,,,,,,,,,,,,,,,,,,,,,,,,,,,,,,,,,,,,,,,,,,,,,,,
6.532870134546541e-05,853,,,,,,,,,,,,,,,,,,,,,,,,,,,,,,,,,,,,,,,,,,,,,,,,,,,,,,,,,,,,,,,,,,,,,,,,,,,,,,,,,,,
,853,0.07014340162277222,0.07014340162277222,-0.002563406014814973,0.00032045471016317606,0.07014340162277222,853,,,,,,,,,,,,,,,,,,,,,,,,,,,,,,,,,,,,,,,,,,,,,,,,,,,,,,,,,,,,,,,,,,,,,,,,,,,,,
,853,,,,,,853,0.07014340162277222,0.07014340162277222,-0.002563406014814973,0.00032045471016317606,0.07014340162277222,,,,,,,,,,,,,,,,,,,,,,,,,,,,,,,,,,,,,,,,,,,,,,,,,,,,,,,,,,,,,,,,,,,,,,,,
6.447542240373014e-05,854,,,,,,,,,,,,,,,,,,,,,,,,,,,,,,,,,,,,,,,,,,,,,,,,,,,,,,,,,,,,,,,,,,,,,,,,,,,,,,,,,,,
,854,0.04819692298769951,0.0448969230055809,-0.0025648046284914017,0.00023780475021339953,0.0448969230055809,854,,,,,,,,,,,,,,,,,,,,,,,,,,,,,,,,,,,,,,,,,,,,,,,,,,,,,,,,,,,,,,,,,,,,,,,,,,,,,
,854,,,,,,854,0.04819692298769951,0.0448969230055809,-0.0025648046284914017,0.00023780475021339953,0.0448969230055809,,,,,,,,,,,,,,,,,,,,,,,,,,,,,,,,,,,,,,,,,,,,,,,,,,,,,,,,,,,,,,,,,,,,,,,,
6.362745628387183e-05,855,,,,,,,,,,,,,,,,,,,,,,,,,,,,,,,,,,,,,,,,,,,,,,,,,,,,,,,,,,,,,,,,,,,,,,,,,,,,,,,,,,,
,855,0.04746338352560997,0.04405448958277702,-0.0025661594700068235,0.00023418545606546104,0.04405448958277702,855,,,,,,,,,,,,,,,,,,,,,,,,,,,,,,,,,,,,,,,,,,,,,,,,,,,,,,,,,,,,,,,,,,,,,,,,,,,,,
,855,,,,,,855,0.04746338352560997,0.04405448958277702,-0.0025661594700068235,0.00023418545606546104,0.04405448958277702,,,,,,,,,,,,,,,,,,,,,,,,,,,,,,,,,,,,,,,,,,,,,,,,,,,,,,,,,,,,,,,,,,,,,,,,
6.278481331809015e-05,856,,,,,,,,,,,,,,,,,,,,,,,,,,,,,,,,,,,,,,,,,,,,,,,,,,,,,,,,,,,,,,,,,,,,,,,,,,,,,,,,,,,
,856,0.047165267169475555,0.035653598606586456,-0.002567434450611472,0.00023926212452352047,0.035653598606586456,856,,,,,,,,,,,,,,,,,,,,,,,,,,,,,,,,,,,,,,,,,,,,,,,,,,,,,,,,,,,,,,,,,,,,,,,,,,,,,
,856,,,,,,856,0.047165267169475555,0.035653598606586456,-0.002567434450611472,0.00023926212452352047,0.035653598606586456,,,,,,,,,,,,,,,,,,,,,,,,,,,,,,,,,,,,,,,,,,,,,,,,,,,,,,,,,,,,,,,,,,,,,,,,
6.194750377372373e-05,857,,,,,,,,,,,,,,,,,,,,,,,,,,,,,,,,,,,,,,,,,,,,,,,,,,,,,,,,,,,,,,,,,,,,,,,,,,,,,,,,,,,
,857,0.04650382325053215,0.04346977174282074,-0.002568686380982399,0.00023048633011057973,0.04346977174282074,857,,,,,,,,,,,,,,,,,,,,,,,,,,,,,,,,,,,,,,,,,,,,,,,,,,,,,,,,,,,,,,,,,,,,,,,,,,,,,
,857,,,,,,857,0.04650382325053215,0.04346977174282074,-0.002568686380982399,0.00023048633011057973,0.04346977174282074,,,,,,,,,,,,,,,,,,,,,,,,,,,,,,,,,,,,,,,,,,,,,,,,,,,,,,,,,,,,,,,,,,,,,,,,
6.111553785312514e-05,858,,,,,,,,,,,,,,,,,,,,,,,,,,,,,,,,,,,,,,,,,,,,,,,,,,,,,,,,,,,,,,,,,,,,,,,,,,,,,,,,,,,
,858,0.053256407380104065,0.053256407380104065,-0.0025699471589177847,0.0002273739082738757,0.053256407380104065,858,,,,,,,,,,,,,,,,,,,,,,,,,,,,,,,,,,,,,,,,,,,,,,,,,,,,,,,,,,,,,,,,,,,,,,,,,,,,,
,858,,,,,,858,0.053256407380104065,0.053256407380104065,-0.0025699471589177847,0.0002273739082738757,0.053256407380104065,,,,,,,,,,,,,,,,,,,,,,,,,,,,,,,,,,,,,,,,,,,,,,,,,,,,,,,,,,,,,,,,,,,,,,,,
6.028892569353631e-05,859,,,,,,,,,,,,,,,,,,,,,,,,,,,,,,,,,,,,,,,,,,,,,,,,,,,,,,,,,,,,,,,,,,,,,,,,,,,,,,,,,,,
,859,0.15815147757530212,0.16458559036254883,-0.0025712139904499054,0.0013942787190899253,0.16458559036254883,859,,,,,,,,,,,,,,,,,,,,,,,,,,,,,,,,,,,,,,,,,,,,,,,,,,,,,,,,,,,,,,,,,,,,,,,,,,,,,
,859,,,,,,859,0.15815147757530212,0.16458559036254883,-0.0025712139904499054,0.0013942787190899253,0.16458559036254883,,,,,,,,,,,,,,,,,,,,,,,,,,,,,,,,,,,,,,,,,,,,,,,,,,,,,,,,,,,,,,,,,,,,,,,,
5.9467677366965976e-05,860,,,,,,,,,,,,,,,,,,,,,,,,,,,,,,,,,,,,,,,,,,,,,,,,,,,,,,,,,,,,,,,,,,,,,,,,,,,,,,,,,,,
,860,0.0453244224190712,0.0453244224190712,-0.0025724477600306273,0.0003070292586926371,0.0453244224190712,860,,,,,,,,,,,,,,,,,,,,,,,,,,,,,,,,,,,,,,,,,,,,,,,,,,,,,,,,,,,,,,,,,,,,,,,,,,,,,
,860,,,,,,860,0.0453244224190712,0.0453244224190712,-0.0025724477600306273,0.0003070292586926371,0.0453244224190712,,,,,,,,,,,,,,,,,,,,,,,,,,,,,,,,,,,,,,,,,,,,,,,,,,,,,,,,,,,,,,,,,,,,,,,,
5.865180288006558e-05,861,,,,,,,,,,,,,,,,,,,,,,,,,,,,,,,,,,,,,,,,,,,,,,,,,,,,,,,,,,,,,,,,,,,,,,,,,,,,,,,,,,,
,861,0.04540373012423515,0.031932584941387177,-0.002573686419054866,0.00026119660469703376,0.031932584941387177,861,,,,,,,,,,,,,,,,,,,,,,,,,,,,,,,,,,,,,,,,,,,,,,,,,,,,,,,,,,,,,,,,,,,,,,,,,,,,,
,861,,,,,,861,0.04540373012423515,0.031932584941387177,-0.002573686419054866,0.00026119660469703376,0.031932584941387177,,,,,,,,,,,,,,,,,,,,,,,,,,,,,,,,,,,,,,,,,,,,,,,,,,,,,,,,,,,,,,,,,,,,,,,,
5.7841312174008354e-05,862,,,,,,,,,,,,,,,,,,,,,,,,,,,,,,,,,,,,,,,,,,,,,,,,,,,,,,,,,,,,,,,,,,,,,,,,,,,,,,,,,,,
,862,0.0902429074048996,0.059950657188892365,-0.0025749278720468283,0.0005030089523643255,0.059950657188892365,862,,,,,,,,,,,,,,,,,,,,,,,,,,,,,,,,,,,,,,,,,,,,,,,,,,,,,,,,,,,,,,,,,,,,,,,,,,,,,
,862,,,,,,862,0.0902429074048996,0.059950657188892365,-0.0025749278720468283,0.0005030089523643255,0.059950657188892365,,,,,,,,,,,,,,,,,,,,,,,,,,,,,,,,,,,,,,,,,,,,,,,,,,,,,,,,,,,,,,,,,,,,,,,,
5.703621512436759e-05,863,,,,,,,,,,,,,,,,,,,,,,,,,,,,,,,,,,,,,,,,,,,,,,,,,,,,,,,,,,,,,,,,,,,,,,,,,,,,,,,,,,,
,863,0.044003069400787354,0.044003069400787354,-0.0025761257857084274,0.0003280550881754607,0.044003069400787354,863,,,,,,,,,,,,,,,,,,,,,,,,,,,,,,,,,,,,,,,,,,,,,,,,,,,,,,,,,,,,,,,,,,,,,,,,,,,,,
,863,,,,,,863,0.044003069400787354,0.044003069400787354,-0.0025761257857084274,0.0003280550881754607,0.044003069400787354,,,,,,,,,,,,,,,,,,,,,,,,,,,,,,,,,,,,,,,,,,,,,,,,,,,,,,,,,,,,,,,,,,,,,,,,
5.6236521540996894e-05,864,,,,,,,,,,,,,,,,,,,,,,,,,,,,,,,,,,,,,,,,,,,,,,,,,,,,,,,,,,,,,,,,,,,,,,,,,,,,,,,,,,,
,864,0.04756437987089157,0.04756437987089157,-0.0025773269589990377,0.00021628630929626524,0.04756437987089157,864,,,,,,,,,,,,,,,,,,,,,,,,,,,,,,,,,,,,,,,,,,,,,,,,,,,,,,,,,,,,,,,,,,,,,,,,,,,,,
,864,,,,,,864,0.04756437987089157,0.04756437987089157,-0.0025773269589990377,0.00021628630929626524,0.04756437987089157,,,,,,,,,,,,,,,,,,,,,,,,,,,,,,,,,,,,,,,,,,,,,,,,,,,,,,,,,,,,,,,,,,,,,,,,
5.54422411679103e-05,865,,,,,,,,,,,,,,,,,,,,,,,,,,,,,,,,,,,,,,,,,,,,,,,,,,,,,,,,,,,,,,,,,,,,,,,,,,,,,,,,,,,
,865,0.04398014768958092,0.04398014768958092,-0.0025785290636122227,0.0003614776360336691,0.04398014768958092,865,,,,,,,,,,,,,,,,,,,,,,,,,,,,,,,,,,,,,,,,,,,,,,,,,,,,,,,,,,,,,,,,,,,,,,,,,,,,,
,865,,,,,,865,0.04398014768958092,0.04398014768958092,-0.0025785290636122227,0.0003614776360336691,0.04398014768958092,,,,,,,,,,,,,,,,,,,,,,,,,,,,,,,,,,,,,,,,,,,,,,,,,,,,,,,,,,,,,,,,,,,,,,,,
5.4653383683163386e-05,866,,,,,,,,,,,,,,,,,,,,,,,,,,,,,,,,,,,,,,,,,,,,,,,,,,,,,,,,,,,,,,,,,,,,,,,,,,,,,,,,,,,
,866,0.15903180837631226,0.15454037487506866,-0.0025797300040721893,0.0014288711827248335,0.15454037487506866,866,,,,,,,,,,,,,,,,,,,,,,,,,,,,,,,,,,,,,,,,,,,,,,,,,,,,,,,,,,,,,,,,,,,,,,,,,,,,,
,866,,,,,,866,0.15903180837631226,0.15454037487506866,-0.0025797300040721893,0.0014288711827248335,0.15454037487506866,,,,,,,,,,,,,,,,,,,,,,,,,,,,,,,,,,,,,,,,,,,,,,,,,,,,,,,,,,,,,,,,,,,,,,,,
5.386995869873563e-05,867,,,,,,,,,,,,,,,,,,,,,,,,,,,,,,,,,,,,,,,,,,,,,,,,,,,,,,,,,,,,,,,,,,,,,,,,,,,,,,,,,,,
,867,0.06590848416090012,0.057117022573947906,-0.0025809016078710556,0.00029841382638551295,0.057117022573947906,867,,,,,,,,,,,,,,,,,,,,,,,,,,,,,,,,,,,,,,,,,,,,,,,,,,,,,,,,,,,,,,,,,,,,,,,,,,,,,
,867,,,,,,867,0.06590848416090012,0.057117022573947906,-0.0025809016078710556,0.00029841382638551295,0.057117022573947906,,,,,,,,,,,,,,,,,,,,,,,,,,,,,,,,,,,,,,,,,,,,,,,,,,,,,,,,,,,,,,,,,,,,,,,,
5.309197576041337e-05,868,,,,,,,,,,,,,,,,,,,,,,,,,,,,,,,,,,,,,,,,,,,,,,,,,,,,,,,,,,,,,,,,,,,,,,,,,,,,,,,,,,,
,868,0.45053529739379883,0.45053529739379883,-0.002582041546702385,0.011447965167462826,0.45053529739379883,868,,,,,,,,,,,,,,,,,,,,,,,,,,,,,,,,,,,,,,,,,,,,,,,,,,,,,,,,,,,,,,,,,,,,,,,,,,,,,
,868,,,,,,868,0.45053529739379883,0.45053529739379883,-0.002582041546702385,0.011447965167462826,0.45053529739379883,,,,,,,,,,,,,,,,,,,,,,,,,,,,,,,,,,,,,,,,,,,,,,,,,,,,,,,,,,,,,,,,,,,,,,,,
5.231944434767298e-05,869,,,,,,,,,,,,,,,,,,,,,,,,,,,,,,,,,,,,,,,,,,,,,,,,,,,,,,,,,,,,,,,,,,,,,,,,,,,,,,,,,,,
,869,0.047419529408216476,0.047419529408216476,-0.0025831814855337143,0.0002163351746276021,0.047419529408216476,869,,,,,,,,,,,,,,,,,,,,,,,,,,,,,,,,,,,,,,,,,,,,,,,,,,,,,,,,,,,,,,,,,,,,,,,,,,,,,
,869,,,,,,869,0.047419529408216476,0.047419529408216476,-0.0025831814855337143,0.0002163351746276021,0.047419529408216476,,,,,,,,,,,,,,,,,,,,,,,,,,,,,,,,,,,,,,,,,,,,,,,,,,,,,,,,,,,,,,,,,,,,,,,,
5.155237387356606e-05,870,,,,,,,,,,,,,,,,,,,,,,,,,,,,,,,,,,,,,,,,,,,,,,,,,,,,,,,,,,,,,,,,,,,,,,,,,,,,,,,,,,,
,870,0.3863975405693054,0.3863975405693054,-0.002584319794550538,0.008346586488187313,0.3863975405693054,870,,,,,,,,,,,,,,,,,,,,,,,,,,,,,,,,,,,,,,,,,,,,,,,,,,,,,,,,,,,,,,,,,,,,,,,,,,,,,
,870,,,,,,870,0.3863975405693054,0.3863975405693054,-0.002584319794550538,0.008346586488187313,0.3863975405693054,,,,,,,,,,,,,,,,,,,,,,,,,,,,,,,,,,,,,,,,,,,,,,,,,,,,,,,,,,,,,,,,,,,,,,,,
5.079077368460433e-05,871,,,,,,,,,,,,,,,,,,,,,,,,,,,,,,,,,,,,,,,,,,,,,,,,,,,,,,,,,,,,,,,,,,,,,,,,,,,,,,,,,,,
,871,0.04411953687667847,0.04411953687667847,-0.0025854536797851324,0.0002566995390225202,0.04411953687667847,871,,,,,,,,,,,,,,,,,,,,,,,,,,,,,,,,,,,,,,,,,,,,,,,,,,,,,,,,,,,,,,,,,,,,,,,,,,,,,
,871,,,,,,871,0.04411953687667847,0.04411953687667847,-0.0025854536797851324,0.0002566995390225202,0.04411953687667847,,,,,,,,,,,,,,,,,,,,,,,,,,,,,,,,,,,,,,,,,,,,,,,,,,,,,,,,,,,,,,,,,,,,,,,,
5.0034653060645704e-05,872,,,,,,,,,,,,,,,,,,,,,,,,,,,,,,,,,,,,,,,,,,,,,,,,,,,,,,,,,,,,,,,,,,,,,,,,,,,,,,,,,,,
,872,0.043645136058330536,0.043645136058330536,-0.0025865824427455664,0.0003901119052898139,0.043645136058330536,872,,,,,,,,,,,,,,,,,,,,,,,,,,,,,,,,,,,,,,,,,,,,,,,,,,,,,,,,,,,,,,,,,,,,,,,,,,,,,
,872,,,,,,872,0.043645136058330536,0.043645136058330536,-0.0025865824427455664,0.0003901119052898139,0.043645136058330536,,,,,,,,,,,,,,,,,,,,,,,,,,,,,,,,,,,,,,,,,,,,,,,,,,,,,,,,,,,,,,,,,,,,,,,,
4.928402121478133e-05,873,,,,,,,,,,,,,,,,,,,,,,,,,,,,,,,,,,,,,,,,,,,,,,,,,,,,,,,,,,,,,,,,,,,,,,,,,,,,,,,,,,,
,873,0.04709828644990921,0.03353337198495865,-0.0025877051521092653,0.00021534724510274827,0.03353337198495865,873,,,,,,,,,,,,,,,,,,,,,,,,,,,,,,,,,,,,,,,,,,,,,,,,,,,,,,,,,,,,,,,,,,,,,,,,,,,,,
,873,,,,,,873,0.04709828644990921,0.03353337198495865,-0.0025877051521092653,0.00021534724510274827,0.03353337198495865,,,,,,,,,,,,,,,,,,,,,,,,,,,,,,,,,,,,,,,,,,,,,,,,,,,,,,,,,,,,,,,,,,,,,,,,
4.853888729322321e-05,874,,,,,,,,,,,,,,,,,,,,,,,,,,,,,,,,,,,,,,,,,,,,,,,,,,,,,,,,,,,,,,,,,,,,,,,,,,,,,,,,,,,
,874,0.04306219145655632,0.042072150856256485,-0.0025888201780617237,0.0002917048113886267,0.042072150856256485,874,,,,,,,,,,,,,,,,,,,,,,,,,,,,,,,,,,,,,,,,,,,,,,,,,,,,,,,,,,,,,,,,,,,,,,,,,,,,,
,874,,,,,,874,0.04306219145655632,0.042072150856256485,-0.0025888201780617237,0.0002917048113886267,0.042072150856256485,,,,,,,,,,,,,,,,,,,,,,,,,,,,,,,,,,,,,,,,,,,,,,,,,,,,,,,,,,,,,,,,,,,,,,,,
4.7799260375193344e-05,875,,,,,,,,,,,,,,,,,,,,,,,,,,,,,,,,,,,,,,,,,,,,,,,,,,,,,,,,,,,,,,,,,,,,,,,,,,,,,,,,,,,
,875,0.04279486462473869,0.027050698176026344,-0.002589884214103222,0.0002778596244752407,0.027050698176026344,875,,,,,,,,,,,,,,,,,,,,,,,,,,,,,,,,,,,,,,,,,,,,,,,,,,,,,,,,,,,,,,,,,,,,,,,,,,,,,
,875,,,,,,875,0.04279486462473869,0.027050698176026344,-0.002589884214103222,0.0002778596244752407,0.027050698176026344,,,,,,,,,,,,,,,,,,,,,,,,,,,,,,,,,,,,,,,,,,,,,,,,,,,,,,,,,,,,,,,,,,,,,,,,
4.7065149472812156e-05,876,,,,,,,,,,,,,,,,,,,,,,,,,,,,,,,,,,,,,,,,,,,,,,,,,,,,,,,,,,,,,,,,,,,,,,,,,,,,,,,,,,,
,876,0.11719048023223877,0.12967868149280548,-0.0025909205432981253,0.0008008725708350539,0.12967868149280548,876,,,,,,,,,,,,,,,,,,,,,,,,,,,,,,,,,,,,,,,,,,,,,,,,,,,,,,,,,,,,,,,,,,,,,,,,,,,,,
,876,,,,,,876,0.11719048023223877,0.12967868149280548,-0.0025909205432981253,0.0008008725708350539,0.12967868149280548,,,,,,,,,,,,,,,,,,,,,,,,,,,,,,,,,,,,,,,,,,,,,,,,,,,,,,,,,,,,,,,,,,,,,,,,
4.6336563530989374e-05,877,,,,,,,,,,,,,,,,,,,,,,,,,,,,,,,,,,,,,,,,,,,,,,,,,,,,,,,,,,,,,,,,,,,,,,,,,,,,,,,,,,,
,877,0.14335845410823822,0.13263016939163208,-0.0025919529143720865,0.0011774181621149182,0.13263016939163208,877,,,,,,,,,,,,,,,,,,,,,,,,,,,,,,,,,,,,,,,,,,,,,,,,,,,,,,,,,,,,,,,,,,,,,,,,,,,,,
,877,,,,,,877,0.14335845410823822,0.13263016939163208,-0.0025919529143720865,0.0011774181621149182,0.13263016939163208,,,,,,,,,,,,,,,,,,,,,,,,,,,,,,,,,,,,,,,,,,,,,,,,,,,,,,,,,,,,,,,,,,,,,,,,
4.561351142731452e-05,878,,,,,,,,,,,,,,,,,,,,,,,,,,,,,,,,,,,,,,,,,,,,,,,,,,,,,,,,,,,,,,,,,,,,,,,,,,,,,,,,,,,
,878,0.04328257963061333,0.05632932484149933,-0.0025929748080670834,0.00039766886038705707,0.05632932484149933,878,,,,,,,,,,,,,,,,,,,,,,,,,,,,,,,,,,,,,,,,,,,,,,,,,,,,,,,,,,,,,,,,,,,,,,,,,,,,,
,878,,,,,,878,0.04328257963061333,0.05632932484149933,-0.0025929748080670834,0.00039766886038705707,0.05632932484149933,,,,,,,,,,,,,,,,,,,,,,,,,,,,,,,,,,,,,,,,,,,,,,,,,,,,,,,,,,,,,,,,,,,,,,,,
4.4896001971949654e-05,879,,,,,,,,,,,,,,,,,,,,,,,,,,,,,,,,,,,,,,,,,,,,,,,,,,,,,,,,,,,,,,,,,,,,,,,,,,,,,,,,,,,
,879,0.04375029727816582,0.04375029727816582,-0.0025939904153347015,0.00023167935432866216,0.04375029727816582,879,,,,,,,,,,,,,,,,,,,,,,,,,,,,,,,,,,,,,,,,,,,,,,,,,,,,,,,,,,,,,,,,,,,,,,,,,,,,,
,879,,,,,,879,0.04375029727816582,0.04375029727816582,-0.0025939904153347015,0.00023167935432866216,0.04375029727816582,,,,,,,,,,,,,,,,,,,,,,,,,,,,,,,,,,,,,,,,,,,,,,,,,,,,,,,,,,,,,,,,,,,,,,,,
4.418404390752092e-05,880,,,,,,,,,,,,,,,,,,,,,,,,,,,,,,,,,,,,,,,,,,,,,,,,,,,,,,,,,,,,,,,,,,,,,,,,,,,,,,,,,,,
,880,0.04219544678926468,0.04219544678926468,-0.0025949999690055847,0.00027673583826981485,0.04219544678926468,880,,,,,,,,,,,,,,,,,,,,,,,,,,,,,,,,,,,,,,,,,,,,,,,,,,,,,,,,,,,,,,,,,,,,,,,,,,,,,
,880,,,,,,880,0.04219544678926468,0.04219544678926468,-0.0025949999690055847,0.00027673583826981485,0.04219544678926468,,,,,,,,,,,,,,,,,,,,,,,,,,,,,,,,,,,,,,,,,,,,,,,,,,,,,,,,,,,,,,,,,,,,,,,,
4.347764590901254e-05,881,,,,,,,,,,,,,,,,,,,,,,,,,,,,,,,,,,,,,,,,,,,,,,,,,,,,,,,,,,,,,,,,,,,,,,,,,,,,,,,,,,,
,881,0.042989522218704224,0.03290635719895363,-0.0025960016064345837,0.00042995958938263357,0.03290635719895363,881,,,,,,,,,,,,,,,,,,,,,,,,,,,,,,,,,,,,,,,,,,,,,,,,,,,,,,,,,,,,,,,,,,,,,,,,,,,,,
,881,,,,,,881,0.042989522218704224,0.03290635719895363,-0.0025960016064345837,0.00042995958938263357,0.03290635719895363,,,,,,,,,,,,,,,,,,,,,,,,,,,,,,,,,,,,,,,,,,,,,,,,,,,,,,,,,,,,,,,,,,,,,,,,
4.2776816583661304e-05,882,,,,,,,,,,,,,,,,,,,,,,,,,,,,,,,,,,,,,,,,,,,,,,,,,,,,,,,,,,,,,,,,,,,,,,,,,,,,,,,,,,,
,882,0.04222194105386734,0.03623463213443756,-0.0025969725102186203,0.00038413945003412664,0.03623463213443756,882,,,,,,,,,,,,,,,,,,,,,,,,,,,,,,,,,,,,,,,,,,,,,,,,,,,,,,,,,,,,,,,,,,,,,,,,,,,,,
,882,,,,,,882,0.04222194105386734,0.03623463213443756,-0.0025969725102186203,0.00038413945003412664,0.03623463213443756,,,,,,,,,,,,,,,,,,,,,,,,,,,,,,,,,,,,,,,,,,,,,,,,,,,,,,,,,,,,,,,,,,,,,,,,
4.208156447085142e-05,883,,,,,,,,,,,,,,,,,,,,,,,,,,,,,,,,,,,,,,,,,,,,,,,,,,,,,,,,,,,,,,,,,,,,,,,,,,,,,,,,,,,
,883,0.046085648238658905,0.037279412150382996,-0.002597913844510913,0.00022035519941709936,0.037279412150382996,883,,,,,,,,,,,,,,,,,,,,,,,,,,,,,,,,,,,,,,,,,,,,,,,,,,,,,,,,,,,,,,,,,,,,,,,,,,,,,
,883,,,,,,883,0.046085648238658905,0.037279412150382996,-0.002597913844510913,0.00022035519941709936,0.037279412150382996,,,,,,,,,,,,,,,,,,,,,,,,,,,,,,,,,,,,,,,,,,,,,,,,,,,,,,,,,,,,,,,,,,,,,,,,
4.139189804201042e-05,884,,,,,,,,,,,,,,,,,,,,,,,,,,,,,,,,,,,,,,,,,,,,,,,,,,,,,,,,,,,,,,,,,,,,,,,,,,,,,,,,,,,
,884,0.041912924498319626,0.06777665764093399,-0.0025988216511905193,0.00042158403084613383,0.06777665764093399,884,,,,,,,,,,,,,,,,,,,,,,,,,,,,,,,,,,,,,,,,,,,,,,,,,,,,,,,,,,,,,,,,,,,,,,,,,,,,,
,884,,,,,,884,0.041912924498319626,0.06777665764093399,-0.0025988216511905193,0.00042158403084613383,0.06777665764093399,,,,,,,,,,,,,,,,,,,,,,,,,,,,,,,,,,,,,,,,,,,,,,,,,,,,,,,,,,,,,,,,,,,,,,,,
4.070782570050603e-05,885,,,,,,,,,,,,,,,,,,,,,,,,,,,,,,,,,,,,,,,,,,,,,,,,,,,,,,,,,,,,,,,,,,,,,,,,,,,,,,,,,,,
,885,0.04306170344352722,0.038271743804216385,-0.002599726663902402,0.0002718798932619393,0.038271743804216385,885,,,,,,,,,,,,,,,,,,,,,,,,,,,,,,,,,,,,,,,,,,,,,,,,,,,,,,,,,,,,,,,,,,,,,,,,,,,,,
,885,,,,,,885,0.04306170344352722,0.038271743804216385,-0.002599726663902402,0.0002718798932619393,0.038271743804216385,,,,,,,,,,,,,,,,,,,,,,,,,,,,,,,,,,,,,,,,,,,,,,,,,,,,,,,,,,,,,,,,,,,,,,,,
4.002935578154404e-05,886,,,,,,,,,,,,,,,,,,,,,,,,,,,,,,,,,,,,,,,,,,,,,,,,,,,,,,,,,,,,,,,,,,,,,,,,,,,,,,,,,,,
,886,0.041929177939891815,0.041929177939891815,-0.002600601175799966,0.00034740997944027185,0.041929177939891815,886,,,,,,,,,,,,,,,,,,,,,,,,,,,,,,,,,,,,,,,,,,,,,,,,,,,,,,,,,,,,,,,,,,,,,,,,,,,,,
,886,,,,,,886,0.041929177939891815,0.041929177939891815,-0.002600601175799966,0.00034740997944027185,0.041929177939891815,,,,,,,,,,,,,,,,,,,,,,,,,,,,,,,,,,,,,,,,,,,,,,,,,,,,,,,,,,,,,,,,,,,,,,,,
3.935649655206603e-05,887,,,,,,,,,,,,,,,,,,,,,,,,,,,,,,,,,,,,,,,,,,,,,,,,,,,,,,,,,,,,,,,,,,,,,,,,,,,,,,,,,,,
,887,0.042265038937330246,0.042265038937330246,-0.0026014724280685186,0.0003349536273162812,0.042265038937330246,887,,,,,,,,,,,,,,,,,,,,,,,,,,,,,,,,,,,,,,,,,,,,,,,,,,,,,,,,,,,,,,,,,,,,,,,,,,,,,
,887,,,,,,887,0.042265038937330246,0.042265038937330246,-0.0026014724280685186,0.0003349536273162812,0.042265038937330246,,,,,,,,,,,,,,,,,,,,,,,,,,,,,,,,,,,,,,,,,,,,,,,,,,,,,,,,,,,,,,,,,,,,,,,,
3.868925621064964e-05,888,,,,,,,,,,,,,,,,,,,,,,,,,,,,,,,,,,,,,,,,,,,,,,,,,,,,,,,,,,,,,,,,,,,,,,,,,,,,,,,,,,,
,888,0.04503981024026871,0.04350157082080841,-0.002602339955046773,0.00021654122974723577,0.04350157082080841,888,,,,,,,,,,,,,,,,,,,,,,,,,,,,,,,,,,,,,,,,,,,,,,,,,,,,,,,,,,,,,,,,,,,,,,,,,,,,,
,888,,,,,,888,0.04503981024026871,0.04350157082080841,-0.002602339955046773,0.00021654122974723577,0.04350157082080841,,,,,,,,,,,,,,,,,,,,,,,,,,,,,,,,,,,,,,,,,,,,,,,,,,,,,,,,,,,,,,,,,,,,,,,,
3.802764288740763e-05,889,,,,,,,,,,,,,,,,,,,,,,,,,,,,,,,,,,,,,,,,,,,,,,,,,,,,,,,,,,,,,,,,,,,,,,,,,,,,,,,,,,,
,889,0.13893917202949524,0.13893917202949524,-0.0026031748857349157,0.0011223489418625832,0.13893917202949524,889,,,,,,,,,,,,,,,,,,,,,,,,,,,,,,,,,,,,,,,,,,,,,,,,,,,,,,,,,,,,,,,,,,,,,,,,,,,,,
,889,,,,,,889,0.13893917202949524,0.13893917202949524,-0.0026031748857349157,0.0011223489418625832,0.13893917202949524,,,,,,,,,,,,,,,,,,,,,,,,,,,,,,,,,,,,,,,,,,,,,,,,,,,,,,,,,,,,,,,,,,,,,,,,
3.7371664643889735e-05,890,,,,,,,,,,,,,,,,,,,,,,,,,,,,,,,,,,,,,,,,,,,,,,,,,,,,,,,,,,,,,,,,,,,,,,,,,,,,,,,,,,,
,890,0.048773884773254395,0.03536323457956314,-0.0026040063239634037,0.00021134618145879358,0.03536323457956314,890,,,,,,,,,,,,,,,,,,,,,,,,,,,,,,,,,,,,,,,,,,,,,,,,,,,,,,,,,,,,,,,,,,,,,,,,,,,,,
,890,,,,,,890,0.048773884773254395,0.03536323457956314,-0.0026040063239634037,0.00021134618145879358,0.03536323457956314,,,,,,,,,,,,,,,,,,,,,,,,,,,,,,,,,,,,,,,,,,,,,,,,,,,,,,,,,,,,,,,,,,,,,,,,
3.672132947298375e-05,891,,,,,,,,,,,,,,,,,,,,,,,,,,,,,,,,,,,,,,,,,,,,,,,,,,,,,,,,,,,,,,,,,,,,,,,,,,,,,,,,,,,
,891,0.04174233600497246,0.03132341429591179,-0.002604832872748375,0.0003933607949875295,0.03132341429591179,891,,,,,,,,,,,,,,,,,,,,,,,,,,,,,,,,,,,,,,,,,,,,,,,,,,,,,,,,,,,,,,,,,,,,,,,,,,,,,
,891,,,,,,891,0.04174233600497246,0.03132341429591179,-0.002604832872748375,0.0003933607949875295,0.03132341429591179,,,,,,,,,,,,,,,,,,,,,,,,,,,,,,,,,,,,,,,,,,,,,,,,,,,,,,,,,,,,,,,,,,,,,,,,
3.607664529881839e-05,892,,,,,,,,,,,,,,,,,,,,,,,,,,,,,,,,,,,,,,,,,,,,,,,,,,,,,,,,,,,,,,,,,,,,,,,,,,,,,,,,,,,
,892,0.05066195875406265,0.05066195875406265,-0.002605638699606061,0.0002159372961614281,0.05066195875406265,892,,,,,,,,,,,,,,,,,,,,,,,,,,,,,,,,,,,,,,,,,,,,,,,,,,,,,,,,,,,,,,,,,,,,,,,,,,,,,
,892,,,,,,892,0.05066195875406265,0.05066195875406265,-0.002605638699606061,0.0002159372961614281,0.05066195875406265,,,,,,,,,,,,,,,,,,,,,,,,,,,,,,,,,,,,,,,,,,,,,,,,,,,,,,,,,,,,,,,,,,,,,,,,
3.543761997666712e-05,893,,,,,,,,,,,,,,,,,,,,,,,,,,,,,,,,,,,,,,,,,,,,,,,,,,,,,,,,,,,,,,,,,,,,,,,,,,,,,,,,,,,
,893,0.16808108985424042,0.16261909902095795,-0.0026064389385282993,0.0016040599439293146,0.16261909902095795,893,,,,,,,,,,,,,,,,,,,,,,,,,,,,,,,,,,,,,,,,,,,,,,,,,,,,,,,,,,,,,,,,,,,,,,,,,,,,,
,893,,,,,,893,0.16808108985424042,0.16261909902095795,-0.0026064389385282993,0.0016040599439293146,0.16261909902095795,,,,,,,,,,,,,,,,,,,,,,,,,,,,,,,,,,,,,,,,,,,,,,,,,,,,,,,,,,,,,,,,,,,,,,,,
3.480426129285167e-05,894,,,,,,,,,,,,,,,,,,,,,,,,,,,,,,,,,,,,,,,,,,,,,,,,,,,,,,,,,,,,,,,,,,,,,,,,,,,,,,,,,,,
,894,0.06059637665748596,0.06059637665748596,-0.002607214031741023,0.0002644995111040771,0.06059637665748596,894,,,,,,,,,,,,,,,,,,,,,,,,,,,,,,,,,,,,,,,,,,,,,,,,,,,,,,,,,,,,,,,,,,,,,,,,,,,,,
,894,,,,,,894,0.06059637665748596,0.06059637665748596,-0.002607214031741023,0.0002644995111040771,0.06059637665748596,,,,,,,,,,,,,,,,,,,,,,,,,,,,,,,,,,,,,,,,,,,,,,,,,,,,,,,,,,,,,,,,,,,,,,,,
3.4176576964647783e-05,895,,,,,,,,,,,,,,,,,,,,,,,,,,,,,,,,,,,,,,,,,,,,,,,,,,,,,,,,,,,,,,,,,,,,,,,,,,,,,,,,,,,
,895,0.04205015301704407,0.02845853939652443,-0.0026079847011715174,0.000294871540972963,0.02845853939652443,895,,,,,,,,,,,,,,,,,,,,,,,,,,,,,,,,,,,,,,,,,,,,,,,,,,,,,,,,,,,,,,,,,,,,,,,,,,,,,
,895,,,,,,895,0.04205015301704407,0.02845853939652443,-0.0026079847011715174,0.000294871540972963,0.02845853939652443,,,,,,,,,,,,,,,,,,,,,,,,,,,,,,,,,,,,,,,,,,,,,,,,,,,,,,,,,,,,,,,,,,,,,,,,
3.355457464019073e-05,896,,,,,,,,,,,,,,,,,,,,,,,,,,,,,,,,,,,,,,,,,,,,,,,,,,,,,,,,,,,,,,,,,,,,,,,,,,,,,,,,,,,
,896,0.060960397124290466,0.05937185138463974,-0.0026087486185133457,0.000268634146777913,0.05937185138463974,896,,,,,,,,,,,,,,,,,,,,,,,,,,,,,,,,,,,,,,,,,,,,,,,,,,,,,,,,,,,,,,,,,,,,,,,,,,,,,
,896,,,,,,896,0.060960397124290466,0.05937185138463974,-0.0026087486185133457,0.000268634146777913,0.05937185138463974,,,,,,,,,,,,,,,,,,,,,,,,,,,,,,,,,,,,,,,,,,,,,,,,,,,,,,,,,,,,,,,,,,,,,,,,
3.2938261898382845e-05,897,,,,,,,,,,,,,,,,,,,,,,,,,,,,,,,,,,,,,,,,,,,,,,,,,,,,,,,,,,,,,,,,,,,,,,,,,,,,,,,,,,,
,897,0.04136411100625992,0.04501242935657501,-0.0026095060165971518,0.0003264850238338113,0.04501242935657501,897,,,,,,,,,,,,,,,,,,,,,,,,,,,,,,,,,,,,,,,,,,,,,,,,,,,,,,,,,,,,,,,,,,,,,,,,,,,,,
,897,,,,,,897,0.04136411100625992,0.04501242935657501,-0.0026095060165971518,0.0003264850238338113,0.04501242935657501,,,,,,,,,,,,,,,,,,,,,,,,,,,,,,,,,,,,,,,,,,,,,,,,,,,,,,,,,,,,,,,,,,,,,,,,
3.232764624880021e-05,898,,,,,,,,,,,,,,,,,,,,,,,,,,,,,,,,,,,,,,,,,,,,,,,,,,,,,,,,,,,,,,,,,,,,,,,,,,,,,,,,,,,
,898,0.056408196687698364,0.06916937232017517,-0.002610236406326294,0.00024140150344464928,0.06916937232017517,898,,,,,,,,,,,,,,,,,,,,,,,,,,,,,,,,,,,,,,,,,,,,,,,,,,,,,,,,,,,,,,,,,,,,,,,,,,,,,
,898,,,,,,898,0.056408196687698364,0.06916937232017517,-0.002610236406326294,0.00024140150344464928,0.06916937232017517,,,,,,,,,,,,,,,,,,,,,,,,,,,,,,,,,,,,,,,,,,,,,,,,,,,,,,,,,,,,,,,,,,,,,,,,
3.1722735131601865e-05,899,,,,,,,,,,,,,,,,,,,,,,,,,,,,,,,,,,,,,,,,,,,,,,,,,,,,,,,,,,,,,,,,,,,,,,,,,,,,,,,,,,,
,899,0.07339061051607132,0.06344657391309738,-0.0026109605096280575,0.0003601279458962381,0.06344657391309738,899,,,,,,,,,,,,,,,,,,,,,,,,,,,,,,,,,,,,,,,,,,,,,,,,,,,,,,,,,,,,,,,,,,,,,,,,,,,,,
,899,,,,,,899,,,,,,0.6212971806526184,0.626690685749054,-0.0026116613298654556,0.043337564915418625,0.626690685749054,0.020465925335884094,0.020465925335884094,-0.0026116613298654556,0.00018474228272680193,0.020465925335884094,-0.09704095870256424,0.05289251729846001,0.13284708559513092,0.22319863736629486,0.17786560952663422,0.0848868191242218,0.05607321113348007,0.038047559559345245,0.0021739129442721605,0.09704095870256424,0.6356557011604309,0.3239249885082245,0.13694950938224792,0.09187567979097366,0.06890299171209335,0.012448127381503582,0.21162617206573486,0.2559419870376587,0.28287839889526367,0.18253399431705475,0.1257932037115097,0.07831014692783356,0.0026269699446856976,0.1546807885169983,12.838370323181152,2.7292189598083496,1.171608567237854,1.110288381576538,1.6113473176956177,46.7354850769043,11.032719612121582,-0.1021416112780571,0.06308282166719437,0.14498303830623627,0.21755613386631012,0.18618758022785187,0.10284288972616196,0.06414377689361572,0.03921568766236305,0.002903600223362446,0.1021416112780571,0.6652003526687622,0.3779124915599823,0.18456856906414032,0.11968374997377396,0.08250226825475693,0.020746879279613495,0.24176904559135437,0.24430714547634125,0.2684699296951294,0.1884826272726059,0.12143845111131668,0.06954528391361237,0.0033647373784333467,0.1492680311203003,15.430556297302246,4.124205112457275,1.9958221912384033,2.0216548442840576,2.929176092147827,79.13201141357422,17.605571746826172
,899,,,,,,899,0.07339061051607132,0.06344657391309738,-0.0026109605096280575,0.0003601279458962381,0.06344657391309738,,,,,,,,,,,,,,,,,,,,,,,,,,,,,,,,,,,,,,,,,,,,,,,,,,,,,,,,,,,,,,,,,,,,,,,,
3.112353591743879e-05,900,,,,,,,,,,,,,,,,,,,,,,,,,,,,,,,,,,,,,,,,,,,,,,,,,,,,,,,,,,,,,,,,,,,,,,,,,,,,,,,,,,,
,900,0.33595001697540283,0.34290891885757446,-0.0026116613298654556,0.006366962566971779,0.34290891885757446,900,,,,,,,,,,,,,,,,,,,,,,,,,,,,,,,,,,,,,,,,,,,,,,,,,,,,,,,,,,,,,,,,,,,,,,,,,,,,,
,900,,,,,,900,0.33595001697540283,0.34290891885757446,-0.0026116613298654556,0.006366962566971779,0.34290891885757446,,,,,,,,,,,,,,,,,,,,,,,,,,,,,,,,,,,,,,,,,,,,,,,,,,,,,,,,,,,,,,,,,,,,,,,,
3.053005590736438e-05,901,,,,,,,,,,,,,,,,,,,,,,,,,,,,,,,,,,,,,,,,,,,,,,,,,,,,,,,,,,,,,,,,,,,,,,,,,,,,,,,,,,,
,901,0.09898601472377777,0.08683376014232635,-0.002612356562167406,0.0006059044972062111,0.08683376014232635,901,,,,,,,,,,,,,,,,,,,,,,,,,,,,,,,,,,,,,,,,,,,,,,,,,,,,,,,,,,,,,,,,,,,,,,,,,,,,,
,901,,,,,,901,0.09898601472377777,0.08683376014232635,-0.002612356562167406,0.0006059044972062111,0.08683376014232635,,,,,,,,,,,,,,,,,,,,,,,,,,,,,,,,,,,,,,,,,,,,,,,,,,,,,,,,,,,,,,,,,,,,,,,,
2.9942302332745294e-05,902,,,,,,,,,,,,,,,,,,,,,,,,,,,,,,,,,,,,,,,,,,,,,,,,,,,,,,,,,,,,,,,,,,,,,,,,,,,,,,,,,,,
,902,0.04794926568865776,0.04794926568865776,-0.0026130443438887596,0.00021076279517728835,0.04794926568865776,902,,,,,,,,,,,,,,,,,,,,,,,,,,,,,,,,,,,,,,,,,,,,,,,,,,,,,,,,,,,,,,,,,,,,,,,,,,,,,
,902,,,,,,902,0.04794926568865776,0.04794926568865776,-0.0026130443438887596,0.00021076279517728835,0.04794926568865776,,,,,,,,,,,,,,,,,,,,,,,,,,,,,,,,,,,,,,,,,,,,,,,,,,,,,,,,,,,,,,,,,,,,,,,,
2.936028235517331e-05,903,,,,,,,,,,,,,,,,,,,,,,,,,,,,,,,,,,,,,,,,,,,,,,,,,,,,,,,,,,,,,,,,,,,,,,,,,,,,,,,,,,,
,903,0.06613944470882416,0.06483349204063416,-0.00261372490786016,0.0003021623706445098,0.06483349204063416,903,,,,,,,,,,,,,,,,,,,,,,,,,,,,,,,,,,,,,,,,,,,,,,,,,,,,,,,,,,,,,,,,,,,,,,,,,,,,,
,903,,,,,,903,0.06613944470882416,0.06483349204063416,-0.00261372490786016,0.0003021623706445098,0.06483349204063416,,,,,,,,,,,,,,,,,,,,,,,,,,,,,,,,,,,,,,,,,,,,,,,,,,,,,,,,,,,,,,,,,,,,,,,,
2.878400306637823e-05,904,,,,,,,,,,,,,,,,,,,,,,,,,,,,,,,,,,,,,,,,,,,,,,,,,,,,,,,,,,,,,,,,,,,,,,,,,,,,,,,,,,,
,904,0.04158037155866623,0.04158037155866623,-0.002614376600831747,0.0003255348710808903,0.04158037155866623,904,,,,,,,,,,,,,,,,,,,,,,,,,,,,,,,,,,,,,,,,,,,,,,,,,,,,,,,,,,,,,,,,,,,,,,,,,,,,,
,904,,,,,,904,0.04158037155866623,0.04158037155866623,-0.002614376600831747,0.0003255348710808903,0.04158037155866623,,,,,,,,,,,,,,,,,,,,,,,,,,,,,,,,,,,,,,,,,,,,,,,,,,,,,,,,,,,,,,,,,,,,,,,,
2.8213471488141283e-05,905,,,,,,,,,,,,,,,,,,,,,,,,,,,,,,,,,,,,,,,,,,,,,,,,,,,,,,,,,,,,,,,,,,,,,,,,,,,,,,,,,,,
,905,0.043252330273389816,0.03185370936989784,-0.002615023171529174,0.00022408638324122876,0.03185370936989784,905,,,,,,,,,,,,,,,,,,,,,,,,,,,,,,,,,,,,,,,,,,,,,,,,,,,,,,,,,,,,,,,,,,,,,,,,,,,,,
,905,,,,,,905,0.043252330273389816,0.03185370936989784,-0.002615023171529174,0.00022408638324122876,0.03185370936989784,,,,,,,,,,,,,,,,,,,,,,,,,,,,,,,,,,,,,,,,,,,,,,,,,,,,,,,,,,,,,,,,,,,,,,,,
2.76486945722097e-05,906,,,,,,,,,,,,,,,,,,,,,,,,,,,,,,,,,,,,,,,,,,,,,,,,,,,,,,,,,,,,,,,,,,,,,,,,,,,,,,,,,,,
,906,0.04202874004840851,0.04298888519406319,-0.002615654608234763,0.000264306174358353,0.04298888519406319,906,,,,,,,,,,,,,,,,,,,,,,,,,,,,,,,,,,,,,,,,,,,,,,,,,,,,,,,,,,,,,,,,,,,,,,,,,,,,,
,906,,,,,,906,0.04202874004840851,0.04298888519406319,-0.002615654608234763,0.000264306174358353,0.04298888519406319,,,,,,,,,,,,,,,,,,,,,,,,,,,,,,,,,,,,,,,,,,,,,,,,,,,,,,,,,,,,,,,,,,,,,,,,
2.7089679200211895e-05,907,,,,,,,,,,,,,,,,,,,,,,,,,,,,,,,,,,,,,,,,,,,,,,,,,,,,,,,,,,,,,,,,,,,,,,,,,,,,,,,,,,,
,907,0.04122299700975418,0.04122299700975418,-0.0026162629947066307,0.00031752450740896165,0.04122299700975418,907,,,,,,,,,,,,,,,,,,,,,,,,,,,,,,,,,,,,,,,,,,,,,,,,,,,,,,,,,,,,,,,,,,,,,,,,,,,,,
,907,,,,,,907,0.04122299700975418,0.04122299700975418,-0.0026162629947066307,0.00031752450740896165,0.04122299700975418,,,,,,,,,,,,,,,,,,,,,,,,,,,,,,,,,,,,,,,,,,,,,,,,,,,,,,,,,,,,,,,,,,,,,,,,
2.6536432183573978e-05,908,,,,,,,,,,,,,,,,,,,,,,,,,,,,,,,,,,,,,,,,,,,,,,,,,,,,,,,,,,,,,,,,,,,,,,,,,,,,,,,,,,,
,908,0.044393837451934814,0.044393837451934814,-0.002616866724565625,0.00021373228810261935,0.044393837451934814,908,,,,,,,,,,,,,,,,,,,,,,,,,,,,,,,,,,,,,,,,,,,,,,,,,,,,,,,,,,,,,,,,,,,,,,,,,,,,,
,908,,,,,,908,0.044393837451934814,0.044393837451934814,-0.002616866724565625,0.00021373228810261935,0.044393837451934814,,,,,,,,,,,,,,,,,,,,,,,,,,,,,,,,,,,,,,,,,,,,,,,,,,,,,,,,,,,,,,,,,,,,,,,,
2.598896026343614e-05,909,,,,,,,,,,,,,,,,,,,,,,,,,,,,,,,,,,,,,,,,,,,,,,,,,,,,,,,,,,,,,,,,,,,,,,,,,,,,,,,,,,,
,909,0.06328518688678741,0.0499219074845314,-0.0026174637023359537,0.00028256309451535344,0.0499219074845314,909,,,,,,,,,,,,,,,,,,,,,,,,,,,,,,,,,,,,,,,,,,,,,,,,,,,,,,,,,,,,,,,,,,,,,,,,,,,,,
,909,,,,,,909,0.06328518688678741,0.0499219074845314,-0.0026174637023359537,0.00028256309451535344,0.0499219074845314,,,,,,,,,,,,,,,,,,,,,,,,,,,,,,,,,,,,,,,,,,,,,,,,,,,,,,,,,,,,,,,,,,,,,,,,
2.544727011057086e-05,910,,,,,,,,,,,,,,,,,,,,,,,,,,,,,,,,,,,,,,,,,,,,,,,,,,,,,,,,,,,,,,,,,,,,,,,,,,,,,,,,,,,
,910,0.04200654476881027,0.03684137761592865,-0.0026180539280176163,0.0003282032848801464,0.03684137761592865,910,,,,,,,,,,,,,,,,,,,,,,,,,,,,,,,,,,,,,,,,,,,,,,,,,,,,,,,,,,,,,,,,,,,,,,,,,,,,,
,910,,,,,,910,0.04200654476881027,0.03684137761592865,-0.0026180539280176163,0.0003282032848801464,0.03684137761592865,,,,,,,,,,,,,,,,,,,,,,,,,,,,,,,,,,,,,,,,,,,,,,,,,,,,,,,,,,,,,,,,,,,,,,,,
2.491136832530171e-05,911,,,,,,,,,,,,,,,,,,,,,,,,,,,,,,,,,,,,,,,,,,,,,,,,,,,,,,,,,,,,,,,,,,,,,,,,,,,,,,,,,,,
,911,0.04153304919600487,0.0334208644926548,-0.002618619939312339,0.0003771302290260792,0.0334208644926548,911,,,,,,,,,,,,,,,,,,,,,,,,,,,,,,,,,,,,,,,,,,,,,,,,,,,,,,,,,,,,,,,,,,,,,,,,,,,,,
,911,,,,,,911,0.04153304919600487,0.0334208644926548,-0.002618619939312339,0.0003771302290260792,0.0334208644926548,,,,,,,,,,,,,,,,,,,,,,,,,,,,,,,,,,,,,,,,,,,,,,,,,,,,,,,,,,,,,,,,,,,,,,,,
2.4381261437423006e-05,912,,,,,,,,,,,,,,,,,,,,,,,,,,,,,,,,,,,,,,,,,,,,,,,,,,,,,,,,,,,,,,,,,,,,,,,,,,,,,,,,,,,
,912,0.1106138750910759,0.10905100405216217,-0.0026191615033894777,0.0007435415755026042,0.10905100405216217,912,,,,,,,,,,,,,,,,,,,,,,,,,,,,,,,,,,,,,,,,,,,,,,,,,,,,,,,,,,,,,,,,,,,,,,,,,,,,,
,912,,,,,,912,0.1106138750910759,0.10905100405216217,-0.0026191615033894777,0.0007435415755026042,0.10905100405216217,,,,,,,,,,,,,,,,,,,,,,,,,,,,,,,,,,,,,,,,,,,,,,,,,,,,,,,,,,,,,,,,,,,,,,,,
2.385695590611972e-05,913,,,,,,,,,,,,,,,,,,,,,,,,,,,,,,,,,,,,,,,,,,,,,,,,,,,,,,,,,,,,,,,,,,,,,,,,,,,,,,,,,,,
,913,0.04132000729441643,0.032882124185562134,-0.0026196984108537436,0.00038486349512822926,0.032882124185562134,913,,,,,,,,,,,,,,,,,,,,,,,,,,,,,,,,,,,,,,,,,,,,,,,,,,,,,,,,,,,,,,,,,,,,,,,,,,,,,
,913,,,,,,913,0.04132000729441643,0.032882124185562134,-0.0026196984108537436,0.00038486349512822926,0.032882124185562134,,,,,,,,,,,,,,,,,,,,,,,,,,,,,,,,,,,,,,,,,,,,,,,,,,,,,,,,,,,,,,,,,,,,,,,,
2.333845811988935e-05,914,,,,,,,,,,,,,,,,,,,,,,,,,,,,,,,,,,,,,,,,,,,,,,,,,,,,,,,,,,,,,,,,,,,,,,,,,,,,,,,,,,,
,914,0.04147787019610405,0.037995994091033936,-0.0026202136650681496,0.0003513494157232344,0.037995994091033936,914,,,,,,,,,,,,,,,,,,,,,,,,,,,,,,,,,,,,,,,,,,,,,,,,,,,,,,,,,,,,,,,,,,,,,,,,,,,,,
,914,,,,,,914,0.04147787019610405,0.037995994091033936,-0.0026202136650681496,0.0003513494157232344,0.037995994091033936,,,,,,,,,,,,,,,,,,,,,,,,,,,,,,,,,,,,,,,,,,,,,,,,,,,,,,,,,,,,,,,,,,,,,,,,
2.282577439646374e-05,915,,,,,,,,,,,,,,,,,,,,,,,,,,,,,,,,,,,,,,,,,,,,,,,,,,,,,,,,,,,,,,,,,,,,,,,,,,,,,,,,,,,
,915,0.0411352664232254,0.0411352664232254,-0.0026207095943391323,0.0004200620169285685,0.0411352664232254,915,,,,,,,,,,,,,,,,,,,,,,,,,,,,,,,,,,,,,,,,,,,,,,,,,,,,,,,,,,,,,,,,,,,,,,,,,,,,,
,915,,,,,,915,0.0411352664232254,0.0411352664232254,-0.0026207095943391323,0.0004200620169285685,0.0411352664232254,,,,,,,,,,,,,,,,,,,,,,,,,,,,,,,,,,,,,,,,,,,,,,,,,,,,,,,,,,,,,,,,,,,,,,,,
2.2318910982732407e-05,916,,,,,,,,,,,,,,,,,,,,,,,,,,,,,,,,,,,,,,,,,,,,,,,,,,,,,,,,,,,,,,,,,,,,,,,,,,,,,,,,,,,
,916,0.07914669811725616,0.07914669811725616,-0.002621202263981104,0.00041145639261230826,0.07914669811725616,916,,,,,,,,,,,,,,,,,,,,,,,,,,,,,,,,,,,,,,,,,,,,,,,,,,,,,,,,,,,,,,,,,,,,,,,,,,,,,
,916,,,,,,916,0.07914669811725616,0.07914669811725616,-0.002621202263981104,0.00041145639261230826,0.07914669811725616,,,,,,,,,,,,,,,,,,,,,,,,,,,,,,,,,,,,,,,,,,,,,,,,,,,,,,,,,,,,,,,,,,,,,,,,
2.1817874054665994e-05,917,,,,,,,,,,,,,,,,,,,,,,,,,,,,,,,,,,,,,,,,,,,,,,,,,,,,,,,,,,,,,,,,,,,,,,,,,,,,,,,,,,,
,917,0.044552624225616455,0.044197436422109604,-0.0026216909755021334,0.00021449675841722637,0.044197436422109604,917,,,,,,,,,,,,,,,,,,,,,,,,,,,,,,,,,,,,,,,,,,,,,,,,,,,,,,,,,,,,,,,,,,,,,,,,,,,,,
,917,,,,,,917,0.044552624225616455,0.044197436422109604,-0.0026216909755021334,0.00021449675841722637,0.044197436422109604,,,,,,,,,,,,,,,,,,,,,,,,,,,,,,,,,,,,,,,,,,,,,,,,,,,,,,,,,,,,,,,,,,,,,,,,
2.132266971724127e-05,918,,,,,,,,,,,,,,,,,,,,,,,,,,,,,,,,,,,,,,,,,,,,,,,,,,,,,,,,,,,,,,,,,,,,,,,,,,,,,,,,,,,
,918,0.04108213633298874,0.04108213633298874,-0.0026221529114991426,0.0003119562170468271,0.04108213633298874,918,,,,,,,,,,,,,,,,,,,,,,,,,,,,,,,,,,,,,,,,,,,,,,,,,,,,,,,,,,,,,,,,,,,,,,,,,,,,,
,918,,,,,,918,0.04108213633298874,0.04108213633298874,-0.0026221529114991426,0.0003119562170468271,0.04108213633298874,,,,,,,,,,,,,,,,,,,,,,,,,,,,,,,,,,,,,,,,,,,,,,,,,,,,,,,,,,,,,,,,,,,,,,,,
2.083330400436699e-05,919,,,,,,,,,,,,,,,,,,,,,,,,,,,,,,,,,,,,,,,,,,,,,,,,,,,,,,,,,,,,,,,,,,,,,,,,,,,,,,,,,,,
,919,0.041891902685165405,0.041891902685165405,-0.0026226115878671408,0.0002552721416577697,0.041891902685165405,919,,,,,,,,,,,,,,,,,,,,,,,,,,,,,,,,,,,,,,,,,,,,,,,,,,,,,,,,,,,,,,,,,,,,,,,,,,,,,
,919,,,,,,919,0.041891902685165405,0.041891902685165405,-0.0026226115878671408,0.0002552721416577697,0.041891902685165405,,,,,,,,,,,,,,,,,,,,,,,,,,,,,,,,,,,,,,,,,,,,,,,,,,,,,,,,,,,,,,,,,,,,,,,,
2.0349782878809707e-05,920,,,,,,,,,,,,,,,,,,,,,,,,,,,,,,,,,,,,,,,,,,,,,,,,,,,,,,,,,,,,,,,,,,,,,,,,,,,,,,,,,,,
,920,0.04560583829879761,0.041596200317144394,-0.0026230665389448404,0.00020606732869055122,0.041596200317144394,920,,,,,,,,,,,,,,,,,,,,,,,,,,,,,,,,,,,,,,,,,,,,,,,,,,,,,,,,,,,,,,,,,,,,,,,,,,,,,
,920,,,,,,920,0.04560583829879761,0.041596200317144394,-0.0026230665389448404,0.00020606732869055122,0.041596200317144394,,,,,,,,,,,,,,,,,,,,,,,,,,,,,,,,,,,,,,,,,,,,,,,,,,,,,,,,,,,,,,,,,,,,,,,,
1.9872112232122e-05,921,,,,,,,,,,,,,,,,,,,,,,,,,,,,,,,,,,,,,,,,,,,,,,,,,,,,,,,,,,,,,,,,,,,,,,,,,,,,,,,,,,,
,921,0.17415516078472137,0.17415516078472137,-0.002623504027724266,0.001735831145197153,0.17415516078472137,921,,,,,,,,,,,,,,,,,,,,,,,,,,,,,,,,,,,,,,,,,,,,,,,,,,,,,,,,,,,,,,,,,,,,,,,,,,,,,
,921,,,,,,921,0.17415516078472137,0.17415516078472137,-0.002623504027724266,0.001735831145197153,0.17415516078472137,,,,,,,,,,,,,,,,,,,,,,,,,,,,,,,,,,,,,,,,,,,,,,,,,,,,,,,,,,,,,,,,,,,,,,,,
1.940029788456977e-05,922,,,,,,,,,,,,,,,,,,,,,,,,,,,,,,,,,,,,,,,,,,,,,,,,,,,,,,,,,,,,,,,,,,,,,,,,,,,,,,,,,,,
,922,0.04453269764780998,0.03133028373122215,-0.002623937325552106,0.00020477594807744026,0.03133028373122215,922,,,,,,,,,,,,,,,,,,,,,,,,,,,,,,,,,,,,,,,,,,,,,,,,,,,,,,,,,,,,,,,,,,,,,,,,,,,,,
,922,,,,,,922,0.04453269764780998,0.03133028373122215,-0.002623937325552106,0.00020477594807744026,0.03133028373122215,,,,,,,,,,,,,,,,,,,,,,,,,,,,,,,,,,,,,,,,,,,,,,,,,,,,,,,,,,,,,,,,,,,,,,,,
1.893434558506205e-05,923,,,,,,,,,,,,,,,,,,,,,,,,,,,,,,,,,,,,,,,,,,,,,,,,,,,,,,,,,,,,,,,,,,,,,,,,,,,,,,,,,,,
,923,0.04167884588241577,0.04167884588241577,-0.002624362939968705,0.0003942890907637775,0.04167884588241577,923,,,,,,,,,,,,,,,,,,,,,,,,,,,,,,,,,,,,,,,,,,,,,,,,,,,,,,,,,,,,,,,,,,,,,,,,,,,,,
,923,,,,,,923,0.04167884588241577,0.04167884588241577,-0.002624362939968705,0.0003942890907637775,0.04167884588241577,,,,,,,,,,,,,,,,,,,,,,,,,,,,,,,,,,,,,,,,,,,,,,,,,,,,,,,,,,,,,,,,,,,,,,,,
1.84742610110805e-05,924,,,,,,,,,,,,,,,,,,,,,,,,,,,,,,,,,,,,,,,,,,,,,,,,,,,,,,,,,,,,,,,,,,,,,,,,,,,,,,,,,,,
,924,0.06515959650278091,0.05183074250817299,-0.0026247836649417877,0.0002969035995192826,0.05183074250817299,924,,,,,,,,,,,,,,,,,,,,,,,,,,,,,,,,,,,,,,,,,,,,,,,,,,,,,,,,,,,,,,,,,,,,,,,,,,,,,
,924,,,,,,924,0.06515959650278091,0.05183074250817299,-0.0026247836649417877,0.0002969035995192826,0.05183074250817299,,,,,,,,,,,,,,,,,,,,,,,,,,,,,,,,,,,,,,,,,,,,,,,,,,,,,,,,,,,,,,,,,,,,,,,,
1.8020049768610372e-05,925,,,,,,,,,,,,,,,,,,,,,,,,,,,,,,,,,,,,,,,,,,,,,,,,,,,,,,,,,,,,,,,,,,,,,,,,,,,,,,,,,,,
,925,0.041871778666973114,0.041871778666973114,-0.002625198569148779,0.00023469593725167215,0.041871778666973114,925,,,,,,,,,,,,,,,,,,,,,,,,,,,,,,,,,,,,,,,,,,,,,,,,,,,,,,,,,,,,,,,,,,,,,,,,,,,,,
,925,,,,,,925,0.041871778666973114,0.041871778666973114,-0.002625198569148779,0.00023469593725167215,0.041871778666973114,,,,,,,,,,,,,,,,,,,,,,,,,,,,,,,,,,,,,,,,,,,,,,,,,,,,,,,,,,,,,,,,,,,,,,,,
1.7571717392072537e-05,926,,,,,,,,,,,,,,,,,,,,,,,,,,,,,,,,,,,,,,,,,,,,,,,,,,,,,,,,,,,,,,,,,,,,,,,,,,,,,,,,,,,
,926,0.05418204516172409,0.05418204516172409,-0.002625607419759035,0.00023040406813379377,0.05418204516172409,926,,,,,,,,,,,,,,,,,,,,,,,,,,,,,,,,,,,,,,,,,,,,,,,,,,,,,,,,,,,,,,,,,,,,,,,,,,,,,
,926,,,,,,926,0.05418204516172409,0.05418204516172409,-0.002625607419759035,0.00023040406813379377,0.05418204516172409,,,,,,,,,,,,,,,,,,,,,,,,,,,,,,,,,,,,,,,,,,,,,,,,,,,,,,,,,,,,,,,,,,,,,,,,
1.7129269344255414e-05,927,,,,,,,,,,,,,,,,,,,,,,,,,,,,,,,,,,,,,,,,,,,,,,,,,,,,,,,,,,,,,,,,,,,,,,,,,,,,,,,,,,,
,927,0.04822560399770737,0.03491474688053131,-0.0026260095182806253,0.00020809774287045002,0.03491474688053131,927,,,,,,,,,,,,,,,,,,,,,,,,,,,,,,,,,,,,,,,,,,,,,,,,,,,,,,,,,,,,,,,,,,,,,,,,,,,,,
,927,,,,,,927,0.04822560399770737,0.03491474688053131,-0.0026260095182806253,0.00020809774287045002,0.03491474688053131,,,,,,,,,,,,,,,,,,,,,,,,,,,,,,,,,,,,,,,,,,,,,,,,,,,,,,,,,,,,,,,,,,,,,,,,
1.669271101624883e-05,928,,,,,,,,,,,,,,,,,,,,,,,,,,,,,,,,,,,,,,,,,,,,,,,,,,,,,,,,,,,,,,,,,,,,,,,,,,,,,,,,,,,
,928,0.08063586056232452,0.09219925105571747,-0.002626403933390975,0.0004263268201611936,0.09219925105571747,928,,,,,,,,,,,,,,,,,,,,,,,,,,,,,,,,,,,,,,,,,,,,,,,,,,,,,,,,,,,,,,,,,,,,,,,,,,,,,
,928,,,,,,928,0.08063586056232452,0.09219925105571747,-0.002626403933390975,0.0004263268201611936,0.09219925105571747,,,,,,,,,,,,,,,,,,,,,,,,,,,,,,,,,,,,,,,,,,,,,,,,,,,,,,,,,,,,,,,,,,,,,,,,
1.6262047727378078e-05,929,,,,,,,,,,,,,,,,,,,,,,,,,,,,,,,,,,,,,,,,,,,,,,,,,,,,,,,,,,,,,,,,,,,,,,,,,,,,,,,,,,,
,929,0.07855880260467529,0.09167748689651489,-0.002626790665090084,0.00040649742004461586,0.09167748689651489,929,,,,,,,,,,,,,,,,,,,,,,,,,,,,,,,,,,,,,,,,,,,,,,,,,,,,,,,,,,,,,,,,,,,,,,,,,,,,,
,929,,,,,,929,0.07855880260467529,0.09167748689651489,-0.002626790665090084,0.00040649742004461586,0.09167748689651489,,,,,,,,,,,,,,,,,,,,,,,,,,,,,,,,,,,,,,,,,,,,,,,,,,,,,,,,,,,,,,,,,,,,,,,,
1.5837284725139757e-05,930,,,,,,,,,,,,,,,,,,,,,,,,,,,,,,,,,,,,,,,,,,,,,,,,,,,,,,,,,,,,,,,,,,,,,,,,,,,,,,,,,,,
,930,0.04095212370157242,0.04095212370157242,-0.0026271699462085962,0.00034274454810656607,0.04095212370157242,930,,,,,,,,,,,,,,,,,,,,,,,,,,,,,,,,,,,,,,,,,,,,,,,,,,,,,,,,,,,,,,,,,,,,,,,,,,,,,
,930,,,,,,930,0.04095212370157242,0.04095212370157242,-0.0026271699462085962,0.00034274454810656607,0.04095212370157242,,,,,,,,,,,,,,,,,,,,,,,,,,,,,,,,,,,,,,,,,,,,,,,,,,,,,,,,,,,,,,,,,,,,,,,,
1.541842718513683e-05,931,,,,,,,,,,,,,,,,,,,,,,,,,,,,,,,,,,,,,,,,,,,,,,,,,,,,,,,,,,,,,,,,,,,,,,,,,,,,,,,,,,,
,931,0.04769955202937126,0.04171649366617203,-0.002627542009577155,0.00020708910597022623,0.04171649366617203,931,,,,,,,,,,,,,,,,,,,,,,,,,,,,,,,,,,,,,,,,,,,,,,,,,,,,,,,,,,,,,,,,,,,,,,,,,,,,,
,931,,,,,,931,0.04769955202937126,0.04171649366617203,-0.002627542009577155,0.00020708910597022623,0.04171649366617203,,,,,,,,,,,,,,,,,,,,,,,,,,,,,,,,,,,,,,,,,,,,,,,,,,,,,,,,,,,,,,,,,,,,,,,,
1.5005480211016127e-05,932,,,,,,,,,,,,,,,,,,,,,,,,,,,,,,,,,,,,,,,,,,,,,,,,,,,,,,,,,,,,,,,,,,,,,,,,,,,,,,,,,,,
,932,0.041056714951992035,0.024222351610660553,-0.0026278968434780836,0.00028095763991586864,0.024222351610660553,932,,,,,,,,,,,,,,,,,,,,,,,,,,,,,,,,,,,,,,,,,,,,,,,,,,,,,,,,,,,,,,,,,,,,,,,,,,,,,
,932,,,,,,932,0.041056714951992035,0.024222351610660553,-0.0026278968434780836,0.00028095763991586864,0.024222351610660553,,,,,,,,,,,,,,,,,,,,,,,,,,,,,,,,,,,,,,,,,,,,,,,,,,,,,,,,,,,,,,,,,,,,,,,,
1.4598448834406399e-05,933,,,,,,,,,,,,,,,,,,,,,,,,,,,,,,,,,,,,,,,,,,,,,,,,,,,,,,,,,,,,,,,,,,,,,,,,,,,,,,,,,,,
,933,0.04179253429174423,0.03779467195272446,-0.0026282332837581635,0.00027520000003278255,0.03779467195272446,933,,,,,,,,,,,,,,,,,,,,,,,,,,,,,,,,,,,,,,,,,,,,,,,,,,,,,,,,,,,,,,,,,,,,,,,,,,,,,
,933,,,,,,933,0.04179253429174423,0.03779467195272446,-0.0026282332837581635,0.00027520000003278255,0.03779467195272446,,,,,,,,,,,,,,,,,,,,,,,,,,,,,,,,,,,,,,,,,,,,,,,,,,,,,,,,,,,,,,,,,,,,,,,,
1.4197338014856432e-05,934,,,,,,,,,,,,,,,,,,,,,,,,,,,,,,,,,,,,,,,,,,,,,,,,,,,,,,,,,,,,,,,,,,,,,,,,,,,,,,,,,,,
,934,0.12318553775548935,0.12318553775548935,-0.002628555055707693,0.0009302578400820494,0.12318553775548935,934,,,,,,,,,,,,,,,,,,,,,,,,,,,,,,,,,,,,,,,,,,,,,,,,,,,,,,,,,,,,,,,,,,,,,,,,,,,,,
,934,,,,,,934,0.12318553775548935,0.12318553775548935,-0.002628555055707693,0.0009302578400820494,0.12318553775548935,,,,,,,,,,,,,,,,,,,,,,,,,,,,,,,,,,,,,,,,,,,,,,,,,,,,,,,,,,,,,,,,,,,,,,,,
1.3802152639775047e-05,935,,,,,,,,,,,,,,,,,,,,,,,,,,,,,,,,,,,,,,,,,,,,,,,,,,,,,,,,,,,,,,,,,,,,,,,,,,,,,,,,,,,
,935,0.04737980663776398,0.041302841156721115,-0.0026288714725524187,0.00020570092601701617,0.041302841156721115,935,,,,,,,,,,,,,,,,,,,,,,,,,,,,,,,,,,,,,,,,,,,,,,,,,,,,,,,,,,,,,,,,,,,,,,,,,,,,,
,935,,,,,,935,0.04737980663776398,0.041302841156721115,-0.0026288714725524187,0.00020570092601701617,0.041302841156721115,,,,,,,,,,,,,,,,,,,,,,,,,,,,,,,,,,,,,,,,,,,,,,,,,,,,,,,,,,,,,,,,,,,,,,,,
1.3412897524371147e-05,936,,,,,,,,,,,,,,,,,,,,,,,,,,,,,,,,,,,,,,,,,,,,,,,,,,,,,,,,,,,,,,,,,,,,,,,,,,,,,,,,,,,
,936,0.04885776340961456,0.04885776340961456,-0.002629166003316641,0.00020916335051879287,0.04885776340961456,936,,,,,,,,,,,,,,,,,,,,,,,,,,,,,,,,,,,,,,,,,,,,,,,,,,,,,,,,,,,,,,,,,,,,,,,,,,,,,
,936,,,,,,936,0.04885776340961456,0.04885776340961456,-0.002629166003316641,0.00020916335051879287,0.04885776340961456,,,,,,,,,,,,,,,,,,,,,,,,,,,,,,,,,,,,,,,,,,,,,,,,,,,,,,,,,,,,,,,,,,,,,,,,
1.302957741159571e-05,937,,,,,,,,,,,,,,,,,,,,,,,,,,,,,,,,,,,,,,,,,,,,,,,,,,,,,,,,,,,,,,,,,,,,,,,,,,,,,,,,,,,
,937,0.0416778139770031,0.04004957899451256,-0.0026294568087905645,0.0002476431545801461,0.04004957899451256,937,,,,,,,,,,,,,,,,,,,,,,,,,,,,,,,,,,,,,,,,,,,,,,,,,,,,,,,,,,,,,,,,,,,,,,,,,,,,,
,937,,,,,,937,0.0416778139770031,0.04004957899451256,-0.0026294568087905645,0.0002476431545801461,0.04004957899451256,,,,,,,,,,,,,,,,,,,,,,,,,,,,,,,,,,,,,,,,,,,,,,,,,,,,,,,,,,,,,,,,,,,,,,,,
1.2652196972083121e-05,938,,,,,,,,,,,,,,,,,,,,,,,,,,,,,,,,,,,,,,,,,,,,,,,,,,,,,,,,,,,,,,,,,,,,,,,,,,,,,,,,,,,
,938,0.04885704070329666,0.03734387084841728,-0.0026297345757484436,0.00020898781076539308,0.03734387084841728,938,,,,,,,,,,,,,,,,,,,,,,,,,,,,,,,,,,,,,,,,,,,,,,,,,,,,,,,,,,,,,,,,,,,,,,,,,,,,,
,938,,,,,,938,0.04885704070329666,0.03734387084841728,-0.0026297345757484436,0.00020898781076539308,0.03734387084841728,,,,,,,,,,,,,,,,,,,,,,,,,,,,,,,,,,,,,,,,,,,,,,,,,,,,,,,,,,,,,,,,,,,,,,,,
1.2280760804095107e-05,939,,,,,,,,,,,,,,,,,,,,,,,,,,,,,,,,,,,,,,,,,,,,,,,,,,,,,,,,,,,,,,,,,,,,,,,,,,,,,,,,,,,
,939,0.04174881428480148,0.03917874023318291,-0.002630002563819289,0.000388100219424814,0.03917874023318291,939,,,,,,,,,,,,,,,,,,,,,,,,,,,,,,,,,,,,,,,,,,,,,,,,,,,,,,,,,,,,,,,,,,,,,,,,,,,,,
,939,,,,,,939,0.04174881428480148,0.03917874023318291,-0.002630002563819289,0.000388100219424814,0.03917874023318291,,,,,,,,,,,,,,,,,,,,,,,,,,,,,,,,,,,,,,,,,,,,,,,,,,,,,,,,,,,,,,,,,,,,,,,,
1.1915273433464056e-05,940,,,,,,,,,,,,,,,,,,,,,,,,,,,,,,,,,,,,,,,,,,,,,,,,,,,,,,,,,,,,,,,,,,,,,,,,,,,,,,,,,,,
,940,0.041281700134277344,0.03866242244839668,-0.0026302591431885958,0.0002658938756212592,0.03866242244839668,940,,,,,,,,,,,,,,,,,,,,,,,,,,,,,,,,,,,,,,,,,,,,,,,,,,,,,,,,,,,,,,,,,,,,,,,,,,,,,
,940,,,,,,940,0.041281700134277344,0.03866242244839668,-0.0026302591431885958,0.0002658938756212592,0.03866242244839668,,,,,,,,,,,,,,,,,,,,,,,,,,,,,,,,,,,,,,,,,,,,,,,,,,,,,,,,,,,,,,,,,,,,,,,,
1.1555739313538341e-05,941,,,,,,,,,,,,,,,,,,,,,,,,,,,,,,,,,,,,,,,,,,,,,,,,,,,,,,,,,,,,,,,,,,,,,,,,,,,,,,,,,,,
,941,0.041037604212760925,0.013359678909182549,-0.002630505245178938,0.00034070806577801704,0.013359678909182549,941,,,,,,,,,,,,,,,,,,,,,,,,,,,,,,,,,,,,,,,,,,,,,,,,,,,,,,,,,,,,,,,,,,,,,,,,,,,,,
,941,,,,,,941,0.041037604212760925,0.013359678909182549,-0.002630505245178938,0.00034070806577801704,0.013359678909182549,,,,,,,,,,,,,,,,,,,,,,,,,,,,,,,,,,,,,,,,,,,,,,,,,,,,,,,,,,,,,,,,,,,,,,,,
1.1202162825127698e-05,942,,,,,,,,,,,,,,,,,,,,,,,,,,,,,,,,,,,,,,,,,,,,,,,,,,,,,,,,,,,,,,,,,,,,,,,,,,,,,,,,,,,
,942,0.04189443588256836,0.028519736602902412,-0.002630737842991948,0.0002318460465176031,0.028519736602902412,942,,,,,,,,,,,,,,,,,,,,,,,,,,,,,,,,,,,,,,,,,,,,,,,,,,,,,,,,,,,,,,,,,,,,,,,,,,,,,
,942,,,,,,942,0.04189443588256836,0.028519736602902412,-0.002630737842991948,0.0002318460465176031,0.028519736602902412,,,,,,,,,,,,,,,,,,,,,,,,,,,,,,,,,,,,,,,,,,,,,,,,,,,,,,,,,,,,,,,,,,,,,,,,
1.0854548276449926e-05,943,,,,,,,,,,,,,,,,,,,,,,,,,,,,,,,,,,,,,,,,,,,,,,,,,,,,,,,,,,,,,,,,,,,,,,,,,,,,,,,,,,,
,943,0.07978185266256332,0.0926322340965271,-0.0026309676468372345,0.00041282601887360215,0.0926322340965271,943,,,,,,,,,,,,,,,,,,,,,,,,,,,,,,,,,,,,,,,,,,,,,,,,,,,,,,,,,,,,,,,,,,,,,,,,,,,,,
,943,,,,,,943,0.07978185266256332,0.0926322340965271,-0.0026309676468372345,0.00041282601887360215,0.0926322340965271,,,,,,,,,,,,,,,,,,,,,,,,,,,,,,,,,,,,,,,,,,,,,,,,,,,,,,,,,,,,,,,,,,,,,,,,
1.0512899903078828e-05,944,,,,,,,,,,,,,,,,,,,,,,,,,,,,,,,,,,,,,,,,,,,,,,,,,,,,,,,,,,,,,,,,,,,,,,,,,,,,,,,,,,,
,944,0.04178457707166672,0.04178457707166672,-0.0026311855763196945,0.00024497011327184737,0.04178457707166672,944,,,,,,,,,,,,,,,,,,,,,,,,,,,,,,,,,,,,,,,,,,,,,,,,,,,,,,,,,,,,,,,,,,,,,,,,,,,,,
,944,,,,,,944,0.04178457707166672,0.04178457707166672,-0.0026311855763196945,0.00024497011327184737,0.04178457707166672,,,,,,,,,,,,,,,,,,,,,,,,,,,,,,,,,,,,,,,,,,,,,,,,,,,,,,,,,,,,,,,,,,,,,,,,
1.0177221867891842e-05,945,,,,,,,,,,,,,,,,,,,,,,,,,,,,,,,,,,,,,,,,,,,,,,,,,,,,,,,,,,,,,,,,,,,,,,,,,,,,,,,,,,,
,945,0.25824174284935,0.2543959319591522,-0.0026314016431570053,0.003830144414678216,0.2543959319591522,945,,,,,,,,,,,,,,,,,,,,,,,,,,,,,,,,,,,,,,,,,,,,,,,,,,,,,,,,,,,,,,,,,,,,,,,,,,,,,
,945,,,,,,945,0.25824174284935,0.2543959319591522,-0.0026314016431570053,0.003830144414678216,0.2543959319591522,,,,,,,,,,,,,,,,,,,,,,,,,,,,,,,,,,,,,,,,,,,,,,,,,,,,,,,,,,,,,,,,,,,,,,,,
9.847518261020038e-06,946,,,,,,,,,,,,,,,,,,,,,,,,,,,,,,,,,,,,,,,,,,,,,,,,,,,,,,,,,,,,,,,,,,,,,,,,,,,,,,,,,,,
,946,0.04094599932432175,0.04094599932432175,-0.00263161095790565,0.0003003169549629092,0.04094599932432175,946,,,,,,,,,,,,,,,,,,,,,,,,,,,,,,,,,,,,,,,,,,,,,,,,,,,,,,,,,,,,,,,,,,,,,,,,,,,,,
,946,,,,,,946,0.04094599932432175,0.04094599932432175,-0.00263161095790565,0.0003003169549629092,0.04094599932432175,,,,,,,,,,,,,,,,,,,,,,,,,,,,,,,,,,,,,,,,,,,,,,,,,,,,,,,,,,,,,,,,,,,,,,,,
9.52379309979764e-06,947,,,,,,,,,,,,,,,,,,,,,,,,,,,,,,,,,,,,,,,,,,,,,,,,,,,,,,,,,,,,,,,,,,,,,,,,,,,,,,,,,,,
,947,0.07213911414146423,0.07213911414146423,-0.002631817478686571,0.0003560693294275552,0.07213911414146423,947,,,,,,,,,,,,,,,,,,,,,,,,,,,,,,,,,,,,,,,,,,,,,,,,,,,,,,,,,,,,,,,,,,,,,,,,,,,,,
,947,,,,,,947,0.07213911414146423,0.07213911414146423,-0.002631817478686571,0.0003560693294275552,0.07213911414146423,,,,,,,,,,,,,,,,,,,,,,,,,,,,,,,,,,,,,,,,,,,,,,,,,,,,,,,,,,,,,,,,,,,,,,,,
9.206050328713732e-06,948,,,,,,,,,,,,,,,,,,,,,,,,,,,,,,,,,,,,,,,,,,,,,,,,,,,,,,,,,,,,,,,,,,,,,,,,,,,,,,,,,,,
,948,0.04181840270757675,0.04181840270757675,-0.0026320209726691246,0.00022531971626449376,0.04181840270757675,948,,,,,,,,,,,,,,,,,,,,,,,,,,,,,,,,,,,,,,,,,,,,,,,,,,,,,,,,,,,,,,,,,,,,,,,,,,,,,
,948,,,,,,948,0.04181840270757675,0.04181840270757675,-0.0026320209726691246,0.00022531971626449376,0.04181840270757675,,,,,,,,,,,,,,,,,,,,,,,,,,,,,,,,,,,,,,,,,,,,,,,,,,,,,,,,,,,,,,,,,,,,,,,,
8.894293819363679e-06,949,,,,,,,,,,,,,,,,,,,,,,,,,,,,,,,,,,,,,,,,,,,,,,,,,,,,,,,,,,,,,,,,,,,,,,,,,,,,,,,,,,,
,949,0.04275098070502281,0.04275098070502281,-0.0026322209741920233,0.00020846907864324749,0.04275098070502281,949,,,,,,,,,,,,,,,,,,,,,,,,,,,,,,,,,,,,,,,,,,,,,,,,,,,,,,,,,,,,,,,,,,,,,,,,,,,,,
,949,,,,,,949,,,,,,0.019956395030021667,0.019956395030021667,-0.00263241701759398,9.241510997526348e-05,0.019956395030021667,0.054152488708496094,0.054152488708496094,-0.00263241701759398,0.000307102978695184,0.054152488708496094,-0.10839290916919708,0.04744832590222359,0.115659199655056,0.23886357247829437,0.19445611536502838,0.1018754318356514,0.06694630533456802,0.04029666259884834,0.007919365540146828,0.10839290916919708,0.588752806186676,0.30697101354599,0.15753670036792755,0.10877862572669983,0.07388938963413239,0.04564313217997551,0.21359527111053467,0.28669852018356323,0.3466310203075409,0.22380468249320984,0.14827202260494232,0.08141857385635376,0.009490939788520336,0.18271929025650024,8.777364730834961,1.632333755493164,1.0312743186950684,1.1202576160430908,1.7142186164855957,48.13726806640625,10.402119636535645,-0.09172608703374863,0.06812454760074615,0.13355028629302979,0.25819826126098633,0.17317721247673035,0.0673370435833931,0.03212098404765129,0.0175190232694149,0.0020040080416947603,0.09172608703374863,0.61455237865448,0.3207993805408478,0.13426423072814941,0.07006543129682541,0.04487760737538338,0.020746879279613495,0.20088431239128113,0.3080911934375763,0.27343183755874634,0.1190098375082016,0.0559912845492363,0.027934536337852478,0.002213368657976389,0.1311120092868805,8.281485557556152,2.8649561405181885,2.649134874343872,3.2592358589172363,5.371870040893555,182.87193298339844,34.216434478759766
,949,,,,,,949,0.04275098070502281,0.04275098070502281,-0.0026322209741920233,0.00020846907864324749,0.04275098070502281,,,,,,,,,,,,,,,,,,,,,,,,,,,,,,,,,,,,,,,,,,,,,,,,,,,,,,,,,,,,,,,,,,,,,,,,
8.588527370402093e-06,950,,,,,,,,,,,,,,,,,,,,,,,,,,,,,,,,,,,,,,,,,,,,,,,,,,,,,,,,,,,,,,,,,,,,,,,,,,,,,,,,,,,
,950,0.04098811000585556,0.04875697195529938,-0.00263241701759398,0.0003037115093320608,0.04875697195529938,950,,,,,,,,,,,,,,,,,,,,,,,,,,,,,,,,,,,,,,,,,,,,,,,,,,,,,,,,,,,,,,,,,,,,,,,,,,,,,
,950,,,,,,950,0.04098811000585556,0.04875697195529938,-0.00263241701759398,0.0003037115093320608,0.04875697195529938,,,,,,,,,,,,,,,,,,,,,,,,,,,,,,,,,,,,,,,,,,,,,,,,,,,,,,,,,,,,,,,,,,,,,,,,
8.288754707496702e-06,951,,,,,,,,,,,,,,,,,,,,,,,,,,,,,,,,,,,,,,,,,,,,,,,,,,,,,,,,,,,,,,,,,,,,,,,,,,,,,,,,,,,
,951,0.050760507583618164,0.050760507583618164,-0.0026326037477701902,0.00021562491019722074,0.050760507583618164,951,,,,,,,,,,,,,,,,,,,,,,,,,,,,,,,,,,,,,,,,,,,,,,,,,,,,,,,,,,,,,,,,,,,,,,,,,,,,,
,951,,,,,,951,0.050760507583618164,0.050760507583618164,-0.0026326037477701902,0.00021562491019722074,0.050760507583618164,,,,,,,,,,,,,,,,,,,,,,,,,,,,,,,,,,,,,,,,,,,,,,,,,,,,,,,,,,,,,,,,,,,,,,,,
7.994979483282762e-06,952,,,,,,,,,,,,,,,,,,,,,,,,,,,,,,,,,,,,,,,,,,,,,,,,,,,,,,,,,,,,,,,,,,,,,,,,,,,,,,,,,,,
,952,0.45315346121788025,0.4596919119358063,-0.0026327860541641712,0.013677626848220825,0.4596919119358063,952,,,,,,,,,,,,,,,,,,,,,,,,,,,,,,,,,,,,,,,,,,,,,,,,,,,,,,,,,,,,,,,,,,,,,,,,,,,,,
,952,,,,,,952,0.45315346121788025,0.4596919119358063,-0.0026327860541641712,0.013677626848220825,0.4596919119358063,,,,,,,,,,,,,,,,,,,,,,,,,,,,,,,,,,,,,,,,,,,,,,,,,,,,,,,,,,,,,,,,,,,,,,,,
7.707205277318802e-06,953,,,,,,,,,,,,,,,,,,,,,,,,,,,,,,,,,,,,,,,,,,,,,,,,,,,,,,,,,,,,,,,,,,,,,,,,,,,,,,,,,,,
,953,0.0539708137512207,0.040574558079242706,-0.0026329646352678537,0.00022931143757887185,0.040574558079242706,953,,,,,,,,,,,,,,,,,,,,,,,,,,,,,,,,,,,,,,,,,,,,,,,,,,,,,,,,,,,,,,,,,,,,,,,,,,,,,
,953,,,,,,953,0.0539708137512207,0.040574558079242706,-0.0026329646352678537,0.00022931143757887185,0.040574558079242706,,,,,,,,,,,,,,,,,,,,,,,,,,,,,,,,,,,,,,,,,,,,,,,,,,,,,,,,,,,,,,,,,,,,,,,,
7.4254355960425414e-06,954,,,,,,,,,,,,,,,,,,,,,,,,,,,,,,,,,,,,,,,,,,,,,,,,,,,,,,,,,,,,,,,,,,,,,,,,,,,,,,,,,,,
,954,0.04578566551208496,0.045986250042915344,-0.002633138792589307,0.00020462987595237792,0.045986250042915344,954,,,,,,,,,,,,,,,,,,,,,,,,,,,,,,,,,,,,,,,,,,,,,,,,,,,,,,,,,,,,,,,,,,,,,,,,,,,,,
,954,,,,,,954,0.04578566551208496,0.045986250042915344,-0.002633138792589307,0.00020462987595237792,0.045986250042915344,,,,,,,,,,,,,,,,,,,,,,,,,,,,,,,,,,,,,,,,,,,,,,,,,,,,,,,,,,,,,,,,,,,,,,,,
7.14967387272874e-06,955,,,,,,,,,,,,,,,,,,,,,,,,,,,,,,,,,,,,,,,,,,,,,,,,,,,,,,,,,,,,,,,,,,,,,,,,,,,,,,,,,,,
,955,0.048219554126262665,0.048219554126262665,-0.0026333078276365995,0.00020729316747747362,0.048219554126262665,955,,,,,,,,,,,,,,,,,,,,,,,,,,,,,,,,,,,,,,,,,,,,,,,,,,,,,,,,,,,,,,,,,,,,,,,,,,,,,
,955,,,,,,955,0.048219554126262665,0.048219554126262665,-0.0026333078276365995,0.00020729316747747362,0.048219554126262665,,,,,,,,,,,,,,,,,,,,,,,,,,,,,,,,,,,,,,,,,,,,,,,,,,,,,,,,,,,,,,,,,,,,,,,,
6.879923467446886e-06,956,,,,,,,,,,,,,,,,,,,,,,,,,,,,,,,,,,,,,,,,,,,,,,,,,,,,,,,,,,,,,,,,,,,,,,,,,,,,,,,,,,,
,956,0.05303085595369339,0.05303085595369339,-0.002633471740409732,0.00022516475291922688,0.05303085595369339,956,,,,,,,,,,,,,,,,,,,,,,,,,,,,,,,,,,,,,,,,,,,,,,,,,,,,,,,,,,,,,,,,,,,,,,,,,,,,,
,956,,,,,,956,0.05303085595369339,0.05303085595369339,-0.002633471740409732,0.00022516475291922688,0.05303085595369339,,,,,,,,,,,,,,,,,,,,,,,,,,,,,,,,,,,,,,,,,,,,,,,,,,,,,,,,,,,,,,,,,,,,,,,,
6.616187667020601e-06,957,,,,,,,,,,,,,,,,,,,,,,,,,,,,,,,,,,,,,,,,,,,,,,,,,,,,,,,,,,,,,,,,,,,,,,,,,,,,,,,,,,,
,957,0.05569475516676903,0.050252512097358704,-0.0026336314622312784,0.00023926931316964328,0.050252512097358704,957,,,,,,,,,,,,,,,,,,,,,,,,,,,,,,,,,,,,,,,,,,,,,,,,,,,,,,,,,,,,,,,,,,,,,,,,,,,,,
,957,,,,,,957,0.05569475516676903,0.050252512097358704,-0.0026336314622312784,0.00023926931316964328,0.050252512097358704,,,,,,,,,,,,,,,,,,,,,,,,,,,,,,,,,,,,,,,,,,,,,,,,,,,,,,,,,,,,,,,,,,,,,,,,
6.3584696849873295e-06,958,,,,,,,,,,,,,,,,,,,,,,,,,,,,,,,,,,,,,,,,,,,,,,,,,,,,,,,,,,,,,,,,,,,,,,,,,,,,,,,,,,,
,958,0.12463383376598358,0.11495386064052582,-0.0026337793096899986,0.0009458557469770312,0.11495386064052582,958,,,,,,,,,,,,,,,,,,,,,,,,,,,,,,,,,,,,,,,,,,,,,,,,,,,,,,,,,,,,,,,,,,,,,,,,,,,,,
,958,,,,,,958,0.12463383376598358,0.11495386064052582,-0.0026337793096899986,0.0009458557469770312,0.11495386064052582,,,,,,,,,,,,,,,,,,,,,,,,,,,,,,,,,,,,,,,,,,,,,,,,,,,,,,,,,,,,,,,,,,,,,,,,
6.106772661559401e-06,959,,,,,,,,,,,,,,,,,,,,,,,,,,,,,,,,,,,,,,,,,,,,,,,,,,,,,,,,,,,,,,,,,,,,,,,,,,,,,,,,,,,
,959,0.04158618301153183,0.04158618301153183,-0.0026339213363826275,0.00025894682039506733,0.04158618301153183,959,,,,,,,,,,,,,,,,,,,,,,,,,,,,,,,,,,,,,,,,,,,,,,,,,,,,,,,,,,,,,,,,,,,,,,,,,,,,,
,959,,,,,,959,0.04158618301153183,0.04158618301153183,-0.0026339213363826275,0.00025894682039506733,0.04158618301153183,,,,,,,,,,,,,,,,,,,,,,,,,,,,,,,,,,,,,,,,,,,,,,,,,,,,,,,,,,,,,,,,,,,,,,,,
5.861099663585661e-06,960,,,,,,,,,,,,,,,,,,,,,,,,,,,,,,,,,,,,,,,,,,,,,,,,,,,,,,,,,,,,,,,,,,,,,,,,,,,,,,,,,,,
,960,0.041140489280223846,0.04078081250190735,-0.0026340594049543142,0.0003891961241606623,0.04078081250190735,960,,,,,,,,,,,,,,,,,,,,,,,,,,,,,,,,,,,,,,,,,,,,,,,,,,,,,,,,,,,,,,,,,,,,,,,,,,,,,
,960,,,,,,960,0.041140489280223846,0.04078081250190735,-0.0026340594049543142,0.0003891961241606623,0.04078081250190735,,,,,,,,,,,,,,,,,,,,,,,,,,,,,,,,,,,,,,,,,,,,,,,,,,,,,,,,,,,,,,,,,,,,,,,,
5.62145368451398e-06,961,,,,,,,,,,,,,,,,,,,,,,,,,,,,,,,,,,,,,,,,,,,,,,,,,,,,,,,,,,,,,,,,,,,,,,,,,,,,,,,,,,,
,961,0.040941640734672546,0.040941640734672546,-0.002634188625961542,0.00027288252022117376,0.040941640734672546,961,,,,,,,,,,,,,,,,,,,,,,,,,,,,,,,,,,,,,,,,,,,,,,,,,,,,,,,,,,,,,,,,,,,,,,,,,,,,,
,961,,,,,,961,0.040941640734672546,0.040941640734672546,-0.002634188625961542,0.00027288252022117376,0.040941640734672546,,,,,,,,,,,,,,,,,,,,,,,,,,,,,,,,,,,,,,,,,,,,,,,,,,,,,,,,,,,,,,,,,,,,,,,,
5.3878376443548755e-06,962,,,,,,,,,,,,,,,,,,,,,,,,,,,,,,,,,,,,,,,,,,,,,,,,,,,,,,,,,,,,,,,,,,,,,,,,,,,,,,,,,,,
,962,0.04205116257071495,0.04205116257071495,-0.0026343143545091152,0.0002281758061144501,0.04205116257071495,962,,,,,,,,,,,,,,,,,,,,,,,,,,,,,,,,,,,,,,,,,,,,,,,,,,,,,,,,,,,,,,,,,,,,,,,,,,,,,
,962,,,,,,962,0.04205116257071495,0.04205116257071495,-0.0026343143545091152,0.0002281758061144501,0.04205116257071495,,,,,,,,,,,,,,,,,,,,,,,,,,,,,,,,,,,,,,,,,,,,,,,,,,,,,,,,,,,,,,,,,,,,,,,,
5.160254389646353e-06,963,,,,,,,,,,,,,,,,,,,,,,,,,,,,,,,,,,,,,,,,,,,,,,,,,,,,,,,,,,,,,,,,,,,,,,,,,,,,,,,,,,,
,963,0.0450088195502758,0.04394589364528656,-0.00263443635776639,0.00020533714268822223,0.04394589364528656,963,,,,,,,,,,,,,,,,,,,,,,,,,,,,,,,,,,,,,,,,,,,,,,,,,,,,,,,,,,,,,,,,,,,,,,,,,,,,,
,963,,,,,,963,0.0450088195502758,0.04394589364528656,-0.00263443635776639,0.00020533714268822223,0.04394589364528656,,,,,,,,,,,,,,,,,,,,,,,,,,,,,,,,,,,,,,,,,,,,,,,,,,,,,,,,,,,,,,,,,,,,,,,,
4.9387066934183575e-06,964,,,,,,,,,,,,,,,,,,,,,,,,,,,,,,,,,,,,,,,,,,,,,,,,,,,,,,,,,,,,,,,,,,,,,,,,,,,,,,,,,,,
,964,0.11341854929924011,0.1022748202085495,-0.0026345509104430676,0.0007917952607385814,0.1022748202085495,964,,,,,,,,,,,,,,,,,,,,,,,,,,,,,,,,,,,,,,,,,,,,,,,,,,,,,,,,,,,,,,,,,,,,,,,,,,,,,
,964,,,,,,964,0.11341854929924011,0.1022748202085495,-0.0026345509104430676,0.0007917952607385814,0.1022748202085495,,,,,,,,,,,,,,,,,,,,,,,,,,,,,,,,,,,,,,,,,,,,,,,,,,,,,,,,,,,,,,,,,,,,,,,,
4.723197255159671e-06,965,,,,,,,,,,,,,,,,,,,,,,,,,,,,,,,,,,,,,,,,,,,,,,,,,,,,,,,,,,,,,,,,,,,,,,,,,,,,,,,,,,,
,965,0.0405665822327137,0.02627355232834816,-0.002634660806506872,0.0002844681730493903,0.02627355232834816,965,,,,,,,,,,,,,,,,,,,,,,,,,,,,,,,,,,,,,,,,,,,,,,,,,,,,,,,,,,,,,,,,,,,,,,,,,,,,,
,965,,,,,,965,0.0405665822327137,0.02627355232834816,-0.002634660806506872,0.0002844681730493903,0.02627355232834816,,,,,,,,,,,,,,,,,,,,,,,,,,,,,,,,,,,,,,,,,,,,,,,,,,,,,,,,,,,,,,,,,,,,,,,,
4.513728700784799e-06,966,,,,,,,,,,,,,,,,,,,,,,,,,,,,,,,,,,,,,,,,,,,,,,,,,,,,,,,,,,,,,,,,,,,,,,,,,,,,,,,,,,,
,966,0.04131472110748291,0.04131472110748291,-0.002634763950482011,0.0002987198531627655,0.04131472110748291,966,,,,,,,,,,,,,,,,,,,,,,,,,,,,,,,,,,,,,,,,,,,,,,,,,,,,,,,,,,,,,,,,,,,,,,,,,,,,,
,966,,,,,,966,0.04131472110748291,0.04131472110748291,-0.002634763950482011,0.0002987198531627655,0.04131472110748291,,,,,,,,,,,,,,,,,,,,,,,,,,,,,,,,,,,,,,,,,,,,,,,,,,,,,,,,,,,,,,,,,,,,,,,,
4.3103035826019775e-06,967,,,,,,,,,,,,,,,,,,,,,,,,,,,,,,,,,,,,,,,,,,,,,,,,,,,,,,,,,,,,,,,,,,,,,,,,,,,,,,,,,,,
,967,0.042616553604602814,0.042616553604602814,-0.002634864067658782,0.00022263781283982098,0.042616553604602814,967,,,,,,,,,,,,,,,,,,,,,,,,,,,,,,,,,,,,,,,,,,,,,,,,,,,,,,,,,,,,,,,,,,,,,,,,,,,,,
,967,,,,,,967,0.042616553604602814,0.042616553604602814,-0.002634864067658782,0.00022263781283982098,0.042616553604602814,,,,,,,,,,,,,,,,,,,,,,,,,,,,,,,,,,,,,,,,,,,,,,,,,,,,,,,,,,,,,,,,,,,,,,,,
4.112924379282116e-06,968,,,,,,,,,,,,,,,,,,,,,,,,,,,,,,,,,,,,,,,,,,,,,,,,,,,,,,,,,,,,,,,,,,,,,,,,,,,,,,,,,,,
,968,0.23891890048980713,0.23891890048980713,-0.002634960226714611,0.0032806021627038717,0.23891890048980713,968,,,,,,,,,,,,,,,,,,,,,,,,,,,,,,,,,,,,,,,,,,,,,,,,,,,,,,,,,,,,,,,,,,,,,,,,,,,,,
,968,,,,,,968,0.23891890048980713,0.23891890048980713,-0.002634960226714611,0.0032806021627038717,0.23891890048980713,,,,,,,,,,,,,,,,,,,,,,,,,,,,,,,,,,,,,,,,,,,,,,,,,,,,,,,,,,,,,,,,,,,,,,,,
3.921593495828463e-06,969,,,,,,,,,,,,,,,,,,,,,,,,,,,,,,,,,,,,,,,,,,,,,,,,,,,,,,,,,,,,,,,,,,,,,,,,,,,,,,,,,,,
,969,0.0920550748705864,0.09151027351617813,-0.00263505382463336,0.0005364635726436973,0.09151027351617813,969,,,,,,,,,,,,,,,,,,,,,,,,,,,,,,,,,,,,,,,,,,,,,,,,,,,,,,,,,,,,,,,,,,,,,,,,,,,,,
,969,,,,,,969,0.0920550748705864,0.09151027351617813,-0.00263505382463336,0.0005364635726436973,0.09151027351617813,,,,,,,,,,,,,,,,,,,,,,,,,,,,,,,,,,,,,,,,,,,,,,,,,,,,,,,,,,,,,,,,,,,,,,,,
3.7363132635474938e-06,970,,,,,,,,,,,,,,,,,,,,,,,,,,,,,,,,,,,,,,,,,,,,,,,,,,,,,,,,,,,,,,,,,,,,,,,,,,,,,,,,,,,
,970,0.06974661350250244,0.06605328619480133,-0.0026351434644311666,0.0003341626434121281,0.06605328619480133,970,,,,,,,,,,,,,,,,,,,,,,,,,,,,,,,,,,,,,,,,,,,,,,,,,,,,,,,,,,,,,,,,,,,,,,,,,,,,,
,970,,,,,,970,0.06974661350250244,0.06605328619480133,-0.0026351434644311666,0.0003341626434121281,0.06605328619480133,,,,,,,,,,,,,,,,,,,,,,,,,,,,,,,,,,,,,,,,,,,,,,,,,,,,,,,,,,,,,,,,,,,,,,,,
3.557085940020293e-06,971,,,,,,,,,,,,,,,,,,,,,,,,,,,,,,,,,,,,,,,,,,,,,,,,,,,,,,,,,,,,,,,,,,,,,,,,,,,,,,,,,,,
,971,0.18525353074073792,0.17902089655399323,-0.002635230077430606,0.001998883904889226,0.17902089655399323,971,,,,,,,,,,,,,,,,,,,,,,,,,,,,,,,,,,,,,,,,,,,,,,,,,,,,,,,,,,,,,,,,,,,,,,,,,,,,,
,971,,,,,,971,0.18525353074073792,0.17902089655399323,-0.002635230077430606,0.001998883904889226,0.17902089655399323,,,,,,,,,,,,,,,,,,,,,,,,,,,,,,,,,,,,,,,,,,,,,,,,,,,,,,,,,,,,,,,,,,,,,,,,
3.3839137090753253e-06,972,,,,,,,,,,,,,,,,,,,,,,,,,,,,,,,,,,,,,,,,,,,,,,,,,,,,,,,,,,,,,,,,,,,,,,,,,,,,,,,,,,,
,972,0.1723264455795288,0.16710278391838074,-0.0026353111024945974,0.0017437901115044951,0.16710278391838074,972,,,,,,,,,,,,,,,,,,,,,,,,,,,,,,,,,,,,,,,,,,,,,,,,,,,,,,,,,,,,,,,,,,,,,,,,,,,,,
,972,,,,,,972,0.1723264455795288,0.16710278391838074,-0.0026353111024945974,0.0017437901115044951,0.16710278391838074,,,,,,,,,,,,,,,,,,,,,,,,,,,,,,,,,,,,,,,,,,,,,,,,,,,,,,,,,,,,,,,,,,,,,,,,
3.216798680761544e-06,973,,,,,,,,,,,,,,,,,,,,,,,,,,,,,,,,,,,,,,,,,,,,,,,,,,,,,,,,,,,,,,,,,,,,,,,,,,,,,,,,,,,
,973,0.13976238667964935,0.1508072465658188,-0.0026353872381150723,0.0011811956064775586,0.1508072465658188,973,,,,,,,,,,,,,,,,,,,,,,,,,,,,,,,,,,,,,,,,,,,,,,,,,,,,,,,,,,,,,,,,,,,,,,,,,,,,,
,973,,,,,,973,0.13976238667964935,0.1508072465658188,-0.0026353872381150723,0.0011811956064775586,0.1508072465658188,,,,,,,,,,,,,,,,,,,,,,,,,,,,,,,,,,,,,,,,,,,,,,,,,,,,,,,,,,,,,,,,,,,,,,,,
3.0557428913228204e-06,974,,,,,,,,,,,,,,,,,,,,,,,,,,,,,,,,,,,,,,,,,,,,,,,,,,,,,,,,,,,,,,,,,,,,,,,,,,,,,,,,,,,
,974,0.06468727439641953,0.06468727439641953,-0.0026354603469371796,0.00029436955810524523,0.06468727439641953,974,,,,,,,,,,,,,,,,,,,,,,,,,,,,,,,,,,,,,,,,,,,,,,,,,,,,,,,,,,,,,,,,,,,,,,,,,,,,,
,974,,,,,,974,0.06468727439641953,0.06468727439641953,-0.0026354603469371796,0.00029436955810524523,0.06468727439641953,,,,,,,,,,,,,,,,,,,,,,,,,,,,,,,,,,,,,,,,,,,,,,,,,,,,,,,,,,,,,,,,,,,,,,,,
2.9007483031731026e-06,975,,,,,,,,,,,,,,,,,,,,,,,,,,,,,,,,,,,,,,,,,,,,,,,,,,,,,,,,,,,,,,,,,,,,,,,,,,,,,,,,,,,
,975,0.11244882643222809,0.11244882643222809,-0.002635530661791563,0.0007782894535921514,0.11244882643222809,975,,,,,,,,,,,,,,,,,,,,,,,,,,,,,,,,,,,,,,,,,,,,,,,,,,,,,,,,,,,,,,,,,,,,,,,,,,,,,
,975,,,,,,975,0.11244882643222809,0.11244882643222809,-0.002635530661791563,0.0007782894535921514,0.11244882643222809,,,,,,,,,,,,,,,,,,,,,,,,,,,,,,,,,,,,,,,,,,,,,,,,,,,,,,,,,,,,,,,,,,,,,,,,
2.7518168048725693e-06,976,,,,,,,,,,,,,,,,,,,,,,,,,,,,,,,,,,,,,,,,,,,,,,,,,,,,,,,,,,,,,,,,,,,,,,,,,,,,,,,,,,,
,976,0.04845398664474487,0.04845398664474487,-0.0026355977170169353,0.0002080949052469805,0.04845398664474487,976,,,,,,,,,,,,,,,,,,,,,,,,,,,,,,,,,,,,,,,,,,,,,,,,,,,,,,,,,,,,,,,,,,,,,,,,,,,,,
,976,,,,,,976,0.04845398664474487,0.04845398664474487,-0.0026355977170169353,0.0002080949052469805,0.04845398664474487,,,,,,,,,,,,,,,,,,,,,,,,,,,,,,,,,,,,,,,,,,,,,,,,,,,,,,,,,,,,,,,,,,,,,,,,
2.6089502111045605e-06,977,,,,,,,,,,,,,,,,,,,,,,,,,,,,,,,,,,,,,,,,,,,,,,,,,,,,,,,,,,,,,,,,,,,,,,,,,,,,,,,,,,,
,977,0.041566070169210434,0.04187138378620148,-0.0026356622111052275,0.0002552785153966397,0.04187138378620148,977,,,,,,,,,,,,,,,,,,,,,,,,,,,,,,,,,,,,,,,,,,,,,,,,,,,,,,,,,,,,,,,,,,,,,,,,,,,,,
,977,,,,,,977,0.041566070169210434,0.04187138378620148,-0.0026356622111052275,0.0002552785153966397,0.04187138378620148,,,,,,,,,,,,,,,,,,,,,,,,,,,,,,,,,,,,,,,,,,,,,,,,,,,,,,,,,,,,,,,,,,,,,,,,
2.4721502626533386e-06,978,,,,,,,,,,,,,,,,,,,,,,,,,,,,,,,,,,,,,,,,,,,,,,,,,,,,,,,,,,,,,,,,,,,,,,,,,,,,,,,,,,,
,978,0.17247872054576874,0.16723309457302094,-0.002635723678395152,0.0017453311011195183,0.16723309457302094,978,,,,,,,,,,,,,,,,,,,,,,,,,,,,,,,,,,,,,,,,,,,,,,,,,,,,,,,,,,,,,,,,,,,,,,,,,,,,,
,978,,,,,,978,0.17247872054576874,0.16723309457302094,-0.002635723678395152,0.0017453311011195183,0.16723309457302094,,,,,,,,,,,,,,,,,,,,,,,,,,,,,,,,,,,,,,,,,,,,,,,,,,,,,,,,,,,,,,,,,,,,,,,,
2.341418626383183e-06,979,,,,,,,,,,,,,,,,,,,,,,,,,,,,,,,,,,,,,,,,,,,,,,,,,,,,,,,,,,,,,,,,,,,,,,,,,,,,,,,,,,,
,979,0.04172511026263237,0.038338541984558105,-0.002635779557749629,0.00022721091227140278,0.038338541984558105,979,,,,,,,,,,,,,,,,,,,,,,,,,,,,,,,,,,,,,,,,,,,,,,,,,,,,,,,,,,,,,,,,,,,,,,,,,,,,,
,979,,,,,,979,0.04172511026263237,0.038338541984558105,-0.002635779557749629,0.00022721091227140278,0.038338541984558105,,,,,,,,,,,,,,,,,,,,,,,,,,,,,,,,,,,,,,,,,,,,,,,,,,,,,,,,,,,,,,,,,,,,,,,,
2.2167568952177596e-06,980,,,,,,,,,,,,,,,,,,,,,,,,,,,,,,,,,,,,,,,,,,,,,,,,,,,,,,,,,,,,,,,,,,,,,,,,,,,,,,,,,,,
,980,0.042074739933013916,0.041911911219358444,-0.002635831478983164,0.00022670088219456375,0.041911911219358444,980,,,,,,,,,,,,,,,,,,,,,,,,,,,,,,,,,,,,,,,,,,,,,,,,,,,,,,,,,,,,,,,,,,,,,,,,,,,,,
,980,,,,,,980,0.042074739933013916,0.041911911219358444,-0.002635831478983164,0.00022670088219456375,0.041911911219358444,,,,,,,,,,,,,,,,,,,,,,,,,,,,,,,,,,,,,,,,,,,,,,,,,,,,,,,,,,,,,,,,,,,,,,,,
2.0981665881210444e-06,981,,,,,,,,,,,,,,,,,,,,,,,,,,,,,,,,,,,,,,,,,,,,,,,,,,,,,,,,,,,,,,,,,,,,,,,,,,,,,,,,,,,
,981,0.33049246668815613,0.33049246668815613,-0.0026358796749264,0.00639070849865675,0.33049246668815613,981,,,,,,,,,,,,,,,,,,,,,,,,,,,,,,,,,,,,,,,,,,,,,,,,,,,,,,,,,,,,,,,,,,,,,,,,,,,,,
,981,,,,,,981,0.33049246668815613,0.33049246668815613,-0.0026358796749264,0.00639070849865675,0.33049246668815613,,,,,,,,,,,,,,,,,,,,,,,,,,,,,,,,,,,,,,,,,,,,,,,,,,,,,,,,,,,,,,,,,,,,,,,,
1.985649150078358e-06,982,,,,,,,,,,,,,,,,,,,,,,,,,,,,,,,,,,,,,,,,,,,,,,,,,,,,,,,,,,,,,,,,,,,,,,,,,,,,,,,,,,,
,982,0.09001682698726654,0.08234875649213791,-0.0026359255425632,0.0005135199171490967,0.08234875649213791,982,,,,,,,,,,,,,,,,,,,,,,,,,,,,,,,,,,,,,,,,,,,,,,,,,,,,,,,,,,,,,,,,,,,,,,,,,,,,,
,982,,,,,,982,0.09001682698726654,0.08234875649213791,-0.0026359255425632,0.0005135199171490967,0.08234875649213791,,,,,,,,,,,,,,,,,,,,,,,,,,,,,,,,,,,,,,,,,,,,,,,,,,,,,,,,,,,,,,,,,,,,,,,,
1.8792059520792845e-06,983,,,,,,,,,,,,,,,,,,,,,,,,,,,,,,,,,,,,,,,,,,,,,,,,,,,,,,,,,,,,,,,,,,,,,,,,,,,,,,,,,,,
,983,0.04042863845825195,0.0162546057254076,-0.0026359681505709887,0.0002537398540880531,0.0162546057254076,983,,,,,,,,,,,,,,,,,,,,,,,,,,,,,,,,,,,,,,,,,,,,,,,,,,,,,,,,,,,,,,,,,,,,,,,,,,,,,
,983,,,,,,983,0.04042863845825195,0.0162546057254076,-0.0026359681505709887,0.0002537398540880531,0.0162546057254076,,,,,,,,,,,,,,,,,,,,,,,,,,,,,,,,,,,,,,,,,,,,,,,,,,,,,,,,,,,,,,,,,,,,,,,,
1.7788382911004809e-06,984,,,,,,,,,,,,,,,,,,,,,,,,,,,,,,,,,,,,,,,,,,,,,,,,,,,,,,,,,,,,,,,,,,,,,,,,,,,,,,,,,,,
,984,0.2284761369228363,0.22309277951717377,-0.002636007498949766,0.002993811620399356,0.22309277951717377,984,,,,,,,,,,,,,,,,,,,,,,,,,,,,,,,,,,,,,,,,,,,,,,,,,,,,,,,,,,,,,,,,,,,,,,,,,,,,,
,984,,,,,,984,0.2284761369228363,0.22309277951717377,-0.002636007498949766,0.002993811620399356,0.22309277951717377,,,,,,,,,,,,,,,,,,,,,,,,,,,,,,,,,,,,,,,,,,,,,,,,,,,,,,,,,,,,,,,,,,,,,,,,
1.6845473900903715e-06,985,,,,,,,,,,,,,,,,,,,,,,,,,,,,,,,,,,,,,,,,,,,,,,,,,,,,,,,,,,,,,,,,,,,,,,,,,,,,,,,,,,,
,985,0.07657553255558014,0.07786530256271362,-0.002636044519022107,0.0003917469584848732,0.07786530256271362,985,,,,,,,,,,,,,,,,,,,,,,,,,,,,,,,,,,,,,,,,,,,,,,,,,,,,,,,,,,,,,,,,,,,,,,,,,,,,,
,985,,,,,,985,0.07657553255558014,0.07786530256271362,-0.002636044519022107,0.0003917469584848732,0.07786530256271362,,,,,,,,,,,,,,,,,,,,,,,,,,,,,,,,,,,,,,,,,,,,,,,,,,,,,,,,,,,,,,,,,,,,,,,,
1.5963343979537307e-06,986,,,,,,,,,,,,,,,,,,,,,,,,,,,,,,,,,,,,,,,,,,,,,,,,,,,,,,,,,,,,,,,,,,,,,,,,,,,,,,,,,,,
,986,0.044133853167295456,0.03234653174877167,-0.0026360799092799425,0.00020462255633901805,0.03234653174877167,986,,,,,,,,,,,,,,,,,,,,,,,,,,,,,,,,,,,,,,,,,,,,,,,,,,,,,,,,,,,,,,,,,,,,,,,,,,,,,
,986,,,,,,986,0.044133853167295456,0.03234653174877167,-0.0026360799092799425,0.00020462255633901805,0.03234653174877167,,,,,,,,,,,,,,,,,,,,,,,,,,,,,,,,,,,,,,,,,,,,,,,,,,,,,,,,,,,,,,,,,,,,,,,,
1.5142003895379852e-06,987,,,,,,,,,,,,,,,,,,,,,,,,,,,,,,,,,,,,,,,,,,,,,,,,,,,,,,,,,,,,,,,,,,,,,,,,,,,,,,,,,,,
,987,0.040725015103816986,0.0323483981192112,-0.0026361127384006977,0.00039505265885964036,0.0323483981192112,987,,,,,,,,,,,,,,,,,,,,,,,,,,,,,,,,,,,,,,,,,,,,,,,,,,,,,,,,,,,,,,,,,,,,,,,,,,,,,
,987,,,,,,987,0.040725015103816986,0.0323483981192112,-0.0026361127384006977,0.00039505265885964036,0.0323483981192112,,,,,,,,,,,,,,,,,,,,,,,,,,,,,,,,,,,,,,,,,,,,,,,,,,,,,,,,,,,,,,,,,,,,,,,,
1.4381463656202384e-06,988,,,,,,,,,,,,,,,,,,,,,,,,,,,,,,,,,,,,,,,,,,,,,,,,,,,,,,,,,,,,,,,,,,,,,,,,,,,,,,,,,,,
,988,0.20649540424346924,0.20649540424346924,-0.0026361437048763037,0.002461794065311551,0.20649540424346924,988,,,,,,,,,,,,,,,,,,,,,,,,,,,,,,,,,,,,,,,,,,,,,,,,,,,,,,,,,,,,,,,,,,,,,,,,,,,,,
,988,,,,,,988,0.20649540424346924,0.20649540424346924,-0.0026361437048763037,0.002461794065311551,0.20649540424346924,,,,,,,,,,,,,,,,,,,,,,,,,,,,,,,,,,,,,,,,,,,,,,,,,,,,,,,,,,,,,,,,,,,,,,,,
1.3681732528947366e-06,989,,,,,,,,,,,,,,,,,,,,,,,,,,,,,,,,,,,,,,,,,,,,,,,,,,,,,,,,,,,,,,,,,,,,,,,,,,,,,,,,,,,
,989,0.040963612496852875,0.032187968492507935,-0.002636173740029335,0.00038154397043399513,0.032187968492507935,989,,,,,,,,,,,,,,,,,,,,,,,,,,,,,,,,,,,,,,,,,,,,,,,,,,,,,,,,,,,,,,,,,,,,,,,,,,,,,
,989,,,,,,989,0.040963612496852875,0.032187968492507935,-0.002636173740029335,0.00038154397043399513,0.032187968492507935,,,,,,,,,,,,,,,,,,,,,,,,,,,,,,,,,,,,,,,,,,,,,,,,,,,,,,,,,,,,,,,,,,,,,,,,
1.3042819039616675e-06,990,,,,,,,,,,,,,,,,,,,,,,,,,,,,,,,,,,,,,,,,,,,,,,,,,,,,,,,,,,,,,,,,,,,,,,,,,,,,,,,,,,,
,990,0.06355065107345581,0.06355065107345581,-0.0026362016797065735,0.0002884593850467354,0.06355065107345581,990,,,,,,,,,,,,,,,,,,,,,,,,,,,,,,,,,,,,,,,,,,,,,,,,,,,,,,,,,,,,,,,,,,,,,,,,,,,,,
,990,,,,,,990,0.06355065107345581,0.06355065107345581,-0.0026362016797065735,0.0002884593850467354,0.06355065107345581,,,,,,,,,,,,,,,,,,,,,,,,,,,,,,,,,,,,,,,,,,,,,,,,,,,,,,,,,,,,,,,,,,,,,,,,
1.2464730973170664e-06,991,,,,,,,,,,,,,,,,,,,,,,,,,,,,,,,,,,,,,,,,,,,,,,,,,,,,,,,,,,,,,,,,,,,,,,,,,,,,,,,,,,,
,991,0.09057819098234177,0.08876048028469086,-0.002636228920891881,0.0005229928065091372,0.08876048028469086,991,,,,,,,,,,,,,,,,,,,,,,,,,,,,,,,,,,,,,,,,,,,,,,,,,,,,,,,,,,,,,,,,,,,,,,,,,,,,,
,991,,,,,,991,0.09057819098234177,0.08876048028469086,-0.002636228920891881,0.0005229928065091372,0.08876048028469086,,,,,,,,,,,,,,,,,,,,,,,,,,,,,,,,,,,,,,,,,,,,,,,,,,,,,,,,,,,,,,,,,,,,,,,,
1.1947475373430015e-06,992,,,,,,,,,,,,,,,,,,,,,,,,,,,,,,,,,,,,,,,,,,,,,,,,,,,,,,,,,,,,,,,,,,,,,,,,,,,,,,,,,,,
,992,0.04150161147117615,0.04141119495034218,-0.0026362554635852575,0.00022519387130159885,0.04141119495034218,992,,,,,,,,,,,,,,,,,,,,,,,,,,,,,,,,,,,,,,,,,,,,,,,,,,,,,,,,,,,,,,,,,,,,,,,,,,,,,
,992,,,,,,992,0.04150161147117615,0.04141119495034218,-0.0026362554635852575,0.00022519387130159885,0.04141119495034218,,,,,,,,,,,,,,,,,,,,,,,,,,,,,,,,,,,,,,,,,,,,,,,,,,,,,,,,,,,,,,,,,,,,,,,,
1.1491058542990335e-06,993,,,,,,,,,,,,,,,,,,,,,,,,,,,,,,,,,,,,,,,,,,,,,,,,,,,,,,,,,,,,,,,,,,,,,,,,,,,,,,,,,,,
,993,0.22459006309509277,0.21775376796722412,-0.002636280609294772,0.0029101374093443155,0.21775376796722412,993,,,,,,,,,,,,,,,,,,,,,,,,,,,,,,,,,,,,,,,,,,,,,,,,,,,,,,,,,,,,,,,,,,,,,,,,,,,,,
,993,,,,,,993,0.22459006309509277,0.21775376796722412,-0.002636280609294772,0.0029101374093443155,0.21775376796722412,,,,,,,,,,,,,,,,,,,,,,,,,,,,,,,,,,,,,,,,,,,,,,,,,,,,,,,,,,,,,,,,,,,,,,,,
1.1095486043146732e-06,994,,,,,,,,,,,,,,,,,,,,,,,,,,,,,,,,,,,,,,,,,,,,,,,,,,,,,,,,,,,,,,,,,,,,,,,,,,,,,,,,,,,
,994,0.07131802290678024,0.07131802290678024,-0.002636305056512356,0.0003466550260782242,0.07131802290678024,994,,,,,,,,,,,,,,,,,,,,,,,,,,,,,,,,,,,,,,,,,,,,,,,,,,,,,,,,,,,,,,,,,,,,,,,,,,,,,
,994,,,,,,994,0.07131802290678024,0.07131802290678024,-0.002636305056512356,0.0003466550260782242,0.07131802290678024,,,,,,,,,,,,,,,,,,,,,,,,,,,,,,,,,,,,,,,,,,,,,,,,,,,,,,,,,,,,,,,,,,,,,,,,
1.0760762693825611e-06,995,,,,,,,,,,,,,,,,,,,,,,,,,,,,,,,,,,,,,,,,,,,,,,,,,,,,,,,,,,,,,,,,,,,,,,,,,,,,,,,,,,,
,995,0.04642024636268616,0.03304951637983322,-0.002636329038068652,0.0002050524635706097,0.03304951637983322,995,,,,,,,,,,,,,,,,,,,,,,,,,,,,,,,,,,,,,,,,,,,,,,,,,,,,,,,,,,,,,,,,,,,,,,,,,,,,,
,995,,,,,,995,0.04642024636268616,0.03304951637983322,-0.002636329038068652,0.0002050524635706097,0.03304951637983322,,,,,,,,,,,,,,,,,,,,,,,,,,,,,,,,,,,,,,,,,,,,,,,,,,,,,,,,,,,,,,,,,,,,,,,,
1.048689257352533e-06,996,,,,,,,,,,,,,,,,,,,,,,,,,,,,,,,,,,,,,,,,,,,,,,,,,,,,,,,,,,,,,,,,,,,,,,,,,,,,,,,,,,,
,996,0.04346740245819092,0.04346740245819092,-0.0026363516226410866,0.0002160905278287828,0.04346740245819092,996,,,,,,,,,,,,,,,,,,,,,,,,,,,,,,,,,,,,,,,,,,,,,,,,,,,,,,,,,,,,,,,,,,,,,,,,,,,,,
,996,,,,,,996,0.04346740245819092,0.04346740245819092,-0.0026363516226410866,0.0002160905278287828,0.04346740245819092,,,,,,,,,,,,,,,,,,,,,,,,,,,,,,,,,,,,,,,,,,,,,,,,,,,,,,,,,,,,,,,,,,,,,,,,
1.0273879019266845e-06,997,,,,,,,,,,,,,,,,,,,,,,,,,,,,,,,,,,,,,,,,,,,,,,,,,,,,,,,,,,,,,,,,,,,,,,,,,,,,,,,,,,,
,997,0.15441152453422546,0.16649886965751648,-0.0026363744400441647,0.001424099551513791,0.16649886965751648,997,,,,,,,,,,,,,,,,,,,,,,,,,,,,,,,,,,,,,,,,,,,,,,,,,,,,,,,,,,,,,,,,,,,,,,,,,,,,,
,997,,,,,,997,0.15441152453422546,0.16649886965751648,-0.0026363744400441647,0.001424099551513791,0.16649886965751648,,,,,,,,,,,,,,,,,,,,,,,,,,,,,,,,,,,,,,,,,,,,,,,,,,,,,,,,,,,,,,,,,,,,,,,,
1.0121724626553238e-06,998,,,,,,,,,,,,,,,,,,,,,,,,,,,,,,,,,,,,,,,,,,,,,,,,,,,,,,,,,,,,,,,,,,,,,,,,,,,,,,,,,,,
,998,0.04043243080377579,0.0348954051733017,-0.0026363967917859554,0.0003159045008942485,0.0348954051733017,998,,,,,,,,,,,,,,,,,,,,,,,,,,,,,,,,,,,,,,,,,,,,,,,,,,,,,,,,,,,,,,,,,,,,,,,,,,,,,
,998,,,,,,998,0.04043243080377579,0.0348954051733017,-0.0026363967917859554,0.0003159045008942485,0.0348954051733017,,,,,,,,,,,,,,,,,,,,,,,,,,,,,,,,,,,,,,,,,,,,,,,,,,,,,,,,,,,,,,,,,,,,,,,,
1.0030431249336987e-06,999,,,,,,,,,,,,,,,,,,,,,,,,,,,,,,,,,,,,,,,,,,,,,,,,,,,,,,,,,,,,,,,,,,,,,,,,,,,,,,,,,,,
,999,0.042064666748046875,0.045178163796663284,-0.0026364182122051716,0.00023752001288812608,0.045178163796663284,999,,,,,,,,,,,,,,,,,,,,,,,,,,,,,,,,,,,,,,,,,,,,,,,,,,,,,,,,,,,,,,,,,,,,,,,,,,,,,
,999,,,,,,999,,,,,,0.01879960671067238,0.01879960671067238,-0.002636440098285675,0.00016441388288512826,0.01879960671067238,0.03141232952475548,0.03141232952475548,-0.002636440098285675,0.00013980372750665992,0.03141232952475548,-0.07623070478439331,0.04965837672352791,0.11798647046089172,0.22330832481384277,0.13979463279247284,0.04905025288462639,0.027128998190164566,0.018102029338479042,0.0,0.07623070478439331,0.5432172417640686,0.2204963117837906,0.07303974032402039,0.04116684943437576,0.029918404296040535,0.0,0.1513064205646515,0.2749345600605011,0.2763860821723938,0.1299363076686859,0.07369448244571686,0.0438246987760067,0.0,0.13312935829162598,8.125264167785645,1.3247056007385254,0.6576676964759827,0.6494927406311035,0.9700363278388977,26.504003524780273,6.371861457824707,-0.0669126808643341,0.0735684484243393,0.1398238092660904,0.19887343049049377,0.10498987138271332,0.04538087546825409,0.02966226078569889,0.019910084083676338,0.002659574383869767,0.0669126808643341,0.5142076015472412,0.1915135383605957,0.08020050078630447,0.05507088452577591,0.04215775057673454,0.020746879279613495,0.1506495326757431,0.24488294124603271,0.18856662511825562,0.09463455528020859,0.060406699776649475,0.03635652735829353,0.003041362389922142,0.10464812070131302,9.177175521850586,2.146932363510132,1.4948707818984985,1.729907751083374,2.798588991165161,96.8541488647461,19.03360366821289
,999,,,,,,999,0.042064666748046875,0.045178163796663284,-0.0026364182122051716,0.00023752001288812608,0.045178163796663284,,,,,,,,,,,,,,,,,,,,,,,,,,,,,,,,,,,,,,,,,,,,,,,,,,,,,,,,,,,,,,,,,,,,,,,,
